order_line_id,order_id,appointment_id,client_id,business_id,service_date,service_category,service_name,provider_id,unit_price,quantity,discount_amount,tip_amount,line_total,order_status,payment_method
OL00000001,ORD0000001,APT0000001,CLT00001,BIZ002,2024-04-15,Hair,Root Touch-Up,PRV0002,82.12,1,0.0,14.78,96.9,completed,cash
OL00000002,ORD0000002,APT0000002,CLT00001,BIZ002,2024-05-27,Hair,Blowout,PRV0008,48.72,1,0.29,7.26,55.69,completed,google_pay
OL00000003,ORD0000003,APT0000003,CLT00001,BIZ002,2024-07-05,Hair,Color - Single Process,PRV0013,119.92,1,0.0,0.0,119.92,completed,debit_card
OL00000004,ORD0000004,APT0000004,CLT00001,BIZ002,2024-08-11,Hair,Haircut & Style,PRV0010,72.54,1,0.0,18.14,90.68,completed,debit_card
OL00000005,ORD0000005,APT0000005,CLT00001,BIZ002,2024-09-18,Hair,Keratin Treatment,PRV0017,281.79,1,0.0,0.0,281.79,completed,google_pay
OL00000006,ORD0000006,APT0000006,CLT00001,BIZ002,2024-10-18,Hair,Color - Single Process,PRV0016,123.26,1,0.0,22.19,145.45,completed,cash
OL00000007,ORD0000007,APT0000007,CLT00001,BIZ002,2024-11-17,Hair,Root Touch-Up,PRV0013,77.46,1,4.35,10.97,84.08,completed,apple_pay
OL00000008,ORD0000008,APT0000008,CLT00001,BIZ002,2024-12-24,Hair,Blowout,PRV0005,49.92,1,0.0,7.49,57.41,completed,apple_pay
OL00000009,ORD0000009,APT0000009,CLT00001,BIZ002,2025-01-30,Hair,Color - Single Process,PRV0002,118.62,1,0.0,21.35,139.97,completed,debit_card
OL00000010,ORD0000010,APT0000010,CLT00001,BIZ002,2025-03-01,Hair,Color - Highlights,PRV0019,169.43,1,0.0,30.5,199.93,completed,cash
OL00000011,ORD0000011,APT0000011,CLT00001,BIZ002,2025-04-08,Hair,Blowout,PRV0019,54.96,1,0.0,9.89,64.85,completed,credit_card
OL00000012,ORD0000012,APT0000012,CLT00001,BIZ002,2025-05-14,Hair,Color - Highlights,PRV0002,168.32,1,0.0,30.3,198.62,completed,google_pay
OL00000013,ORD0000013,APT0000013,CLT00001,BIZ002,2025-06-12,Hair,Root Touch-Up,PRV0001,83.17,1,5.74,11.61,89.04,completed,cash
OL00000014,ORD0000014,APT0000014,CLT00001,BIZ002,2025-07-18,Hair,Root Touch-Up,PRV0018,97.71,1,0.0,14.66,112.37,completed,debit_card
OL00000015,ORD0000015,APT0000015,CLT00001,BIZ002,2025-08-24,Hair,Keratin Treatment,PRV0007,266.68,1,0.0,53.34,320.02,completed,apple_pay
OL00000016,ORD0000016,APT0000016,CLT00001,BIZ002,2025-09-25,Hair,Balayage,PRV0012,249.35,1,0.0,37.4,286.75,completed,credit_card
OL00000017,ORD0000017,APT0000017,CLT00001,BIZ002,2025-11-02,Hair,Blowout,PRV0002,56.94,1,5.26,9.3,60.98,completed,gift_card
OL00000018,ORD0000018,APT0000018,CLT00001,BIZ002,2025-12-02,Hair,Color - Single Process,PRV0005,115.93,1,0.0,17.39,133.32,completed,gift_card
OL00000019,ORD0000019,APT0000019,CLT00001,BIZ002,2026-01-03,Hair,Balayage,PRV0004,198.28,1,0.0,39.66,237.94,completed,google_pay
OL00000020,ORD0000020,APT0000020,CLT00001,BIZ002,2026-02-08,Hair,Blowout,PRV0010,56.35,1,3.24,9.56,62.67,completed,gift_card
OL00000021,ORD0000021,APT0000021,CLT00002,BIZ009,2024-04-15,Nails,Nail Art Add-On,PRV0009,22.04,1,0.0,3.97,26.01,completed,gift_card
OL00000022,ORD0000021,APT0000021,CLT00002,BIZ009,2024-04-15,Waxing,Full Leg Wax,PRV0009,71.36,1,0.0,12.84,84.2,completed,apple_pay
OL00000023,ORD0000022,APT0000022,CLT00002,BIZ009,2024-05-04,Hair,Color - Single Process,PRV0017,101.39,1,0.0,0.0,101.39,completed,debit_card
OL00000024,ORD0000023,APT0000023,CLT00002,BIZ009,2024-06-01,Hair,Haircut & Style,PRV0010,70.25,1,4.59,11.82,77.48,completed,credit_card
OL00000025,ORD0000024,APT0000024,CLT00002,BIZ009,2024-06-16,Nails,Gel Manicure,PRV0010,52.68,1,0.0,0.0,52.68,completed,debit_card
OL00000026,ORD0000025,APT0000025,CLT00002,BIZ009,2024-07-09,Nails,Dip Powder Nails,PRV0008,72.69,1,3.25,12.5,81.94,completed,credit_card
OL00000027,ORD0000026,APT0000026,CLT00002,BIZ009,2024-08-01,Hair,Haircut & Style,PRV0006,72.39,1,0.0,13.03,85.42,completed,gift_card
OL00000028,ORD0000027,APT0000027,CLT00002,BIZ009,2024-08-19,Hair,Keratin Treatment,PRV0015,251.47,1,0.0,50.29,301.76,completed,gift_card
OL00000029,ORD0000027,APT0000027,CLT00002,BIZ009,2024-08-19,Nails,Gel Manicure,PRV0015,51.58,1,0.0,7.74,59.32,completed,cash
OL00000030,ORD0000028,APT0000028,CLT00002,BIZ009,2024-09-02,Hair,Haircut & Style,PRV0003,59.02,1,0.0,11.8,70.82,completed,gift_card
OL00000031,ORD0000029,APT0000029,CLT00002,BIZ009,2024-09-16,Nails,Gel Manicure,PRV0003,46.66,1,0.0,0.0,46.66,completed,cash
OL00000032,ORD0000029,APT0000029,CLT00002,BIZ009,2024-09-16,Waxing,Full Leg Wax,PRV0003,76.71,1,0.0,11.51,88.22,completed,credit_card
OL00000033,ORD0000030,APT0000030,CLT00002,BIZ009,2024-10-14,Hair,Color - Highlights,PRV0008,167.5,1,3.16,32.87,197.21,completed,credit_card
OL00000034,ORD0000030,APT0000030,CLT00002,BIZ009,2024-10-14,Nails,Dip Powder Nails,PRV0008,65.75,1,0.0,0.0,65.75,completed,debit_card
OL00000035,ORD0000031,APT0000031,CLT00002,BIZ009,2024-11-01,Hair,Haircut & Style,PRV0008,65.04,1,0.0,9.76,74.8,completed,credit_card
OL00000036,ORD0000031,APT0000031,CLT00002,BIZ009,2024-11-01,Nails,Gel Manicure,PRV0008,48.67,1,0.0,8.76,57.43,completed,cash
OL00000037,ORD0000032,APT0000032,CLT00002,BIZ009,2024-11-29,Nails,Pedicure,PRV0014,53.28,1,0.0,9.59,62.87,completed,gift_card
OL00000038,ORD0000033,APT0000033,CLT00002,BIZ009,2024-12-26,Nails,Nail Art Add-On,PRV0014,18.75,1,0.0,3.75,22.5,completed,google_pay
OL00000039,ORD0000033,APT0000033,CLT00002,BIZ009,2024-12-26,Waxing,Full Leg Wax,PRV0014,73.51,1,0.0,11.03,84.54,completed,google_pay
OL00000040,ORD0000034,APT0000034,CLT00002,BIZ009,2025-01-20,Hair,Keratin Treatment,PRV0013,265.03,1,0.0,0.0,265.03,completed,google_pay
OL00000041,ORD0000035,APT0000035,CLT00002,BIZ009,2025-02-17,Hair,Keratin Treatment,PRV0020,250.22,1,20.13,41.42,271.51,completed,gift_card
OL00000042,ORD0000036,APT0000036,CLT00002,BIZ009,2025-03-05,Nails,Pedicure,PRV0007,59.77,1,0.0,11.95,71.72,completed,gift_card
OL00000043,ORD0000037,APT0000037,CLT00002,BIZ009,2025-03-26,Hair,Blowout,PRV0015,53.11,1,0.0,7.97,61.08,completed,google_pay
OL00000044,ORD0000038,APT0000038,CLT00002,BIZ009,2025-04-21,Nails,Gel Manicure,PRV0019,54.27,1,3.0,9.23,60.5,completed,gift_card
OL00000045,ORD0000039,APT0000039,CLT00002,BIZ009,2025-05-11,Hair,Color - Single Process,PRV0018,106.08,1,0.0,26.52,132.6,completed,gift_card
OL00000046,ORD0000040,APT0000040,CLT00002,BIZ009,2025-06-07,Nails,Pedicure,PRV0006,63.12,1,0.0,11.36,74.48,completed,credit_card
OL00000047,ORD0000042,APT0000042,CLT00002,BIZ009,2025-07-19,Hair,Keratin Treatment,PRV0016,247.95,1,0.0,0.0,247.95,completed,cash
OL00000048,ORD0000043,APT0000043,CLT00002,BIZ009,2025-08-16,Nails,Manicure,PRV0004,36.09,1,0.0,6.5,42.59,completed,apple_pay
OL00000049,ORD0000045,APT0000045,CLT00002,BIZ009,2025-09-28,Hair,Haircut & Style,PRV0001,59.84,1,0.0,10.77,70.61,completed,apple_pay
OL00000050,ORD0000046,APT0000046,CLT00002,BIZ009,2025-10-26,Hair,Keratin Treatment,PRV0009,311.04,1,0.0,46.66,357.7,completed,cash
OL00000051,ORD0000047,APT0000047,CLT00002,BIZ009,2025-11-15,Hair,Color - Single Process,PRV0013,107.23,1,0.0,19.3,126.53,completed,google_pay
OL00000052,ORD0000048,APT0000048,CLT00002,BIZ009,2025-12-01,Nails,Dip Powder Nails,PRV0002,65.6,1,0.0,9.84,75.44,completed,cash
OL00000053,ORD0000050,APT0000050,CLT00002,BIZ009,2026-01-26,Nails,Dip Powder Nails,PRV0020,71.47,1,0.0,0.0,71.47,completed,debit_card
OL00000054,ORD0000050,APT0000050,CLT00002,BIZ009,2026-01-26,Waxing,Full Leg Wax,PRV0020,76.8,1,0.0,13.82,90.62,completed,apple_pay
OL00000055,ORD0000052,APT0000052,CLT00002,BIZ009,2026-03-09,Hair,Blowout,PRV0001,49.42,1,2.96,6.97,53.43,completed,google_pay
OL00000056,ORD0000052,APT0000052,CLT00002,BIZ009,2026-03-09,Nails,Dip Powder Nails,PRV0001,64.27,1,0.0,0.0,64.27,completed,gift_card
OL00000057,ORD0000053,APT0000053,CLT00002,BIZ009,2026-04-05,Hair,Keratin Treatment,PRV0009,265.95,1,4.45,39.23,300.73,completed,apple_pay
OL00000058,ORD0000054,APT0000054,CLT00003,BIZ009,2024-05-09,Skin,LED Light Therapy,PRV0014,79.39,1,0.0,15.88,95.27,completed,debit_card
OL00000059,ORD0000055,APT0000055,CLT00003,BIZ009,2024-06-16,Hair,Blowout,PRV0011,48.5,1,0.0,7.27,55.77,completed,cash
OL00000060,ORD0000055,APT0000055,CLT00003,BIZ009,2024-06-16,Nails,Nail Art Add-On,PRV0011,19.36,1,0.0,0.0,19.36,completed,gift_card
OL00000061,ORD0000056,APT0000056,CLT00003,BIZ009,2024-07-28,Skin,Deep Cleansing Facial,PRV0016,127.0,1,0.0,22.86,149.86,completed,gift_card
OL00000062,ORD0000057,APT0000057,CLT00003,BIZ009,2024-09-06,Skin,Classic Facial,PRV0018,107.43,1,0.0,16.11,123.54,completed,credit_card
OL00000063,ORD0000058,APT0000058,CLT00003,BIZ009,2024-10-15,Skin,LED Light Therapy,PRV0012,90.25,1,8.88,14.65,96.02,completed,google_pay
OL00000064,ORD0000059,APT0000059,CLT00003,BIZ009,2024-11-29,Skin,Microdermabrasion,PRV0015,129.71,1,0.0,23.35,153.06,completed,cash
OL00000065,ORD0000059,APT0000059,CLT00003,BIZ009,2024-11-29,Nails,Manicure,PRV0015,34.94,1,0.0,6.29,41.23,completed,google_pay
OL00000066,ORD0000060,APT0000060,CLT00003,BIZ009,2025-01-09,Hair,Haircut & Style,PRV0011,71.24,1,0.0,10.69,81.93,completed,credit_card
OL00000067,ORD0000062,APT0000062,CLT00003,BIZ009,2025-04-13,Hair,Balayage,PRV0018,250.72,1,0.0,37.61,288.33,completed,debit_card
OL00000068,ORD0000062,APT0000062,CLT00003,BIZ009,2025-04-13,Nails,Dip Powder Nails,PRV0018,64.32,1,0.0,9.65,73.97,completed,google_pay
OL00000069,ORD0000064,APT0000064,CLT00003,BIZ009,2025-07-15,Skin,Chemical Peel,PRV0020,152.66,1,0.0,22.9,175.56,completed,google_pay
OL00000070,ORD0000065,APT0000065,CLT00003,BIZ009,2025-09-02,Skin,LED Light Therapy,PRV0008,78.99,1,0.0,0.0,78.99,completed,google_pay
OL00000071,ORD0000066,APT0000066,CLT00003,BIZ009,2025-10-13,Hair,Keratin Treatment,PRV0018,281.16,1,8.84,49.02,321.34,completed,credit_card
OL00000072,ORD0000067,APT0000067,CLT00003,BIZ009,2025-11-24,Hair,Blowout,PRV0014,50.2,1,0.0,9.04,59.24,completed,credit_card
OL00000073,ORD0000069,APT0000069,CLT00003,BIZ009,2026-02-14,Hair,Keratin Treatment,PRV0015,262.52,1,0.0,47.25,309.77,completed,gift_card
OL00000074,ORD0000070,APT0000070,CLT00004,BIZ001,2024-05-03,Hair,Root Touch-Up,PRV0007,93.62,1,0.0,16.85,110.47,completed,cash
OL00000075,ORD0000071,APT0000071,CLT00004,BIZ001,2024-06-03,Skin,Chemical Peel,PRV0017,135.42,1,0.0,20.31,155.73,completed,credit_card
OL00000076,ORD0000072,APT0000072,CLT00004,BIZ001,2024-07-13,Hair,Root Touch-Up,PRV0005,94.11,1,0.0,16.94,111.05,completed,google_pay
OL00000077,ORD0000073,APT0000073,CLT00004,BIZ001,2024-08-22,Skin,LED Light Therapy,PRV0003,85.06,1,0.0,15.31,100.37,completed,apple_pay
OL00000078,ORD0000074,APT0000074,CLT00004,BIZ001,2024-09-20,Hair,Blowout,PRV0012,54.95,1,0.0,13.74,68.69,completed,debit_card
OL00000079,ORD0000075,APT0000075,CLT00004,BIZ001,2024-10-31,Hair,Color - Highlights,PRV0019,181.02,1,0.0,36.2,217.22,completed,credit_card
OL00000080,ORD0000077,APT0000077,CLT00004,BIZ001,2025-01-03,Hair,Color - Single Process,PRV0009,109.23,1,0.0,0.0,109.23,completed,google_pay
OL00000081,ORD0000078,APT0000078,CLT00004,BIZ001,2025-02-13,Hair,Balayage,PRV0001,224.22,1,5.07,39.45,258.6,completed,credit_card
OL00000082,ORD0000079,APT0000079,CLT00004,BIZ001,2025-03-26,Skin,Chemical Peel,PRV0016,138.8,1,11.19,0.0,127.61,completed,apple_pay
OL00000083,ORD0000080,APT0000080,CLT00004,BIZ001,2025-04-28,Hair,Color - Single Process,PRV0003,114.49,1,0.0,0.0,114.49,completed,apple_pay
OL00000084,ORD0000081,APT0000081,CLT00004,BIZ001,2025-05-30,Skin,Deep Cleansing Facial,PRV0003,112.2,1,8.19,15.6,119.61,completed,google_pay
OL00000085,ORD0000082,APT0000082,CLT00004,BIZ001,2025-07-04,Hair,Root Touch-Up,PRV0018,89.25,1,0.0,17.85,107.1,completed,gift_card
OL00000086,ORD0000083,APT0000083,CLT00004,BIZ001,2025-08-01,Skin,Chemical Peel,PRV0010,158.91,1,0.0,23.84,182.75,completed,google_pay
OL00000087,ORD0000084,APT0000084,CLT00004,BIZ001,2025-09-11,Skin,Deep Cleansing Facial,PRV0012,111.96,1,0.0,20.15,132.11,completed,apple_pay
OL00000088,ORD0000085,APT0000085,CLT00004,BIZ001,2025-10-13,Skin,Microdermabrasion,PRV0001,124.01,1,0.0,24.8,148.81,completed,google_pay
OL00000089,ORD0000087,APT0000087,CLT00005,BIZ002,2024-06-17,Hair,Keratin Treatment,PRV0014,251.48,1,10.93,43.3,283.85,completed,cash
OL00000090,ORD0000088,APT0000088,CLT00005,BIZ002,2024-08-15,Hair,Color - Highlights,PRV0001,177.44,1,16.91,28.9,189.43,completed,gift_card
OL00000091,ORD0000089,APT0000089,CLT00005,BIZ002,2024-10-18,Hair,Color - Single Process,PRV0001,121.2,1,0.0,0.0,121.2,completed,gift_card
OL00000092,ORD0000090,APT0000090,CLT00005,BIZ002,2024-12-16,Hair,Blowout,PRV0012,48.19,1,2.77,8.18,53.6,completed,debit_card
OL00000093,ORD0000091,APT0000091,CLT00005,BIZ002,2025-02-13,Hair,Haircut & Style,PRV0012,73.45,1,7.05,0.0,66.4,completed,gift_card
OL00000094,ORD0000092,APT0000092,CLT00005,BIZ002,2025-04-19,Hair,Color - Single Process,PRV0003,109.25,1,0.0,21.85,131.1,completed,debit_card
OL00000095,ORD0000093,APT0000093,CLT00005,BIZ002,2025-06-19,Hair,Root Touch-Up,PRV0015,92.94,1,0.0,0.0,92.94,completed,google_pay
OL00000096,ORD0000094,APT0000094,CLT00005,BIZ002,2025-08-22,Hair,Color - Highlights,PRV0015,172.91,1,0.0,34.58,207.49,completed,debit_card
OL00000097,ORD0000096,APT0000096,CLT00005,BIZ002,2025-12-20,Hair,Root Touch-Up,PRV0007,97.39,1,0.0,24.35,121.74,completed,debit_card
OL00000098,ORD0000098,APT0000098,CLT00006,BIZ008,2024-04-15,Waxing,Brazilian Wax,PRV0005,60.27,1,2.71,8.63,66.19,completed,credit_card
OL00000099,ORD0000099,APT0000099,CLT00006,BIZ008,2024-05-26,Waxing,Full Leg Wax,PRV0006,82.99,1,0.0,0.0,82.99,completed,apple_pay
OL00000100,ORD0000100,APT0000100,CLT00006,BIZ008,2024-06-27,Nails,Manicure,PRV0010,38.68,1,3.68,7.0,42.0,completed,cash
OL00000101,ORD0000101,APT0000101,CLT00006,BIZ008,2024-07-29,Nails,Manicure,PRV0001,38.77,1,0.0,0.0,38.77,completed,google_pay
OL00000102,ORD0000102,APT0000102,CLT00006,BIZ008,2024-08-29,Waxing,Brow Wax & Shape,PRV0003,28.14,1,0.0,0.0,28.14,completed,apple_pay
OL00000103,ORD0000103,APT0000103,CLT00006,BIZ008,2024-09-28,Nails,Manicure,PRV0013,31.76,1,0.0,0.0,31.76,completed,debit_card
OL00000104,ORD0000104,APT0000104,CLT00006,BIZ008,2024-11-05,Nails,Gel Manicure,PRV0010,50.15,1,0.0,0.0,50.15,completed,apple_pay
OL00000105,ORD0000105,APT0000105,CLT00006,BIZ008,2024-12-09,Waxing,Full Leg Wax,PRV0018,86.05,1,0.0,12.91,98.96,completed,cash
OL00000106,ORD0000106,APT0000106,CLT00006,BIZ008,2025-01-06,Waxing,Brazilian Wax,PRV0006,63.68,1,0.0,12.74,76.42,completed,apple_pay
OL00000107,ORD0000107,APT0000107,CLT00006,BIZ008,2025-02-12,Nails,Dip Powder Nails,PRV0004,69.17,1,0.0,13.83,83.0,completed,gift_card
OL00000108,ORD0000108,APT0000108,CLT00006,BIZ008,2025-03-21,Nails,Pedicure,PRV0006,52.75,1,0.0,9.49,62.24,completed,apple_pay
OL00000109,ORD0000109,APT0000109,CLT00006,BIZ008,2025-04-19,Nails,Gel Manicure,PRV0016,48.86,1,0.0,0.0,48.86,completed,debit_card
OL00000110,ORD0000110,APT0000110,CLT00006,BIZ008,2025-05-23,Nails,Manicure,PRV0005,37.77,1,0.0,7.55,45.32,completed,apple_pay
OL00000111,ORD0000111,APT0000111,CLT00006,BIZ008,2025-07-03,Nails,Manicure,PRV0017,39.9,1,0.0,7.98,47.88,completed,google_pay
OL00000112,ORD0000112,APT0000112,CLT00006,BIZ008,2025-08-10,Nails,Gel Manicure,PRV0016,47.18,1,0.0,8.49,55.67,completed,cash
OL00000113,ORD0000113,APT0000113,CLT00006,BIZ008,2025-09-09,Waxing,Full Leg Wax,PRV0010,70.83,1,4.97,11.85,77.71,completed,cash
OL00000114,ORD0000114,APT0000114,CLT00006,BIZ008,2025-10-15,Nails,Pedicure,PRV0019,62.38,1,4.65,8.66,66.39,completed,apple_pay
OL00000115,ORD0000115,APT0000115,CLT00006,BIZ008,2025-11-13,Nails,Manicure,PRV0001,33.33,1,0.0,5.0,38.33,completed,credit_card
OL00000116,ORD0000116,APT0000116,CLT00006,BIZ008,2025-12-20,Nails,Manicure,PRV0016,34.57,1,0.0,6.91,41.48,completed,cash
OL00000117,ORD0000117,APT0000117,CLT00006,BIZ008,2026-01-18,Nails,Pedicure,PRV0001,53.09,1,1.81,10.26,61.54,completed,debit_card
OL00000118,ORD0000118,APT0000118,CLT00006,BIZ008,2026-02-26,Nails,Nail Art Add-On,PRV0001,22.71,1,2.02,0.0,20.69,completed,credit_card
OL00000119,ORD0000120,APT0000120,CLT00007,BIZ006,2024-05-24,Skin,Microdermabrasion,PRV0018,123.01,1,0.0,18.45,141.46,completed,google_pay
OL00000120,ORD0000120,APT0000120,CLT00007,BIZ006,2024-05-24,Nails,Dip Powder Nails,PRV0018,64.77,1,0.0,9.72,74.49,completed,apple_pay
OL00000121,ORD0000121,APT0000121,CLT00007,BIZ006,2024-06-11,Nails,Pedicure,PRV0018,62.85,1,0.0,11.31,74.16,completed,google_pay
OL00000122,ORD0000122,APT0000122,CLT00007,BIZ006,2024-06-26,Skin,LED Light Therapy,PRV0016,78.18,1,0.0,14.07,92.25,completed,cash
OL00000123,ORD0000123,APT0000123,CLT00007,BIZ006,2024-07-16,Nails,Manicure,PRV0007,31.87,1,2.18,4.45,34.14,completed,gift_card
OL00000124,ORD0000123,APT0000123,CLT00007,BIZ006,2024-07-16,Waxing,Brazilian Wax,PRV0007,63.83,1,0.0,0.0,63.83,completed,credit_card
OL00000125,ORD0000124,APT0000124,CLT00007,BIZ006,2024-07-30,Skin,LED Light Therapy,PRV0001,88.99,1,0.0,0.0,88.99,completed,debit_card
OL00000126,ORD0000124,APT0000124,CLT00007,BIZ006,2024-07-30,Nails,Nail Art Add-On,PRV0001,20.17,1,0.0,0.0,20.17,completed,credit_card
OL00000127,ORD0000125,APT0000125,CLT00007,BIZ006,2024-08-18,Nails,Gel Manicure,PRV0013,52.15,1,0.0,0.0,52.15,completed,google_pay
OL00000128,ORD0000125,APT0000125,CLT00007,BIZ006,2024-08-18,Waxing,Lip & Chin Wax,PRV0013,19.08,1,0.0,3.43,22.51,completed,gift_card
OL00000129,ORD0000126,APT0000126,CLT00007,BIZ006,2024-09-01,Nails,Manicure,PRV0011,34.22,1,0.0,6.84,41.06,completed,gift_card
OL00000130,ORD0000126,APT0000126,CLT00007,BIZ006,2024-09-01,Waxing,Full Leg Wax,PRV0011,72.26,1,0.0,14.45,86.71,completed,apple_pay
OL00000131,ORD0000127,APT0000127,CLT00007,BIZ006,2024-09-17,Skin,Microdermabrasion,PRV0014,141.68,1,0.0,28.34,170.02,completed,cash
OL00000132,ORD0000128,APT0000128,CLT00007,BIZ006,2024-10-08,Nails,Gel Manicure,PRV0006,55.94,1,0.0,0.0,55.94,completed,credit_card
OL00000133,ORD0000129,APT0000129,CLT00007,BIZ006,2024-11-04,Skin,Deep Cleansing Facial,PRV0004,115.26,1,0.0,17.29,132.55,completed,google_pay
OL00000134,ORD0000130,APT0000130,CLT00007,BIZ006,2024-11-26,Skin,Chemical Peel,PRV0001,132.3,1,0.0,26.46,158.76,completed,debit_card
OL00000135,ORD0000131,APT0000131,CLT00007,BIZ006,2024-12-19,Nails,Pedicure,PRV0016,58.4,1,0.0,0.0,58.4,completed,apple_pay
OL00000136,ORD0000132,APT0000132,CLT00007,BIZ006,2025-01-08,Skin,Chemical Peel,PRV0009,147.42,1,0.0,29.48,176.9,completed,google_pay
OL00000137,ORD0000133,APT0000133,CLT00007,BIZ006,2025-01-22,Nails,Nail Art Add-On,PRV0010,20.41,1,0.0,3.06,23.47,completed,apple_pay
OL00000138,ORD0000134,APT0000134,CLT00007,BIZ006,2025-02-06,Skin,Chemical Peel,PRV0020,154.44,1,0.0,27.8,182.24,completed,gift_card
OL00000139,ORD0000135,APT0000135,CLT00007,BIZ006,2025-02-23,Skin,Chemical Peel,PRV0011,155.38,1,0.0,27.97,183.35,completed,gift_card
OL00000140,ORD0000135,APT0000135,CLT00007,BIZ006,2025-02-23,Nails,Gel Manicure,PRV0011,51.73,1,0.0,7.76,59.49,completed,apple_pay
OL00000141,ORD0000136,APT0000136,CLT00007,BIZ006,2025-03-13,Nails,Dip Powder Nails,PRV0011,62.11,1,0.0,12.42,74.53,completed,google_pay
OL00000142,ORD0000137,APT0000137,CLT00007,BIZ006,2025-03-31,Skin,Chemical Peel,PRV0002,151.54,1,0.0,27.28,178.82,completed,debit_card
OL00000143,ORD0000138,APT0000138,CLT00007,BIZ006,2025-04-24,Skin,LED Light Therapy,PRV0007,85.2,1,0.0,17.04,102.24,completed,google_pay
OL00000144,ORD0000138,APT0000138,CLT00007,BIZ006,2025-04-24,Nails,Pedicure,PRV0007,56.53,1,0.0,11.31,67.84,completed,apple_pay
OL00000145,ORD0000139,APT0000139,CLT00007,BIZ006,2025-05-12,Nails,Gel Manicure,PRV0006,54.56,1,0.0,10.91,65.47,completed,credit_card
OL00000146,ORD0000139,APT0000139,CLT00007,BIZ006,2025-05-12,Waxing,Lip & Chin Wax,PRV0006,20.27,1,0.0,4.05,24.32,completed,google_pay
OL00000147,ORD0000141,APT0000141,CLT00007,BIZ006,2025-06-28,Nails,Manicure,PRV0012,32.63,1,0.0,5.87,38.5,completed,debit_card
OL00000148,ORD0000141,APT0000141,CLT00007,BIZ006,2025-06-28,Waxing,Brow Wax & Shape,PRV0012,24.5,1,0.0,4.41,28.91,completed,google_pay
OL00000149,ORD0000142,APT0000142,CLT00007,BIZ006,2025-07-26,Skin,Microdermabrasion,PRV0012,122.36,1,0.0,24.47,146.83,completed,credit_card
OL00000150,ORD0000142,APT0000142,CLT00007,BIZ006,2025-07-26,Nails,Pedicure,PRV0012,53.41,1,0.0,0.0,53.41,completed,cash
OL00000151,ORD0000143,APT0000143,CLT00007,BIZ006,2025-08-20,Nails,Manicure,PRV0009,36.95,1,0.0,0.0,36.95,completed,credit_card
OL00000152,ORD0000144,APT0000144,CLT00007,BIZ006,2025-09-11,Nails,Manicure,PRV0018,35.65,1,2.48,5.97,39.14,completed,apple_pay
OL00000153,ORD0000145,APT0000145,CLT00007,BIZ006,2025-10-06,Nails,Nail Art Add-On,PRV0004,21.59,1,0.25,0.0,21.34,completed,debit_card
OL00000154,ORD0000146,APT0000146,CLT00007,BIZ006,2025-10-26,Skin,LED Light Therapy,PRV0006,88.15,1,0.0,15.87,104.02,completed,google_pay
OL00000155,ORD0000146,APT0000146,CLT00007,BIZ006,2025-10-26,Nails,Manicure,PRV0006,33.29,1,0.0,0.0,33.29,completed,credit_card
OL00000156,ORD0000147,APT0000147,CLT00007,BIZ006,2025-11-12,Skin,Deep Cleansing Facial,PRV0009,121.7,1,0.0,18.25,139.95,completed,credit_card
OL00000157,ORD0000147,APT0000147,CLT00007,BIZ006,2025-11-12,Nails,Pedicure,PRV0009,57.06,1,0.0,10.27,67.33,completed,apple_pay
OL00000158,ORD0000148,APT0000148,CLT00007,BIZ006,2025-11-29,Skin,Microdermabrasion,PRV0005,127.68,1,0.0,31.92,159.6,completed,apple_pay
OL00000159,ORD0000149,APT0000149,CLT00007,BIZ006,2025-12-18,Nails,Gel Manicure,PRV0015,55.45,1,0.0,9.98,65.43,completed,google_pay
OL00000160,ORD0000150,APT0000150,CLT00008,BIZ004,2024-04-26,Hair,Root Touch-Up,PRV0012,77.11,1,0.0,15.42,92.53,completed,debit_card
OL00000161,ORD0000151,APT0000151,CLT00008,BIZ004,2024-06-17,Hair,Blowout,PRV0009,45.15,1,0.0,8.13,53.28,completed,gift_card
OL00000162,ORD0000152,APT0000152,CLT00008,BIZ004,2024-07-31,Massage,Hot Stone Massage,PRV0014,142.87,1,0.0,25.72,168.59,completed,debit_card
OL00000163,ORD0000153,APT0000153,CLT00008,BIZ004,2024-09-08,Massage,Swedish Massage 60min,PRV0006,119.66,1,0.0,17.95,137.61,completed,apple_pay
OL00000164,ORD0000154,APT0000154,CLT00008,BIZ004,2024-10-18,Massage,Deep Tissue 60min,PRV0015,137.54,1,0.0,27.51,165.05,completed,google_pay
OL00000165,ORD0000155,APT0000155,CLT00008,BIZ004,2024-12-08,Hair,Haircut & Style,PRV0013,59.08,1,0.0,11.82,70.9,completed,cash
OL00000166,ORD0000156,APT0000156,CLT00008,BIZ004,2025-01-15,Hair,Keratin Treatment,PRV0012,303.64,1,0.0,45.55,349.19,completed,cash
OL00000167,ORD0000157,APT0000157,CLT00008,BIZ004,2025-03-05,Hair,Balayage,PRV0008,216.77,1,0.0,54.19,270.96,completed,apple_pay
OL00000168,ORD0000158,APT0000158,CLT00008,BIZ004,2025-04-23,Hair,Balayage,PRV0014,211.99,1,2.56,41.89,251.32,completed,debit_card
OL00000169,ORD0000159,APT0000159,CLT00008,BIZ004,2025-06-02,Hair,Root Touch-Up,PRV0002,79.12,1,0.0,14.24,93.36,completed,cash
OL00000170,ORD0000161,APT0000161,CLT00008,BIZ004,2025-08-20,Massage,Deep Tissue 60min,PRV0017,125.58,1,0.0,22.6,148.18,completed,debit_card
OL00000171,ORD0000162,APT0000162,CLT00008,BIZ004,2025-10-09,Hair,Blowout,PRV0005,52.53,1,0.0,9.46,61.99,completed,gift_card
OL00000172,ORD0000163,APT0000163,CLT00009,BIZ004,2024-04-09,Skin,Deep Cleansing Facial,PRV0012,122.41,1,0.0,22.03,144.44,completed,google_pay
OL00000173,ORD0000164,APT0000164,CLT00009,BIZ004,2024-05-27,Skin,Microdermabrasion,PRV0005,138.78,1,10.41,0.0,128.37,completed,apple_pay
OL00000174,ORD0000165,APT0000165,CLT00009,BIZ004,2024-07-08,Skin,Classic Facial,PRV0012,87.93,1,0.0,15.83,103.76,completed,debit_card
OL00000175,ORD0000166,APT0000166,CLT00009,BIZ004,2024-08-26,Skin,Deep Cleansing Facial,PRV0013,120.5,1,0.0,21.69,142.19,completed,cash
OL00000176,ORD0000166,APT0000166,CLT00009,BIZ004,2024-08-26,Nails,Gel Manicure,PRV0013,48.52,1,0.0,9.7,58.22,completed,debit_card
OL00000177,ORD0000167,APT0000167,CLT00009,BIZ004,2024-10-12,Skin,LED Light Therapy,PRV0015,97.4,1,9.37,15.85,103.88,completed,credit_card
OL00000178,ORD0000167,APT0000167,CLT00009,BIZ004,2024-10-12,Nails,Dip Powder Nails,PRV0015,63.56,1,0.0,11.44,75.0,completed,debit_card
OL00000179,ORD0000168,APT0000168,CLT00009,BIZ004,2024-11-22,Skin,LED Light Therapy,PRV0002,96.23,1,0.0,19.25,115.48,completed,gift_card
OL00000180,ORD0000169,APT0000169,CLT00009,BIZ004,2025-01-02,Skin,Microdermabrasion,PRV0017,148.1,1,0.0,29.62,177.72,completed,debit_card
OL00000181,ORD0000170,APT0000170,CLT00009,BIZ004,2025-02-12,Skin,Classic Facial,PRV0012,90.69,1,0.0,16.32,107.01,completed,cash
OL00000182,ORD0000171,APT0000171,CLT00009,BIZ004,2025-04-01,Skin,Classic Facial,PRV0002,94.56,1,0.0,0.0,94.56,completed,apple_pay
OL00000183,ORD0000172,APT0000172,CLT00009,BIZ004,2025-05-17,Skin,Classic Facial,PRV0016,92.54,1,0.0,13.88,106.42,completed,credit_card
OL00000184,ORD0000173,APT0000173,CLT00009,BIZ004,2025-07-08,Skin,LED Light Therapy,PRV0014,80.87,1,0.0,16.17,97.04,completed,gift_card
OL00000185,ORD0000175,APT0000175,CLT00009,BIZ004,2025-10-14,Skin,LED Light Therapy,PRV0015,85.7,1,5.77,14.39,94.32,completed,gift_card
OL00000186,ORD0000177,APT0000177,CLT00009,BIZ004,2026-01-16,Skin,Chemical Peel,PRV0016,149.84,1,5.86,28.8,172.78,completed,cash
OL00000187,ORD0000177,APT0000177,CLT00009,BIZ004,2026-01-16,Nails,Pedicure,PRV0016,53.89,1,0.0,9.7,63.59,completed,credit_card
OL00000188,ORD0000179,APT0000179,CLT00010,BIZ004,2024-05-21,Hair,Color - Single Process,PRV0004,117.45,1,0.0,0.0,117.45,completed,cash
OL00000189,ORD0000180,APT0000180,CLT00010,BIZ004,2024-08-18,Hair,Balayage,PRV0004,237.91,1,0.0,35.69,273.6,completed,debit_card
OL00000190,ORD0000181,APT0000181,CLT00010,BIZ004,2024-11-12,Hair,Haircut & Style,PRV0016,63.84,1,0.0,11.49,75.33,completed,debit_card
OL00000191,ORD0000182,APT0000182,CLT00010,BIZ004,2025-02-08,Hair,Root Touch-Up,PRV0008,91.63,1,0.0,13.74,105.37,completed,apple_pay
OL00000192,ORD0000183,APT0000183,CLT00010,BIZ004,2025-05-13,Hair,Balayage,PRV0012,224.78,1,14.51,0.0,210.27,completed,apple_pay
OL00000193,ORD0000184,APT0000184,CLT00010,BIZ004,2025-08-18,Hair,Keratin Treatment,PRV0001,290.92,1,0.0,52.37,343.29,completed,cash
OL00000194,ORD0000185,APT0000185,CLT00010,BIZ004,2025-11-20,Hair,Haircut & Style,PRV0005,64.88,1,0.0,11.68,76.56,completed,apple_pay
OL00000195,ORD0000186,APT0000186,CLT00010,BIZ004,2026-02-22,Hair,Blowout,PRV0008,53.55,1,0.0,0.0,53.55,completed,debit_card
OL00000196,ORD0000187,APT0000187,CLT00011,BIZ006,2024-05-12,Massage,Hot Stone Massage,PRV0011,150.63,1,0.0,30.13,180.76,completed,gift_card
OL00000197,ORD0000187,APT0000187,CLT00011,BIZ006,2024-05-12,Nails,Nail Art Add-On,PRV0011,20.14,1,0.0,4.03,24.17,completed,gift_card
OL00000198,ORD0000188,APT0000188,CLT00011,BIZ006,2024-06-09,Skin,Chemical Peel,PRV0013,149.22,1,0.0,29.84,179.06,completed,google_pay
OL00000199,ORD0000189,APT0000189,CLT00011,BIZ006,2024-07-10,Massage,Deep Tissue 60min,PRV0007,118.34,1,0.0,21.3,139.64,completed,credit_card
OL00000200,ORD0000190,APT0000190,CLT00011,BIZ006,2024-08-12,Skin,Chemical Peel,PRV0007,136.35,1,0.0,0.0,136.35,completed,credit_card
OL00000201,ORD0000190,APT0000190,CLT00011,BIZ006,2024-08-12,Nails,Nail Art Add-On,PRV0007,19.32,1,0.0,0.0,19.32,completed,cash
OL00000202,ORD0000191,APT0000191,CLT00011,BIZ006,2024-09-13,Massage,Swedish Massage 60min,PRV0020,116.53,1,0.0,20.98,137.51,completed,apple_pay
OL00000203,ORD0000192,APT0000192,CLT00011,BIZ006,2024-10-12,Massage,Prenatal Massage,PRV0008,115.52,1,0.0,23.1,138.62,completed,debit_card
OL00000204,ORD0000193,APT0000193,CLT00011,BIZ006,2024-11-12,Skin,Deep Cleansing Facial,PRV0008,119.56,1,2.42,23.43,140.57,completed,cash
OL00000205,ORD0000194,APT0000194,CLT00011,BIZ006,2024-12-17,Massage,Swedish Massage 60min,PRV0018,119.69,1,7.89,22.36,134.16,completed,cash
OL00000206,ORD0000195,APT0000195,CLT00011,BIZ006,2025-01-26,Skin,LED Light Therapy,PRV0008,93.28,1,0.0,16.79,110.07,completed,gift_card
OL00000207,ORD0000196,APT0000196,CLT00011,BIZ006,2025-02-26,Massage,Prenatal Massage,PRV0010,123.11,1,0.0,0.0,123.11,completed,gift_card
OL00000208,ORD0000197,APT0000197,CLT00011,BIZ006,2025-03-26,Massage,Swedish Massage 60min,PRV0014,101.93,1,0.0,18.35,120.28,completed,apple_pay
OL00000209,ORD0000198,APT0000198,CLT00011,BIZ006,2025-04-28,Skin,LED Light Therapy,PRV0014,93.16,1,0.0,13.97,107.13,completed,cash
OL00000210,ORD0000199,APT0000199,CLT00011,BIZ006,2025-06-02,Skin,LED Light Therapy,PRV0008,93.14,1,0.0,0.0,93.14,completed,cash
OL00000211,ORD0000200,APT0000200,CLT00011,BIZ006,2025-07-11,Skin,LED Light Therapy,PRV0013,93.59,1,0.0,16.85,110.44,completed,cash
OL00000212,ORD0000201,APT0000201,CLT00011,BIZ006,2025-08-19,Massage,Hot Stone Massage,PRV0013,148.97,1,0.0,37.24,186.21,completed,credit_card
OL00000213,ORD0000202,APT0000202,CLT00011,BIZ006,2025-09-18,Massage,Prenatal Massage,PRV0007,120.56,1,0.0,21.7,142.26,completed,cash
OL00000214,ORD0000202,APT0000202,CLT00011,BIZ006,2025-09-18,Nails,Manicure,PRV0007,34.51,1,0.0,0.0,34.51,completed,debit_card
OL00000215,ORD0000203,APT0000203,CLT00011,BIZ006,2025-10-29,Massage,Hot Stone Massage,PRV0019,144.12,1,0.0,0.0,144.12,completed,credit_card
OL00000216,ORD0000204,APT0000204,CLT00011,BIZ006,2025-12-06,Skin,Chemical Peel,PRV0015,151.34,1,0.0,22.7,174.04,completed,credit_card
OL00000217,ORD0000205,APT0000205,CLT00011,BIZ006,2026-01-12,Skin,Chemical Peel,PRV0015,150.91,1,0.0,30.18,181.09,completed,google_pay
OL00000218,ORD0000206,APT0000206,CLT00011,BIZ006,2026-02-18,Massage,Prenatal Massage,PRV0011,125.27,1,0.0,0.0,125.27,completed,apple_pay
OL00000219,ORD0000206,APT0000206,CLT00011,BIZ006,2026-02-18,Nails,Manicure,PRV0011,34.65,1,0.0,6.24,40.89,completed,credit_card
OL00000220,ORD0000207,APT0000207,CLT00011,BIZ006,2026-03-20,Massage,Prenatal Massage,PRV0006,112.72,1,8.29,20.89,125.32,completed,debit_card
OL00000221,ORD0000207,APT0000207,CLT00011,BIZ006,2026-03-20,Nails,Pedicure,PRV0006,56.85,1,0.0,10.23,67.08,completed,debit_card
OL00000222,ORD0000208,APT0000208,CLT00012,BIZ002,2024-05-21,Hair,Root Touch-Up,PRV0016,97.42,1,0.0,14.61,112.03,completed,debit_card
OL00000223,ORD0000209,APT0000209,CLT00012,BIZ002,2024-07-25,Hair,Haircut & Style,PRV0017,64.9,1,0.0,0.0,64.9,completed,credit_card
OL00000224,ORD0000210,APT0000210,CLT00012,BIZ002,2024-09-16,Waxing,Brazilian Wax,PRV0019,63.79,1,0.0,9.57,73.36,completed,cash
OL00000225,ORD0000211,APT0000211,CLT00012,BIZ002,2024-11-17,Waxing,Full Leg Wax,PRV0006,75.45,1,0.0,15.09,90.54,completed,apple_pay
OL00000226,ORD0000212,APT0000212,CLT00012,BIZ002,2025-01-16,Waxing,Brazilian Wax,PRV0004,71.57,1,0.0,14.31,85.88,completed,debit_card
OL00000227,ORD0000213,APT0000213,CLT00012,BIZ002,2025-03-20,Hair,Root Touch-Up,PRV0014,79.36,1,0.0,14.28,93.64,completed,cash
OL00000228,ORD0000214,APT0000214,CLT00012,BIZ002,2025-05-22,Waxing,Lip & Chin Wax,PRV0013,21.45,1,1.75,3.55,23.25,completed,gift_card
OL00000229,ORD0000215,APT0000215,CLT00012,BIZ002,2025-07-15,Hair,Blowout,PRV0012,50.15,1,0.0,9.03,59.18,completed,cash
OL00000230,ORD0000216,APT0000216,CLT00012,BIZ002,2025-09-20,Hair,Keratin Treatment,PRV0012,293.78,1,0.0,52.88,346.66,completed,credit_card
OL00000231,ORD0000217,APT0000217,CLT00012,BIZ002,2025-11-13,Waxing,Brazilian Wax,PRV0014,67.79,1,0.0,0.0,67.79,completed,debit_card
OL00000232,ORD0000218,APT0000218,CLT00012,BIZ002,2026-01-06,Waxing,Full Leg Wax,PRV0009,82.14,1,0.0,14.79,96.93,completed,cash
OL00000233,ORD0000219,APT0000219,CLT00012,BIZ002,2026-03-12,Waxing,Lip & Chin Wax,PRV0009,19.05,1,0.0,0.0,19.05,completed,google_pay
OL00000234,ORD0000220,APT0000220,CLT00013,BIZ008,2024-04-10,Hair,Color - Highlights,PRV0005,183.09,1,12.15,34.19,205.13,completed,apple_pay
OL00000235,ORD0000221,APT0000221,CLT00013,BIZ008,2024-06-04,Hair,Blowout,PRV0005,47.21,1,0.0,8.5,55.71,completed,gift_card
OL00000236,ORD0000222,APT0000222,CLT00013,BIZ008,2024-08-05,Hair,Keratin Treatment,PRV0018,302.82,1,0.0,45.42,348.24,completed,apple_pay
OL00000237,ORD0000224,APT0000224,CLT00013,BIZ008,2024-11-24,Hair,Balayage,PRV0001,241.89,1,0.0,48.38,290.27,completed,cash
OL00000238,ORD0000225,APT0000225,CLT00013,BIZ008,2025-01-17,Hair,Color - Single Process,PRV0006,121.78,1,0.0,0.0,121.78,completed,gift_card
OL00000239,ORD0000226,APT0000226,CLT00013,BIZ008,2025-03-23,Hair,Keratin Treatment,PRV0018,275.89,1,0.0,0.0,275.89,completed,apple_pay
OL00000240,ORD0000227,APT0000227,CLT00013,BIZ008,2025-05-23,Hair,Balayage,PRV0007,199.07,1,10.65,0.0,188.42,completed,credit_card
OL00000241,ORD0000228,APT0000228,CLT00013,BIZ008,2025-07-21,Hair,Color - Highlights,PRV0003,149.11,1,0.0,22.37,171.48,completed,google_pay
OL00000242,ORD0000229,APT0000229,CLT00013,BIZ008,2025-09-24,Hair,Blowout,PRV0002,54.7,1,2.57,0.0,52.13,completed,apple_pay
OL00000243,ORD0000231,APT0000231,CLT00013,BIZ008,2026-01-08,Hair,Balayage,PRV0013,249.49,1,18.17,41.64,272.96,completed,cash
OL00000244,ORD0000232,APT0000232,CLT00013,BIZ008,2026-03-10,Hair,Color - Highlights,PRV0007,158.23,1,0.0,0.0,158.23,completed,apple_pay
OL00000245,ORD0000233,APT0000233,CLT00014,BIZ010,2024-04-23,Hair,Balayage,PRV0006,203.03,1,0.0,40.61,243.64,completed,gift_card
OL00000246,ORD0000234,APT0000234,CLT00014,BIZ010,2024-07-15,Hair,Haircut & Style,PRV0005,62.28,1,0.0,12.46,74.74,completed,apple_pay
OL00000247,ORD0000235,APT0000235,CLT00014,BIZ010,2024-10-06,Hair,Balayage,PRV0009,224.69,1,0.0,33.7,258.39,completed,gift_card
OL00000248,ORD0000236,APT0000236,CLT00014,BIZ010,2024-12-31,Hair,Color - Single Process,PRV0009,124.15,1,0.0,0.0,124.15,completed,debit_card
OL00000249,ORD0000237,APT0000237,CLT00014,BIZ010,2025-04-05,Hair,Color - Highlights,PRV0017,178.76,1,0.0,32.18,210.94,completed,apple_pay
OL00000250,ORD0000238,APT0000238,CLT00014,BIZ010,2025-07-03,Hair,Color - Highlights,PRV0007,176.68,1,0.0,0.0,176.68,completed,apple_pay
OL00000251,ORD0000239,APT0000239,CLT00014,BIZ010,2025-09-25,Hair,Blowout,PRV0002,47.23,1,0.51,0.0,46.72,completed,credit_card
OL00000252,ORD0000241,APT0000241,CLT00015,BIZ002,2024-05-18,Hair,Color - Highlights,PRV0002,159.46,1,1.12,23.75,182.09,completed,debit_card
OL00000253,ORD0000242,APT0000242,CLT00015,BIZ002,2024-07-02,Hair,Haircut & Style,PRV0017,67.76,1,0.0,12.2,79.96,completed,cash
OL00000254,ORD0000243,APT0000243,CLT00015,BIZ002,2024-08-10,Hair,Balayage,PRV0014,207.17,1,8.32,29.83,228.68,completed,debit_card
OL00000255,ORD0000244,APT0000244,CLT00015,BIZ002,2024-09-30,Hair,Color - Highlights,PRV0014,182.58,1,0.0,27.39,209.97,completed,cash
OL00000256,ORD0000245,APT0000245,CLT00015,BIZ002,2024-11-21,Hair,Blowout,PRV0015,57.0,1,0.2,8.52,65.32,completed,credit_card
OL00000257,ORD0000248,APT0000248,CLT00015,BIZ002,2025-04-15,Hair,Color - Highlights,PRV0003,181.21,1,14.96,29.92,196.17,completed,cash
OL00000258,ORD0000249,APT0000249,CLT00015,BIZ002,2025-05-26,Hair,Keratin Treatment,PRV0003,310.88,1,0.0,62.18,373.06,completed,google_pay
OL00000259,ORD0000250,APT0000250,CLT00015,BIZ002,2025-07-17,Hair,Root Touch-Up,PRV0013,82.98,1,4.48,0.0,78.5,completed,cash
OL00000260,ORD0000252,APT0000252,CLT00015,BIZ002,2025-10-15,Hair,Root Touch-Up,PRV0019,88.15,1,0.0,13.22,101.37,completed,google_pay
OL00000261,ORD0000253,APT0000253,CLT00015,BIZ002,2025-11-23,Hair,Root Touch-Up,PRV0019,88.42,1,0.0,15.92,104.34,completed,debit_card
OL00000262,ORD0000254,APT0000254,CLT00015,BIZ002,2026-01-11,Hair,Color - Highlights,PRV0004,165.97,1,0.0,24.9,190.87,completed,cash
OL00000263,ORD0000255,APT0000255,CLT00015,BIZ002,2026-02-27,Hair,Root Touch-Up,PRV0020,85.86,1,0.0,12.88,98.74,completed,gift_card
OL00000264,ORD0000257,APT0000257,CLT00016,BIZ008,2024-07-13,Nails,Pedicure,PRV0020,59.06,1,0.0,8.86,67.92,completed,gift_card
OL00000265,ORD0000259,APT0000259,CLT00016,BIZ008,2024-10-30,Nails,Manicure,PRV0001,39.09,1,0.0,5.86,44.95,completed,google_pay
OL00000266,ORD0000260,APT0000260,CLT00016,BIZ008,2025-01-02,Nails,Gel Manicure,PRV0007,57.08,1,0.0,10.27,67.35,completed,credit_card
OL00000267,ORD0000260,APT0000260,CLT00016,BIZ008,2025-01-02,Waxing,Brazilian Wax,PRV0007,63.92,1,0.0,12.78,76.7,completed,gift_card
OL00000268,ORD0000261,APT0000261,CLT00016,BIZ008,2025-02-25,Nails,Manicure,PRV0017,38.6,1,0.0,7.72,46.32,completed,credit_card
OL00000269,ORD0000262,APT0000262,CLT00016,BIZ008,2025-04-20,Waxing,Full Leg Wax,PRV0013,85.51,1,0.0,15.39,100.9,completed,debit_card
OL00000270,ORD0000263,APT0000263,CLT00016,BIZ008,2025-06-25,Nails,Dip Powder Nails,PRV0018,61.86,1,3.35,11.7,70.21,completed,debit_card
OL00000271,ORD0000263,APT0000263,CLT00016,BIZ008,2025-06-25,Waxing,Full Leg Wax,PRV0018,74.48,1,0.0,11.17,85.65,completed,gift_card
OL00000272,ORD0000265,APT0000265,CLT00016,BIZ008,2025-11-01,Nails,Gel Manicure,PRV0015,46.9,1,0.62,0.0,46.28,completed,cash
OL00000273,ORD0000266,APT0000266,CLT00016,BIZ008,2025-12-26,Nails,Nail Art Add-On,PRV0016,20.51,1,0.0,3.69,24.2,completed,apple_pay
OL00000274,ORD0000266,APT0000266,CLT00016,BIZ008,2025-12-26,Waxing,Lip & Chin Wax,PRV0016,19.98,1,0.0,3.0,22.98,completed,debit_card
OL00000275,ORD0000268,APT0000268,CLT00017,BIZ009,2024-05-11,Skin,Chemical Peel,PRV0017,146.87,1,0.0,0.0,146.87,completed,debit_card
OL00000276,ORD0000269,APT0000269,CLT00017,BIZ009,2024-06-08,Skin,Classic Facial,PRV0010,94.95,1,0.0,18.99,113.94,completed,google_pay
OL00000277,ORD0000270,APT0000270,CLT00017,BIZ009,2024-07-18,Skin,Microdermabrasion,PRV0015,119.94,1,0.0,0.0,119.94,completed,cash
OL00000278,ORD0000271,APT0000271,CLT00017,BIZ009,2024-08-21,Skin,Microdermabrasion,PRV0019,145.68,1,4.72,25.37,166.33,completed,gift_card
OL00000279,ORD0000273,APT0000273,CLT00017,BIZ009,2024-10-25,Skin,Microdermabrasion,PRV0019,122.27,1,9.4,0.0,112.87,completed,apple_pay
OL00000280,ORD0000274,APT0000274,CLT00017,BIZ009,2024-12-06,Skin,Microdermabrasion,PRV0001,141.88,1,7.06,24.27,159.09,completed,credit_card
OL00000281,ORD0000275,APT0000275,CLT00017,BIZ009,2025-01-10,Skin,Deep Cleansing Facial,PRV0015,126.04,1,11.12,17.24,132.16,completed,gift_card
OL00000282,ORD0000276,APT0000276,CLT00017,BIZ009,2025-02-20,Skin,Classic Facial,PRV0005,101.34,1,0.0,15.2,116.54,completed,credit_card
OL00000283,ORD0000277,APT0000277,CLT00017,BIZ009,2025-03-25,Skin,Classic Facial,PRV0015,94.05,1,7.23,13.02,99.84,completed,google_pay
OL00000284,ORD0000278,APT0000278,CLT00017,BIZ009,2025-05-03,Skin,Microdermabrasion,PRV0004,127.7,1,0.0,19.16,146.86,completed,debit_card
OL00000285,ORD0000279,APT0000279,CLT00017,BIZ009,2025-06-07,Skin,Classic Facial,PRV0016,107.68,1,0.0,16.15,123.83,completed,cash
OL00000286,ORD0000280,APT0000280,CLT00017,BIZ009,2025-07-14,Skin,Chemical Peel,PRV0020,148.49,1,0.0,26.73,175.22,completed,debit_card
OL00000287,ORD0000281,APT0000281,CLT00017,BIZ009,2025-08-24,Skin,Chemical Peel,PRV0004,159.48,1,0.0,23.92,183.4,completed,apple_pay
OL00000288,ORD0000282,APT0000282,CLT00017,BIZ009,2025-09-28,Skin,LED Light Therapy,PRV0009,83.04,1,0.0,12.46,95.5,completed,credit_card
OL00000289,ORD0000283,APT0000283,CLT00017,BIZ009,2025-11-09,Skin,Chemical Peel,PRV0006,142.48,1,0.0,25.65,168.13,completed,google_pay
OL00000290,ORD0000284,APT0000284,CLT00017,BIZ009,2025-12-09,Skin,Deep Cleansing Facial,PRV0015,135.83,1,7.08,23.18,151.93,completed,gift_card
OL00000291,ORD0000286,APT0000286,CLT00018,BIZ005,2024-04-16,Skin,Chemical Peel,PRV0008,146.88,1,0.0,22.03,168.91,completed,apple_pay
OL00000292,ORD0000286,APT0000286,CLT00018,BIZ005,2024-04-16,Nails,Gel Manicure,PRV0008,51.42,1,0.0,7.71,59.13,completed,credit_card
OL00000293,ORD0000288,APT0000288,CLT00018,BIZ005,2024-07-11,Skin,Chemical Peel,PRV0007,147.15,1,0.0,26.49,173.64,completed,credit_card
OL00000294,ORD0000288,APT0000288,CLT00018,BIZ005,2024-07-11,Nails,Manicure,PRV0007,35.65,1,0.0,0.0,35.65,completed,apple_pay
OL00000295,ORD0000289,APT0000289,CLT00018,BIZ005,2024-08-20,Skin,Classic Facial,PRV0019,100.67,1,0.0,15.1,115.77,completed,apple_pay
OL00000296,ORD0000289,APT0000289,CLT00018,BIZ005,2024-08-20,Nails,Gel Manicure,PRV0019,51.36,1,0.0,0.0,51.36,completed,apple_pay
OL00000297,ORD0000290,APT0000290,CLT00018,BIZ005,2024-10-03,Waxing,Full Leg Wax,PRV0007,74.07,1,0.0,0.0,74.07,completed,gift_card
OL00000298,ORD0000292,APT0000292,CLT00018,BIZ005,2025-01-05,Waxing,Lip & Chin Wax,PRV0003,19.96,1,0.0,3.99,23.95,completed,gift_card
OL00000299,ORD0000293,APT0000293,CLT00018,BIZ005,2025-02-14,Skin,LED Light Therapy,PRV0015,79.3,1,0.0,15.86,95.16,completed,google_pay
OL00000300,ORD0000293,APT0000293,CLT00018,BIZ005,2025-02-14,Nails,Gel Manicure,PRV0015,50.92,1,0.0,10.18,61.1,completed,google_pay
OL00000301,ORD0000294,APT0000294,CLT00018,BIZ005,2025-04-06,Waxing,Full Leg Wax,PRV0013,80.62,1,0.0,16.12,96.74,completed,apple_pay
OL00000302,ORD0000295,APT0000295,CLT00018,BIZ005,2025-05-22,Waxing,Brow Wax & Shape,PRV0010,26.28,1,0.27,5.2,31.21,completed,credit_card
OL00000303,ORD0000295,APT0000295,CLT00018,BIZ005,2025-05-22,Nails,Manicure,PRV0010,36.02,1,0.0,7.2,43.22,completed,google_pay
OL00000304,ORD0000296,APT0000296,CLT00018,BIZ005,2025-07-09,Skin,Deep Cleansing Facial,PRV0003,114.25,1,0.0,17.14,131.39,completed,google_pay
OL00000305,ORD0000297,APT0000297,CLT00018,BIZ005,2025-08-22,Skin,LED Light Therapy,PRV0004,89.17,1,0.0,0.0,89.17,completed,google_pay
OL00000306,ORD0000297,APT0000297,CLT00018,BIZ005,2025-08-22,Nails,Dip Powder Nails,PRV0004,62.2,1,0.0,0.0,62.2,completed,gift_card
OL00000307,ORD0000298,APT0000298,CLT00018,BIZ005,2025-10-04,Skin,Chemical Peel,PRV0005,163.24,1,0.0,0.0,163.24,completed,debit_card
OL00000308,ORD0000299,APT0000299,CLT00018,BIZ005,2025-11-11,Skin,LED Light Therapy,PRV0007,82.87,1,0.0,14.92,97.79,completed,google_pay
OL00000309,ORD0000300,APT0000300,CLT00018,BIZ005,2026-01-01,Skin,Classic Facial,PRV0005,86.98,1,0.0,21.75,108.73,completed,credit_card
OL00000310,ORD0000301,APT0000301,CLT00018,BIZ005,2026-02-12,Skin,Classic Facial,PRV0019,100.35,1,0.0,15.05,115.4,completed,google_pay
OL00000311,ORD0000302,APT0000302,CLT00019,BIZ009,2024-05-07,Skin,Chemical Peel,PRV0003,135.72,1,0.0,24.43,160.15,completed,debit_card
OL00000312,ORD0000303,APT0000303,CLT00019,BIZ009,2024-07-12,Skin,Deep Cleansing Facial,PRV0020,121.63,1,0.0,24.33,145.96,completed,google_pay
OL00000313,ORD0000304,APT0000304,CLT00019,BIZ009,2024-09-08,Hair,Color - Single Process,PRV0008,106.4,1,0.0,19.15,125.55,completed,credit_card
OL00000314,ORD0000305,APT0000305,CLT00019,BIZ009,2024-11-14,Skin,LED Light Therapy,PRV0003,92.02,1,0.0,18.4,110.42,completed,apple_pay
OL00000315,ORD0000308,APT0000308,CLT00019,BIZ009,2025-05-19,Hair,Keratin Treatment,PRV0006,295.28,1,0.0,44.29,339.57,completed,cash
OL00000316,ORD0000309,APT0000309,CLT00019,BIZ009,2025-07-14,Hair,Haircut & Style,PRV0010,58.94,1,0.0,0.0,58.94,completed,credit_card
OL00000317,ORD0000310,APT0000310,CLT00019,BIZ009,2025-09-07,Hair,Color - Highlights,PRV0004,155.7,1,0.0,0.0,155.7,completed,google_pay
OL00000318,ORD0000311,APT0000311,CLT00019,BIZ009,2025-11-06,Hair,Root Touch-Up,PRV0006,94.82,1,0.0,0.0,94.82,completed,debit_card
OL00000319,ORD0000312,APT0000312,CLT00019,BIZ009,2025-12-31,Skin,Microdermabrasion,PRV0015,123.85,1,0.0,18.58,142.43,completed,gift_card
OL00000320,ORD0000313,APT0000313,CLT00019,BIZ009,2026-03-04,Hair,Root Touch-Up,PRV0016,86.62,1,0.0,17.32,103.94,completed,debit_card
OL00000321,ORD0000314,APT0000314,CLT00020,BIZ001,2024-04-12,Nails,Gel Manicure,PRV0015,54.18,1,0.0,0.0,54.18,completed,apple_pay
OL00000322,ORD0000315,APT0000315,CLT00020,BIZ001,2024-05-06,Nails,Gel Manicure,PRV0014,51.57,1,0.0,7.74,59.31,completed,gift_card
OL00000323,ORD0000316,APT0000316,CLT00020,BIZ001,2024-06-03,Nails,Gel Manicure,PRV0020,56.88,1,0.0,10.24,67.12,completed,credit_card
OL00000324,ORD0000317,APT0000317,CLT00020,BIZ001,2024-06-26,Nails,Nail Art Add-On,PRV0004,19.27,1,0.0,3.85,23.12,completed,gift_card
OL00000325,ORD0000318,APT0000318,CLT00020,BIZ001,2024-07-16,Nails,Gel Manicure,PRV0006,48.47,1,1.88,11.65,58.24,completed,apple_pay
OL00000326,ORD0000319,APT0000319,CLT00020,BIZ001,2024-08-12,Nails,Pedicure,PRV0006,50.99,1,0.0,7.65,58.64,completed,cash
OL00000327,ORD0000320,APT0000320,CLT00020,BIZ001,2024-08-31,Nails,Dip Powder Nails,PRV0019,71.13,1,3.54,12.17,79.76,completed,credit_card
OL00000328,ORD0000321,APT0000321,CLT00020,BIZ001,2024-09-24,Nails,Dip Powder Nails,PRV0017,66.27,1,0.0,11.93,78.2,completed,credit_card
OL00000329,ORD0000322,APT0000322,CLT00020,BIZ001,2024-10-16,Nails,Manicure,PRV0019,39.68,1,0.0,7.14,46.82,completed,google_pay
OL00000330,ORD0000323,APT0000323,CLT00020,BIZ001,2024-11-13,Nails,Manicure,PRV0015,37.17,1,0.15,5.55,42.57,completed,debit_card
OL00000331,ORD0000324,APT0000324,CLT00020,BIZ001,2024-11-28,Nails,Dip Powder Nails,PRV0003,70.45,1,1.36,12.44,81.53,completed,cash
OL00000332,ORD0000325,APT0000325,CLT00020,BIZ001,2024-12-12,Nails,Dip Powder Nails,PRV0018,74.21,1,2.52,10.75,82.44,completed,gift_card
OL00000333,ORD0000326,APT0000326,CLT00020,BIZ001,2025-01-05,Nails,Dip Powder Nails,PRV0018,70.54,1,0.0,0.0,70.54,completed,gift_card
OL00000334,ORD0000327,APT0000327,CLT00020,BIZ001,2025-01-27,Nails,Dip Powder Nails,PRV0008,58.73,1,0.0,11.75,70.48,completed,credit_card
OL00000335,ORD0000328,APT0000328,CLT00020,BIZ001,2025-02-15,Nails,Nail Art Add-On,PRV0016,22.0,1,0.0,4.4,26.4,completed,google_pay
OL00000336,ORD0000329,APT0000329,CLT00020,BIZ001,2025-03-11,Nails,Dip Powder Nails,PRV0011,70.92,1,0.0,10.64,81.56,completed,credit_card
OL00000337,ORD0000330,APT0000330,CLT00020,BIZ001,2025-03-31,Nails,Pedicure,PRV0015,62.23,1,0.62,12.32,73.93,completed,cash
OL00000338,ORD0000332,APT0000332,CLT00020,BIZ001,2025-05-17,Nails,Dip Powder Nails,PRV0007,68.9,1,0.0,10.34,79.24,completed,debit_card
OL00000339,ORD0000333,APT0000333,CLT00020,BIZ001,2025-06-14,Nails,Nail Art Add-On,PRV0012,18.02,1,0.0,0.0,18.02,completed,cash
OL00000340,ORD0000334,APT0000334,CLT00020,BIZ001,2025-07-02,Nails,Nail Art Add-On,PRV0015,19.38,1,1.54,3.21,21.05,completed,google_pay
OL00000341,ORD0000335,APT0000335,CLT00020,BIZ001,2025-07-16,Nails,Pedicure,PRV0010,55.48,1,0.0,11.1,66.58,completed,google_pay
OL00000342,ORD0000336,APT0000336,CLT00020,BIZ001,2025-08-05,Nails,Manicure,PRV0001,36.01,1,0.85,5.27,40.43,completed,cash
OL00000343,ORD0000337,APT0000337,CLT00020,BIZ001,2025-09-01,Nails,Dip Powder Nails,PRV0004,62.2,1,0.0,9.33,71.53,completed,debit_card
OL00000344,ORD0000339,APT0000339,CLT00020,BIZ001,2025-10-09,Nails,Pedicure,PRV0009,54.12,1,3.08,7.66,58.7,completed,credit_card
OL00000345,ORD0000340,APT0000340,CLT00020,BIZ001,2025-10-27,Nails,Dip Powder Nails,PRV0020,71.33,1,0.0,12.84,84.17,completed,debit_card
OL00000346,ORD0000341,APT0000341,CLT00020,BIZ001,2025-11-17,Nails,Manicure,PRV0015,31.63,1,0.0,6.33,37.96,completed,debit_card
OL00000347,ORD0000342,APT0000342,CLT00020,BIZ001,2025-12-07,Nails,Dip Powder Nails,PRV0019,65.29,1,6.47,10.59,69.41,completed,cash
OL00000348,ORD0000343,APT0000343,CLT00020,BIZ001,2026-01-01,Nails,Dip Powder Nails,PRV0016,59.85,1,0.0,10.77,70.62,completed,google_pay
OL00000349,ORD0000344,APT0000344,CLT00020,BIZ001,2026-01-25,Nails,Pedicure,PRV0016,51.72,1,0.0,9.31,61.03,completed,cash
OL00000350,ORD0000345,APT0000345,CLT00020,BIZ001,2026-02-14,Nails,Dip Powder Nails,PRV0012,69.94,1,4.39,9.83,75.38,completed,gift_card
OL00000351,ORD0000346,APT0000346,CLT00021,BIZ005,2024-05-19,Hair,Keratin Treatment,PRV0002,273.83,1,0.0,0.0,273.83,completed,apple_pay
OL00000352,ORD0000346,APT0000346,CLT00021,BIZ005,2024-05-19,Nails,Nail Art Add-On,PRV0002,20.41,1,0.0,3.06,23.47,completed,debit_card
OL00000353,ORD0000347,APT0000347,CLT00021,BIZ005,2024-07-08,Hair,Color - Single Process,PRV0008,108.7,1,0.0,19.57,128.27,completed,apple_pay
OL00000354,ORD0000347,APT0000347,CLT00021,BIZ005,2024-07-08,Nails,Gel Manicure,PRV0008,49.23,1,0.0,9.85,59.08,completed,cash
OL00000355,ORD0000348,APT0000348,CLT00021,BIZ005,2024-08-18,Hair,Blowout,PRV0015,49.6,1,0.0,8.93,58.53,completed,credit_card
OL00000356,ORD0000348,APT0000348,CLT00021,BIZ005,2024-08-18,Nails,Dip Powder Nails,PRV0015,62.32,1,0.0,12.46,74.78,completed,debit_card
OL00000357,ORD0000349,APT0000349,CLT00021,BIZ005,2024-10-07,Hair,Haircut & Style,PRV0005,66.96,1,0.0,10.04,77.0,completed,gift_card
OL00000358,ORD0000350,APT0000350,CLT00021,BIZ005,2024-11-23,Hair,Blowout,PRV0007,45.28,1,0.0,9.06,54.34,completed,cash
OL00000359,ORD0000351,APT0000351,CLT00021,BIZ005,2025-01-08,Hair,Keratin Treatment,PRV0019,305.38,1,0.0,45.81,351.19,completed,debit_card
OL00000360,ORD0000352,APT0000352,CLT00021,BIZ005,2025-02-24,Hair,Color - Single Process,PRV0002,108.71,1,0.0,0.0,108.71,completed,debit_card
OL00000361,ORD0000353,APT0000353,CLT00021,BIZ005,2025-04-14,Hair,Color - Single Process,PRV0008,100.13,1,0.0,0.0,100.13,completed,apple_pay
OL00000362,ORD0000353,APT0000353,CLT00021,BIZ005,2025-04-14,Nails,Pedicure,PRV0008,55.34,1,0.0,0.0,55.34,completed,gift_card
OL00000363,ORD0000354,APT0000354,CLT00021,BIZ005,2025-05-26,Hair,Color - Highlights,PRV0004,165.19,1,0.0,0.0,165.19,completed,google_pay
OL00000364,ORD0000355,APT0000355,CLT00021,BIZ005,2025-07-15,Hair,Haircut & Style,PRV0010,73.06,1,0.0,14.61,87.67,completed,cash
OL00000365,ORD0000356,APT0000356,CLT00021,BIZ005,2025-08-28,Hair,Color - Highlights,PRV0018,161.21,1,0.0,32.24,193.45,completed,google_pay
OL00000366,ORD0000356,APT0000356,CLT00021,BIZ005,2025-08-28,Nails,Gel Manicure,PRV0018,47.78,1,0.0,7.17,54.95,completed,cash
OL00000367,ORD0000357,APT0000357,CLT00021,BIZ005,2025-10-09,Hair,Root Touch-Up,PRV0018,90.89,1,0.0,22.72,113.61,completed,google_pay
OL00000368,ORD0000357,APT0000357,CLT00021,BIZ005,2025-10-09,Nails,Gel Manicure,PRV0018,50.52,1,0.0,0.0,50.52,completed,gift_card
OL00000369,ORD0000358,APT0000358,CLT00021,BIZ005,2025-11-16,Hair,Blowout,PRV0012,48.56,1,0.0,12.14,60.7,completed,cash
OL00000370,ORD0000358,APT0000358,CLT00021,BIZ005,2025-11-16,Nails,Dip Powder Nails,PRV0012,66.57,1,0.0,13.31,79.88,completed,google_pay
OL00000371,ORD0000359,APT0000359,CLT00021,BIZ005,2026-01-01,Hair,Color - Single Process,PRV0005,115.44,1,3.5,27.98,139.92,completed,cash
OL00000372,ORD0000360,APT0000360,CLT00021,BIZ005,2026-02-13,Hair,Keratin Treatment,PRV0014,285.71,1,0.0,57.14,342.85,completed,debit_card
OL00000373,ORD0000360,APT0000360,CLT00021,BIZ005,2026-02-13,Nails,Dip Powder Nails,PRV0014,63.63,1,0.0,12.73,76.36,completed,credit_card
OL00000374,ORD0000361,APT0000361,CLT00022,BIZ002,2024-04-18,Waxing,Brazilian Wax,PRV0019,67.69,1,0.0,12.18,79.87,completed,google_pay
OL00000375,ORD0000362,APT0000362,CLT00022,BIZ002,2024-05-05,Waxing,Brazilian Wax,PRV0019,60.87,1,0.0,10.96,71.83,completed,apple_pay
OL00000376,ORD0000363,APT0000363,CLT00022,BIZ002,2024-05-29,Waxing,Brow Wax & Shape,PRV0010,25.81,1,0.0,4.65,30.46,completed,gift_card
OL00000377,ORD0000364,APT0000364,CLT00022,BIZ002,2024-06-23,Waxing,Brow Wax & Shape,PRV0010,26.78,1,0.0,0.0,26.78,completed,cash
OL00000378,ORD0000366,APT0000366,CLT00022,BIZ002,2024-08-11,Waxing,Full Leg Wax,PRV0014,84.68,1,1.11,0.0,83.57,completed,apple_pay
OL00000379,ORD0000367,APT0000367,CLT00022,BIZ002,2024-08-27,Nails,Gel Manicure,PRV0006,45.36,1,0.0,6.8,52.16,completed,gift_card
OL00000380,ORD0000368,APT0000368,CLT00022,BIZ002,2024-09-16,Waxing,Full Leg Wax,PRV0004,67.85,1,0.0,10.18,78.03,completed,debit_card
OL00000381,ORD0000369,APT0000369,CLT00022,BIZ002,2024-10-04,Waxing,Brow Wax & Shape,PRV0004,22.77,1,0.0,0.0,22.77,completed,credit_card
OL00000382,ORD0000370,APT0000370,CLT00022,BIZ002,2024-11-01,Waxing,Full Leg Wax,PRV0003,83.36,1,0.0,16.67,100.03,completed,apple_pay
OL00000383,ORD0000371,APT0000371,CLT00022,BIZ002,2024-11-25,Nails,Pedicure,PRV0017,50.44,1,0.0,10.09,60.53,completed,cash
OL00000384,ORD0000372,APT0000372,CLT00022,BIZ002,2024-12-19,Waxing,Full Leg Wax,PRV0004,84.76,1,0.0,15.26,100.02,completed,gift_card
OL00000385,ORD0000373,APT0000373,CLT00022,BIZ002,2025-01-03,Waxing,Lip & Chin Wax,PRV0014,20.57,1,0.0,4.11,24.68,completed,apple_pay
OL00000386,ORD0000374,APT0000374,CLT00022,BIZ002,2025-01-24,Waxing,Lip & Chin Wax,PRV0018,18.41,1,0.0,2.76,21.17,completed,google_pay
OL00000387,ORD0000375,APT0000375,CLT00022,BIZ002,2025-02-17,Nails,Dip Powder Nails,PRV0003,73.76,1,0.0,0.0,73.76,completed,gift_card
OL00000388,ORD0000376,APT0000376,CLT00022,BIZ002,2025-03-16,Nails,Manicure,PRV0005,35.01,1,0.0,0.0,35.01,completed,debit_card
OL00000389,ORD0000377,APT0000377,CLT00022,BIZ002,2025-04-09,Waxing,Brazilian Wax,PRV0004,72.12,1,0.0,10.82,82.94,completed,gift_card
OL00000390,ORD0000378,APT0000378,CLT00022,BIZ002,2025-04-27,Nails,Dip Powder Nails,PRV0017,60.89,1,0.0,0.0,60.89,completed,google_pay
OL00000391,ORD0000379,APT0000379,CLT00022,BIZ002,2025-05-15,Nails,Pedicure,PRV0003,58.82,1,0.0,8.82,67.64,completed,gift_card
OL00000392,ORD0000380,APT0000380,CLT00022,BIZ002,2025-05-31,Nails,Pedicure,PRV0015,53.54,1,0.0,9.64,63.18,completed,cash
OL00000393,ORD0000381,APT0000381,CLT00022,BIZ002,2025-06-14,Nails,Nail Art Add-On,PRV0004,20.25,1,0.0,3.04,23.29,completed,credit_card
OL00000394,ORD0000382,APT0000382,CLT00022,BIZ002,2025-07-10,Waxing,Full Leg Wax,PRV0016,70.02,1,0.0,12.6,82.62,completed,credit_card
OL00000395,ORD0000383,APT0000383,CLT00022,BIZ002,2025-07-24,Nails,Nail Art Add-On,PRV0017,19.96,1,0.0,4.99,24.95,completed,cash
OL00000396,ORD0000384,APT0000384,CLT00022,BIZ002,2025-08-10,Nails,Gel Manicure,PRV0012,55.12,1,0.0,11.02,66.14,completed,gift_card
OL00000397,ORD0000386,APT0000386,CLT00022,BIZ002,2025-09-25,Waxing,Full Leg Wax,PRV0004,70.68,1,0.0,0.0,70.68,completed,gift_card
OL00000398,ORD0000387,APT0000387,CLT00022,BIZ002,2025-10-17,Nails,Nail Art Add-On,PRV0019,22.93,1,0.0,3.44,26.37,completed,cash
OL00000399,ORD0000388,APT0000388,CLT00022,BIZ002,2025-11-07,Waxing,Lip & Chin Wax,PRV0017,18.83,1,0.0,4.71,23.54,completed,debit_card
OL00000400,ORD0000389,APT0000389,CLT00022,BIZ002,2025-11-25,Nails,Manicure,PRV0002,40.22,1,0.0,6.03,46.25,completed,gift_card
OL00000401,ORD0000390,APT0000390,CLT00022,BIZ002,2025-12-18,Waxing,Brow Wax & Shape,PRV0014,24.67,1,2.03,4.08,26.72,completed,apple_pay
OL00000402,ORD0000391,APT0000391,CLT00022,BIZ002,2026-01-14,Nails,Nail Art Add-On,PRV0018,22.4,1,0.0,4.03,26.43,completed,debit_card
OL00000403,ORD0000392,APT0000392,CLT00022,BIZ002,2026-02-01,Nails,Pedicure,PRV0018,61.23,1,0.0,12.25,73.48,completed,gift_card
OL00000404,ORD0000393,APT0000393,CLT00022,BIZ002,2026-02-28,Waxing,Full Leg Wax,PRV0014,73.47,1,0.0,0.0,73.47,completed,debit_card
OL00000405,ORD0000394,APT0000394,CLT00022,BIZ002,2026-03-27,Nails,Gel Manicure,PRV0013,46.42,1,1.14,9.06,54.34,completed,google_pay
OL00000406,ORD0000395,APT0000395,CLT00023,BIZ005,2024-05-30,Nails,Gel Manicure,PRV0002,54.78,1,4.91,7.48,57.35,completed,apple_pay
OL00000407,ORD0000396,APT0000396,CLT00023,BIZ005,2024-08-21,Nails,Dip Powder Nails,PRV0005,60.32,1,0.0,12.06,72.38,completed,cash
OL00000408,ORD0000397,APT0000397,CLT00023,BIZ005,2024-11-26,Skin,Microdermabrasion,PRV0011,140.96,1,0.0,25.37,166.33,completed,google_pay
OL00000409,ORD0000398,APT0000398,CLT00023,BIZ005,2025-02-27,Nails,Pedicure,PRV0014,61.36,1,3.27,10.46,68.55,completed,credit_card
OL00000410,ORD0000399,APT0000399,CLT00023,BIZ005,2025-05-27,Skin,LED Light Therapy,PRV0012,91.71,1,0.0,0.0,91.71,completed,cash
OL00000411,ORD0000400,APT0000400,CLT00023,BIZ005,2025-08-24,Nails,Manicure,PRV0018,34.21,1,0.0,5.13,39.34,completed,gift_card
OL00000412,ORD0000401,APT0000401,CLT00023,BIZ005,2025-11-23,Nails,Nail Art Add-On,PRV0013,19.5,1,0.0,3.9,23.4,completed,apple_pay
OL00000413,ORD0000402,APT0000402,CLT00023,BIZ005,2026-02-21,Nails,Pedicure,PRV0009,60.82,1,0.0,10.95,71.77,completed,google_pay
OL00000414,ORD0000403,APT0000403,CLT00024,BIZ004,2024-04-08,Hair,Keratin Treatment,PRV0001,291.59,1,12.93,50.16,328.82,completed,credit_card
OL00000415,ORD0000404,APT0000404,CLT00024,BIZ004,2024-05-17,Hair,Color - Single Process,PRV0006,113.2,1,0.0,22.64,135.84,completed,debit_card
OL00000416,ORD0000405,APT0000405,CLT00024,BIZ004,2024-07-02,Hair,Root Touch-Up,PRV0006,94.07,1,0.0,0.0,94.07,completed,google_pay
OL00000417,ORD0000406,APT0000406,CLT00024,BIZ004,2024-08-13,Hair,Color - Single Process,PRV0001,124.39,1,0.0,22.39,146.78,completed,credit_card
OL00000418,ORD0000407,APT0000407,CLT00024,BIZ004,2024-10-01,Hair,Color - Single Process,PRV0020,115.51,1,11.07,0.0,104.44,completed,cash
OL00000419,ORD0000408,APT0000408,CLT00024,BIZ004,2024-11-10,Skin,Classic Facial,PRV0004,102.45,1,8.83,18.72,112.34,completed,apple_pay
OL00000420,ORD0000409,APT0000409,CLT00024,BIZ004,2024-12-31,Hair,Blowout,PRV0010,50.23,1,0.0,0.0,50.23,completed,apple_pay
OL00000421,ORD0000410,APT0000410,CLT00024,BIZ004,2025-02-08,Hair,Color - Single Process,PRV0003,111.89,1,0.0,27.97,139.86,completed,google_pay
OL00000422,ORD0000411,APT0000411,CLT00024,BIZ004,2025-03-31,Skin,Microdermabrasion,PRV0004,118.91,1,0.0,17.84,136.75,completed,apple_pay
OL00000423,ORD0000412,APT0000412,CLT00024,BIZ004,2025-05-22,Skin,Classic Facial,PRV0012,108.49,1,0.0,19.53,128.02,completed,apple_pay
OL00000424,ORD0000413,APT0000413,CLT00024,BIZ004,2025-07-13,Skin,LED Light Therapy,PRV0003,91.59,1,0.0,13.74,105.33,completed,apple_pay
OL00000425,ORD0000414,APT0000414,CLT00024,BIZ004,2025-08-26,Skin,Deep Cleansing Facial,PRV0014,135.08,1,0.0,27.02,162.1,completed,apple_pay
OL00000426,ORD0000415,APT0000415,CLT00024,BIZ004,2025-10-14,Hair,Blowout,PRV0018,45.67,1,1.05,0.0,44.62,completed,apple_pay
OL00000427,ORD0000416,APT0000416,CLT00024,BIZ004,2025-11-26,Skin,Microdermabrasion,PRV0015,149.14,1,0.0,26.85,175.99,completed,credit_card
OL00000428,ORD0000417,APT0000417,CLT00024,BIZ004,2026-01-16,Skin,Classic Facial,PRV0006,105.04,1,0.0,18.91,123.95,completed,debit_card
OL00000429,ORD0000418,APT0000418,CLT00024,BIZ004,2026-03-09,Skin,LED Light Therapy,PRV0016,95.36,1,6.5,15.99,104.85,completed,google_pay
OL00000430,ORD0000419,APT0000419,CLT00025,BIZ002,2024-04-11,Hair,Color - Highlights,PRV0003,159.03,1,0.0,31.81,190.84,completed,google_pay
OL00000431,ORD0000420,APT0000420,CLT00025,BIZ002,2024-05-08,Hair,Haircut & Style,PRV0005,63.35,1,0.0,11.4,74.75,completed,apple_pay
OL00000432,ORD0000421,APT0000421,CLT00025,BIZ002,2024-05-25,Hair,Color - Highlights,PRV0016,185.02,1,0.0,33.3,218.32,completed,google_pay
OL00000433,ORD0000422,APT0000422,CLT00025,BIZ002,2024-06-10,Hair,Root Touch-Up,PRV0014,77.36,1,0.0,13.92,91.28,completed,debit_card
OL00000434,ORD0000423,APT0000423,CLT00025,BIZ002,2024-07-03,Hair,Blowout,PRV0015,45.99,1,0.0,6.9,52.89,completed,debit_card
OL00000435,ORD0000424,APT0000424,CLT00025,BIZ002,2024-07-29,Hair,Root Touch-Up,PRV0018,95.99,1,0.0,17.28,113.27,completed,google_pay
OL00000436,ORD0000425,APT0000425,CLT00025,BIZ002,2024-08-26,Hair,Blowout,PRV0009,46.02,1,0.0,0.0,46.02,completed,gift_card
OL00000437,ORD0000426,APT0000426,CLT00025,BIZ002,2024-09-20,Hair,Color - Single Process,PRV0014,107.63,1,0.0,21.53,129.16,completed,google_pay
OL00000438,ORD0000427,APT0000427,CLT00025,BIZ002,2024-10-15,Hair,Color - Highlights,PRV0006,179.31,1,0.0,35.86,215.17,completed,credit_card
OL00000439,ORD0000429,APT0000429,CLT00025,BIZ002,2024-11-24,Hair,Color - Highlights,PRV0010,153.66,1,1.72,0.0,151.94,completed,debit_card
OL00000440,ORD0000430,APT0000430,CLT00025,BIZ002,2024-12-17,Hair,Color - Single Process,PRV0018,101.37,1,0.0,0.0,101.37,completed,google_pay
OL00000441,ORD0000431,APT0000431,CLT00025,BIZ002,2025-01-10,Hair,Haircut & Style,PRV0016,72.47,1,0.0,10.87,83.34,completed,cash
OL00000442,ORD0000432,APT0000432,CLT00025,BIZ002,2025-01-24,Hair,Haircut & Style,PRV0016,68.18,1,0.0,10.23,78.41,completed,google_pay
OL00000443,ORD0000433,APT0000433,CLT00025,BIZ002,2025-02-12,Hair,Blowout,PRV0002,45.24,1,0.0,8.14,53.38,completed,apple_pay
OL00000444,ORD0000434,APT0000434,CLT00025,BIZ002,2025-02-26,Hair,Blowout,PRV0014,47.02,1,0.0,8.46,55.48,completed,google_pay
OL00000445,ORD0000435,APT0000435,CLT00025,BIZ002,2025-03-22,Hair,Keratin Treatment,PRV0005,297.21,1,0.0,44.58,341.79,completed,gift_card
OL00000446,ORD0000436,APT0000436,CLT00025,BIZ002,2025-04-14,Hair,Root Touch-Up,PRV0010,90.67,1,1.81,15.99,104.85,completed,credit_card
OL00000447,ORD0000437,APT0000437,CLT00025,BIZ002,2025-05-02,Hair,Blowout,PRV0012,49.46,1,4.1,9.07,54.43,completed,credit_card
OL00000448,ORD0000438,APT0000438,CLT00025,BIZ002,2025-05-26,Hair,Color - Highlights,PRV0016,189.49,1,0.0,37.9,227.39,completed,cash
OL00000449,ORD0000439,APT0000439,CLT00025,BIZ002,2025-06-16,Hair,Color - Single Process,PRV0002,120.97,1,0.0,24.19,145.16,completed,credit_card
OL00000450,ORD0000440,APT0000440,CLT00025,BIZ002,2025-07-07,Hair,Root Touch-Up,PRV0007,79.84,1,0.0,11.98,91.82,completed,cash
OL00000451,ORD0000441,APT0000441,CLT00025,BIZ002,2025-07-31,Hair,Balayage,PRV0005,244.67,1,0.0,36.7,281.37,completed,credit_card
OL00000452,ORD0000442,APT0000442,CLT00025,BIZ002,2025-08-25,Hair,Root Touch-Up,PRV0003,84.41,1,0.0,12.66,97.07,completed,gift_card
OL00000453,ORD0000443,APT0000443,CLT00025,BIZ002,2025-09-21,Hair,Color - Single Process,PRV0014,124.25,1,0.0,31.06,155.31,completed,cash
OL00000454,ORD0000444,APT0000444,CLT00025,BIZ002,2025-10-12,Hair,Haircut & Style,PRV0003,63.62,1,0.0,0.0,63.62,completed,credit_card
OL00000455,ORD0000446,APT0000446,CLT00025,BIZ002,2025-11-10,Hair,Balayage,PRV0017,248.62,1,0.0,37.29,285.91,completed,debit_card
OL00000456,ORD0000447,APT0000447,CLT00025,BIZ002,2025-11-26,Hair,Balayage,PRV0010,200.03,1,0.0,36.01,236.04,completed,gift_card
OL00000457,ORD0000448,APT0000448,CLT00025,BIZ002,2025-12-15,Hair,Keratin Treatment,PRV0017,299.55,1,0.84,59.74,358.45,completed,cash
OL00000458,ORD0000449,APT0000449,CLT00025,BIZ002,2026-01-11,Hair,Color - Single Process,PRV0002,106.14,1,0.0,0.0,106.14,completed,gift_card
OL00000459,ORD0000450,APT0000450,CLT00025,BIZ002,2026-01-26,Hair,Blowout,PRV0008,52.07,1,0.0,9.37,61.44,completed,cash
OL00000460,ORD0000451,APT0000451,CLT00025,BIZ002,2026-02-23,Hair,Color - Highlights,PRV0013,178.92,1,9.24,0.0,169.68,completed,apple_pay
OL00000461,ORD0000452,APT0000452,CLT00025,BIZ002,2026-03-18,Hair,Haircut & Style,PRV0003,65.4,1,1.4,0.0,64.0,completed,gift_card
OL00000462,ORD0000453,APT0000453,CLT00025,BIZ002,2026-04-06,Hair,Keratin Treatment,PRV0014,294.87,1,0.0,53.08,347.95,completed,google_pay
OL00000463,ORD0000454,APT0000454,CLT00026,BIZ002,2024-04-16,Skin,Classic Facial,PRV0016,104.29,1,6.15,0.0,98.14,completed,apple_pay
OL00000464,ORD0000455,APT0000455,CLT00026,BIZ002,2024-04-30,Skin,Deep Cleansing Facial,PRV0003,120.53,1,0.0,21.7,142.23,completed,apple_pay
OL00000465,ORD0000456,APT0000456,CLT00026,BIZ002,2024-05-18,Hair,Root Touch-Up,PRV0015,79.67,1,0.0,0.0,79.67,completed,cash
OL00000466,ORD0000457,APT0000457,CLT00026,BIZ002,2024-06-10,Hair,Blowout,PRV0015,53.07,1,0.0,9.55,62.62,completed,cash
OL00000467,ORD0000458,APT0000458,CLT00026,BIZ002,2024-06-29,Hair,Keratin Treatment,PRV0020,287.16,1,16.38,0.0,270.78,completed,google_pay
OL00000468,ORD0000459,APT0000459,CLT00026,BIZ002,2024-07-14,Skin,Classic Facial,PRV0007,105.21,1,0.0,18.94,124.15,completed,credit_card
OL00000469,ORD0000460,APT0000460,CLT00026,BIZ002,2024-07-29,Hair,Blowout,PRV0014,50.19,1,0.0,7.53,57.72,completed,apple_pay
OL00000470,ORD0000460,APT0000460,CLT00026,BIZ002,2024-07-29,Nails,Manicure,PRV0014,35.15,1,0.0,6.33,41.48,completed,debit_card
OL00000471,ORD0000461,APT0000461,CLT00026,BIZ002,2024-08-18,Skin,Chemical Peel,PRV0002,165.34,1,11.79,23.03,176.58,completed,credit_card
OL00000472,ORD0000461,APT0000461,CLT00026,BIZ002,2024-08-18,Nails,Dip Powder Nails,PRV0002,67.55,1,0.0,12.16,79.71,completed,google_pay
OL00000473,ORD0000462,APT0000462,CLT00026,BIZ002,2024-09-14,Skin,Classic Facial,PRV0016,103.37,1,0.0,0.0,103.37,completed,credit_card
OL00000474,ORD0000462,APT0000462,CLT00026,BIZ002,2024-09-14,Nails,Nail Art Add-On,PRV0016,19.81,1,0.0,3.96,23.77,completed,credit_card
OL00000475,ORD0000463,APT0000463,CLT00026,BIZ002,2024-10-07,Hair,Balayage,PRV0008,233.84,1,13.29,33.08,253.63,completed,gift_card
OL00000476,ORD0000464,APT0000464,CLT00026,BIZ002,2024-10-22,Skin,Chemical Peel,PRV0018,132.01,1,0.0,33.0,165.01,completed,cash
OL00000477,ORD0000464,APT0000464,CLT00026,BIZ002,2024-10-22,Nails,Pedicure,PRV0018,52.25,1,0.0,10.45,62.7,completed,apple_pay
OL00000478,ORD0000465,APT0000465,CLT00026,BIZ002,2024-11-19,Hair,Root Touch-Up,PRV0002,92.21,1,0.0,13.83,106.04,completed,google_pay
OL00000479,ORD0000466,APT0000466,CLT00026,BIZ002,2024-12-08,Skin,LED Light Therapy,PRV0011,97.32,1,0.0,14.6,111.92,completed,gift_card
OL00000480,ORD0000467,APT0000467,CLT00026,BIZ002,2024-12-30,Hair,Color - Single Process,PRV0001,112.1,1,0.0,20.18,132.28,completed,google_pay
OL00000481,ORD0000468,APT0000468,CLT00026,BIZ002,2025-01-15,Hair,Root Touch-Up,PRV0015,84.0,1,0.0,16.8,100.8,completed,apple_pay
OL00000482,ORD0000468,APT0000468,CLT00026,BIZ002,2025-01-15,Nails,Manicure,PRV0015,33.69,1,0.0,6.06,39.75,completed,debit_card
OL00000483,ORD0000469,APT0000469,CLT00026,BIZ002,2025-02-09,Hair,Haircut & Style,PRV0007,71.76,1,0.0,14.35,86.11,completed,debit_card
OL00000484,ORD0000469,APT0000469,CLT00026,BIZ002,2025-02-09,Nails,Dip Powder Nails,PRV0007,68.04,1,0.0,0.0,68.04,completed,apple_pay
OL00000485,ORD0000470,APT0000470,CLT00026,BIZ002,2025-02-23,Hair,Balayage,PRV0004,229.3,1,0.0,41.27,270.57,completed,gift_card
OL00000486,ORD0000471,APT0000471,CLT00026,BIZ002,2025-03-16,Skin,Classic Facial,PRV0019,106.42,1,0.0,15.96,122.38,completed,gift_card
OL00000487,ORD0000471,APT0000471,CLT00026,BIZ002,2025-03-16,Nails,Nail Art Add-On,PRV0019,20.23,1,0.0,4.05,24.28,completed,credit_card
OL00000488,ORD0000472,APT0000472,CLT00026,BIZ002,2025-04-06,Hair,Balayage,PRV0014,204.69,1,0.0,36.84,241.53,completed,cash
OL00000489,ORD0000473,APT0000473,CLT00026,BIZ002,2025-04-23,Skin,Classic Facial,PRV0001,90.12,1,5.15,0.0,84.97,completed,gift_card
OL00000490,ORD0000473,APT0000473,CLT00026,BIZ002,2025-04-23,Nails,Dip Powder Nails,PRV0001,67.98,1,0.0,10.2,78.18,completed,debit_card
OL00000491,ORD0000474,APT0000474,CLT00026,BIZ002,2025-05-18,Skin,Chemical Peel,PRV0016,159.79,1,0.0,28.76,188.55,completed,apple_pay
OL00000492,ORD0000475,APT0000475,CLT00026,BIZ002,2025-06-02,Skin,Classic Facial,PRV0017,107.91,1,0.0,19.42,127.33,completed,credit_card
OL00000493,ORD0000476,APT0000476,CLT00026,BIZ002,2025-06-24,Skin,Classic Facial,PRV0003,86.97,1,0.0,0.0,86.97,completed,cash
OL00000494,ORD0000477,APT0000477,CLT00026,BIZ002,2025-07-21,Skin,Classic Facial,PRV0013,100.16,1,0.0,20.03,120.19,completed,gift_card
OL00000495,ORD0000478,APT0000478,CLT00026,BIZ002,2025-08-12,Hair,Blowout,PRV0011,50.68,1,0.0,0.0,50.68,completed,credit_card
OL00000496,ORD0000478,APT0000478,CLT00026,BIZ002,2025-08-12,Nails,Manicure,PRV0011,35.33,1,0.0,5.3,40.63,completed,cash
OL00000497,ORD0000479,APT0000479,CLT00026,BIZ002,2025-09-06,Skin,LED Light Therapy,PRV0006,79.43,1,1.01,14.12,92.54,completed,cash
OL00000498,ORD0000480,APT0000480,CLT00026,BIZ002,2025-09-22,Hair,Color - Highlights,PRV0016,173.39,1,0.0,43.35,216.74,completed,cash
OL00000499,ORD0000481,APT0000481,CLT00026,BIZ002,2025-10-13,Skin,Classic Facial,PRV0014,90.14,1,0.0,18.03,108.17,completed,credit_card
OL00000500,ORD0000481,APT0000481,CLT00026,BIZ002,2025-10-13,Nails,Dip Powder Nails,PRV0014,66.27,1,0.0,13.25,79.52,completed,cash
OL00000501,ORD0000482,APT0000482,CLT00026,BIZ002,2025-11-07,Hair,Root Touch-Up,PRV0014,79.95,1,0.0,15.99,95.94,completed,credit_card
OL00000502,ORD0000483,APT0000483,CLT00026,BIZ002,2025-11-28,Skin,Deep Cleansing Facial,PRV0016,132.22,1,0.0,19.83,152.05,completed,credit_card
OL00000503,ORD0000483,APT0000483,CLT00026,BIZ002,2025-11-28,Nails,Manicure,PRV0016,34.5,1,0.0,0.0,34.5,completed,debit_card
OL00000504,ORD0000484,APT0000484,CLT00026,BIZ002,2025-12-14,Hair,Blowout,PRV0001,47.47,1,4.2,7.79,51.06,completed,apple_pay
OL00000505,ORD0000485,APT0000485,CLT00026,BIZ002,2026-01-05,Skin,Deep Cleansing Facial,PRV0001,119.37,1,0.0,0.0,119.37,completed,debit_card
OL00000506,ORD0000485,APT0000485,CLT00026,BIZ002,2026-01-05,Nails,Pedicure,PRV0001,54.28,1,0.0,9.77,64.05,completed,gift_card
OL00000507,ORD0000486,APT0000486,CLT00026,BIZ002,2026-01-21,Skin,LED Light Therapy,PRV0004,95.26,1,1.81,16.82,110.27,completed,gift_card
OL00000508,ORD0000486,APT0000486,CLT00026,BIZ002,2026-01-21,Nails,Nail Art Add-On,PRV0004,19.86,1,0.0,2.98,22.84,completed,credit_card
OL00000509,ORD0000487,APT0000487,CLT00026,BIZ002,2026-02-06,Skin,LED Light Therapy,PRV0009,94.59,1,0.0,18.92,113.51,completed,debit_card
OL00000510,ORD0000488,APT0000488,CLT00026,BIZ002,2026-03-05,Hair,Root Touch-Up,PRV0017,87.09,1,0.0,13.06,100.15,completed,apple_pay
OL00000511,ORD0000489,APT0000489,CLT00027,BIZ004,2024-04-18,Hair,Blowout,PRV0013,46.97,1,0.0,7.05,54.02,completed,credit_card
OL00000512,ORD0000491,APT0000491,CLT00027,BIZ004,2024-07-09,Nails,Dip Powder Nails,PRV0011,64.71,1,1.51,11.38,74.58,completed,apple_pay
OL00000513,ORD0000492,APT0000492,CLT00027,BIZ004,2024-08-16,Hair,Color - Highlights,PRV0008,153.39,1,0.0,27.61,181.0,completed,apple_pay
OL00000514,ORD0000493,APT0000493,CLT00027,BIZ004,2024-10-03,Hair,Balayage,PRV0020,252.91,1,0.0,45.52,298.43,completed,apple_pay
OL00000515,ORD0000494,APT0000494,CLT00027,BIZ004,2024-11-19,Hair,Root Touch-Up,PRV0019,86.53,1,0.0,17.31,103.84,completed,debit_card
OL00000516,ORD0000495,APT0000495,CLT00027,BIZ004,2025-01-08,Nails,Pedicure,PRV0017,60.31,1,0.0,10.86,71.17,completed,google_pay
OL00000517,ORD0000496,APT0000496,CLT00027,BIZ004,2025-03-01,Nails,Manicure,PRV0015,38.96,1,0.54,7.68,46.1,completed,apple_pay
OL00000518,ORD0000497,APT0000497,CLT00027,BIZ004,2025-04-18,Hair,Blowout,PRV0014,53.57,1,0.0,10.71,64.28,completed,cash
OL00000519,ORD0000498,APT0000498,CLT00027,BIZ004,2025-06-01,Nails,Gel Manicure,PRV0005,52.1,1,0.0,10.42,62.52,completed,cash
OL00000520,ORD0000499,APT0000499,CLT00027,BIZ004,2025-07-18,Nails,Dip Powder Nails,PRV0007,60.27,1,0.0,10.85,71.12,completed,apple_pay
OL00000521,ORD0000500,APT0000500,CLT00027,BIZ004,2025-08-29,Hair,Color - Single Process,PRV0001,104.47,1,0.0,15.67,120.14,completed,debit_card
OL00000522,ORD0000501,APT0000501,CLT00027,BIZ004,2025-10-13,Hair,Color - Highlights,PRV0017,155.59,1,0.0,23.34,178.93,completed,debit_card
OL00000523,ORD0000502,APT0000502,CLT00027,BIZ004,2025-11-27,Hair,Color - Single Process,PRV0007,122.94,1,0.0,24.59,147.53,completed,gift_card
OL00000524,ORD0000503,APT0000503,CLT00027,BIZ004,2026-01-15,Nails,Pedicure,PRV0017,53.29,1,0.76,0.0,52.53,completed,google_pay
OL00000525,ORD0000504,APT0000504,CLT00027,BIZ004,2026-03-01,Hair,Keratin Treatment,PRV0015,250.19,1,16.17,46.8,280.82,completed,apple_pay
OL00000526,ORD0000505,APT0000505,CLT00028,BIZ008,2024-04-18,Hair,Balayage,PRV0006,246.54,1,0.0,44.38,290.92,completed,credit_card
OL00000527,ORD0000506,APT0000506,CLT00028,BIZ008,2024-05-23,Hair,Blowout,PRV0003,51.3,1,0.0,7.69,58.99,completed,debit_card
OL00000528,ORD0000506,APT0000506,CLT00028,BIZ008,2024-05-23,Nails,Nail Art Add-On,PRV0003,19.09,1,0.0,0.0,19.09,completed,credit_card
OL00000529,ORD0000507,APT0000507,CLT00028,BIZ008,2024-06-26,Nails,Dip Powder Nails,PRV0002,62.57,1,0.0,0.0,62.57,completed,gift_card
OL00000530,ORD0000509,APT0000509,CLT00028,BIZ008,2024-09-10,Hair,Color - Single Process,PRV0004,119.39,1,8.02,0.0,111.37,completed,apple_pay
OL00000531,ORD0000509,APT0000509,CLT00028,BIZ008,2024-09-10,Nails,Gel Manicure,PRV0004,48.39,1,0.0,0.0,48.39,completed,gift_card
OL00000532,ORD0000510,APT0000510,CLT00028,BIZ008,2024-10-22,Hair,Blowout,PRV0013,50.55,1,0.0,0.0,50.55,completed,google_pay
OL00000533,ORD0000511,APT0000511,CLT00028,BIZ008,2024-11-21,Hair,Color - Highlights,PRV0001,162.41,1,10.86,22.73,174.28,completed,credit_card
OL00000534,ORD0000512,APT0000512,CLT00028,BIZ008,2024-12-22,Hair,Balayage,PRV0011,232.47,1,0.0,46.49,278.96,completed,google_pay
OL00000535,ORD0000513,APT0000513,CLT00028,BIZ008,2025-01-25,Hair,Color - Single Process,PRV0013,99.33,1,0.0,14.9,114.23,completed,gift_card
OL00000536,ORD0000515,APT0000515,CLT00028,BIZ008,2025-04-06,Hair,Color - Highlights,PRV0011,174.71,1,0.0,26.21,200.92,completed,gift_card
OL00000537,ORD0000516,APT0000516,CLT00028,BIZ008,2025-05-16,Nails,Manicure,PRV0017,37.67,1,0.08,7.52,45.11,completed,credit_card
OL00000538,ORD0000516,APT0000516,CLT00028,BIZ008,2025-05-16,Waxing,Lip & Chin Wax,PRV0017,20.51,1,0.0,0.0,20.51,completed,credit_card
OL00000539,ORD0000517,APT0000517,CLT00028,BIZ008,2025-06-26,Hair,Color - Highlights,PRV0002,186.59,1,0.0,37.32,223.91,completed,gift_card
OL00000540,ORD0000518,APT0000518,CLT00028,BIZ008,2025-08-02,Hair,Color - Highlights,PRV0010,157.95,1,0.0,23.69,181.64,completed,debit_card
OL00000541,ORD0000519,APT0000519,CLT00028,BIZ008,2025-09-05,Hair,Root Touch-Up,PRV0017,80.4,1,0.0,0.0,80.4,completed,google_pay
OL00000542,ORD0000519,APT0000519,CLT00028,BIZ008,2025-09-05,Nails,Pedicure,PRV0017,52.54,1,0.0,7.88,60.42,completed,debit_card
OL00000543,ORD0000520,APT0000520,CLT00028,BIZ008,2025-10-07,Hair,Haircut & Style,PRV0017,65.43,1,0.0,0.0,65.43,completed,debit_card
OL00000544,ORD0000520,APT0000520,CLT00028,BIZ008,2025-10-07,Nails,Pedicure,PRV0017,55.58,1,0.0,10.0,65.58,completed,apple_pay
OL00000545,ORD0000521,APT0000521,CLT00028,BIZ008,2025-11-16,Nails,Pedicure,PRV0013,51.81,1,0.0,9.33,61.14,completed,gift_card
OL00000546,ORD0000522,APT0000522,CLT00028,BIZ008,2025-12-25,Hair,Root Touch-Up,PRV0003,89.15,1,6.48,12.4,95.07,completed,google_pay
OL00000547,ORD0000522,APT0000522,CLT00028,BIZ008,2025-12-25,Nails,Gel Manicure,PRV0003,49.38,1,0.0,9.88,59.26,completed,credit_card
OL00000548,ORD0000523,APT0000523,CLT00028,BIZ008,2026-02-04,Nails,Pedicure,PRV0001,59.54,1,0.0,8.93,68.47,completed,google_pay
OL00000549,ORD0000524,APT0000524,CLT00028,BIZ008,2026-03-15,Nails,Dip Powder Nails,PRV0014,74.63,1,6.96,0.0,67.67,completed,google_pay
OL00000550,ORD0000525,APT0000525,CLT00029,BIZ007,2024-04-14,Massage,Prenatal Massage,PRV0001,120.2,1,0.0,24.04,144.24,completed,google_pay
OL00000551,ORD0000526,APT0000526,CLT00029,BIZ007,2024-05-08,Nails,Nail Art Add-On,PRV0009,20.5,1,0.0,4.1,24.6,completed,cash
OL00000552,ORD0000527,APT0000527,CLT00029,BIZ007,2024-06-01,Massage,Prenatal Massage,PRV0019,121.39,1,0.0,18.21,139.6,completed,gift_card
OL00000553,ORD0000529,APT0000529,CLT00029,BIZ007,2024-07-10,Massage,Hot Stone Massage,PRV0005,143.03,1,0.0,0.0,143.03,completed,cash
OL00000554,ORD0000530,APT0000530,CLT00029,BIZ007,2024-08-03,Nails,Pedicure,PRV0014,58.12,1,0.0,11.62,69.74,completed,debit_card
OL00000555,ORD0000532,APT0000532,CLT00029,BIZ007,2024-09-21,Massage,Prenatal Massage,PRV0001,120.7,1,2.55,23.63,141.78,completed,google_pay
OL00000556,ORD0000533,APT0000533,CLT00029,BIZ007,2024-10-10,Massage,Prenatal Massage,PRV0012,126.48,1,0.0,25.3,151.78,completed,gift_card
OL00000557,ORD0000534,APT0000534,CLT00029,BIZ007,2024-11-06,Massage,Prenatal Massage,PRV0001,122.94,1,0.0,24.59,147.53,completed,debit_card
OL00000558,ORD0000535,APT0000535,CLT00029,BIZ007,2024-12-04,Nails,Nail Art Add-On,PRV0015,21.43,1,0.0,3.86,25.29,completed,gift_card
OL00000559,ORD0000536,APT0000536,CLT00029,BIZ007,2024-12-18,Nails,Manicure,PRV0012,39.98,1,0.0,7.2,47.18,completed,debit_card
OL00000560,ORD0000537,APT0000537,CLT00029,BIZ007,2025-01-08,Massage,Prenatal Massage,PRV0016,119.19,1,0.0,0.0,119.19,completed,debit_card
OL00000561,ORD0000538,APT0000538,CLT00029,BIZ007,2025-01-25,Nails,Pedicure,PRV0006,62.63,1,0.0,11.27,73.9,completed,debit_card
OL00000562,ORD0000539,APT0000539,CLT00029,BIZ007,2025-02-11,Nails,Pedicure,PRV0014,51.7,1,0.0,10.34,62.04,completed,apple_pay
OL00000563,ORD0000540,APT0000540,CLT00029,BIZ007,2025-03-08,Nails,Gel Manicure,PRV0018,46.13,1,0.0,9.23,55.36,completed,cash
OL00000564,ORD0000541,APT0000541,CLT00029,BIZ007,2025-03-28,Nails,Gel Manicure,PRV0008,48.24,1,0.0,0.0,48.24,completed,apple_pay
OL00000565,ORD0000542,APT0000542,CLT00029,BIZ007,2025-04-25,Nails,Manicure,PRV0019,34.22,1,0.0,0.0,34.22,completed,google_pay
OL00000566,ORD0000543,APT0000543,CLT00029,BIZ007,2025-05-15,Massage,Hot Stone Massage,PRV0004,126.32,1,0.0,18.95,145.27,completed,apple_pay
OL00000567,ORD0000544,APT0000544,CLT00029,BIZ007,2025-06-08,Nails,Dip Powder Nails,PRV0002,63.7,1,0.0,11.47,75.17,completed,apple_pay
OL00000568,ORD0000545,APT0000545,CLT00029,BIZ007,2025-06-22,Massage,Deep Tissue 60min,PRV0011,138.37,1,0.0,24.91,163.28,completed,debit_card
OL00000569,ORD0000546,APT0000546,CLT00029,BIZ007,2025-07-17,Nails,Pedicure,PRV0001,54.89,1,0.0,9.88,64.77,completed,apple_pay
OL00000570,ORD0000548,APT0000548,CLT00029,BIZ007,2025-08-30,Massage,Swedish Massage 60min,PRV0019,111.15,1,0.0,22.23,133.38,completed,debit_card
OL00000571,ORD0000549,APT0000549,CLT00029,BIZ007,2025-09-23,Nails,Pedicure,PRV0005,62.57,1,0.0,12.51,75.08,completed,credit_card
OL00000572,ORD0000550,APT0000550,CLT00029,BIZ007,2025-10-14,Nails,Gel Manicure,PRV0017,52.42,1,0.0,9.44,61.86,completed,google_pay
OL00000573,ORD0000551,APT0000551,CLT00029,BIZ007,2025-11-08,Nails,Manicure,PRV0013,38.31,1,0.0,6.9,45.21,completed,apple_pay
OL00000574,ORD0000553,APT0000553,CLT00029,BIZ007,2025-12-19,Massage,Hot Stone Massage,PRV0013,161.0,1,0.0,24.15,185.15,completed,debit_card
OL00000575,ORD0000555,APT0000555,CLT00029,BIZ007,2026-02-08,Massage,Swedish Massage 60min,PRV0004,122.71,1,0.0,0.0,122.71,completed,google_pay
OL00000576,ORD0000557,APT0000557,CLT00029,BIZ007,2026-04-03,Nails,Manicure,PRV0014,33.67,1,3.18,6.1,36.59,completed,apple_pay
OL00000577,ORD0000558,APT0000558,CLT00030,BIZ007,2024-04-08,Massage,Swedish Massage 60min,PRV0015,124.98,1,0.0,25.0,149.98,completed,debit_card
OL00000578,ORD0000559,APT0000559,CLT00030,BIZ007,2024-04-26,Skin,Chemical Peel,PRV0019,152.43,1,0.0,0.0,152.43,completed,google_pay
OL00000579,ORD0000559,APT0000559,CLT00030,BIZ007,2024-04-26,Nails,Nail Art Add-On,PRV0019,19.49,1,0.0,3.51,23.0,completed,credit_card
OL00000580,ORD0000560,APT0000560,CLT00030,BIZ007,2024-05-15,Skin,LED Light Therapy,PRV0011,79.61,1,0.0,11.94,91.55,completed,credit_card
OL00000581,ORD0000560,APT0000560,CLT00030,BIZ007,2024-05-15,Nails,Pedicure,PRV0011,54.33,1,0.0,0.0,54.33,completed,credit_card
OL00000582,ORD0000561,APT0000561,CLT00030,BIZ007,2024-06-07,Skin,LED Light Therapy,PRV0017,91.38,1,0.0,16.45,107.83,completed,cash
OL00000583,ORD0000561,APT0000561,CLT00030,BIZ007,2024-06-07,Nails,Manicure,PRV0017,33.85,1,0.0,6.77,40.62,completed,debit_card
OL00000584,ORD0000562,APT0000562,CLT00030,BIZ007,2024-06-24,Massage,Prenatal Massage,PRV0005,109.42,1,0.0,0.0,109.42,completed,gift_card
OL00000585,ORD0000563,APT0000563,CLT00030,BIZ007,2024-07-16,Massage,Deep Tissue 60min,PRV0015,137.45,1,0.0,20.62,158.07,completed,google_pay
OL00000586,ORD0000564,APT0000564,CLT00030,BIZ007,2024-08-08,Skin,Chemical Peel,PRV0011,153.51,1,3.68,0.0,149.83,completed,cash
OL00000587,ORD0000564,APT0000564,CLT00030,BIZ007,2024-08-08,Nails,Gel Manicure,PRV0011,50.27,1,0.0,10.05,60.32,completed,credit_card
OL00000588,ORD0000565,APT0000565,CLT00030,BIZ007,2024-08-24,Massage,Deep Tissue 60min,PRV0013,131.76,1,0.0,23.72,155.48,completed,gift_card
OL00000589,ORD0000566,APT0000566,CLT00030,BIZ007,2024-09-10,Massage,Deep Tissue 60min,PRV0020,142.65,1,0.0,28.53,171.18,completed,cash
OL00000590,ORD0000567,APT0000567,CLT00030,BIZ007,2024-10-07,Skin,Classic Facial,PRV0014,94.5,1,0.0,0.0,94.5,completed,gift_card
OL00000591,ORD0000567,APT0000567,CLT00030,BIZ007,2024-10-07,Nails,Nail Art Add-On,PRV0014,20.7,1,0.0,0.0,20.7,completed,apple_pay
OL00000592,ORD0000568,APT0000568,CLT00030,BIZ007,2024-11-03,Massage,Prenatal Massage,PRV0007,124.55,1,0.0,22.42,146.97,completed,credit_card
OL00000593,ORD0000569,APT0000569,CLT00030,BIZ007,2024-11-21,Massage,Swedish Massage 60min,PRV0012,99.14,1,0.0,0.0,99.14,completed,apple_pay
OL00000594,ORD0000569,APT0000569,CLT00030,BIZ007,2024-11-21,Nails,Dip Powder Nails,PRV0012,64.95,1,0.0,0.0,64.95,completed,cash
OL00000595,ORD0000570,APT0000570,CLT00030,BIZ007,2024-12-07,Skin,Microdermabrasion,PRV0008,129.85,1,0.0,19.48,149.33,completed,debit_card
OL00000596,ORD0000571,APT0000571,CLT00030,BIZ007,2024-12-24,Massage,Swedish Massage 60min,PRV0005,119.55,1,10.56,19.62,128.61,completed,credit_card
OL00000597,ORD0000571,APT0000571,CLT00030,BIZ007,2024-12-24,Nails,Manicure,PRV0005,33.72,1,0.0,6.74,40.46,completed,gift_card
OL00000598,ORD0000572,APT0000572,CLT00030,BIZ007,2025-01-07,Massage,Swedish Massage 60min,PRV0004,112.45,1,0.0,20.24,132.69,completed,debit_card
OL00000599,ORD0000572,APT0000572,CLT00030,BIZ007,2025-01-07,Nails,Dip Powder Nails,PRV0004,65.01,1,0.0,13.0,78.01,completed,debit_card
OL00000600,ORD0000573,APT0000573,CLT00030,BIZ007,2025-01-24,Skin,Classic Facial,PRV0008,101.61,1,0.0,25.4,127.01,completed,gift_card
OL00000601,ORD0000573,APT0000573,CLT00030,BIZ007,2025-01-24,Nails,Dip Powder Nails,PRV0008,63.63,1,0.0,12.73,76.36,completed,credit_card
OL00000602,ORD0000574,APT0000574,CLT00030,BIZ007,2025-02-07,Massage,Deep Tissue 60min,PRV0009,139.51,1,0.0,20.93,160.44,completed,google_pay
OL00000603,ORD0000574,APT0000574,CLT00030,BIZ007,2025-02-07,Nails,Manicure,PRV0009,35.7,1,0.0,5.36,41.06,completed,debit_card
OL00000604,ORD0000575,APT0000575,CLT00030,BIZ007,2025-03-06,Skin,Deep Cleansing Facial,PRV0005,108.53,1,9.38,14.87,114.02,completed,cash
OL00000605,ORD0000575,APT0000575,CLT00030,BIZ007,2025-03-06,Nails,Pedicure,PRV0005,53.47,1,0.0,10.69,64.16,completed,google_pay
OL00000606,ORD0000576,APT0000576,CLT00030,BIZ007,2025-03-30,Skin,LED Light Therapy,PRV0012,96.54,1,0.0,14.48,111.02,completed,credit_card
OL00000607,ORD0000576,APT0000576,CLT00030,BIZ007,2025-03-30,Nails,Manicure,PRV0012,33.43,1,0.0,6.02,39.45,completed,debit_card
OL00000608,ORD0000577,APT0000577,CLT00030,BIZ007,2025-04-14,Massage,Prenatal Massage,PRV0009,109.0,1,0.0,0.0,109.0,completed,credit_card
OL00000609,ORD0000578,APT0000578,CLT00030,BIZ007,2025-05-09,Skin,Chemical Peel,PRV0008,138.11,1,0.0,27.62,165.73,completed,debit_card
OL00000610,ORD0000579,APT0000579,CLT00030,BIZ007,2025-05-26,Skin,Classic Facial,PRV0015,87.28,1,0.0,13.09,100.37,completed,gift_card
OL00000611,ORD0000580,APT0000580,CLT00030,BIZ007,2025-06-17,Skin,LED Light Therapy,PRV0018,95.45,1,0.0,19.09,114.54,completed,cash
OL00000612,ORD0000581,APT0000581,CLT00030,BIZ007,2025-07-09,Massage,Prenatal Massage,PRV0016,113.4,1,0.0,22.68,136.08,completed,debit_card
OL00000613,ORD0000583,APT0000583,CLT00030,BIZ007,2025-08-20,Skin,Deep Cleansing Facial,PRV0013,116.14,1,1.86,17.14,131.42,completed,gift_card
OL00000614,ORD0000583,APT0000583,CLT00030,BIZ007,2025-08-20,Nails,Nail Art Add-On,PRV0013,19.91,1,0.0,3.58,23.49,completed,apple_pay
OL00000615,ORD0000584,APT0000584,CLT00030,BIZ007,2025-09-17,Skin,Chemical Peel,PRV0002,139.14,1,2.06,27.42,164.5,completed,debit_card
OL00000616,ORD0000584,APT0000584,CLT00030,BIZ007,2025-09-17,Nails,Manicure,PRV0002,35.5,1,0.0,5.33,40.83,completed,debit_card
OL00000617,ORD0000585,APT0000585,CLT00030,BIZ007,2025-10-09,Skin,Classic Facial,PRV0003,91.77,1,8.24,12.53,96.06,completed,credit_card
OL00000618,ORD0000586,APT0000586,CLT00030,BIZ007,2025-10-28,Skin,Chemical Peel,PRV0001,154.33,1,0.0,30.87,185.2,completed,cash
OL00000619,ORD0000586,APT0000586,CLT00030,BIZ007,2025-10-28,Nails,Dip Powder Nails,PRV0001,67.9,1,0.0,12.22,80.12,completed,gift_card
OL00000620,ORD0000587,APT0000587,CLT00030,BIZ007,2025-11-22,Skin,Microdermabrasion,PRV0005,124.53,1,0.0,18.68,143.21,completed,google_pay
OL00000621,ORD0000587,APT0000587,CLT00030,BIZ007,2025-11-22,Nails,Pedicure,PRV0005,54.78,1,0.0,8.22,63.0,completed,debit_card
OL00000622,ORD0000588,APT0000588,CLT00030,BIZ007,2025-12-13,Massage,Deep Tissue 60min,PRV0013,118.37,1,5.05,20.4,133.72,completed,gift_card
OL00000623,ORD0000589,APT0000589,CLT00030,BIZ007,2026-01-05,Skin,LED Light Therapy,PRV0013,76.94,1,0.0,15.39,92.33,completed,gift_card
OL00000624,ORD0000590,APT0000590,CLT00030,BIZ007,2026-01-21,Skin,Deep Cleansing Facial,PRV0001,124.27,1,0.0,24.85,149.12,completed,credit_card
OL00000625,ORD0000590,APT0000590,CLT00030,BIZ007,2026-01-21,Nails,Dip Powder Nails,PRV0001,66.69,1,0.0,13.34,80.03,completed,debit_card
OL00000626,ORD0000591,APT0000591,CLT00030,BIZ007,2026-02-11,Massage,Hot Stone Massage,PRV0018,126.74,1,6.9,0.0,119.84,completed,google_pay
OL00000627,ORD0000591,APT0000591,CLT00030,BIZ007,2026-02-11,Nails,Pedicure,PRV0018,52.38,1,0.0,10.48,62.86,completed,google_pay
OL00000628,ORD0000592,APT0000592,CLT00030,BIZ007,2026-03-05,Skin,Chemical Peel,PRV0016,166.42,1,0.0,41.6,208.02,completed,apple_pay
OL00000629,ORD0000592,APT0000592,CLT00030,BIZ007,2026-03-05,Nails,Nail Art Add-On,PRV0016,19.67,1,0.0,3.54,23.21,completed,credit_card
OL00000630,ORD0000593,APT0000593,CLT00030,BIZ007,2026-03-29,Skin,LED Light Therapy,PRV0014,95.48,1,0.0,17.19,112.67,completed,apple_pay
OL00000631,ORD0000593,APT0000593,CLT00030,BIZ007,2026-03-29,Nails,Manicure,PRV0014,34.2,1,0.0,6.84,41.04,completed,gift_card
OL00000632,ORD0000594,APT0000594,CLT00031,BIZ007,2024-06-06,Hair,Root Touch-Up,PRV0016,78.9,1,0.0,14.2,93.1,completed,debit_card
OL00000633,ORD0000594,APT0000594,CLT00031,BIZ007,2024-06-06,Nails,Pedicure,PRV0016,53.25,1,0.0,10.65,63.9,completed,apple_pay
OL00000634,ORD0000595,APT0000595,CLT00031,BIZ007,2024-07-29,Nails,Dip Powder Nails,PRV0005,64.73,1,0.0,11.65,76.38,completed,google_pay
OL00000635,ORD0000597,APT0000597,CLT00031,BIZ007,2024-11-25,Hair,Color - Single Process,PRV0005,100.64,1,0.0,20.13,120.77,completed,debit_card
OL00000636,ORD0000597,APT0000597,CLT00031,BIZ007,2024-11-25,Nails,Pedicure,PRV0005,56.84,1,0.0,11.37,68.21,completed,debit_card
OL00000637,ORD0000598,APT0000598,CLT00031,BIZ007,2025-01-29,Hair,Root Touch-Up,PRV0013,91.29,1,0.0,0.0,91.29,completed,credit_card
OL00000638,ORD0000599,APT0000599,CLT00031,BIZ007,2025-04-03,Hair,Blowout,PRV0012,45.99,1,2.62,8.67,52.04,completed,debit_card
OL00000639,ORD0000600,APT0000600,CLT00031,BIZ007,2025-06-09,Nails,Pedicure,PRV0014,55.6,1,0.0,0.0,55.6,completed,credit_card
OL00000640,ORD0000600,APT0000600,CLT00031,BIZ007,2025-06-09,Waxing,Brow Wax & Shape,PRV0014,25.26,1,0.0,3.79,29.05,completed,cash
OL00000641,ORD0000601,APT0000601,CLT00031,BIZ007,2025-08-13,Hair,Haircut & Style,PRV0019,63.47,1,0.0,12.69,76.16,completed,apple_pay
OL00000642,ORD0000602,APT0000602,CLT00031,BIZ007,2025-10-09,Nails,Pedicure,PRV0013,60.81,1,0.0,10.95,71.76,completed,credit_card
OL00000643,ORD0000603,APT0000603,CLT00031,BIZ007,2025-12-15,Nails,Dip Powder Nails,PRV0002,69.01,1,0.75,0.0,68.26,completed,cash
OL00000644,ORD0000604,APT0000604,CLT00031,BIZ007,2026-02-11,Nails,Manicure,PRV0007,31.6,1,0.0,0.0,31.6,completed,debit_card
OL00000645,ORD0000605,APT0000605,CLT00032,BIZ009,2024-05-04,Skin,Classic Facial,PRV0011,102.74,1,0.0,18.49,121.23,completed,credit_card
OL00000646,ORD0000605,APT0000605,CLT00032,BIZ009,2024-05-04,Nails,Nail Art Add-On,PRV0011,19.2,1,0.0,2.88,22.08,completed,credit_card
OL00000647,ORD0000606,APT0000606,CLT00032,BIZ009,2024-06-16,Skin,Microdermabrasion,PRV0005,119.56,1,0.0,29.89,149.45,completed,debit_card
OL00000648,ORD0000607,APT0000607,CLT00032,BIZ009,2024-07-24,Hair,Root Touch-Up,PRV0015,83.7,1,0.0,16.74,100.44,completed,google_pay
OL00000649,ORD0000607,APT0000607,CLT00032,BIZ009,2024-07-24,Nails,Dip Powder Nails,PRV0015,63.3,1,0.0,0.0,63.3,completed,debit_card
OL00000650,ORD0000608,APT0000608,CLT00032,BIZ009,2024-08-31,Skin,Classic Facial,PRV0016,96.3,1,2.85,0.0,93.45,completed,cash
OL00000651,ORD0000608,APT0000608,CLT00032,BIZ009,2024-08-31,Nails,Manicure,PRV0016,33.5,1,0.0,6.7,40.2,completed,apple_pay
OL00000652,ORD0000609,APT0000609,CLT00032,BIZ009,2024-10-15,Skin,Chemical Peel,PRV0019,131.94,1,0.0,19.79,151.73,completed,cash
OL00000653,ORD0000610,APT0000610,CLT00032,BIZ009,2024-12-04,Hair,Blowout,PRV0003,51.32,1,0.0,10.26,61.58,completed,gift_card
OL00000654,ORD0000610,APT0000610,CLT00032,BIZ009,2024-12-04,Nails,Manicure,PRV0003,35.84,1,0.0,5.38,41.22,completed,gift_card
OL00000655,ORD0000611,APT0000611,CLT00032,BIZ009,2025-01-20,Hair,Color - Single Process,PRV0003,109.68,1,0.0,0.0,109.68,completed,google_pay
OL00000656,ORD0000613,APT0000613,CLT00032,BIZ009,2025-04-15,Skin,Classic Facial,PRV0016,92.11,1,1.43,16.32,107.0,completed,gift_card
OL00000657,ORD0000613,APT0000613,CLT00032,BIZ009,2025-04-15,Nails,Nail Art Add-On,PRV0016,19.06,1,0.0,3.81,22.87,completed,credit_card
OL00000658,ORD0000614,APT0000614,CLT00032,BIZ009,2025-06-01,Skin,Microdermabrasion,PRV0014,125.19,1,1.77,18.51,141.93,completed,credit_card
OL00000659,ORD0000614,APT0000614,CLT00032,BIZ009,2025-06-01,Nails,Dip Powder Nails,PRV0014,67.41,1,0.0,10.11,77.52,completed,gift_card
OL00000660,ORD0000615,APT0000615,CLT00032,BIZ009,2025-07-10,Skin,Deep Cleansing Facial,PRV0010,113.96,1,0.0,20.51,134.47,completed,cash
OL00000661,ORD0000616,APT0000616,CLT00032,BIZ009,2025-08-21,Hair,Balayage,PRV0001,241.07,1,0.0,0.0,241.07,completed,gift_card
OL00000662,ORD0000617,APT0000617,CLT00032,BIZ009,2025-10-01,Hair,Color - Highlights,PRV0005,187.02,1,0.0,28.05,215.07,completed,gift_card
OL00000663,ORD0000618,APT0000618,CLT00032,BIZ009,2025-11-08,Hair,Blowout,PRV0002,54.32,1,3.78,10.11,60.65,completed,cash
OL00000664,ORD0000618,APT0000618,CLT00032,BIZ009,2025-11-08,Nails,Gel Manicure,PRV0002,48.55,1,0.0,7.28,55.83,completed,gift_card
OL00000665,ORD0000619,APT0000619,CLT00033,BIZ003,2024-05-25,Nails,Dip Powder Nails,PRV0012,65.42,1,0.0,9.81,75.23,completed,debit_card
OL00000666,ORD0000620,APT0000620,CLT00033,BIZ003,2024-07-25,Nails,Dip Powder Nails,PRV0013,72.23,1,0.0,10.83,83.06,completed,apple_pay
OL00000667,ORD0000621,APT0000621,CLT00033,BIZ003,2024-09-20,Nails,Manicure,PRV0004,38.06,1,0.0,6.85,44.91,completed,gift_card
OL00000668,ORD0000622,APT0000622,CLT00033,BIZ003,2024-11-26,Nails,Nail Art Add-On,PRV0007,21.88,1,0.0,0.0,21.88,completed,google_pay
OL00000669,ORD0000623,APT0000623,CLT00033,BIZ003,2025-01-22,Nails,Gel Manicure,PRV0001,54.78,1,0.0,8.22,63.0,completed,gift_card
OL00000670,ORD0000624,APT0000624,CLT00033,BIZ003,2025-03-16,Nails,Gel Manicure,PRV0001,45.41,1,3.59,8.36,50.18,completed,cash
OL00000671,ORD0000625,APT0000625,CLT00033,BIZ003,2025-05-13,Nails,Gel Manicure,PRV0018,47.41,1,0.0,9.48,56.89,completed,cash
OL00000672,ORD0000626,APT0000626,CLT00033,BIZ003,2025-07-18,Nails,Pedicure,PRV0011,51.68,1,0.0,9.3,60.98,completed,debit_card
OL00000673,ORD0000627,APT0000627,CLT00033,BIZ003,2025-09-14,Nails,Nail Art Add-On,PRV0011,18.47,1,0.02,3.69,22.14,completed,debit_card
OL00000674,ORD0000628,APT0000628,CLT00033,BIZ003,2025-11-06,Nails,Nail Art Add-On,PRV0001,22.92,1,0.0,4.58,27.5,completed,debit_card
OL00000675,ORD0000630,APT0000630,CLT00034,BIZ007,2024-04-23,Skin,Chemical Peel,PRV0007,134.15,1,0.0,20.12,154.27,completed,google_pay
OL00000676,ORD0000631,APT0000631,CLT00034,BIZ007,2024-06-01,Hair,Color - Single Process,PRV0006,107.22,1,0.0,19.3,126.52,completed,gift_card
OL00000677,ORD0000632,APT0000632,CLT00034,BIZ007,2024-07-10,Hair,Haircut & Style,PRV0006,70.55,1,0.0,0.0,70.55,completed,credit_card
OL00000678,ORD0000633,APT0000633,CLT00034,BIZ007,2024-08-26,Hair,Keratin Treatment,PRV0007,270.02,1,0.0,48.6,318.62,completed,debit_card
OL00000679,ORD0000634,APT0000634,CLT00034,BIZ007,2024-10-17,Skin,Chemical Peel,PRV0015,146.31,1,0.0,29.26,175.57,completed,apple_pay
OL00000680,ORD0000635,APT0000635,CLT00034,BIZ007,2024-12-01,Hair,Color - Single Process,PRV0004,120.81,1,0.0,0.0,120.81,completed,debit_card
OL00000681,ORD0000636,APT0000636,CLT00034,BIZ007,2025-01-09,Skin,Microdermabrasion,PRV0020,136.74,1,0.0,24.61,161.35,completed,apple_pay
OL00000682,ORD0000637,APT0000637,CLT00034,BIZ007,2025-02-17,Hair,Blowout,PRV0019,48.67,1,0.0,8.76,57.43,completed,cash
OL00000683,ORD0000639,APT0000639,CLT00034,BIZ007,2025-05-26,Hair,Color - Single Process,PRV0001,117.93,1,0.0,17.69,135.62,completed,cash
OL00000684,ORD0000640,APT0000640,CLT00034,BIZ007,2025-07-13,Skin,Deep Cleansing Facial,PRV0017,111.09,1,0.0,20.0,131.09,completed,gift_card
OL00000685,ORD0000641,APT0000641,CLT00034,BIZ007,2025-08-20,Hair,Keratin Treatment,PRV0011,261.05,1,0.0,46.99,308.04,completed,apple_pay
OL00000686,ORD0000642,APT0000642,CLT00034,BIZ007,2025-10-07,Skin,Classic Facial,PRV0008,86.01,1,6.74,14.27,93.54,completed,credit_card
OL00000687,ORD0000643,APT0000643,CLT00034,BIZ007,2025-11-16,Skin,Chemical Peel,PRV0011,133.02,1,10.68,22.02,144.36,completed,apple_pay
OL00000688,ORD0000644,APT0000644,CLT00034,BIZ007,2026-01-07,Skin,Chemical Peel,PRV0020,144.76,1,0.0,26.06,170.82,completed,gift_card
OL00000689,ORD0000645,APT0000645,CLT00034,BIZ007,2026-02-15,Hair,Root Touch-Up,PRV0002,79.45,1,0.0,15.89,95.34,completed,gift_card
OL00000690,ORD0000646,APT0000646,CLT00035,BIZ009,2024-04-11,Skin,Chemical Peel,PRV0003,142.44,1,0.0,28.49,170.93,completed,apple_pay
OL00000691,ORD0000647,APT0000647,CLT00035,BIZ009,2024-05-23,Skin,LED Light Therapy,PRV0015,87.59,1,0.0,15.77,103.36,completed,google_pay
OL00000692,ORD0000648,APT0000648,CLT00035,BIZ009,2024-06-20,Nails,Dip Powder Nails,PRV0012,72.08,1,0.0,12.97,85.05,completed,debit_card
OL00000693,ORD0000650,APT0000650,CLT00035,BIZ009,2024-09-06,Skin,Chemical Peel,PRV0010,154.25,1,0.0,0.0,154.25,completed,debit_card
OL00000694,ORD0000650,APT0000650,CLT00035,BIZ009,2024-09-06,Nails,Gel Manicure,PRV0010,49.43,1,0.0,9.89,59.32,completed,cash
OL00000695,ORD0000651,APT0000651,CLT00035,BIZ009,2024-10-17,Skin,Microdermabrasion,PRV0019,121.79,1,0.0,21.92,143.71,completed,debit_card
OL00000696,ORD0000651,APT0000651,CLT00035,BIZ009,2024-10-17,Nails,Dip Powder Nails,PRV0019,62.97,1,0.0,0.0,62.97,completed,google_pay
OL00000697,ORD0000652,APT0000652,CLT00035,BIZ009,2024-11-19,Nails,Gel Manicure,PRV0014,46.88,1,0.0,8.44,55.32,completed,credit_card
OL00000698,ORD0000654,APT0000654,CLT00035,BIZ009,2025-02-09,Nails,Pedicure,PRV0004,58.39,1,0.0,8.76,67.15,completed,credit_card
OL00000699,ORD0000656,APT0000656,CLT00035,BIZ009,2025-04-20,Skin,Deep Cleansing Facial,PRV0007,131.57,1,0.0,19.74,151.31,completed,cash
OL00000700,ORD0000656,APT0000656,CLT00035,BIZ009,2025-04-20,Nails,Manicure,PRV0007,33.58,1,0.0,6.72,40.3,completed,gift_card
OL00000701,ORD0000657,APT0000657,CLT00035,BIZ009,2025-05-19,Nails,Pedicure,PRV0011,51.45,1,2.44,7.35,56.36,completed,debit_card
OL00000702,ORD0000658,APT0000658,CLT00035,BIZ009,2025-06-18,Skin,Deep Cleansing Facial,PRV0016,108.03,1,0.0,19.45,127.48,completed,credit_card
OL00000703,ORD0000659,APT0000659,CLT00035,BIZ009,2025-07-19,Nails,Pedicure,PRV0004,60.55,1,0.0,10.9,71.45,completed,apple_pay
OL00000704,ORD0000661,APT0000661,CLT00036,BIZ001,2024-04-21,Hair,Root Touch-Up,PRV0001,88.77,1,0.0,13.32,102.09,completed,debit_card
OL00000705,ORD0000662,APT0000662,CLT00036,BIZ001,2024-05-29,Skin,Deep Cleansing Facial,PRV0018,137.62,1,0.0,0.0,137.62,completed,gift_card
OL00000706,ORD0000663,APT0000663,CLT00036,BIZ001,2024-07-16,Hair,Color - Highlights,PRV0007,172.41,1,0.0,34.48,206.89,completed,credit_card
OL00000707,ORD0000664,APT0000664,CLT00036,BIZ001,2024-09-03,Hair,Root Touch-Up,PRV0004,87.1,1,0.0,15.68,102.78,completed,debit_card
OL00000708,ORD0000665,APT0000665,CLT00036,BIZ001,2024-10-19,Hair,Keratin Treatment,PRV0003,248.57,1,7.03,43.48,285.02,completed,credit_card
OL00000709,ORD0000667,APT0000667,CLT00036,BIZ001,2025-01-17,Hair,Color - Highlights,PRV0003,154.38,1,0.0,23.16,177.54,completed,credit_card
OL00000710,ORD0000669,APT0000669,CLT00036,BIZ001,2025-04-11,Hair,Color - Highlights,PRV0019,176.69,1,2.4,31.37,205.66,completed,apple_pay
OL00000711,ORD0000670,APT0000670,CLT00036,BIZ001,2025-05-28,Hair,Haircut & Style,PRV0013,60.06,1,0.0,10.81,70.87,completed,cash
OL00000712,ORD0000671,APT0000671,CLT00036,BIZ001,2025-07-18,Hair,Blowout,PRV0001,45.33,1,0.0,0.0,45.33,completed,debit_card
OL00000713,ORD0000672,APT0000672,CLT00036,BIZ001,2025-09-08,Hair,Root Touch-Up,PRV0002,79.18,1,0.0,14.25,93.43,completed,cash
OL00000714,ORD0000674,APT0000674,CLT00036,BIZ001,2025-12-19,Hair,Keratin Treatment,PRV0019,298.33,1,6.12,0.0,292.21,completed,gift_card
OL00000715,ORD0000675,APT0000675,CLT00036,BIZ001,2026-02-05,Hair,Color - Single Process,PRV0010,121.15,1,0.0,18.17,139.32,completed,credit_card
OL00000716,ORD0000676,APT0000676,CLT00036,BIZ001,2026-03-27,Skin,Deep Cleansing Facial,PRV0007,122.21,1,0.0,18.33,140.54,completed,credit_card
OL00000717,ORD0000677,APT0000677,CLT00037,BIZ001,2024-04-30,Hair,Color - Single Process,PRV0017,104.51,1,0.0,15.68,120.19,completed,credit_card
OL00000718,ORD0000678,APT0000678,CLT00037,BIZ001,2024-06-06,Hair,Color - Highlights,PRV0014,154.61,1,0.0,0.0,154.61,completed,google_pay
OL00000719,ORD0000680,APT0000680,CLT00037,BIZ001,2024-08-24,Hair,Haircut & Style,PRV0012,64.85,1,4.25,9.09,69.69,completed,gift_card
OL00000720,ORD0000681,APT0000681,CLT00037,BIZ001,2024-09-28,Hair,Blowout,PRV0013,56.45,1,0.0,8.47,64.92,completed,google_pay
OL00000721,ORD0000682,APT0000682,CLT00037,BIZ001,2024-11-05,Waxing,Brazilian Wax,PRV0019,71.99,1,0.21,12.92,84.7,completed,debit_card
OL00000722,ORD0000683,APT0000683,CLT00037,BIZ001,2024-12-12,Waxing,Brow Wax & Shape,PRV0008,28.12,1,2.51,5.12,30.73,completed,google_pay
OL00000723,ORD0000684,APT0000684,CLT00037,BIZ001,2025-01-22,Waxing,Brow Wax & Shape,PRV0012,26.45,1,0.46,0.0,25.99,completed,google_pay
OL00000724,ORD0000685,APT0000685,CLT00037,BIZ001,2025-02-23,Hair,Color - Single Process,PRV0009,111.03,1,0.0,16.65,127.68,completed,debit_card
OL00000725,ORD0000686,APT0000686,CLT00037,BIZ001,2025-03-31,Hair,Root Touch-Up,PRV0004,77.21,1,0.04,15.43,92.6,completed,cash
OL00000726,ORD0000687,APT0000687,CLT00037,BIZ001,2025-05-11,Waxing,Brazilian Wax,PRV0007,67.77,1,0.0,10.17,77.94,completed,cash
OL00000727,ORD0000688,APT0000688,CLT00037,BIZ001,2025-06-21,Waxing,Brow Wax & Shape,PRV0005,24.36,1,0.56,4.28,28.08,completed,apple_pay
OL00000728,ORD0000689,APT0000689,CLT00037,BIZ001,2025-07-22,Waxing,Full Leg Wax,PRV0012,83.86,1,2.42,14.66,96.1,completed,debit_card
OL00000729,ORD0000690,APT0000690,CLT00037,BIZ001,2025-09-01,Hair,Blowout,PRV0009,45.4,1,0.0,6.81,52.21,completed,credit_card
OL00000730,ORD0000691,APT0000691,CLT00037,BIZ001,2025-10-01,Waxing,Full Leg Wax,PRV0016,82.61,1,0.0,14.87,97.48,completed,credit_card
OL00000731,ORD0000692,APT0000692,CLT00037,BIZ001,2025-11-05,Hair,Haircut & Style,PRV0018,73.88,1,0.0,0.0,73.88,completed,credit_card
OL00000732,ORD0000693,APT0000693,CLT00037,BIZ001,2025-12-09,Hair,Keratin Treatment,PRV0008,311.52,1,24.36,0.0,287.16,completed,cash
OL00000733,ORD0000694,APT0000694,CLT00037,BIZ001,2026-01-10,Hair,Balayage,PRV0013,236.25,1,0.0,35.44,271.69,completed,debit_card
OL00000734,ORD0000695,APT0000695,CLT00037,BIZ001,2026-02-08,Waxing,Lip & Chin Wax,PRV0007,20.18,1,0.47,3.55,23.26,completed,debit_card
OL00000735,ORD0000696,APT0000696,CLT00037,BIZ001,2026-03-22,Hair,Balayage,PRV0001,242.69,1,3.08,0.0,239.61,completed,credit_card
OL00000736,ORD0000697,APT0000697,CLT00038,BIZ007,2024-05-01,Massage,Deep Tissue 60min,PRV0008,140.41,1,0.0,25.27,165.68,completed,credit_card
OL00000737,ORD0000698,APT0000698,CLT00038,BIZ007,2024-06-05,Hair,Color - Highlights,PRV0009,156.9,1,15.31,21.24,162.83,completed,gift_card
OL00000738,ORD0000699,APT0000699,CLT00038,BIZ007,2024-07-06,Hair,Haircut & Style,PRV0008,69.06,1,0.0,0.0,69.06,completed,google_pay
OL00000739,ORD0000700,APT0000700,CLT00038,BIZ007,2024-08-11,Hair,Color - Highlights,PRV0009,164.34,1,6.29,23.71,181.76,completed,debit_card
OL00000740,ORD0000701,APT0000701,CLT00038,BIZ007,2024-09-12,Hair,Blowout,PRV0002,54.54,1,0.0,10.91,65.45,completed,apple_pay
OL00000741,ORD0000702,APT0000702,CLT00038,BIZ007,2024-10-11,Massage,Deep Tissue 60min,PRV0014,137.73,1,0.0,34.43,172.16,completed,gift_card
OL00000742,ORD0000703,APT0000703,CLT00038,BIZ007,2024-11-09,Massage,Prenatal Massage,PRV0006,111.85,1,0.0,16.78,128.63,completed,credit_card
OL00000743,ORD0000705,APT0000705,CLT00038,BIZ007,2025-01-15,Hair,Keratin Treatment,PRV0004,286.58,1,0.0,42.99,329.57,completed,debit_card
OL00000744,ORD0000707,APT0000707,CLT00038,BIZ007,2025-03-29,Massage,Swedish Massage 60min,PRV0003,103.94,1,0.0,15.59,119.53,completed,google_pay
OL00000745,ORD0000708,APT0000708,CLT00038,BIZ007,2025-05-02,Hair,Color - Single Process,PRV0008,117.0,1,5.93,16.66,127.73,completed,apple_pay
OL00000746,ORD0000709,APT0000709,CLT00038,BIZ007,2025-06-08,Hair,Keratin Treatment,PRV0001,284.66,1,6.68,0.0,277.98,completed,cash
OL00000747,ORD0000710,APT0000710,CLT00038,BIZ007,2025-07-08,Massage,Swedish Massage 60min,PRV0014,116.65,1,0.0,0.0,116.65,completed,apple_pay
OL00000748,ORD0000711,APT0000711,CLT00038,BIZ007,2025-08-09,Massage,Hot Stone Massage,PRV0010,127.09,1,0.0,19.06,146.15,completed,debit_card
OL00000749,ORD0000712,APT0000712,CLT00038,BIZ007,2025-09-09,Hair,Haircut & Style,PRV0007,72.0,1,5.23,10.02,76.79,completed,gift_card
OL00000750,ORD0000713,APT0000713,CLT00038,BIZ007,2025-10-21,Hair,Haircut & Style,PRV0018,72.27,1,0.0,0.0,72.27,completed,google_pay
OL00000751,ORD0000714,APT0000714,CLT00038,BIZ007,2025-11-28,Massage,Hot Stone Massage,PRV0011,153.97,1,0.0,23.1,177.07,completed,apple_pay
OL00000752,ORD0000715,APT0000715,CLT00038,BIZ007,2026-01-04,Hair,Balayage,PRV0003,228.83,1,8.29,39.7,260.24,completed,debit_card
OL00000753,ORD0000716,APT0000716,CLT00038,BIZ007,2026-02-06,Massage,Prenatal Massage,PRV0014,117.31,1,0.0,23.46,140.77,completed,apple_pay
OL00000754,ORD0000718,APT0000718,CLT00039,BIZ010,2024-04-28,Nails,Manicure,PRV0012,35.02,1,0.0,6.3,41.32,completed,credit_card
OL00000755,ORD0000719,APT0000719,CLT00039,BIZ010,2024-05-26,Hair,Root Touch-Up,PRV0002,92.2,1,0.0,13.83,106.03,completed,google_pay
OL00000756,ORD0000720,APT0000720,CLT00039,BIZ010,2024-06-29,Hair,Balayage,PRV0006,248.4,1,0.0,0.0,248.4,completed,credit_card
OL00000757,ORD0000721,APT0000721,CLT00039,BIZ010,2024-08-09,Hair,Balayage,PRV0017,213.36,1,0.0,32.0,245.36,completed,google_pay
OL00000758,ORD0000722,APT0000722,CLT00039,BIZ010,2024-09-06,Hair,Haircut & Style,PRV0010,64.74,1,0.0,16.18,80.92,completed,credit_card
OL00000759,ORD0000723,APT0000723,CLT00039,BIZ010,2024-10-17,Nails,Dip Powder Nails,PRV0004,63.13,1,1.73,9.21,70.61,completed,debit_card
OL00000760,ORD0000724,APT0000724,CLT00039,BIZ010,2024-11-16,Hair,Color - Highlights,PRV0005,157.03,1,0.0,31.41,188.44,completed,credit_card
OL00000761,ORD0000725,APT0000725,CLT00039,BIZ010,2024-12-15,Nails,Nail Art Add-On,PRV0012,19.41,1,0.0,2.91,22.32,completed,google_pay
OL00000762,ORD0000726,APT0000726,CLT00039,BIZ010,2025-01-23,Nails,Dip Powder Nails,PRV0014,62.77,1,0.0,15.69,78.46,completed,gift_card
OL00000763,ORD0000727,APT0000727,CLT00039,BIZ010,2025-02-27,Nails,Gel Manicure,PRV0011,51.34,1,0.0,9.24,60.58,completed,cash
OL00000764,ORD0000728,APT0000728,CLT00039,BIZ010,2025-04-10,Nails,Gel Manicure,PRV0007,53.26,1,0.0,0.0,53.26,completed,gift_card
OL00000765,ORD0000729,APT0000729,CLT00039,BIZ010,2025-05-19,Nails,Pedicure,PRV0009,51.58,1,0.0,9.28,60.86,completed,apple_pay
OL00000766,ORD0000730,APT0000730,CLT00039,BIZ010,2025-06-24,Nails,Pedicure,PRV0001,50.42,1,0.0,7.56,57.98,completed,debit_card
OL00000767,ORD0000731,APT0000731,CLT00039,BIZ010,2025-08-03,Nails,Dip Powder Nails,PRV0012,67.12,1,0.0,13.42,80.54,completed,debit_card
OL00000768,ORD0000732,APT0000732,CLT00039,BIZ010,2025-09-04,Hair,Balayage,PRV0018,214.25,1,0.0,53.56,267.81,completed,apple_pay
OL00000769,ORD0000733,APT0000733,CLT00039,BIZ010,2025-10-08,Hair,Blowout,PRV0015,53.26,1,0.0,7.99,61.25,completed,debit_card
OL00000770,ORD0000734,APT0000734,CLT00039,BIZ010,2025-11-06,Hair,Root Touch-Up,PRV0001,82.19,1,0.0,16.44,98.63,completed,google_pay
OL00000771,ORD0000735,APT0000735,CLT00039,BIZ010,2025-12-06,Nails,Nail Art Add-On,PRV0013,20.13,1,0.0,0.0,20.13,completed,google_pay
OL00000772,ORD0000736,APT0000736,CLT00039,BIZ010,2026-01-03,Nails,Gel Manicure,PRV0008,55.95,1,0.0,11.19,67.14,completed,credit_card
OL00000773,ORD0000737,APT0000737,CLT00039,BIZ010,2026-02-07,Hair,Color - Single Process,PRV0003,124.09,1,0.0,22.34,146.43,completed,gift_card
OL00000774,ORD0000738,APT0000738,CLT00039,BIZ010,2026-03-21,Nails,Nail Art Add-On,PRV0008,22.01,1,0.0,3.3,25.31,completed,debit_card
OL00000775,ORD0000739,APT0000739,CLT00040,BIZ007,2024-05-07,Skin,Classic Facial,PRV0009,104.81,1,0.0,15.72,120.53,completed,gift_card
OL00000776,ORD0000741,APT0000741,CLT00040,BIZ007,2024-07-24,Hair,Haircut & Style,PRV0011,66.83,1,1.83,9.75,74.75,completed,apple_pay
OL00000777,ORD0000742,APT0000742,CLT00040,BIZ007,2024-09-07,Skin,Microdermabrasion,PRV0016,146.5,1,0.0,21.97,168.47,completed,credit_card
OL00000778,ORD0000743,APT0000743,CLT00040,BIZ007,2024-10-27,Skin,Microdermabrasion,PRV0008,148.69,1,0.0,22.3,170.99,completed,apple_pay
OL00000779,ORD0000744,APT0000744,CLT00040,BIZ007,2024-12-10,Skin,LED Light Therapy,PRV0004,80.1,1,0.0,14.42,94.52,completed,debit_card
OL00000780,ORD0000745,APT0000745,CLT00040,BIZ007,2025-01-25,Hair,Color - Single Process,PRV0002,105.93,1,0.0,15.89,121.82,completed,debit_card
OL00000781,ORD0000746,APT0000746,CLT00040,BIZ007,2025-03-05,Hair,Color - Highlights,PRV0007,181.28,1,0.0,27.19,208.47,completed,gift_card
OL00000782,ORD0000747,APT0000747,CLT00040,BIZ007,2025-04-20,Hair,Color - Highlights,PRV0004,177.34,1,0.0,35.47,212.81,completed,debit_card
OL00000783,ORD0000748,APT0000748,CLT00040,BIZ007,2025-06-09,Hair,Color - Single Process,PRV0014,103.69,1,0.0,18.66,122.35,completed,gift_card
OL00000784,ORD0000750,APT0000750,CLT00040,BIZ007,2025-09-06,Skin,LED Light Therapy,PRV0020,87.54,1,0.0,15.76,103.3,completed,apple_pay
OL00000785,ORD0000751,APT0000751,CLT00040,BIZ007,2025-10-14,Hair,Color - Single Process,PRV0014,103.13,1,10.08,13.96,107.01,completed,debit_card
OL00000786,ORD0000753,APT0000753,CLT00040,BIZ007,2026-01-01,Hair,Color - Highlights,PRV0007,160.22,1,0.0,24.03,184.25,completed,gift_card
OL00000787,ORD0000754,APT0000754,CLT00040,BIZ007,2026-02-19,Skin,Chemical Peel,PRV0003,136.03,1,0.0,20.4,156.43,completed,apple_pay
OL00000788,ORD0000755,APT0000755,CLT00040,BIZ007,2026-04-06,Hair,Color - Single Process,PRV0019,115.63,1,0.0,20.81,136.44,completed,cash
OL00000789,ORD0000756,APT0000756,CLT00041,BIZ008,2024-04-20,Nails,Dip Powder Nails,PRV0017,67.12,1,0.0,13.42,80.54,completed,debit_card
OL00000790,ORD0000757,APT0000757,CLT00041,BIZ008,2024-05-05,Nails,Pedicure,PRV0004,61.87,1,0.0,0.0,61.87,completed,apple_pay
OL00000791,ORD0000758,APT0000758,CLT00041,BIZ008,2024-05-31,Nails,Gel Manicure,PRV0013,47.24,1,0.0,0.0,47.24,completed,google_pay
OL00000792,ORD0000759,APT0000759,CLT00041,BIZ008,2024-06-22,Nails,Nail Art Add-On,PRV0012,20.51,1,0.56,3.59,23.54,completed,gift_card
OL00000793,ORD0000761,APT0000761,CLT00041,BIZ008,2024-07-29,Nails,Dip Powder Nails,PRV0002,58.97,1,0.0,0.0,58.97,completed,gift_card
OL00000794,ORD0000763,APT0000763,CLT00041,BIZ008,2024-09-12,Nails,Pedicure,PRV0006,59.43,1,0.0,0.0,59.43,completed,gift_card
OL00000795,ORD0000764,APT0000764,CLT00041,BIZ008,2024-10-02,Nails,Dip Powder Nails,PRV0017,70.35,1,3.12,10.08,77.31,completed,debit_card
OL00000796,ORD0000765,APT0000765,CLT00041,BIZ008,2024-10-23,Nails,Pedicure,PRV0009,54.32,1,0.0,9.78,64.1,completed,gift_card
OL00000797,ORD0000766,APT0000766,CLT00041,BIZ008,2024-11-18,Skin,LED Light Therapy,PRV0003,83.25,1,0.0,0.0,83.25,completed,debit_card
OL00000798,ORD0000767,APT0000767,CLT00041,BIZ008,2024-12-10,Skin,Deep Cleansing Facial,PRV0007,117.31,1,0.0,17.6,134.91,completed,apple_pay
OL00000799,ORD0000768,APT0000768,CLT00041,BIZ008,2024-12-26,Skin,LED Light Therapy,PRV0007,97.31,1,0.0,14.6,111.91,completed,credit_card
OL00000800,ORD0000769,APT0000769,CLT00041,BIZ008,2025-01-09,Nails,Gel Manicure,PRV0006,56.87,1,0.0,0.0,56.87,completed,cash
OL00000801,ORD0000770,APT0000770,CLT00041,BIZ008,2025-02-06,Skin,Microdermabrasion,PRV0011,134.93,1,0.0,20.24,155.17,completed,cash
OL00000802,ORD0000771,APT0000771,CLT00041,BIZ008,2025-02-21,Skin,Chemical Peel,PRV0016,147.44,1,0.0,26.54,173.98,completed,gift_card
OL00000803,ORD0000772,APT0000772,CLT00041,BIZ008,2025-03-12,Skin,Chemical Peel,PRV0014,142.63,1,0.0,0.0,142.63,completed,apple_pay
OL00000804,ORD0000773,APT0000773,CLT00041,BIZ008,2025-03-26,Nails,Pedicure,PRV0020,57.66,1,0.0,10.38,68.04,completed,google_pay
OL00000805,ORD0000774,APT0000774,CLT00041,BIZ008,2025-04-22,Skin,Chemical Peel,PRV0010,165.69,1,0.0,33.14,198.83,completed,cash
OL00000806,ORD0000775,APT0000775,CLT00041,BIZ008,2025-05-13,Skin,Microdermabrasion,PRV0019,122.33,1,3.68,21.36,140.01,completed,gift_card
OL00000807,ORD0000776,APT0000776,CLT00041,BIZ008,2025-05-29,Skin,LED Light Therapy,PRV0003,93.35,1,3.23,13.52,103.64,completed,google_pay
OL00000808,ORD0000777,APT0000777,CLT00041,BIZ008,2025-06-14,Skin,Deep Cleansing Facial,PRV0006,133.73,1,0.0,24.07,157.8,completed,debit_card
OL00000809,ORD0000778,APT0000778,CLT00041,BIZ008,2025-06-30,Nails,Manicure,PRV0007,37.35,1,0.0,6.72,44.07,completed,credit_card
OL00000810,ORD0000779,APT0000779,CLT00041,BIZ008,2025-07-23,Nails,Pedicure,PRV0010,57.71,1,0.0,8.66,66.37,completed,gift_card
OL00000811,ORD0000780,APT0000780,CLT00041,BIZ008,2025-08-18,Skin,Deep Cleansing Facial,PRV0012,123.04,1,7.37,17.35,133.02,completed,credit_card
OL00000812,ORD0000781,APT0000781,CLT00041,BIZ008,2025-09-15,Skin,Deep Cleansing Facial,PRV0003,119.52,1,1.8,17.66,135.38,completed,gift_card
OL00000813,ORD0000782,APT0000782,CLT00041,BIZ008,2025-09-30,Nails,Manicure,PRV0013,38.8,1,0.0,0.0,38.8,completed,gift_card
OL00000814,ORD0000783,APT0000783,CLT00041,BIZ008,2025-10-17,Skin,Microdermabrasion,PRV0019,129.48,1,0.0,23.31,152.79,completed,gift_card
OL00000815,ORD0000784,APT0000784,CLT00041,BIZ008,2025-11-03,Nails,Dip Powder Nails,PRV0020,66.66,1,0.0,12.0,78.66,completed,cash
OL00000816,ORD0000785,APT0000785,CLT00041,BIZ008,2025-11-29,Nails,Manicure,PRV0003,31.56,1,0.0,5.68,37.24,completed,apple_pay
OL00000817,ORD0000786,APT0000786,CLT00041,BIZ008,2025-12-13,Skin,LED Light Therapy,PRV0002,82.49,1,4.04,11.77,90.22,completed,cash
OL00000818,ORD0000787,APT0000787,CLT00041,BIZ008,2025-12-29,Nails,Gel Manicure,PRV0006,49.46,1,1.61,8.61,56.46,completed,cash
OL00000819,ORD0000788,APT0000788,CLT00041,BIZ008,2026-01-15,Skin,Chemical Peel,PRV0006,149.89,1,2.17,26.59,174.31,completed,apple_pay
OL00000820,ORD0000789,APT0000789,CLT00041,BIZ008,2026-02-05,Nails,Dip Powder Nails,PRV0002,63.81,1,3.89,10.79,70.71,completed,credit_card
OL00000821,ORD0000790,APT0000790,CLT00041,BIZ008,2026-03-05,Nails,Nail Art Add-On,PRV0013,18.92,1,0.0,3.41,22.33,completed,gift_card
OL00000822,ORD0000791,APT0000791,CLT00041,BIZ008,2026-03-29,Skin,Microdermabrasion,PRV0010,133.71,1,0.0,20.06,153.77,completed,credit_card
OL00000823,ORD0000794,APT0000794,CLT00042,BIZ006,2024-06-27,Massage,Prenatal Massage,PRV0016,99.35,1,0.0,14.9,114.25,completed,google_pay
OL00000824,ORD0000794,APT0000794,CLT00042,BIZ006,2024-06-27,Nails,Dip Powder Nails,PRV0016,63.12,1,0.0,9.47,72.59,completed,gift_card
OL00000825,ORD0000795,APT0000795,CLT00042,BIZ006,2024-08-03,Massage,Hot Stone Massage,PRV0016,160.47,1,12.0,26.72,175.19,completed,apple_pay
OL00000826,ORD0000795,APT0000795,CLT00042,BIZ006,2024-08-03,Nails,Gel Manicure,PRV0016,49.76,1,0.0,9.95,59.71,completed,credit_card
OL00000827,ORD0000796,APT0000796,CLT00042,BIZ006,2024-08-31,Massage,Deep Tissue 60min,PRV0010,135.75,1,0.0,20.36,156.11,completed,cash
OL00000828,ORD0000796,APT0000796,CLT00042,BIZ006,2024-08-31,Nails,Nail Art Add-On,PRV0010,20.9,1,0.0,0.0,20.9,completed,credit_card
OL00000829,ORD0000797,APT0000797,CLT00042,BIZ006,2024-10-08,Massage,Deep Tissue 60min,PRV0006,129.69,1,0.0,19.45,149.14,completed,cash
OL00000830,ORD0000797,APT0000797,CLT00042,BIZ006,2024-10-08,Nails,Gel Manicure,PRV0006,50.65,1,0.0,9.12,59.77,completed,cash
OL00000831,ORD0000798,APT0000798,CLT00042,BIZ006,2024-11-13,Massage,Deep Tissue 60min,PRV0015,141.37,1,4.08,24.71,162.0,completed,apple_pay
OL00000832,ORD0000799,APT0000799,CLT00042,BIZ006,2024-12-15,Massage,Swedish Massage 60min,PRV0007,116.02,1,7.19,27.21,136.04,completed,cash
OL00000833,ORD0000800,APT0000800,CLT00042,BIZ006,2025-01-14,Massage,Swedish Massage 60min,PRV0003,99.62,1,0.0,19.92,119.54,completed,google_pay
OL00000834,ORD0000801,APT0000801,CLT00042,BIZ006,2025-02-23,Massage,Deep Tissue 60min,PRV0016,122.59,1,0.0,24.52,147.11,completed,debit_card
OL00000835,ORD0000802,APT0000802,CLT00042,BIZ006,2025-04-03,Massage,Deep Tissue 60min,PRV0015,132.54,1,0.0,26.51,159.05,completed,debit_card
OL00000836,ORD0000802,APT0000802,CLT00042,BIZ006,2025-04-03,Nails,Manicure,PRV0015,33.27,1,0.0,0.0,33.27,completed,gift_card
OL00000837,ORD0000803,APT0000803,CLT00042,BIZ006,2025-05-12,Massage,Prenatal Massage,PRV0018,118.68,1,0.0,29.67,148.35,completed,gift_card
OL00000838,ORD0000803,APT0000803,CLT00042,BIZ006,2025-05-12,Nails,Dip Powder Nails,PRV0018,67.13,1,0.0,0.0,67.13,completed,apple_pay
OL00000839,ORD0000804,APT0000804,CLT00042,BIZ006,2025-06-13,Massage,Swedish Massage 60min,PRV0014,101.85,1,0.0,20.37,122.22,completed,cash
OL00000840,ORD0000805,APT0000805,CLT00042,BIZ006,2025-07-17,Massage,Deep Tissue 60min,PRV0016,120.77,1,0.0,21.74,142.51,completed,google_pay
OL00000841,ORD0000806,APT0000806,CLT00042,BIZ006,2025-08-28,Massage,Deep Tissue 60min,PRV0015,130.26,1,0.0,26.05,156.31,completed,debit_card
OL00000842,ORD0000807,APT0000807,CLT00042,BIZ006,2025-10-07,Massage,Deep Tissue 60min,PRV0006,132.31,1,0.0,19.85,152.16,completed,apple_pay
OL00000843,ORD0000807,APT0000807,CLT00042,BIZ006,2025-10-07,Nails,Pedicure,PRV0006,53.06,1,0.0,9.55,62.61,completed,google_pay
OL00000844,ORD0000809,APT0000809,CLT00042,BIZ006,2025-12-12,Massage,Prenatal Massage,PRV0019,107.64,1,0.0,21.53,129.17,completed,google_pay
OL00000845,ORD0000810,APT0000810,CLT00042,BIZ006,2026-01-18,Massage,Deep Tissue 60min,PRV0008,118.95,1,7.24,20.11,131.82,completed,credit_card
OL00000846,ORD0000811,APT0000811,CLT00042,BIZ006,2026-02-20,Massage,Prenatal Massage,PRV0007,117.27,1,0.0,0.0,117.27,completed,apple_pay
OL00000847,ORD0000812,APT0000812,CLT00043,BIZ005,2024-05-09,Skin,Deep Cleansing Facial,PRV0020,124.56,1,2.37,24.44,146.63,completed,credit_card
OL00000848,ORD0000813,APT0000813,CLT00043,BIZ005,2024-06-19,Skin,LED Light Therapy,PRV0015,87.91,1,0.0,13.19,101.1,completed,gift_card
OL00000849,ORD0000813,APT0000813,CLT00043,BIZ005,2024-06-19,Nails,Dip Powder Nails,PRV0015,62.51,1,0.0,0.0,62.51,completed,google_pay
OL00000850,ORD0000814,APT0000814,CLT00043,BIZ005,2024-07-30,Skin,Classic Facial,PRV0019,99.32,1,0.0,0.0,99.32,completed,google_pay
OL00000851,ORD0000815,APT0000815,CLT00043,BIZ005,2024-09-14,Skin,LED Light Therapy,PRV0009,89.28,1,0.0,0.0,89.28,completed,cash
OL00000852,ORD0000816,APT0000816,CLT00043,BIZ005,2024-10-31,Waxing,Brazilian Wax,PRV0018,63.52,1,0.0,15.88,79.4,completed,debit_card
OL00000853,ORD0000817,APT0000817,CLT00043,BIZ005,2024-12-15,Waxing,Lip & Chin Wax,PRV0004,19.71,1,0.0,3.94,23.65,completed,debit_card
OL00000854,ORD0000818,APT0000818,CLT00043,BIZ005,2025-01-22,Skin,Deep Cleansing Facial,PRV0004,135.83,1,0.0,24.45,160.28,completed,apple_pay
OL00000855,ORD0000818,APT0000818,CLT00043,BIZ005,2025-01-22,Nails,Dip Powder Nails,PRV0004,66.86,1,0.0,10.03,76.89,completed,cash
OL00000856,ORD0000819,APT0000819,CLT00043,BIZ005,2025-03-13,Skin,Chemical Peel,PRV0009,164.32,1,0.0,32.86,197.18,completed,apple_pay
OL00000857,ORD0000819,APT0000819,CLT00043,BIZ005,2025-03-13,Nails,Gel Manicure,PRV0009,49.17,1,0.0,8.85,58.02,completed,gift_card
OL00000858,ORD0000820,APT0000820,CLT00043,BIZ005,2025-04-21,Waxing,Lip & Chin Wax,PRV0013,22.84,1,0.0,4.57,27.41,completed,google_pay
OL00000859,ORD0000821,APT0000821,CLT00043,BIZ005,2025-06-11,Skin,Deep Cleansing Facial,PRV0001,120.82,1,0.0,21.75,142.57,completed,gift_card
OL00000860,ORD0000821,APT0000821,CLT00043,BIZ005,2025-06-11,Nails,Pedicure,PRV0001,55.65,1,0.0,11.13,66.78,completed,apple_pay
OL00000861,ORD0000822,APT0000822,CLT00043,BIZ005,2025-07-27,Skin,Classic Facial,PRV0002,101.84,1,0.0,18.33,120.17,completed,apple_pay
OL00000862,ORD0000823,APT0000823,CLT00043,BIZ005,2025-09-14,Waxing,Brow Wax & Shape,PRV0015,23.19,1,1.74,3.22,24.67,completed,gift_card
OL00000863,ORD0000824,APT0000824,CLT00043,BIZ005,2025-11-04,Skin,Deep Cleansing Facial,PRV0015,117.84,1,0.0,21.21,139.05,completed,cash
OL00000864,ORD0000825,APT0000825,CLT00043,BIZ005,2025-12-20,Waxing,Brow Wax & Shape,PRV0015,23.65,1,0.0,4.26,27.91,completed,apple_pay
OL00000865,ORD0000825,APT0000825,CLT00043,BIZ005,2025-12-20,Nails,Gel Manicure,PRV0015,48.78,1,0.0,0.0,48.78,completed,debit_card
OL00000866,ORD0000826,APT0000826,CLT00043,BIZ005,2026-02-04,Skin,Microdermabrasion,PRV0017,117.53,1,0.0,0.0,117.53,completed,cash
OL00000867,ORD0000827,APT0000827,CLT00043,BIZ005,2026-03-18,Waxing,Lip & Chin Wax,PRV0019,22.87,1,0.0,4.12,26.99,completed,cash
OL00000868,ORD0000828,APT0000828,CLT00044,BIZ002,2024-04-14,Hair,Haircut & Style,PRV0001,62.16,1,0.0,9.32,71.48,completed,debit_card
OL00000869,ORD0000829,APT0000829,CLT00044,BIZ002,2024-05-09,Hair,Keratin Treatment,PRV0019,260.48,1,8.04,0.0,252.44,completed,cash
OL00000870,ORD0000830,APT0000830,CLT00044,BIZ002,2024-06-03,Waxing,Full Leg Wax,PRV0008,71.28,1,7.06,9.63,73.85,completed,debit_card
OL00000871,ORD0000831,APT0000831,CLT00044,BIZ002,2024-06-29,Waxing,Full Leg Wax,PRV0001,83.77,1,0.0,12.57,96.34,completed,credit_card
OL00000872,ORD0000832,APT0000832,CLT00044,BIZ002,2024-07-21,Hair,Color - Single Process,PRV0006,124.12,1,0.0,0.0,124.12,completed,debit_card
OL00000873,ORD0000832,APT0000832,CLT00044,BIZ002,2024-07-21,Nails,Dip Powder Nails,PRV0006,66.56,1,0.0,11.98,78.54,completed,gift_card
OL00000874,ORD0000833,APT0000833,CLT00044,BIZ002,2024-08-11,Hair,Blowout,PRV0016,51.36,1,0.0,0.0,51.36,completed,google_pay
OL00000875,ORD0000834,APT0000834,CLT00044,BIZ002,2024-08-30,Hair,Root Touch-Up,PRV0014,81.37,1,0.0,14.65,96.02,completed,google_pay
OL00000876,ORD0000835,APT0000835,CLT00044,BIZ002,2024-09-22,Waxing,Brazilian Wax,PRV0008,67.67,1,1.05,11.99,78.61,completed,credit_card
OL00000877,ORD0000835,APT0000835,CLT00044,BIZ002,2024-09-22,Nails,Pedicure,PRV0008,57.01,1,0.0,10.26,67.27,completed,apple_pay
OL00000878,ORD0000836,APT0000836,CLT00044,BIZ002,2024-10-16,Hair,Root Touch-Up,PRV0006,95.18,1,1.55,16.85,110.48,completed,apple_pay
OL00000879,ORD0000837,APT0000837,CLT00044,BIZ002,2024-11-01,Hair,Root Touch-Up,PRV0001,77.23,1,0.0,15.45,92.68,completed,credit_card
OL00000880,ORD0000838,APT0000838,CLT00044,BIZ002,2024-11-16,Waxing,Full Leg Wax,PRV0014,69.61,1,0.0,17.4,87.01,completed,cash
OL00000881,ORD0000839,APT0000839,CLT00044,BIZ002,2024-12-05,Waxing,Brazilian Wax,PRV0011,64.44,1,0.0,11.6,76.04,completed,google_pay
OL00000882,ORD0000840,APT0000840,CLT00044,BIZ002,2024-12-29,Waxing,Full Leg Wax,PRV0003,80.95,1,0.0,14.57,95.52,completed,debit_card
OL00000883,ORD0000840,APT0000840,CLT00044,BIZ002,2024-12-29,Nails,Pedicure,PRV0003,56.27,1,0.0,10.13,66.4,completed,apple_pay
OL00000884,ORD0000841,APT0000841,CLT00044,BIZ002,2025-01-14,Hair,Balayage,PRV0011,218.61,1,16.1,40.5,243.01,completed,gift_card
OL00000885,ORD0000843,APT0000843,CLT00044,BIZ002,2025-03-08,Waxing,Lip & Chin Wax,PRV0007,20.03,1,0.0,3.61,23.64,completed,apple_pay
OL00000886,ORD0000844,APT0000844,CLT00044,BIZ002,2025-04-05,Waxing,Brazilian Wax,PRV0006,64.04,1,0.0,12.81,76.85,completed,google_pay
OL00000887,ORD0000845,APT0000845,CLT00044,BIZ002,2025-04-26,Hair,Root Touch-Up,PRV0001,79.18,1,0.0,14.25,93.43,completed,credit_card
OL00000888,ORD0000845,APT0000845,CLT00044,BIZ002,2025-04-26,Nails,Gel Manicure,PRV0001,48.13,1,0.0,8.66,56.79,completed,apple_pay
OL00000889,ORD0000846,APT0000846,CLT00044,BIZ002,2025-05-17,Hair,Blowout,PRV0013,47.44,1,0.0,7.12,54.56,completed,credit_card
OL00000890,ORD0000846,APT0000846,CLT00044,BIZ002,2025-05-17,Nails,Gel Manicure,PRV0013,50.13,1,0.0,7.52,57.65,completed,cash
OL00000891,ORD0000847,APT0000847,CLT00044,BIZ002,2025-06-04,Waxing,Brazilian Wax,PRV0012,60.13,1,3.81,10.14,66.46,completed,gift_card
OL00000892,ORD0000847,APT0000847,CLT00044,BIZ002,2025-06-04,Nails,Nail Art Add-On,PRV0012,19.85,1,0.0,2.98,22.83,completed,apple_pay
OL00000893,ORD0000848,APT0000848,CLT00044,BIZ002,2025-07-01,Waxing,Lip & Chin Wax,PRV0015,18.68,1,0.0,0.0,18.68,completed,apple_pay
OL00000894,ORD0000849,APT0000849,CLT00044,BIZ002,2025-07-21,Hair,Color - Single Process,PRV0014,102.95,1,0.0,20.59,123.54,completed,debit_card
OL00000895,ORD0000849,APT0000849,CLT00044,BIZ002,2025-07-21,Nails,Pedicure,PRV0014,55.8,1,0.0,11.16,66.96,completed,cash
OL00000896,ORD0000850,APT0000850,CLT00044,BIZ002,2025-08-14,Waxing,Full Leg Wax,PRV0013,81.11,1,0.0,14.6,95.71,completed,debit_card
OL00000897,ORD0000851,APT0000851,CLT00044,BIZ002,2025-09-09,Hair,Root Touch-Up,PRV0017,92.9,1,0.0,13.94,106.84,completed,google_pay
OL00000898,ORD0000851,APT0000851,CLT00044,BIZ002,2025-09-09,Nails,Manicure,PRV0017,35.14,1,0.0,7.03,42.17,completed,debit_card
OL00000899,ORD0000852,APT0000852,CLT00044,BIZ002,2025-09-24,Waxing,Brazilian Wax,PRV0009,68.69,1,0.0,0.0,68.69,completed,gift_card
OL00000900,ORD0000853,APT0000853,CLT00044,BIZ002,2025-10-20,Hair,Root Touch-Up,PRV0008,94.28,1,0.0,14.14,108.42,completed,gift_card
OL00000901,ORD0000853,APT0000853,CLT00044,BIZ002,2025-10-20,Nails,Gel Manicure,PRV0008,51.71,1,0.0,9.31,61.02,completed,apple_pay
OL00000902,ORD0000854,APT0000854,CLT00044,BIZ002,2025-11-06,Hair,Blowout,PRV0001,53.91,1,0.0,9.7,63.61,completed,debit_card
OL00000903,ORD0000855,APT0000855,CLT00044,BIZ002,2025-11-30,Hair,Haircut & Style,PRV0020,72.64,1,0.0,0.0,72.64,completed,credit_card
OL00000904,ORD0000856,APT0000856,CLT00044,BIZ002,2025-12-23,Waxing,Brow Wax & Shape,PRV0013,24.67,1,0.0,4.93,29.6,completed,cash
OL00000905,ORD0000857,APT0000857,CLT00044,BIZ002,2026-01-13,Waxing,Lip & Chin Wax,PRV0007,18.9,1,0.0,2.83,21.73,completed,apple_pay
OL00000906,ORD0000858,APT0000858,CLT00044,BIZ002,2026-02-10,Waxing,Lip & Chin Wax,PRV0008,20.23,1,0.93,4.83,24.13,completed,apple_pay
OL00000907,ORD0000859,APT0000859,CLT00044,BIZ002,2026-03-05,Waxing,Full Leg Wax,PRV0012,83.34,1,0.0,12.5,95.84,completed,cash
OL00000908,ORD0000860,APT0000860,CLT00044,BIZ002,2026-03-20,Waxing,Brazilian Wax,PRV0011,66.58,1,2.55,9.6,73.63,completed,gift_card
OL00000909,ORD0000861,APT0000861,CLT00045,BIZ005,2024-05-19,Skin,LED Light Therapy,PRV0003,91.62,1,0.0,16.49,108.11,completed,apple_pay
OL00000910,ORD0000862,APT0000862,CLT00045,BIZ005,2024-06-20,Skin,Chemical Peel,PRV0010,151.17,1,15.11,20.41,156.47,completed,credit_card
OL00000911,ORD0000863,APT0000863,CLT00045,BIZ005,2024-07-27,Skin,LED Light Therapy,PRV0008,81.71,1,0.0,14.71,96.42,completed,debit_card
OL00000912,ORD0000864,APT0000864,CLT00045,BIZ005,2024-08-27,Skin,Classic Facial,PRV0015,98.71,1,0.0,0.0,98.71,completed,debit_card
OL00000913,ORD0000865,APT0000865,CLT00045,BIZ005,2024-09-25,Skin,LED Light Therapy,PRV0009,84.37,1,0.0,16.87,101.24,completed,apple_pay
OL00000914,ORD0000866,APT0000866,CLT00045,BIZ005,2024-10-23,Skin,Classic Facial,PRV0004,102.32,1,0.0,0.0,102.32,completed,cash
OL00000915,ORD0000867,APT0000867,CLT00045,BIZ005,2024-11-25,Skin,Chemical Peel,PRV0015,151.32,1,9.36,25.55,167.51,completed,google_pay
OL00000916,ORD0000870,APT0000870,CLT00045,BIZ005,2025-03-05,Skin,Deep Cleansing Facial,PRV0008,131.95,1,0.0,19.79,151.74,completed,cash
OL00000917,ORD0000871,APT0000871,CLT00045,BIZ005,2025-04-07,Skin,Classic Facial,PRV0003,87.01,1,0.0,0.0,87.01,completed,debit_card
OL00000918,ORD0000872,APT0000872,CLT00045,BIZ005,2025-05-19,Skin,LED Light Therapy,PRV0016,83.55,1,3.37,14.43,94.61,completed,gift_card
OL00000919,ORD0000873,APT0000873,CLT00045,BIZ005,2025-06-23,Skin,Microdermabrasion,PRV0004,128.54,1,0.0,25.71,154.25,completed,google_pay
OL00000920,ORD0000874,APT0000874,CLT00045,BIZ005,2025-08-02,Skin,Deep Cleansing Facial,PRV0011,130.55,1,0.0,0.0,130.55,completed,cash
OL00000921,ORD0000876,APT0000876,CLT00046,BIZ005,2024-04-19,Waxing,Full Leg Wax,PRV0018,82.64,1,0.0,12.4,95.04,completed,apple_pay
OL00000922,ORD0000877,APT0000877,CLT00046,BIZ005,2024-05-10,Waxing,Full Leg Wax,PRV0020,85.08,1,0.0,15.31,100.39,completed,google_pay
OL00000923,ORD0000878,APT0000878,CLT00046,BIZ005,2024-06-07,Massage,Swedish Massage 60min,PRV0005,125.41,1,0.0,25.08,150.49,completed,credit_card
OL00000924,ORD0000879,APT0000879,CLT00046,BIZ005,2024-06-23,Massage,Swedish Massage 60min,PRV0017,117.25,1,0.0,21.11,138.36,completed,cash
OL00000925,ORD0000880,APT0000880,CLT00046,BIZ005,2024-07-16,Massage,Deep Tissue 60min,PRV0014,126.1,1,0.3,0.0,125.8,completed,cash
OL00000926,ORD0000881,APT0000881,CLT00046,BIZ005,2024-08-04,Massage,Prenatal Massage,PRV0017,104.17,1,9.29,17.08,111.96,completed,cash
OL00000927,ORD0000882,APT0000882,CLT00046,BIZ005,2024-08-27,Waxing,Brazilian Wax,PRV0013,64.22,1,0.0,12.84,77.06,completed,gift_card
OL00000928,ORD0000883,APT0000883,CLT00046,BIZ005,2024-09-12,Massage,Deep Tissue 60min,PRV0004,142.19,1,0.0,25.59,167.78,completed,credit_card
OL00000929,ORD0000884,APT0000884,CLT00046,BIZ005,2024-10-10,Waxing,Lip & Chin Wax,PRV0013,22.5,1,0.65,4.37,26.22,completed,gift_card
OL00000930,ORD0000885,APT0000885,CLT00046,BIZ005,2024-11-03,Massage,Deep Tissue 60min,PRV0002,116.93,1,0.0,21.05,137.98,completed,google_pay
OL00000931,ORD0000886,APT0000886,CLT00046,BIZ005,2024-11-30,Massage,Deep Tissue 60min,PRV0001,138.24,1,0.0,27.65,165.89,completed,debit_card
OL00000932,ORD0000887,APT0000887,CLT00046,BIZ005,2024-12-15,Massage,Hot Stone Massage,PRV0015,149.2,1,0.0,26.86,176.06,completed,credit_card
OL00000933,ORD0000889,APT0000889,CLT00046,BIZ005,2025-01-20,Massage,Hot Stone Massage,PRV0007,145.42,1,0.0,0.0,145.42,completed,credit_card
OL00000934,ORD0000890,APT0000890,CLT00046,BIZ005,2025-02-11,Massage,Prenatal Massage,PRV0003,105.65,1,0.0,15.85,121.5,completed,debit_card
OL00000935,ORD0000891,APT0000891,CLT00046,BIZ005,2025-02-27,Massage,Swedish Massage 60min,PRV0011,114.64,1,0.0,17.2,131.84,completed,apple_pay
OL00000936,ORD0000892,APT0000892,CLT00046,BIZ005,2025-03-20,Waxing,Brazilian Wax,PRV0013,73.89,1,0.0,11.08,84.97,completed,gift_card
OL00000937,ORD0000893,APT0000893,CLT00046,BIZ005,2025-04-12,Waxing,Brazilian Wax,PRV0008,67.09,1,0.0,0.0,67.09,completed,apple_pay
OL00000938,ORD0000894,APT0000894,CLT00046,BIZ005,2025-05-06,Waxing,Brow Wax & Shape,PRV0020,27.03,1,0.0,0.0,27.03,completed,credit_card
OL00000939,ORD0000895,APT0000895,CLT00046,BIZ005,2025-05-23,Waxing,Brow Wax & Shape,PRV0008,26.02,1,1.69,4.87,29.2,completed,cash
OL00000940,ORD0000896,APT0000896,CLT00046,BIZ005,2025-06-08,Massage,Hot Stone Massage,PRV0020,138.08,1,0.0,24.85,162.93,completed,debit_card
OL00000941,ORD0000897,APT0000897,CLT00046,BIZ005,2025-06-23,Massage,Hot Stone Massage,PRV0009,138.88,1,11.19,0.0,127.69,completed,google_pay
OL00000942,ORD0000898,APT0000898,CLT00046,BIZ005,2025-07-20,Massage,Deep Tissue 60min,PRV0013,140.11,1,0.0,25.22,165.33,completed,google_pay
OL00000943,ORD0000899,APT0000899,CLT00046,BIZ005,2025-08-08,Massage,Hot Stone Massage,PRV0008,150.94,1,0.0,30.19,181.13,completed,gift_card
OL00000944,ORD0000900,APT0000900,CLT00046,BIZ005,2025-08-31,Massage,Prenatal Massage,PRV0010,109.8,1,0.0,19.76,129.56,completed,google_pay
OL00000945,ORD0000903,APT0000903,CLT00046,BIZ005,2025-11-16,Massage,Deep Tissue 60min,PRV0016,131.57,1,0.0,23.68,155.25,completed,gift_card
OL00000946,ORD0000904,APT0000904,CLT00046,BIZ005,2025-11-30,Waxing,Brow Wax & Shape,PRV0011,24.46,1,0.0,3.67,28.13,completed,debit_card
OL00000947,ORD0000905,APT0000905,CLT00046,BIZ005,2025-12-18,Waxing,Brazilian Wax,PRV0016,69.93,1,0.0,0.0,69.93,completed,cash
OL00000948,ORD0000907,APT0000907,CLT00047,BIZ006,2024-05-03,Skin,Microdermabrasion,PRV0015,135.59,1,0.0,0.0,135.59,completed,google_pay
OL00000949,ORD0000908,APT0000908,CLT00047,BIZ006,2024-06-14,Skin,Chemical Peel,PRV0005,141.38,1,0.0,0.0,141.38,completed,gift_card
OL00000950,ORD0000909,APT0000909,CLT00047,BIZ006,2024-07-14,Skin,Chemical Peel,PRV0020,131.08,1,0.0,19.66,150.74,completed,debit_card
OL00000951,ORD0000910,APT0000910,CLT00047,BIZ006,2024-08-11,Skin,Chemical Peel,PRV0016,163.34,1,3.9,23.92,183.36,completed,google_pay
OL00000952,ORD0000913,APT0000913,CLT00047,BIZ006,2024-11-23,Skin,Microdermabrasion,PRV0011,147.64,1,0.0,26.58,174.22,completed,google_pay
OL00000953,ORD0000915,APT0000915,CLT00047,BIZ006,2025-02-03,Skin,Deep Cleansing Facial,PRV0012,112.62,1,0.0,22.52,135.14,completed,credit_card
OL00000954,ORD0000916,APT0000916,CLT00047,BIZ006,2025-03-13,Skin,Classic Facial,PRV0005,100.37,1,0.0,18.07,118.44,completed,apple_pay
OL00000955,ORD0000917,APT0000917,CLT00047,BIZ006,2025-04-11,Skin,LED Light Therapy,PRV0006,91.76,1,3.97,15.8,103.59,completed,debit_card
OL00000956,ORD0000918,APT0000918,CLT00047,BIZ006,2025-05-12,Skin,Classic Facial,PRV0007,99.88,1,2.88,17.46,114.46,completed,credit_card
OL00000957,ORD0000919,APT0000919,CLT00047,BIZ006,2025-06-23,Skin,Deep Cleansing Facial,PRV0005,125.26,1,1.55,24.74,148.45,completed,debit_card
OL00000958,ORD0000920,APT0000920,CLT00047,BIZ006,2025-08-03,Skin,Chemical Peel,PRV0020,148.87,1,0.0,22.33,171.2,completed,apple_pay
OL00000959,ORD0000922,APT0000922,CLT00047,BIZ006,2025-10-13,Skin,Chemical Peel,PRV0015,165.92,1,0.0,24.89,190.81,completed,apple_pay
OL00000960,ORD0000923,APT0000923,CLT00047,BIZ006,2025-11-21,Skin,LED Light Therapy,PRV0016,87.12,1,0.0,13.07,100.19,completed,gift_card
OL00000961,ORD0000924,APT0000924,CLT00047,BIZ006,2025-12-26,Skin,Deep Cleansing Facial,PRV0015,117.73,1,0.0,23.55,141.28,completed,google_pay
OL00000962,ORD0000925,APT0000925,CLT00047,BIZ006,2026-02-02,Skin,Microdermabrasion,PRV0001,142.62,1,0.0,28.52,171.14,completed,debit_card
OL00000963,ORD0000927,APT0000927,CLT00048,BIZ009,2024-05-24,Hair,Color - Single Process,PRV0014,112.4,1,0.0,16.86,129.26,completed,credit_card
OL00000964,ORD0000928,APT0000928,CLT00048,BIZ009,2024-07-20,Hair,Color - Highlights,PRV0017,181.65,1,0.0,0.0,181.65,completed,apple_pay
OL00000965,ORD0000929,APT0000929,CLT00048,BIZ009,2024-09-13,Hair,Color - Highlights,PRV0020,170.35,1,0.0,25.55,195.9,completed,gift_card
OL00000966,ORD0000930,APT0000930,CLT00048,BIZ009,2024-11-11,Hair,Color - Highlights,PRV0012,158.65,1,0.0,28.56,187.21,completed,apple_pay
OL00000967,ORD0000931,APT0000931,CLT00048,BIZ009,2025-01-10,Hair,Root Touch-Up,PRV0005,93.11,1,0.0,18.62,111.73,completed,gift_card
OL00000968,ORD0000932,APT0000932,CLT00048,BIZ009,2025-03-04,Hair,Root Touch-Up,PRV0011,95.22,1,0.0,0.0,95.22,completed,apple_pay
OL00000969,ORD0000933,APT0000933,CLT00048,BIZ009,2025-04-29,Hair,Keratin Treatment,PRV0015,300.95,1,0.0,45.14,346.09,completed,debit_card
OL00000970,ORD0000934,APT0000934,CLT00048,BIZ009,2025-06-26,Hair,Root Touch-Up,PRV0011,94.03,1,0.0,0.0,94.03,completed,apple_pay
OL00000971,ORD0000935,APT0000935,CLT00048,BIZ009,2025-08-22,Hair,Blowout,PRV0007,52.56,1,0.0,0.0,52.56,completed,debit_card
OL00000972,ORD0000936,APT0000936,CLT00048,BIZ009,2025-10-16,Hair,Color - Single Process,PRV0009,102.96,1,6.71,19.25,115.5,completed,credit_card
OL00000973,ORD0000937,APT0000937,CLT00048,BIZ009,2025-12-15,Hair,Blowout,PRV0018,52.42,1,0.0,0.0,52.42,completed,apple_pay
OL00000974,ORD0000938,APT0000938,CLT00048,BIZ009,2026-02-12,Hair,Color - Highlights,PRV0019,161.82,1,0.85,24.15,185.12,completed,google_pay
OL00000975,ORD0000940,APT0000940,CLT00049,BIZ006,2024-05-26,Hair,Color - Highlights,PRV0013,151.06,1,0.0,30.21,181.27,completed,gift_card
OL00000976,ORD0000941,APT0000941,CLT00049,BIZ006,2024-06-20,Nails,Nail Art Add-On,PRV0004,19.14,1,1.31,0.0,17.83,completed,gift_card
OL00000977,ORD0000943,APT0000943,CLT00049,BIZ006,2024-07-26,Hair,Blowout,PRV0016,53.37,1,0.0,9.61,62.98,completed,credit_card
OL00000978,ORD0000945,APT0000945,CLT00049,BIZ006,2024-09-06,Hair,Keratin Treatment,PRV0018,310.42,1,0.0,46.56,356.98,completed,cash
OL00000979,ORD0000946,APT0000946,CLT00049,BIZ006,2024-09-29,Hair,Keratin Treatment,PRV0011,269.99,1,0.0,0.0,269.99,completed,apple_pay
OL00000980,ORD0000947,APT0000947,CLT00049,BIZ006,2024-10-25,Hair,Haircut & Style,PRV0007,60.33,1,0.0,0.0,60.33,completed,debit_card
OL00000981,ORD0000948,APT0000948,CLT00049,BIZ006,2024-11-17,Nails,Nail Art Add-On,PRV0012,18.27,1,0.0,3.29,21.56,completed,apple_pay
OL00000982,ORD0000950,APT0000950,CLT00049,BIZ006,2024-12-24,Hair,Balayage,PRV0016,228.85,1,0.0,57.21,286.06,completed,debit_card
OL00000983,ORD0000951,APT0000951,CLT00049,BIZ006,2025-01-17,Nails,Nail Art Add-On,PRV0001,22.65,1,0.0,3.4,26.05,completed,cash
OL00000984,ORD0000954,APT0000954,CLT00049,BIZ006,2025-03-25,Nails,Manicure,PRV0006,32.49,1,0.0,5.85,38.34,completed,cash
OL00000985,ORD0000957,APT0000957,CLT00049,BIZ006,2025-05-22,Nails,Manicure,PRV0007,31.71,1,0.0,6.34,38.05,completed,debit_card
OL00000986,ORD0000960,APT0000960,CLT00049,BIZ006,2025-07-24,Nails,Gel Manicure,PRV0012,57.29,1,0.0,0.0,57.29,completed,gift_card
OL00000987,ORD0000961,APT0000961,CLT00049,BIZ006,2025-08-13,Hair,Balayage,PRV0020,246.66,1,0.0,37.0,283.66,completed,google_pay
OL00000988,ORD0000962,APT0000962,CLT00049,BIZ006,2025-09-06,Hair,Root Touch-Up,PRV0017,89.22,1,0.0,17.84,107.06,completed,debit_card
OL00000989,ORD0000963,APT0000963,CLT00049,BIZ006,2025-09-20,Nails,Pedicure,PRV0017,50.08,1,0.02,10.01,60.07,completed,gift_card
OL00000990,ORD0000964,APT0000964,CLT00049,BIZ006,2025-10-12,Nails,Pedicure,PRV0011,57.04,1,0.0,10.27,67.31,completed,google_pay
OL00000991,ORD0000965,APT0000965,CLT00049,BIZ006,2025-11-01,Nails,Nail Art Add-On,PRV0015,22.17,1,0.0,0.0,22.17,completed,credit_card
OL00000992,ORD0000966,APT0000966,CLT00049,BIZ006,2025-11-26,Nails,Dip Powder Nails,PRV0013,71.91,1,0.0,0.0,71.91,completed,debit_card
OL00000993,ORD0000968,APT0000968,CLT00049,BIZ006,2026-01-11,Nails,Dip Powder Nails,PRV0011,64.59,1,0.0,11.63,76.22,completed,google_pay
OL00000994,ORD0000969,APT0000969,CLT00049,BIZ006,2026-01-27,Nails,Dip Powder Nails,PRV0009,72.49,1,0.0,13.05,85.54,completed,credit_card
OL00000995,ORD0000970,APT0000970,CLT00049,BIZ006,2026-02-15,Hair,Balayage,PRV0013,250.95,1,0.0,0.0,250.95,completed,apple_pay
OL00000996,ORD0000971,APT0000971,CLT00050,BIZ001,2024-04-22,Hair,Color - Single Process,PRV0017,100.9,1,2.77,17.66,115.79,completed,cash
OL00000997,ORD0000972,APT0000972,CLT00050,BIZ001,2024-05-25,Massage,Hot Stone Massage,PRV0015,155.87,1,9.37,21.97,168.47,completed,gift_card
OL00000998,ORD0000972,APT0000972,CLT00050,BIZ001,2024-05-25,Nails,Manicure,PRV0015,33.95,1,0.0,6.79,40.74,completed,debit_card
OL00000999,ORD0000973,APT0000973,CLT00050,BIZ001,2024-06-22,Massage,Prenatal Massage,PRV0002,104.02,1,0.0,18.72,122.74,completed,google_pay
OL00001000,ORD0000973,APT0000973,CLT00050,BIZ001,2024-06-22,Nails,Dip Powder Nails,PRV0002,67.0,1,0.0,0.0,67.0,completed,credit_card
OL00001001,ORD0000974,APT0000974,CLT00050,BIZ001,2024-07-27,Massage,Deep Tissue 60min,PRV0015,123.96,1,0.0,0.0,123.96,completed,cash
OL00001002,ORD0000975,APT0000975,CLT00050,BIZ001,2024-09-02,Hair,Balayage,PRV0014,236.61,1,2.06,46.91,281.46,completed,gift_card
OL00001003,ORD0000975,APT0000975,CLT00050,BIZ001,2024-09-02,Nails,Dip Powder Nails,PRV0014,65.05,1,0.0,9.76,74.81,completed,debit_card
OL00001004,ORD0000976,APT0000976,CLT00050,BIZ001,2024-10-03,Massage,Swedish Massage 60min,PRV0018,114.33,1,0.0,28.58,142.91,completed,gift_card
OL00001005,ORD0000976,APT0000976,CLT00050,BIZ001,2024-10-03,Nails,Dip Powder Nails,PRV0018,62.5,1,0.0,0.0,62.5,completed,debit_card
OL00001006,ORD0000977,APT0000977,CLT00050,BIZ001,2024-11-05,Massage,Deep Tissue 60min,PRV0012,128.44,1,6.74,18.25,139.95,completed,cash
OL00001007,ORD0000977,APT0000977,CLT00050,BIZ001,2024-11-05,Nails,Pedicure,PRV0012,54.01,1,0.0,8.1,62.11,completed,google_pay
OL00001008,ORD0000978,APT0000978,CLT00050,BIZ001,2024-12-14,Massage,Deep Tissue 60min,PRV0006,129.78,1,0.0,25.96,155.74,completed,credit_card
OL00001009,ORD0000978,APT0000978,CLT00050,BIZ001,2024-12-14,Nails,Pedicure,PRV0006,56.97,1,0.0,8.55,65.52,completed,credit_card
OL00001010,ORD0000979,APT0000979,CLT00050,BIZ001,2025-01-17,Hair,Keratin Treatment,PRV0014,311.96,1,0.0,46.79,358.75,completed,google_pay
OL00001011,ORD0000979,APT0000979,CLT00050,BIZ001,2025-01-17,Nails,Gel Manicure,PRV0014,51.4,1,0.0,0.0,51.4,completed,debit_card
OL00001012,ORD0000980,APT0000980,CLT00050,BIZ001,2025-02-21,Hair,Blowout,PRV0016,56.87,1,0.0,8.53,65.4,completed,gift_card
OL00001013,ORD0000980,APT0000980,CLT00050,BIZ001,2025-02-21,Nails,Nail Art Add-On,PRV0016,20.04,1,0.0,4.01,24.05,completed,credit_card
OL00001014,ORD0000982,APT0000982,CLT00050,BIZ001,2025-05-03,Hair,Color - Highlights,PRV0018,161.99,1,0.0,32.4,194.39,completed,cash
OL00001015,ORD0000983,APT0000983,CLT00050,BIZ001,2025-06-10,Massage,Prenatal Massage,PRV0009,124.69,1,0.0,22.44,147.13,completed,debit_card
OL00001016,ORD0000983,APT0000983,CLT00050,BIZ001,2025-06-10,Nails,Gel Manicure,PRV0009,52.04,1,0.0,7.81,59.85,completed,apple_pay
OL00001017,ORD0000984,APT0000984,CLT00050,BIZ001,2025-07-19,Hair,Color - Single Process,PRV0009,110.66,1,0.0,22.13,132.79,completed,debit_card
OL00001018,ORD0000985,APT0000985,CLT00050,BIZ001,2025-08-29,Hair,Color - Single Process,PRV0007,115.0,1,8.33,21.33,128.0,completed,gift_card
OL00001019,ORD0000985,APT0000985,CLT00050,BIZ001,2025-08-29,Nails,Nail Art Add-On,PRV0007,20.58,1,0.0,3.7,24.28,completed,debit_card
OL00001020,ORD0000986,APT0000986,CLT00050,BIZ001,2025-10-07,Hair,Color - Highlights,PRV0018,154.54,1,0.0,23.18,177.72,completed,google_pay
OL00001021,ORD0000988,APT0000988,CLT00050,BIZ001,2025-12-06,Hair,Color - Single Process,PRV0016,109.64,1,1.99,16.15,123.8,completed,credit_card
OL00001022,ORD0000988,APT0000988,CLT00050,BIZ001,2025-12-06,Nails,Manicure,PRV0016,34.22,1,0.0,6.16,40.38,completed,debit_card
OL00001023,ORD0000989,APT0000989,CLT00050,BIZ001,2026-01-04,Massage,Prenatal Massage,PRV0001,108.28,1,0.0,16.24,124.52,completed,google_pay
OL00001024,ORD0000989,APT0000989,CLT00050,BIZ001,2026-01-04,Nails,Pedicure,PRV0001,55.65,1,0.0,10.02,65.67,completed,cash
OL00001025,ORD0000990,APT0000990,CLT00050,BIZ001,2026-02-09,Hair,Root Touch-Up,PRV0008,93.62,1,0.0,14.04,107.66,completed,cash
OL00001026,ORD0000990,APT0000990,CLT00050,BIZ001,2026-02-09,Nails,Pedicure,PRV0008,52.75,1,0.0,9.49,62.24,completed,google_pay
OL00001027,ORD0000991,APT0000991,CLT00051,BIZ007,2024-06-16,Skin,LED Light Therapy,PRV0004,81.57,1,0.0,14.68,96.25,completed,cash
OL00001028,ORD0000992,APT0000992,CLT00051,BIZ007,2024-09-10,Skin,Deep Cleansing Facial,PRV0015,130.17,1,0.0,23.43,153.6,completed,google_pay
OL00001029,ORD0000992,APT0000992,CLT00051,BIZ007,2024-09-10,Nails,Gel Manicure,PRV0015,48.53,1,0.0,9.71,58.24,completed,google_pay
OL00001030,ORD0000994,APT0000994,CLT00051,BIZ007,2025-03-14,Waxing,Lip & Chin Wax,PRV0012,19.37,1,0.0,3.87,23.24,completed,google_pay
OL00001031,ORD0000995,APT0000995,CLT00051,BIZ007,2025-06-08,Skin,Classic Facial,PRV0001,99.08,1,0.0,0.0,99.08,completed,google_pay
OL00001032,ORD0000996,APT0000996,CLT00051,BIZ007,2025-08-31,Skin,Classic Facial,PRV0009,89.25,1,0.0,16.06,105.31,completed,cash
OL00001033,ORD0000997,APT0000997,CLT00051,BIZ007,2025-11-23,Waxing,Brow Wax & Shape,PRV0006,26.35,1,0.0,3.95,30.3,completed,cash
OL00001034,ORD0000998,APT0000998,CLT00052,BIZ007,2024-05-11,Hair,Keratin Treatment,PRV0018,312.26,1,0.0,46.84,359.1,completed,debit_card
OL00001035,ORD0000999,APT0000999,CLT00052,BIZ007,2024-06-09,Hair,Haircut & Style,PRV0015,70.86,1,0.0,0.0,70.86,completed,debit_card
OL00001036,ORD0001001,APT0001001,CLT00052,BIZ007,2024-08-20,Hair,Blowout,PRV0008,55.43,1,0.0,8.31,63.74,completed,debit_card
OL00001037,ORD0001002,APT0001002,CLT00052,BIZ007,2024-09-18,Skin,Deep Cleansing Facial,PRV0003,112.08,1,0.0,20.17,132.25,completed,google_pay
OL00001038,ORD0001003,APT0001003,CLT00052,BIZ007,2024-10-24,Skin,LED Light Therapy,PRV0017,93.21,1,0.0,18.64,111.85,completed,google_pay
OL00001039,ORD0001004,APT0001004,CLT00052,BIZ007,2024-11-23,Skin,LED Light Therapy,PRV0002,78.06,1,0.0,15.61,93.67,completed,credit_card
OL00001040,ORD0001005,APT0001005,CLT00052,BIZ007,2024-12-25,Skin,Microdermabrasion,PRV0007,124.01,1,0.0,24.8,148.81,completed,google_pay
OL00001041,ORD0001006,APT0001006,CLT00052,BIZ007,2025-01-28,Hair,Balayage,PRV0008,211.91,1,0.0,38.14,250.05,completed,apple_pay
OL00001042,ORD0001007,APT0001007,CLT00052,BIZ007,2025-02-28,Hair,Blowout,PRV0004,49.68,1,0.0,9.94,59.62,completed,gift_card
OL00001043,ORD0001008,APT0001008,CLT00052,BIZ007,2025-03-30,Skin,Classic Facial,PRV0002,87.11,1,0.0,13.07,100.18,completed,cash
OL00001044,ORD0001009,APT0001009,CLT00052,BIZ007,2025-05-11,Hair,Haircut & Style,PRV0002,66.78,1,0.0,10.02,76.8,completed,google_pay
OL00001045,ORD0001010,APT0001010,CLT00052,BIZ007,2025-06-21,Skin,Chemical Peel,PRV0010,132.35,1,0.0,0.0,132.35,completed,google_pay
OL00001046,ORD0001011,APT0001011,CLT00052,BIZ007,2025-07-23,Skin,Microdermabrasion,PRV0005,127.73,1,0.0,22.99,150.72,completed,gift_card
OL00001047,ORD0001012,APT0001012,CLT00052,BIZ007,2025-08-26,Skin,Deep Cleansing Facial,PRV0009,114.61,1,0.14,0.0,114.47,completed,google_pay
OL00001048,ORD0001013,APT0001013,CLT00052,BIZ007,2025-10-06,Hair,Blowout,PRV0007,57.39,1,0.21,10.29,67.47,completed,credit_card
OL00001049,ORD0001014,APT0001014,CLT00052,BIZ007,2025-11-05,Hair,Blowout,PRV0003,55.15,1,0.0,9.93,65.08,completed,apple_pay
OL00001050,ORD0001015,APT0001015,CLT00052,BIZ007,2025-12-07,Skin,Chemical Peel,PRV0017,154.71,1,0.0,27.85,182.56,completed,gift_card
OL00001051,ORD0001016,APT0001016,CLT00052,BIZ007,2026-01-06,Skin,LED Light Therapy,PRV0016,83.47,1,0.0,15.02,98.49,completed,gift_card
OL00001052,ORD0001017,APT0001017,CLT00052,BIZ007,2026-02-10,Skin,Classic Facial,PRV0005,90.81,1,0.0,18.16,108.97,completed,debit_card
OL00001053,ORD0001018,APT0001018,CLT00053,BIZ004,2024-04-20,Skin,Microdermabrasion,PRV0010,132.81,1,0.0,26.56,159.37,completed,google_pay
OL00001054,ORD0001019,APT0001019,CLT00053,BIZ004,2024-05-10,Hair,Blowout,PRV0011,52.47,1,0.0,10.49,62.96,completed,credit_card
OL00001055,ORD0001020,APT0001020,CLT00053,BIZ004,2024-06-06,Hair,Haircut & Style,PRV0016,73.68,1,0.0,13.26,86.94,completed,debit_card
OL00001056,ORD0001021,APT0001021,CLT00053,BIZ004,2024-06-26,Hair,Haircut & Style,PRV0012,59.92,1,1.86,0.0,58.06,completed,cash
OL00001057,ORD0001022,APT0001022,CLT00053,BIZ004,2024-07-16,Hair,Haircut & Style,PRV0013,60.25,1,0.0,10.84,71.09,completed,cash
OL00001058,ORD0001023,APT0001023,CLT00053,BIZ004,2024-07-30,Hair,Root Touch-Up,PRV0006,78.54,1,0.0,14.14,92.68,completed,credit_card
OL00001059,ORD0001024,APT0001024,CLT00053,BIZ004,2024-08-27,Skin,Chemical Peel,PRV0017,141.14,1,0.0,21.17,162.31,completed,debit_card
OL00001060,ORD0001025,APT0001025,CLT00053,BIZ004,2024-09-24,Skin,Chemical Peel,PRV0003,151.8,1,1.63,22.53,172.7,completed,debit_card
OL00001061,ORD0001026,APT0001026,CLT00053,BIZ004,2024-10-13,Hair,Color - Highlights,PRV0016,165.41,1,0.0,29.77,195.18,completed,gift_card
OL00001062,ORD0001027,APT0001027,CLT00053,BIZ004,2024-11-08,Skin,Deep Cleansing Facial,PRV0013,118.35,1,9.95,21.68,130.08,completed,google_pay
OL00001063,ORD0001028,APT0001028,CLT00053,BIZ004,2024-11-23,Hair,Root Touch-Up,PRV0015,93.84,1,0.0,16.89,110.73,completed,gift_card
OL00001064,ORD0001029,APT0001029,CLT00053,BIZ004,2024-12-17,Skin,LED Light Therapy,PRV0014,86.85,1,0.0,0.0,86.85,completed,debit_card
OL00001065,ORD0001030,APT0001030,CLT00053,BIZ004,2025-01-14,Hair,Keratin Treatment,PRV0014,300.5,1,0.0,54.09,354.59,completed,cash
OL00001066,ORD0001032,APT0001032,CLT00053,BIZ004,2025-02-27,Skin,LED Light Therapy,PRV0014,86.17,1,0.0,15.51,101.68,completed,cash
OL00001067,ORD0001033,APT0001033,CLT00053,BIZ004,2025-03-15,Skin,Classic Facial,PRV0016,107.56,1,0.0,19.36,126.92,completed,debit_card
OL00001068,ORD0001034,APT0001034,CLT00053,BIZ004,2025-04-01,Skin,LED Light Therapy,PRV0019,84.89,1,1.95,12.44,95.38,completed,google_pay
OL00001069,ORD0001036,APT0001036,CLT00053,BIZ004,2025-05-04,Skin,LED Light Therapy,PRV0018,82.61,1,1.94,20.17,100.84,completed,cash
OL00001070,ORD0001037,APT0001037,CLT00053,BIZ004,2025-05-23,Skin,Deep Cleansing Facial,PRV0011,136.4,1,1.77,24.23,158.86,completed,apple_pay
OL00001071,ORD0001038,APT0001038,CLT00053,BIZ004,2025-06-15,Hair,Balayage,PRV0007,217.88,1,0.0,32.68,250.56,completed,cash
OL00001072,ORD0001039,APT0001039,CLT00053,BIZ004,2025-07-05,Hair,Haircut & Style,PRV0003,74.18,1,3.35,0.0,70.83,completed,cash
OL00001073,ORD0001040,APT0001040,CLT00053,BIZ004,2025-07-25,Skin,LED Light Therapy,PRV0012,84.01,1,0.0,0.0,84.01,completed,apple_pay
OL00001074,ORD0001041,APT0001041,CLT00053,BIZ004,2025-08-19,Hair,Keratin Treatment,PRV0006,271.02,1,0.0,48.78,319.8,completed,debit_card
OL00001075,ORD0001043,APT0001043,CLT00053,BIZ004,2025-09-27,Hair,Color - Single Process,PRV0008,114.33,1,0.0,17.15,131.48,completed,apple_pay
OL00001076,ORD0001045,APT0001045,CLT00053,BIZ004,2025-11-10,Skin,Classic Facial,PRV0004,97.86,1,0.0,17.61,115.47,completed,google_pay
OL00001077,ORD0001046,APT0001046,CLT00053,BIZ004,2025-12-05,Skin,LED Light Therapy,PRV0020,93.21,1,0.0,13.98,107.19,completed,cash
OL00001078,ORD0001048,APT0001048,CLT00053,BIZ004,2026-01-17,Hair,Color - Highlights,PRV0003,161.22,1,0.0,0.0,161.22,completed,apple_pay
OL00001079,ORD0001049,APT0001049,CLT00053,BIZ004,2026-02-02,Skin,Deep Cleansing Facial,PRV0012,110.85,1,0.0,16.63,127.48,completed,credit_card
OL00001080,ORD0001050,APT0001050,CLT00053,BIZ004,2026-03-02,Hair,Keratin Treatment,PRV0009,305.35,1,0.0,54.96,360.31,completed,credit_card
OL00001081,ORD0001051,APT0001051,CLT00053,BIZ004,2026-03-23,Skin,LED Light Therapy,PRV0010,78.48,1,0.0,14.13,92.61,completed,debit_card
OL00001082,ORD0001052,APT0001052,CLT00054,BIZ004,2024-05-12,Massage,Swedish Massage 60min,PRV0001,105.01,1,0.0,0.0,105.01,completed,gift_card
OL00001083,ORD0001054,APT0001054,CLT00054,BIZ004,2024-07-24,Massage,Swedish Massage 60min,PRV0017,108.47,1,0.0,19.52,127.99,completed,cash
OL00001084,ORD0001055,APT0001055,CLT00054,BIZ004,2024-08-23,Nails,Gel Manicure,PRV0009,51.22,1,0.0,7.68,58.9,completed,debit_card
OL00001085,ORD0001056,APT0001056,CLT00054,BIZ004,2024-09-24,Nails,Pedicure,PRV0008,59.28,1,0.0,8.89,68.17,completed,credit_card
OL00001086,ORD0001057,APT0001057,CLT00054,BIZ004,2024-10-23,Massage,Prenatal Massage,PRV0007,121.82,1,1.3,18.08,138.6,completed,debit_card
OL00001087,ORD0001058,APT0001058,CLT00054,BIZ004,2024-11-28,Massage,Swedish Massage 60min,PRV0017,111.19,1,0.0,20.01,131.2,completed,debit_card
OL00001088,ORD0001059,APT0001059,CLT00054,BIZ004,2025-01-01,Nails,Gel Manicure,PRV0016,50.47,1,0.0,7.57,58.04,completed,debit_card
OL00001089,ORD0001060,APT0001060,CLT00054,BIZ004,2025-02-03,Massage,Swedish Massage 60min,PRV0004,102.87,1,0.0,15.43,118.3,completed,credit_card
OL00001090,ORD0001062,APT0001062,CLT00054,BIZ004,2025-04-19,Nails,Dip Powder Nails,PRV0001,68.98,1,0.0,17.25,86.23,completed,cash
OL00001091,ORD0001063,APT0001063,CLT00054,BIZ004,2025-05-17,Massage,Swedish Massage 60min,PRV0009,120.99,1,0.0,0.0,120.99,completed,cash
OL00001092,ORD0001064,APT0001064,CLT00054,BIZ004,2025-06-21,Massage,Deep Tissue 60min,PRV0016,112.61,1,0.0,16.89,129.5,completed,gift_card
OL00001093,ORD0001065,APT0001065,CLT00054,BIZ004,2025-08-02,Nails,Nail Art Add-On,PRV0010,19.26,1,0.0,3.47,22.73,completed,gift_card
OL00001094,ORD0001066,APT0001066,CLT00054,BIZ004,2025-08-31,Nails,Nail Art Add-On,PRV0020,22.45,1,0.0,4.49,26.94,completed,apple_pay
OL00001095,ORD0001067,APT0001067,CLT00054,BIZ004,2025-09-28,Nails,Pedicure,PRV0003,57.27,1,2.35,0.0,54.92,completed,google_pay
OL00001096,ORD0001068,APT0001068,CLT00054,BIZ004,2025-11-04,Nails,Nail Art Add-On,PRV0005,21.69,1,0.0,0.0,21.69,completed,apple_pay
OL00001097,ORD0001069,APT0001069,CLT00054,BIZ004,2025-12-03,Massage,Prenatal Massage,PRV0007,108.37,1,0.0,0.0,108.37,completed,apple_pay
OL00001098,ORD0001071,APT0001071,CLT00055,BIZ004,2024-04-11,Hair,Balayage,PRV0010,201.37,1,0.0,36.25,237.62,completed,credit_card
OL00001099,ORD0001072,APT0001072,CLT00055,BIZ004,2024-04-28,Hair,Balayage,PRV0005,243.85,1,9.22,0.0,234.63,completed,credit_card
OL00001100,ORD0001073,APT0001073,CLT00055,BIZ004,2024-05-14,Hair,Balayage,PRV0007,206.46,1,4.73,40.35,242.08,completed,apple_pay
OL00001101,ORD0001074,APT0001074,CLT00055,BIZ004,2024-06-10,Hair,Blowout,PRV0015,47.15,1,0.0,7.07,54.22,completed,apple_pay
OL00001102,ORD0001075,APT0001075,CLT00055,BIZ004,2024-06-26,Hair,Keratin Treatment,PRV0013,273.32,1,0.0,54.66,327.98,completed,cash
OL00001103,ORD0001076,APT0001076,CLT00055,BIZ004,2024-07-13,Hair,Root Touch-Up,PRV0018,84.89,1,0.0,15.28,100.17,completed,debit_card
OL00001104,ORD0001077,APT0001077,CLT00055,BIZ004,2024-07-31,Hair,Keratin Treatment,PRV0002,306.51,1,0.0,0.0,306.51,completed,cash
OL00001105,ORD0001078,APT0001078,CLT00055,BIZ004,2024-08-24,Hair,Color - Highlights,PRV0018,182.66,1,8.96,34.74,208.44,completed,debit_card
OL00001106,ORD0001079,APT0001079,CLT00055,BIZ004,2024-09-07,Hair,Balayage,PRV0003,237.65,1,0.0,42.78,280.43,completed,apple_pay
OL00001107,ORD0001080,APT0001080,CLT00055,BIZ004,2024-09-30,Hair,Color - Single Process,PRV0002,120.45,1,0.0,21.68,142.13,completed,gift_card
OL00001108,ORD0001081,APT0001081,CLT00055,BIZ004,2024-10-24,Hair,Haircut & Style,PRV0003,66.31,1,0.0,9.95,76.26,completed,cash
OL00001109,ORD0001082,APT0001082,CLT00055,BIZ004,2024-11-08,Hair,Haircut & Style,PRV0005,63.58,1,0.0,12.72,76.3,completed,cash
OL00001110,ORD0001083,APT0001083,CLT00055,BIZ004,2024-12-03,Hair,Root Touch-Up,PRV0020,87.98,1,0.0,15.84,103.82,completed,credit_card
OL00001111,ORD0001084,APT0001084,CLT00055,BIZ004,2024-12-17,Hair,Color - Single Process,PRV0011,111.89,1,0.0,20.14,132.03,completed,credit_card
OL00001112,ORD0001085,APT0001085,CLT00055,BIZ004,2025-01-02,Hair,Haircut & Style,PRV0011,64.37,1,0.0,11.59,75.96,completed,google_pay
OL00001113,ORD0001086,APT0001086,CLT00055,BIZ004,2025-01-27,Hair,Keratin Treatment,PRV0011,292.97,1,0.0,58.59,351.56,completed,cash
OL00001114,ORD0001088,APT0001088,CLT00055,BIZ004,2025-03-11,Hair,Keratin Treatment,PRV0001,301.03,1,0.0,60.21,361.24,completed,cash
OL00001115,ORD0001090,APT0001090,CLT00055,BIZ004,2025-04-25,Hair,Keratin Treatment,PRV0006,312.71,1,0.0,62.54,375.25,completed,cash
OL00001116,ORD0001091,APT0001091,CLT00055,BIZ004,2025-05-23,Hair,Blowout,PRV0009,46.94,1,3.27,7.86,51.53,completed,apple_pay
OL00001117,ORD0001092,APT0001092,CLT00055,BIZ004,2025-06-11,Hair,Keratin Treatment,PRV0010,248.92,1,0.0,49.78,298.7,completed,debit_card
OL00001118,ORD0001093,APT0001093,CLT00055,BIZ004,2025-07-06,Hair,Balayage,PRV0010,202.52,1,0.0,40.5,243.02,completed,apple_pay
OL00001119,ORD0001094,APT0001094,CLT00055,BIZ004,2025-07-26,Hair,Color - Single Process,PRV0006,120.69,1,0.0,18.1,138.79,completed,cash
OL00001120,ORD0001095,APT0001095,CLT00055,BIZ004,2025-08-09,Hair,Color - Highlights,PRV0016,161.19,1,0.0,32.24,193.43,completed,cash
OL00001121,ORD0001096,APT0001096,CLT00055,BIZ004,2025-08-27,Hair,Root Touch-Up,PRV0009,91.92,1,5.61,15.54,101.85,completed,gift_card
OL00001122,ORD0001097,APT0001097,CLT00055,BIZ004,2025-09-19,Hair,Haircut & Style,PRV0007,61.9,1,0.0,9.29,71.19,completed,cash
OL00001123,ORD0001098,APT0001098,CLT00055,BIZ004,2025-10-17,Hair,Keratin Treatment,PRV0005,253.69,1,0.0,45.66,299.35,completed,google_pay
OL00001124,ORD0001100,APT0001100,CLT00055,BIZ004,2025-11-26,Hair,Blowout,PRV0002,56.95,1,0.0,10.25,67.2,completed,cash
OL00001125,ORD0001101,APT0001101,CLT00055,BIZ004,2025-12-18,Hair,Root Touch-Up,PRV0017,93.05,1,0.0,16.75,109.8,completed,credit_card
OL00001126,ORD0001102,APT0001102,CLT00055,BIZ004,2026-01-02,Hair,Color - Single Process,PRV0011,102.08,1,6.1,19.2,115.18,completed,debit_card
OL00001127,ORD0001103,APT0001103,CLT00055,BIZ004,2026-01-17,Hair,Color - Highlights,PRV0020,188.12,1,0.0,37.62,225.74,completed,cash
OL00001128,ORD0001104,APT0001104,CLT00055,BIZ004,2026-02-05,Hair,Blowout,PRV0003,52.55,1,0.0,10.51,63.06,completed,gift_card
OL00001129,ORD0001105,APT0001105,CLT00055,BIZ004,2026-03-05,Hair,Haircut & Style,PRV0011,68.03,1,0.0,10.2,78.23,completed,debit_card
OL00001130,ORD0001106,APT0001106,CLT00056,BIZ007,2024-04-13,Massage,Deep Tissue 60min,PRV0001,119.93,1,0.0,17.99,137.92,completed,gift_card
OL00001131,ORD0001106,APT0001106,CLT00056,BIZ007,2024-04-13,Nails,Manicure,PRV0001,33.66,1,0.0,5.05,38.71,completed,google_pay
OL00001132,ORD0001107,APT0001107,CLT00056,BIZ007,2024-05-22,Skin,Classic Facial,PRV0012,94.95,1,0.0,18.99,113.94,completed,credit_card
OL00001133,ORD0001107,APT0001107,CLT00056,BIZ007,2024-05-22,Nails,Dip Powder Nails,PRV0012,62.22,1,0.0,9.33,71.55,completed,credit_card
OL00001134,ORD0001108,APT0001108,CLT00056,BIZ007,2024-06-19,Skin,Deep Cleansing Facial,PRV0017,113.5,1,0.0,20.43,133.93,completed,google_pay
OL00001135,ORD0001109,APT0001109,CLT00056,BIZ007,2024-07-31,Skin,LED Light Therapy,PRV0002,81.64,1,0.0,0.0,81.64,completed,cash
OL00001136,ORD0001110,APT0001110,CLT00056,BIZ007,2024-09-01,Skin,Chemical Peel,PRV0014,138.18,1,0.0,24.87,163.05,completed,credit_card
OL00001137,ORD0001110,APT0001110,CLT00056,BIZ007,2024-09-01,Nails,Gel Manicure,PRV0014,49.76,1,0.0,0.0,49.76,completed,cash
OL00001138,ORD0001111,APT0001111,CLT00056,BIZ007,2024-09-30,Skin,LED Light Therapy,PRV0010,80.36,1,8.0,18.09,90.45,completed,cash
OL00001139,ORD0001112,APT0001112,CLT00056,BIZ007,2024-10-29,Massage,Prenatal Massage,PRV0018,119.89,1,0.0,21.58,141.47,completed,google_pay
OL00001140,ORD0001112,APT0001112,CLT00056,BIZ007,2024-10-29,Nails,Nail Art Add-On,PRV0018,19.59,1,0.0,3.53,23.12,completed,cash
OL00001141,ORD0001113,APT0001113,CLT00056,BIZ007,2024-12-02,Massage,Deep Tissue 60min,PRV0017,130.3,1,0.0,26.06,156.36,completed,debit_card
OL00001142,ORD0001114,APT0001114,CLT00056,BIZ007,2025-01-04,Skin,Deep Cleansing Facial,PRV0005,120.13,1,0.0,24.03,144.16,completed,google_pay
OL00001143,ORD0001115,APT0001115,CLT00056,BIZ007,2025-02-06,Skin,LED Light Therapy,PRV0014,90.14,1,1.95,15.87,104.06,completed,gift_card
OL00001144,ORD0001115,APT0001115,CLT00056,BIZ007,2025-02-06,Nails,Nail Art Add-On,PRV0014,19.44,1,0.0,3.5,22.94,completed,gift_card
OL00001145,ORD0001116,APT0001116,CLT00056,BIZ007,2025-03-10,Skin,LED Light Therapy,PRV0001,96.9,1,0.0,0.0,96.9,completed,debit_card
OL00001146,ORD0001118,APT0001118,CLT00056,BIZ007,2025-05-15,Skin,LED Light Therapy,PRV0007,88.44,1,0.0,0.0,88.44,completed,gift_card
OL00001147,ORD0001119,APT0001119,CLT00056,BIZ007,2025-06-13,Skin,LED Light Therapy,PRV0007,84.97,1,4.99,16.0,95.98,completed,cash
OL00001148,ORD0001119,APT0001119,CLT00056,BIZ007,2025-06-13,Nails,Manicure,PRV0007,36.24,1,0.0,5.44,41.68,completed,google_pay
OL00001149,ORD0001121,APT0001121,CLT00056,BIZ007,2025-08-18,Skin,Microdermabrasion,PRV0001,147.72,1,0.0,0.0,147.72,completed,gift_card
OL00001150,ORD0001121,APT0001121,CLT00056,BIZ007,2025-08-18,Nails,Gel Manicure,PRV0001,50.65,1,0.0,0.0,50.65,completed,gift_card
OL00001151,ORD0001122,APT0001122,CLT00056,BIZ007,2025-09-24,Massage,Swedish Massage 60min,PRV0019,116.66,1,0.0,0.0,116.66,completed,apple_pay
OL00001152,ORD0001122,APT0001122,CLT00056,BIZ007,2025-09-24,Nails,Gel Manicure,PRV0019,48.85,1,0.0,9.77,58.62,completed,google_pay
OL00001153,ORD0001123,APT0001123,CLT00056,BIZ007,2025-10-31,Massage,Hot Stone Massage,PRV0013,149.5,1,0.0,22.43,171.93,completed,cash
OL00001154,ORD0001124,APT0001124,CLT00056,BIZ007,2025-12-01,Massage,Prenatal Massage,PRV0009,109.93,1,0.0,19.79,129.72,completed,credit_card
OL00001155,ORD0001125,APT0001125,CLT00056,BIZ007,2025-12-31,Skin,Deep Cleansing Facial,PRV0012,114.08,1,0.0,17.11,131.19,completed,google_pay
OL00001156,ORD0001127,APT0001127,CLT00056,BIZ007,2026-03-21,Skin,Deep Cleansing Facial,PRV0005,122.87,1,0.0,18.43,141.3,completed,credit_card
OL00001157,ORD0001127,APT0001127,CLT00056,BIZ007,2026-03-21,Nails,Dip Powder Nails,PRV0005,62.23,1,0.0,11.2,73.43,completed,apple_pay
OL00001158,ORD0001128,APT0001128,CLT00057,BIZ003,2024-04-17,Waxing,Lip & Chin Wax,PRV0001,21.2,1,0.0,4.24,25.44,completed,cash
OL00001159,ORD0001129,APT0001129,CLT00057,BIZ003,2024-05-03,Nails,Manicure,PRV0019,34.48,1,0.0,6.9,41.38,completed,gift_card
OL00001160,ORD0001130,APT0001130,CLT00057,BIZ003,2024-05-31,Waxing,Full Leg Wax,PRV0004,70.82,1,0.0,10.62,81.44,completed,credit_card
OL00001161,ORD0001131,APT0001131,CLT00057,BIZ003,2024-06-15,Waxing,Full Leg Wax,PRV0019,80.98,1,0.0,14.58,95.56,completed,credit_card
OL00001162,ORD0001132,APT0001132,CLT00057,BIZ003,2024-07-07,Waxing,Lip & Chin Wax,PRV0013,21.9,1,1.74,3.02,23.18,completed,credit_card
OL00001163,ORD0001135,APT0001135,CLT00057,BIZ003,2024-09-01,Nails,Manicure,PRV0019,34.36,1,0.0,6.18,40.54,completed,cash
OL00001164,ORD0001136,APT0001136,CLT00057,BIZ003,2024-09-28,Nails,Nail Art Add-On,PRV0014,21.04,1,0.0,3.79,24.83,completed,credit_card
OL00001165,ORD0001137,APT0001137,CLT00057,BIZ003,2024-10-16,Nails,Pedicure,PRV0020,58.61,1,0.0,14.65,73.26,completed,cash
OL00001166,ORD0001138,APT0001138,CLT00057,BIZ003,2024-11-09,Waxing,Brazilian Wax,PRV0020,67.5,1,0.57,10.04,76.97,completed,gift_card
OL00001167,ORD0001139,APT0001139,CLT00057,BIZ003,2024-11-26,Waxing,Brow Wax & Shape,PRV0008,25.01,1,0.0,0.0,25.01,completed,gift_card
OL00001168,ORD0001140,APT0001140,CLT00057,BIZ003,2024-12-17,Nails,Manicure,PRV0020,37.79,1,0.0,6.8,44.59,completed,cash
OL00001169,ORD0001141,APT0001141,CLT00057,BIZ003,2025-01-03,Waxing,Lip & Chin Wax,PRV0017,21.59,1,1.8,2.97,22.76,completed,cash
OL00001170,ORD0001142,APT0001142,CLT00057,BIZ003,2025-01-17,Nails,Dip Powder Nails,PRV0017,64.98,1,4.06,9.14,70.06,completed,credit_card
OL00001171,ORD0001143,APT0001143,CLT00057,BIZ003,2025-02-04,Waxing,Brow Wax & Shape,PRV0020,26.79,1,0.0,0.0,26.79,completed,credit_card
OL00001172,ORD0001144,APT0001144,CLT00057,BIZ003,2025-02-22,Nails,Gel Manicure,PRV0009,47.28,1,0.0,8.51,55.79,completed,google_pay
OL00001173,ORD0001145,APT0001145,CLT00057,BIZ003,2025-03-14,Nails,Pedicure,PRV0008,58.9,1,0.0,11.78,70.68,completed,google_pay
OL00001174,ORD0001146,APT0001146,CLT00057,BIZ003,2025-03-29,Nails,Pedicure,PRV0011,51.76,1,3.52,7.24,55.48,completed,cash
OL00001175,ORD0001147,APT0001147,CLT00057,BIZ003,2025-04-25,Waxing,Lip & Chin Wax,PRV0019,20.02,1,0.0,4.0,24.02,completed,debit_card
OL00001176,ORD0001148,APT0001148,CLT00057,BIZ003,2025-05-09,Waxing,Brazilian Wax,PRV0018,64.5,1,4.17,10.86,71.19,completed,google_pay
OL00001177,ORD0001149,APT0001149,CLT00057,BIZ003,2025-05-31,Waxing,Brow Wax & Shape,PRV0008,23.71,1,0.0,0.0,23.71,completed,gift_card
OL00001178,ORD0001150,APT0001150,CLT00057,BIZ003,2025-06-18,Nails,Manicure,PRV0007,38.79,1,0.0,5.82,44.61,completed,credit_card
OL00001179,ORD0001151,APT0001151,CLT00057,BIZ003,2025-07-08,Nails,Gel Manicure,PRV0015,49.08,1,0.0,0.0,49.08,completed,gift_card
OL00001180,ORD0001152,APT0001152,CLT00057,BIZ003,2025-08-04,Nails,Gel Manicure,PRV0017,47.98,1,0.0,9.6,57.58,completed,credit_card
OL00001181,ORD0001153,APT0001153,CLT00057,BIZ003,2025-08-20,Nails,Nail Art Add-On,PRV0003,21.88,1,0.84,3.79,24.83,completed,credit_card
OL00001182,ORD0001154,APT0001154,CLT00057,BIZ003,2025-09-03,Waxing,Brow Wax & Shape,PRV0009,23.31,1,0.0,4.2,27.51,completed,apple_pay
OL00001183,ORD0001155,APT0001155,CLT00057,BIZ003,2025-09-22,Waxing,Full Leg Wax,PRV0014,85.42,1,0.0,15.38,100.8,completed,google_pay
OL00001184,ORD0001156,APT0001156,CLT00057,BIZ003,2025-10-15,Waxing,Lip & Chin Wax,PRV0011,19.69,1,0.0,3.54,23.23,completed,cash
OL00001185,ORD0001157,APT0001157,CLT00057,BIZ003,2025-11-11,Waxing,Lip & Chin Wax,PRV0006,18.64,1,0.0,3.73,22.37,completed,credit_card
OL00001186,ORD0001159,APT0001159,CLT00057,BIZ003,2025-12-22,Nails,Nail Art Add-On,PRV0004,22.34,1,0.01,3.35,25.68,completed,credit_card
OL00001187,ORD0001160,APT0001160,CLT00057,BIZ003,2026-01-05,Nails,Dip Powder Nails,PRV0010,72.33,1,0.0,10.85,83.18,completed,cash
OL00001188,ORD0001161,APT0001161,CLT00057,BIZ003,2026-01-28,Waxing,Full Leg Wax,PRV0015,80.99,1,0.0,12.15,93.14,completed,gift_card
OL00001189,ORD0001162,APT0001162,CLT00057,BIZ003,2026-02-15,Nails,Pedicure,PRV0010,62.56,1,1.37,12.24,73.43,completed,gift_card
OL00001190,ORD0001163,APT0001163,CLT00058,BIZ006,2024-04-08,Nails,Pedicure,PRV0016,56.63,1,2.58,10.81,64.86,completed,apple_pay
OL00001191,ORD0001164,APT0001164,CLT00058,BIZ006,2024-04-26,Waxing,Lip & Chin Wax,PRV0016,19.89,1,0.0,3.98,23.87,completed,apple_pay
OL00001192,ORD0001166,APT0001166,CLT00058,BIZ006,2024-06-02,Nails,Nail Art Add-On,PRV0006,20.29,1,0.0,3.04,23.33,completed,gift_card
OL00001193,ORD0001167,APT0001167,CLT00058,BIZ006,2024-06-24,Nails,Nail Art Add-On,PRV0006,18.78,1,0.0,3.76,22.54,completed,debit_card
OL00001194,ORD0001168,APT0001168,CLT00058,BIZ006,2024-07-09,Waxing,Full Leg Wax,PRV0010,77.87,1,6.98,10.63,81.52,completed,apple_pay
OL00001195,ORD0001169,APT0001169,CLT00058,BIZ006,2024-08-06,Nails,Nail Art Add-On,PRV0009,18.61,1,0.0,3.35,21.96,completed,gift_card
OL00001196,ORD0001170,APT0001170,CLT00058,BIZ006,2024-08-20,Waxing,Full Leg Wax,PRV0019,72.39,1,0.0,14.48,86.87,completed,google_pay
OL00001197,ORD0001171,APT0001171,CLT00058,BIZ006,2024-09-14,Nails,Pedicure,PRV0001,57.35,1,0.0,0.0,57.35,completed,apple_pay
OL00001198,ORD0001172,APT0001172,CLT00058,BIZ006,2024-10-04,Nails,Nail Art Add-On,PRV0007,21.54,1,0.0,0.0,21.54,completed,cash
OL00001199,ORD0001173,APT0001173,CLT00058,BIZ006,2024-10-18,Nails,Pedicure,PRV0012,59.53,1,0.0,0.0,59.53,completed,debit_card
OL00001200,ORD0001174,APT0001174,CLT00058,BIZ006,2024-11-02,Nails,Manicure,PRV0020,36.04,1,0.0,6.49,42.53,completed,apple_pay
OL00001201,ORD0001175,APT0001175,CLT00058,BIZ006,2024-11-25,Nails,Gel Manicure,PRV0002,47.52,1,0.0,7.13,54.65,completed,google_pay
OL00001202,ORD0001176,APT0001176,CLT00058,BIZ006,2024-12-13,Nails,Nail Art Add-On,PRV0003,22.18,1,0.47,3.91,25.62,completed,credit_card
OL00001203,ORD0001177,APT0001177,CLT00058,BIZ006,2025-01-06,Nails,Pedicure,PRV0001,53.66,1,0.0,9.66,63.32,completed,gift_card
OL00001204,ORD0001178,APT0001178,CLT00058,BIZ006,2025-01-20,Nails,Manicure,PRV0016,33.34,1,0.0,0.0,33.34,completed,credit_card
OL00001205,ORD0001180,APT0001180,CLT00058,BIZ006,2025-03-12,Waxing,Lip & Chin Wax,PRV0020,18.58,1,0.0,0.0,18.58,completed,debit_card
OL00001206,ORD0001181,APT0001181,CLT00058,BIZ006,2025-04-09,Nails,Manicure,PRV0017,39.66,1,2.47,6.69,43.88,completed,credit_card
OL00001207,ORD0001182,APT0001182,CLT00058,BIZ006,2025-04-25,Waxing,Full Leg Wax,PRV0006,79.7,1,0.0,11.96,91.66,completed,cash
OL00001208,ORD0001183,APT0001183,CLT00058,BIZ006,2025-05-18,Nails,Pedicure,PRV0010,60.36,1,0.0,10.86,71.22,completed,debit_card
OL00001209,ORD0001184,APT0001184,CLT00058,BIZ006,2025-06-04,Waxing,Brow Wax & Shape,PRV0020,24.85,1,2.05,0.0,22.8,completed,apple_pay
OL00001210,ORD0001185,APT0001185,CLT00058,BIZ006,2025-06-20,Waxing,Lip & Chin Wax,PRV0019,19.73,1,0.0,3.55,23.28,completed,credit_card
OL00001211,ORD0001186,APT0001186,CLT00058,BIZ006,2025-07-05,Nails,Pedicure,PRV0014,57.06,1,0.0,8.56,65.62,completed,debit_card
OL00001212,ORD0001187,APT0001187,CLT00058,BIZ006,2025-08-01,Nails,Manicure,PRV0005,39.64,1,0.0,5.95,45.59,completed,debit_card
OL00001213,ORD0001188,APT0001188,CLT00058,BIZ006,2025-08-18,Waxing,Full Leg Wax,PRV0015,75.59,1,0.0,0.0,75.59,completed,debit_card
OL00001214,ORD0001189,APT0001189,CLT00058,BIZ006,2025-09-03,Nails,Pedicure,PRV0011,62.6,1,5.5,10.28,67.38,completed,credit_card
OL00001215,ORD0001191,APT0001191,CLT00058,BIZ006,2025-10-13,Waxing,Brazilian Wax,PRV0012,68.09,1,0.0,10.21,78.3,completed,apple_pay
OL00001216,ORD0001192,APT0001192,CLT00058,BIZ006,2025-11-09,Waxing,Full Leg Wax,PRV0009,75.64,1,4.2,14.29,85.73,completed,cash
OL00001217,ORD0001193,APT0001193,CLT00058,BIZ006,2025-12-05,Nails,Manicure,PRV0004,34.99,1,0.0,0.0,34.99,completed,debit_card
OL00001218,ORD0001195,APT0001195,CLT00059,BIZ007,2024-05-12,Hair,Haircut & Style,PRV0010,74.26,1,0.0,13.37,87.63,completed,debit_card
OL00001219,ORD0001196,APT0001196,CLT00059,BIZ007,2024-06-26,Waxing,Full Leg Wax,PRV0006,77.47,1,0.0,11.62,89.09,completed,google_pay
OL00001220,ORD0001197,APT0001197,CLT00059,BIZ007,2024-08-09,Waxing,Brazilian Wax,PRV0011,74.75,1,0.0,14.95,89.7,completed,cash
OL00001221,ORD0001198,APT0001198,CLT00059,BIZ007,2024-09-16,Waxing,Full Leg Wax,PRV0014,75.69,1,2.67,0.0,73.02,completed,debit_card
OL00001222,ORD0001199,APT0001199,CLT00059,BIZ007,2024-11-01,Hair,Balayage,PRV0013,221.41,1,0.0,33.21,254.62,completed,cash
OL00001223,ORD0001202,APT0001202,CLT00059,BIZ007,2025-03-06,Hair,Color - Highlights,PRV0006,159.04,1,0.0,0.0,159.04,completed,cash
OL00001224,ORD0001203,APT0001203,CLT00059,BIZ007,2025-04-13,Waxing,Lip & Chin Wax,PRV0008,18.99,1,0.0,3.42,22.41,completed,google_pay
OL00001225,ORD0001204,APT0001204,CLT00059,BIZ007,2025-06-01,Waxing,Brazilian Wax,PRV0007,63.16,1,3.03,9.02,69.15,completed,debit_card
OL00001226,ORD0001205,APT0001205,CLT00059,BIZ007,2025-07-14,Hair,Root Touch-Up,PRV0019,95.88,1,0.0,14.38,110.26,completed,credit_card
OL00001227,ORD0001206,APT0001206,CLT00059,BIZ007,2025-08-22,Hair,Balayage,PRV0001,223.7,1,0.0,44.74,268.44,completed,cash
OL00001228,ORD0001208,APT0001208,CLT00059,BIZ007,2025-11-30,Hair,Color - Single Process,PRV0005,101.3,1,0.0,0.0,101.3,completed,cash
OL00001229,ORD0001209,APT0001209,CLT00059,BIZ007,2026-01-07,Waxing,Brow Wax & Shape,PRV0009,25.84,1,0.31,5.11,30.64,completed,apple_pay
OL00001230,ORD0001210,APT0001210,CLT00059,BIZ007,2026-02-23,Hair,Keratin Treatment,PRV0001,259.36,1,0.0,38.9,298.26,completed,credit_card
OL00001231,ORD0001211,APT0001211,CLT00060,BIZ004,2024-04-12,Hair,Haircut & Style,PRV0019,71.36,1,0.0,10.7,82.06,completed,cash
OL00001232,ORD0001212,APT0001212,CLT00060,BIZ004,2024-05-24,Hair,Blowout,PRV0009,52.36,1,0.0,0.0,52.36,completed,credit_card
OL00001233,ORD0001213,APT0001213,CLT00060,BIZ004,2024-07-02,Hair,Haircut & Style,PRV0006,63.12,1,0.0,11.36,74.48,completed,cash
OL00001234,ORD0001214,APT0001214,CLT00060,BIZ004,2024-08-18,Hair,Color - Highlights,PRV0006,174.9,1,0.0,34.98,209.88,completed,gift_card
OL00001235,ORD0001215,APT0001215,CLT00060,BIZ004,2024-10-01,Hair,Root Touch-Up,PRV0020,77.04,1,0.0,11.56,88.6,completed,credit_card
OL00001236,ORD0001216,APT0001216,CLT00060,BIZ004,2024-11-11,Hair,Haircut & Style,PRV0006,67.92,1,0.0,12.23,80.15,completed,apple_pay
OL00001237,ORD0001217,APT0001217,CLT00060,BIZ004,2025-01-01,Hair,Haircut & Style,PRV0018,67.16,1,0.0,12.09,79.25,completed,google_pay
OL00001238,ORD0001218,APT0001218,CLT00060,BIZ004,2025-02-10,Hair,Color - Highlights,PRV0020,151.31,1,12.6,0.0,138.71,completed,credit_card
OL00001239,ORD0001219,APT0001219,CLT00060,BIZ004,2025-04-02,Hair,Root Touch-Up,PRV0020,97.72,1,0.0,17.59,115.31,completed,credit_card
OL00001240,ORD0001220,APT0001220,CLT00060,BIZ004,2025-05-23,Hair,Color - Single Process,PRV0006,100.2,1,0.0,18.04,118.24,completed,credit_card
OL00001241,ORD0001221,APT0001221,CLT00060,BIZ004,2025-07-01,Hair,Color - Highlights,PRV0009,168.94,1,0.0,30.41,199.35,completed,google_pay
OL00001242,ORD0001224,APT0001224,CLT00060,BIZ004,2025-11-14,Hair,Keratin Treatment,PRV0015,257.5,1,0.0,38.62,296.12,completed,google_pay
OL00001243,ORD0001225,APT0001225,CLT00060,BIZ004,2025-12-29,Hair,Root Touch-Up,PRV0013,88.1,1,0.0,15.86,103.96,completed,debit_card
OL00001244,ORD0001226,APT0001226,CLT00060,BIZ004,2026-02-11,Hair,Balayage,PRV0019,235.88,1,0.0,35.38,271.26,completed,cash
OL00001245,ORD0001228,APT0001228,CLT00061,BIZ002,2024-06-02,Hair,Color - Single Process,PRV0017,106.15,1,0.0,0.0,106.15,completed,google_pay
OL00001246,ORD0001231,APT0001231,CLT00061,BIZ002,2024-09-18,Hair,Haircut & Style,PRV0010,65.38,1,0.0,13.08,78.46,completed,apple_pay
OL00001247,ORD0001232,APT0001232,CLT00061,BIZ002,2024-10-26,Skin,LED Light Therapy,PRV0007,93.61,1,1.22,18.48,110.87,completed,apple_pay
OL00001248,ORD0001233,APT0001233,CLT00061,BIZ002,2024-12-06,Hair,Root Touch-Up,PRV0014,91.39,1,3.62,13.17,100.94,completed,cash
OL00001249,ORD0001234,APT0001234,CLT00061,BIZ002,2025-01-03,Hair,Color - Single Process,PRV0006,103.81,1,0.0,25.95,129.76,completed,google_pay
OL00001250,ORD0001235,APT0001235,CLT00061,BIZ002,2025-02-02,Hair,Blowout,PRV0011,45.84,1,0.36,6.82,52.3,completed,credit_card
OL00001251,ORD0001236,APT0001236,CLT00061,BIZ002,2025-03-12,Skin,Chemical Peel,PRV0002,158.07,1,0.0,0.0,158.07,completed,google_pay
OL00001252,ORD0001237,APT0001237,CLT00061,BIZ002,2025-04-18,Hair,Blowout,PRV0003,52.22,1,0.0,7.83,60.05,completed,credit_card
OL00001253,ORD0001238,APT0001238,CLT00061,BIZ002,2025-05-27,Hair,Blowout,PRV0014,46.84,1,0.77,6.91,52.98,completed,apple_pay
OL00001254,ORD0001239,APT0001239,CLT00061,BIZ002,2025-06-26,Skin,Microdermabrasion,PRV0018,131.99,1,0.0,26.4,158.39,completed,debit_card
OL00001255,ORD0001240,APT0001240,CLT00061,BIZ002,2025-08-02,Hair,Color - Highlights,PRV0018,169.27,1,0.0,25.39,194.66,completed,apple_pay
OL00001256,ORD0001241,APT0001241,CLT00061,BIZ002,2025-08-31,Skin,Classic Facial,PRV0010,93.54,1,1.84,18.34,110.04,completed,credit_card
OL00001257,ORD0001242,APT0001242,CLT00061,BIZ002,2025-09-29,Skin,Deep Cleansing Facial,PRV0018,130.96,1,0.0,23.57,154.53,completed,cash
OL00001258,ORD0001243,APT0001243,CLT00061,BIZ002,2025-10-27,Skin,Microdermabrasion,PRV0010,132.9,1,11.53,21.85,143.22,completed,google_pay
OL00001259,ORD0001244,APT0001244,CLT00061,BIZ002,2025-12-04,Skin,Classic Facial,PRV0003,104.12,1,0.0,20.82,124.94,completed,apple_pay
OL00001260,ORD0001245,APT0001245,CLT00061,BIZ002,2026-01-13,Hair,Balayage,PRV0011,225.67,1,14.08,31.74,243.33,completed,debit_card
OL00001261,ORD0001247,APT0001247,CLT00061,BIZ002,2026-03-19,Hair,Keratin Treatment,PRV0009,264.99,1,0.0,39.75,304.74,completed,apple_pay
OL00001262,ORD0001248,APT0001248,CLT00062,BIZ009,2024-06-04,Nails,Manicure,PRV0001,33.61,1,0.0,0.0,33.61,completed,google_pay
OL00001263,ORD0001249,APT0001249,CLT00062,BIZ009,2024-09-03,Nails,Nail Art Add-On,PRV0019,20.57,1,1.82,3.38,22.13,completed,credit_card
OL00001264,ORD0001250,APT0001250,CLT00062,BIZ009,2024-12-08,Nails,Gel Manicure,PRV0009,53.51,1,0.0,8.03,61.54,completed,credit_card
OL00001265,ORD0001251,APT0001251,CLT00062,BIZ009,2025-03-04,Nails,Gel Manicure,PRV0019,47.03,1,0.0,8.47,55.5,completed,credit_card
OL00001266,ORD0001252,APT0001252,CLT00062,BIZ009,2025-06-03,Hair,Haircut & Style,PRV0013,73.84,1,0.0,18.46,92.3,completed,cash
OL00001267,ORD0001253,APT0001253,CLT00062,BIZ009,2025-09-07,Hair,Balayage,PRV0004,242.89,1,5.59,47.46,284.76,completed,credit_card
OL00001268,ORD0001254,APT0001254,CLT00062,BIZ009,2025-11-29,Hair,Balayage,PRV0002,225.94,1,0.0,40.67,266.61,completed,cash
OL00001269,ORD0001255,APT0001255,CLT00062,BIZ009,2026-02-26,Nails,Dip Powder Nails,PRV0012,71.45,1,0.0,14.29,85.74,completed,debit_card
OL00001270,ORD0001257,APT0001257,CLT00063,BIZ010,2024-05-13,Nails,Gel Manicure,PRV0011,56.29,1,2.44,10.77,64.62,completed,google_pay
OL00001271,ORD0001259,APT0001259,CLT00063,BIZ010,2024-07-02,Hair,Balayage,PRV0001,227.79,1,13.99,42.76,256.56,completed,cash
OL00001272,ORD0001260,APT0001260,CLT00063,BIZ010,2024-07-22,Nails,Nail Art Add-On,PRV0018,20.15,1,0.0,3.02,23.17,completed,debit_card
OL00001273,ORD0001261,APT0001261,CLT00063,BIZ010,2024-08-09,Nails,Nail Art Add-On,PRV0013,20.3,1,0.48,2.97,22.79,completed,cash
OL00001274,ORD0001262,APT0001262,CLT00063,BIZ010,2024-08-28,Hair,Blowout,PRV0012,49.64,1,0.0,0.0,49.64,completed,google_pay
OL00001275,ORD0001263,APT0001263,CLT00063,BIZ010,2024-09-14,Hair,Keratin Treatment,PRV0005,312.35,1,27.52,56.97,341.8,completed,apple_pay
OL00001276,ORD0001264,APT0001264,CLT00063,BIZ010,2024-09-30,Nails,Nail Art Add-On,PRV0001,22.89,1,0.0,0.0,22.89,completed,cash
OL00001277,ORD0001265,APT0001265,CLT00063,BIZ010,2024-10-24,Nails,Pedicure,PRV0017,62.86,1,3.06,8.97,68.77,completed,credit_card
OL00001278,ORD0001266,APT0001266,CLT00063,BIZ010,2024-11-15,Hair,Blowout,PRV0018,46.81,1,3.34,6.52,49.99,completed,debit_card
OL00001279,ORD0001267,APT0001267,CLT00063,BIZ010,2024-12-12,Nails,Gel Manicure,PRV0017,45.93,1,3.25,10.67,53.35,completed,apple_pay
OL00001280,ORD0001268,APT0001268,CLT00063,BIZ010,2025-01-07,Nails,Gel Manicure,PRV0010,51.08,1,0.0,7.66,58.74,completed,cash
OL00001281,ORD0001269,APT0001269,CLT00063,BIZ010,2025-02-02,Hair,Haircut & Style,PRV0001,58.79,1,0.0,0.0,58.79,completed,google_pay
OL00001282,ORD0001270,APT0001270,CLT00063,BIZ010,2025-02-28,Hair,Balayage,PRV0006,243.5,1,0.0,48.7,292.2,completed,debit_card
OL00001283,ORD0001271,APT0001271,CLT00063,BIZ010,2025-03-20,Hair,Keratin Treatment,PRV0002,280.88,1,0.0,56.18,337.06,completed,cash
OL00001284,ORD0001272,APT0001272,CLT00063,BIZ010,2025-04-07,Hair,Color - Single Process,PRV0005,100.99,1,0.0,18.18,119.17,completed,apple_pay
OL00001285,ORD0001274,APT0001274,CLT00063,BIZ010,2025-05-24,Nails,Manicure,PRV0011,35.24,1,0.0,0.0,35.24,completed,apple_pay
OL00001286,ORD0001275,APT0001275,CLT00063,BIZ010,2025-06-07,Hair,Root Touch-Up,PRV0007,77.2,1,3.32,11.08,84.96,completed,credit_card
OL00001287,ORD0001276,APT0001276,CLT00063,BIZ010,2025-07-03,Hair,Blowout,PRV0018,53.74,1,0.0,9.67,63.41,completed,cash
OL00001288,ORD0001277,APT0001277,CLT00063,BIZ010,2025-07-25,Nails,Dip Powder Nails,PRV0005,62.68,1,0.0,12.54,75.22,completed,google_pay
OL00001289,ORD0001278,APT0001278,CLT00063,BIZ010,2025-08-17,Hair,Keratin Treatment,PRV0007,303.25,1,27.34,49.66,325.57,completed,credit_card
OL00001290,ORD0001279,APT0001279,CLT00063,BIZ010,2025-09-01,Hair,Color - Highlights,PRV0008,151.33,1,0.0,22.7,174.03,completed,gift_card
OL00001291,ORD0001280,APT0001280,CLT00063,BIZ010,2025-09-25,Nails,Dip Powder Nails,PRV0005,67.11,1,0.0,10.07,77.18,completed,cash
OL00001292,ORD0001281,APT0001281,CLT00063,BIZ010,2025-10-12,Nails,Manicure,PRV0009,39.65,1,0.0,7.14,46.79,completed,debit_card
OL00001293,ORD0001282,APT0001282,CLT00063,BIZ010,2025-11-05,Nails,Pedicure,PRV0005,50.15,1,0.0,7.52,57.67,completed,google_pay
OL00001294,ORD0001283,APT0001283,CLT00063,BIZ010,2025-11-24,Nails,Manicure,PRV0003,39.91,1,2.25,6.78,44.44,completed,credit_card
OL00001295,ORD0001284,APT0001284,CLT00063,BIZ010,2025-12-22,Hair,Keratin Treatment,PRV0002,290.74,1,0.0,0.0,290.74,completed,cash
OL00001296,ORD0001286,APT0001286,CLT00063,BIZ010,2026-01-31,Hair,Color - Single Process,PRV0002,103.63,1,7.43,14.43,110.63,completed,debit_card
OL00001297,ORD0001287,APT0001287,CLT00063,BIZ010,2026-02-28,Nails,Gel Manicure,PRV0003,47.28,1,0.0,9.46,56.74,completed,cash
OL00001298,ORD0001288,APT0001288,CLT00064,BIZ010,2024-04-20,Skin,Chemical Peel,PRV0015,142.82,1,0.0,0.0,142.82,completed,google_pay
OL00001299,ORD0001288,APT0001288,CLT00064,BIZ010,2024-04-20,Nails,Dip Powder Nails,PRV0015,66.33,1,0.0,9.95,76.28,completed,google_pay
OL00001300,ORD0001289,APT0001289,CLT00064,BIZ010,2024-05-29,Skin,Chemical Peel,PRV0008,132.25,1,0.0,19.84,152.09,completed,gift_card
OL00001301,ORD0001290,APT0001290,CLT00064,BIZ010,2024-07-09,Nails,Manicure,PRV0009,32.6,1,0.7,0.0,31.9,completed,cash
OL00001302,ORD0001292,APT0001292,CLT00064,BIZ010,2024-09-11,Skin,LED Light Therapy,PRV0019,79.61,1,0.0,0.0,79.61,completed,credit_card
OL00001303,ORD0001293,APT0001293,CLT00064,BIZ010,2024-10-10,Nails,Nail Art Add-On,PRV0019,22.71,1,0.0,4.09,26.8,completed,credit_card
OL00001304,ORD0001294,APT0001294,CLT00064,BIZ010,2024-11-12,Nails,Dip Powder Nails,PRV0017,69.78,1,6.21,9.54,73.11,completed,debit_card
OL00001305,ORD0001295,APT0001295,CLT00064,BIZ010,2024-12-11,Nails,Gel Manicure,PRV0001,49.91,1,0.0,9.98,59.89,completed,debit_card
OL00001306,ORD0001295,APT0001295,CLT00064,BIZ010,2024-12-11,Waxing,Brow Wax & Shape,PRV0001,24.29,1,0.0,4.37,28.66,completed,credit_card
OL00001307,ORD0001296,APT0001296,CLT00064,BIZ010,2025-01-08,Skin,Microdermabrasion,PRV0013,126.29,1,0.0,18.94,145.23,completed,cash
OL00001308,ORD0001296,APT0001296,CLT00064,BIZ010,2025-01-08,Nails,Pedicure,PRV0013,55.89,1,0.0,8.38,64.27,completed,debit_card
OL00001309,ORD0001297,APT0001297,CLT00064,BIZ010,2025-02-19,Skin,Chemical Peel,PRV0019,153.81,1,0.0,30.76,184.57,completed,credit_card
OL00001310,ORD0001297,APT0001297,CLT00064,BIZ010,2025-02-19,Nails,Manicure,PRV0019,35.48,1,0.0,7.1,42.58,completed,cash
OL00001311,ORD0001299,APT0001299,CLT00064,BIZ010,2025-05-09,Skin,Chemical Peel,PRV0019,159.14,1,0.0,23.87,183.01,completed,cash
OL00001312,ORD0001300,APT0001300,CLT00064,BIZ010,2025-06-18,Skin,Deep Cleansing Facial,PRV0006,109.39,1,0.0,16.41,125.8,completed,gift_card
OL00001313,ORD0001301,APT0001301,CLT00064,BIZ010,2025-07-22,Skin,Classic Facial,PRV0017,87.35,1,0.0,15.72,103.07,completed,credit_card
OL00001314,ORD0001302,APT0001302,CLT00064,BIZ010,2025-09-01,Skin,Classic Facial,PRV0008,85.65,1,6.0,0.0,79.65,completed,gift_card
OL00001315,ORD0001303,APT0001303,CLT00064,BIZ010,2025-10-01,Skin,Classic Facial,PRV0001,98.93,1,0.0,19.79,118.72,completed,cash
OL00001316,ORD0001304,APT0001304,CLT00064,BIZ010,2025-10-29,Nails,Gel Manicure,PRV0019,53.63,1,0.0,9.65,63.28,completed,credit_card
OL00001317,ORD0001304,APT0001304,CLT00064,BIZ010,2025-10-29,Waxing,Brow Wax & Shape,PRV0019,25.52,1,0.0,4.59,30.11,completed,debit_card
OL00001318,ORD0001305,APT0001305,CLT00064,BIZ010,2025-11-26,Nails,Nail Art Add-On,PRV0018,21.04,1,1.91,3.44,22.57,completed,debit_card
OL00001319,ORD0001306,APT0001306,CLT00064,BIZ010,2026-01-06,Nails,Gel Manicure,PRV0017,47.1,1,0.0,0.0,47.1,completed,credit_card
OL00001320,ORD0001306,APT0001306,CLT00064,BIZ010,2026-01-06,Waxing,Full Leg Wax,PRV0017,75.86,1,0.0,11.38,87.24,completed,gift_card
OL00001321,ORD0001307,APT0001307,CLT00064,BIZ010,2026-02-08,Skin,Deep Cleansing Facial,PRV0009,122.62,1,0.0,18.39,141.01,completed,debit_card
OL00001322,ORD0001308,APT0001308,CLT00065,BIZ003,2024-05-13,Skin,Classic Facial,PRV0005,105.74,1,4.64,15.16,116.26,completed,debit_card
OL00001323,ORD0001309,APT0001309,CLT00065,BIZ003,2024-07-01,Skin,Deep Cleansing Facial,PRV0014,134.59,1,0.0,20.19,154.78,completed,credit_card
OL00001324,ORD0001310,APT0001310,CLT00065,BIZ003,2024-08-11,Skin,Chemical Peel,PRV0015,144.92,1,0.0,26.09,171.01,completed,debit_card
OL00001325,ORD0001311,APT0001311,CLT00065,BIZ003,2024-09-29,Skin,Classic Facial,PRV0014,96.65,1,0.0,17.4,114.05,completed,debit_card
OL00001326,ORD0001312,APT0001312,CLT00065,BIZ003,2024-11-15,Skin,Classic Facial,PRV0003,94.69,1,5.37,17.86,107.18,completed,debit_card
OL00001327,ORD0001313,APT0001313,CLT00065,BIZ003,2025-01-01,Skin,Microdermabrasion,PRV0018,148.49,1,0.0,37.12,185.61,completed,google_pay
OL00001328,ORD0001314,APT0001314,CLT00065,BIZ003,2025-02-13,Hair,Root Touch-Up,PRV0005,88.62,1,0.0,13.29,101.91,completed,credit_card
OL00001329,ORD0001315,APT0001315,CLT00065,BIZ003,2025-03-29,Hair,Keratin Treatment,PRV0002,313.87,1,0.0,0.0,313.87,completed,apple_pay
OL00001330,ORD0001316,APT0001316,CLT00065,BIZ003,2025-05-07,Skin,Deep Cleansing Facial,PRV0006,113.69,1,0.0,17.05,130.74,completed,google_pay
OL00001331,ORD0001317,APT0001317,CLT00065,BIZ003,2025-06-15,Skin,Classic Facial,PRV0005,107.84,1,0.0,16.18,124.02,completed,gift_card
OL00001332,ORD0001318,APT0001318,CLT00065,BIZ003,2025-08-03,Skin,Classic Facial,PRV0020,87.83,1,0.0,13.17,101.0,completed,gift_card
OL00001333,ORD0001319,APT0001319,CLT00065,BIZ003,2025-09-18,Skin,Chemical Peel,PRV0009,137.79,1,0.0,20.67,158.46,completed,debit_card
OL00001334,ORD0001320,APT0001320,CLT00065,BIZ003,2025-11-08,Hair,Blowout,PRV0012,47.95,1,0.0,9.59,57.54,completed,credit_card
OL00001335,ORD0001321,APT0001321,CLT00066,BIZ005,2024-04-27,Hair,Blowout,PRV0007,57.09,1,0.0,10.28,67.37,completed,apple_pay
OL00001336,ORD0001321,APT0001321,CLT00066,BIZ005,2024-04-27,Nails,Nail Art Add-On,PRV0007,20.55,1,0.0,4.11,24.66,completed,credit_card
OL00001337,ORD0001322,APT0001322,CLT00066,BIZ005,2024-05-16,Hair,Color - Single Process,PRV0010,99.61,1,0.0,0.0,99.61,completed,apple_pay
OL00001338,ORD0001324,APT0001324,CLT00066,BIZ005,2024-06-24,Hair,Blowout,PRV0001,55.88,1,0.0,8.38,64.26,completed,gift_card
OL00001339,ORD0001325,APT0001325,CLT00066,BIZ005,2024-07-18,Hair,Color - Highlights,PRV0009,172.57,1,0.0,34.51,207.08,completed,google_pay
OL00001340,ORD0001326,APT0001326,CLT00066,BIZ005,2024-08-10,Hair,Root Touch-Up,PRV0019,81.18,1,0.0,12.18,93.36,completed,gift_card
OL00001341,ORD0001327,APT0001327,CLT00066,BIZ005,2024-09-04,Hair,Keratin Treatment,PRV0006,311.57,1,22.74,43.32,332.15,completed,cash
OL00001342,ORD0001327,APT0001327,CLT00066,BIZ005,2024-09-04,Nails,Pedicure,PRV0006,53.4,1,0.0,9.61,63.01,completed,gift_card
OL00001343,ORD0001328,APT0001328,CLT00066,BIZ005,2024-10-02,Hair,Blowout,PRV0009,45.61,1,0.0,8.21,53.82,completed,debit_card
OL00001344,ORD0001329,APT0001329,CLT00066,BIZ005,2024-10-22,Hair,Balayage,PRV0015,222.91,1,0.0,33.44,256.35,completed,apple_pay
OL00001345,ORD0001331,APT0001331,CLT00066,BIZ005,2024-12-12,Hair,Haircut & Style,PRV0002,73.46,1,0.0,13.22,86.68,completed,gift_card
OL00001346,ORD0001331,APT0001331,CLT00066,BIZ005,2024-12-12,Nails,Gel Manicure,PRV0002,48.43,1,0.0,9.69,58.12,completed,gift_card
OL00001347,ORD0001332,APT0001332,CLT00066,BIZ005,2025-01-02,Hair,Haircut & Style,PRV0007,67.1,1,0.0,0.0,67.1,completed,debit_card
OL00001348,ORD0001333,APT0001333,CLT00066,BIZ005,2025-01-29,Hair,Haircut & Style,PRV0017,61.36,1,0.0,11.04,72.4,completed,debit_card
OL00001349,ORD0001334,APT0001334,CLT00066,BIZ005,2025-02-17,Hair,Root Touch-Up,PRV0007,79.65,1,5.52,14.83,88.96,completed,debit_card
OL00001350,ORD0001335,APT0001335,CLT00066,BIZ005,2025-03-07,Hair,Keratin Treatment,PRV0016,301.25,1,0.0,45.19,346.44,completed,google_pay
OL00001351,ORD0001335,APT0001335,CLT00066,BIZ005,2025-03-07,Nails,Gel Manicure,PRV0016,52.36,1,0.0,10.47,62.83,completed,google_pay
OL00001352,ORD0001336,APT0001336,CLT00066,BIZ005,2025-04-01,Hair,Haircut & Style,PRV0013,66.59,1,0.0,13.32,79.91,completed,debit_card
OL00001353,ORD0001338,APT0001338,CLT00066,BIZ005,2025-05-04,Hair,Keratin Treatment,PRV0016,310.96,1,0.0,55.97,366.93,completed,apple_pay
OL00001354,ORD0001339,APT0001339,CLT00066,BIZ005,2025-05-24,Hair,Color - Single Process,PRV0007,126.01,1,0.0,0.0,126.01,completed,debit_card
OL00001355,ORD0001340,APT0001340,CLT00066,BIZ005,2025-06-14,Hair,Balayage,PRV0012,252.47,1,0.0,45.44,297.91,completed,gift_card
OL00001356,ORD0001341,APT0001341,CLT00066,BIZ005,2025-07-06,Hair,Color - Single Process,PRV0006,126.3,1,0.0,18.95,145.25,completed,credit_card
OL00001357,ORD0001342,APT0001342,CLT00066,BIZ005,2025-07-30,Hair,Root Touch-Up,PRV0003,87.8,1,0.0,15.8,103.6,completed,google_pay
OL00001358,ORD0001342,APT0001342,CLT00066,BIZ005,2025-07-30,Nails,Pedicure,PRV0003,52.28,1,0.0,9.41,61.69,completed,debit_card
OL00001359,ORD0001343,APT0001343,CLT00066,BIZ005,2025-08-26,Hair,Root Touch-Up,PRV0003,92.96,1,6.15,15.63,102.44,completed,apple_pay
OL00001360,ORD0001344,APT0001344,CLT00066,BIZ005,2025-09-14,Hair,Keratin Treatment,PRV0003,297.72,1,0.0,0.0,297.72,completed,apple_pay
OL00001361,ORD0001344,APT0001344,CLT00066,BIZ005,2025-09-14,Nails,Manicure,PRV0003,36.05,1,0.0,0.0,36.05,completed,apple_pay
OL00001362,ORD0001345,APT0001345,CLT00066,BIZ005,2025-10-11,Hair,Blowout,PRV0011,48.4,1,0.0,8.71,57.11,completed,cash
OL00001363,ORD0001346,APT0001346,CLT00066,BIZ005,2025-11-05,Hair,Keratin Treatment,PRV0002,302.74,1,0.0,0.0,302.74,completed,debit_card
OL00001364,ORD0001351,APT0001351,CLT00066,BIZ005,2026-02-11,Hair,Blowout,PRV0018,49.41,1,0.0,9.88,59.29,completed,gift_card
OL00001365,ORD0001352,APT0001352,CLT00067,BIZ002,2024-05-03,Massage,Deep Tissue 60min,PRV0019,123.5,1,4.31,23.84,143.03,completed,apple_pay
OL00001366,ORD0001353,APT0001353,CLT00067,BIZ002,2024-06-13,Massage,Prenatal Massage,PRV0001,110.57,1,0.0,16.59,127.16,completed,apple_pay
OL00001367,ORD0001354,APT0001354,CLT00067,BIZ002,2024-07-25,Massage,Prenatal Massage,PRV0010,110.54,1,0.0,22.11,132.65,completed,google_pay
OL00001368,ORD0001355,APT0001355,CLT00067,BIZ002,2024-09-06,Nails,Gel Manicure,PRV0012,53.74,1,0.0,0.0,53.74,completed,gift_card
OL00001369,ORD0001356,APT0001356,CLT00067,BIZ002,2024-10-20,Massage,Hot Stone Massage,PRV0003,156.9,1,0.0,23.54,180.44,completed,cash
OL00001370,ORD0001357,APT0001357,CLT00067,BIZ002,2024-12-09,Massage,Deep Tissue 60min,PRV0001,124.0,1,6.56,21.14,138.58,completed,gift_card
OL00001371,ORD0001358,APT0001358,CLT00067,BIZ002,2025-01-26,Nails,Dip Powder Nails,PRV0017,72.31,1,0.0,14.46,86.77,completed,cash
OL00001372,ORD0001359,APT0001359,CLT00067,BIZ002,2025-03-06,Massage,Hot Stone Massage,PRV0010,152.38,1,0.0,30.48,182.86,completed,apple_pay
OL00001373,ORD0001360,APT0001360,CLT00067,BIZ002,2025-04-22,Nails,Gel Manicure,PRV0013,56.6,1,0.0,11.32,67.92,completed,debit_card
OL00001374,ORD0001361,APT0001361,CLT00067,BIZ002,2025-05-31,Massage,Hot Stone Massage,PRV0014,126.6,1,0.0,25.32,151.92,completed,gift_card
OL00001375,ORD0001362,APT0001362,CLT00067,BIZ002,2025-07-11,Nails,Pedicure,PRV0005,59.44,1,0.0,8.92,68.36,completed,cash
OL00001376,ORD0001363,APT0001363,CLT00067,BIZ002,2025-08-22,Massage,Swedish Massage 60min,PRV0005,118.01,1,5.65,0.0,112.36,completed,apple_pay
OL00001377,ORD0001364,APT0001364,CLT00067,BIZ002,2025-10-10,Massage,Hot Stone Massage,PRV0011,154.01,1,11.98,0.0,142.03,completed,credit_card
OL00001378,ORD0001365,APT0001365,CLT00067,BIZ002,2025-11-28,Nails,Gel Manicure,PRV0003,54.04,1,0.0,0.0,54.04,completed,credit_card
OL00001379,ORD0001366,APT0001366,CLT00067,BIZ002,2026-01-19,Nails,Gel Manicure,PRV0011,55.8,1,0.0,10.04,65.84,completed,debit_card
OL00001380,ORD0001367,APT0001367,CLT00067,BIZ002,2026-03-12,Massage,Hot Stone Massage,PRV0003,147.33,1,0.0,22.1,169.43,completed,apple_pay
OL00001381,ORD0001368,APT0001368,CLT00068,BIZ004,2024-05-22,Skin,Classic Facial,PRV0014,107.65,1,0.0,0.0,107.65,completed,debit_card
OL00001382,ORD0001369,APT0001369,CLT00068,BIZ004,2024-07-15,Hair,Color - Highlights,PRV0004,160.93,1,0.0,28.97,189.9,completed,google_pay
OL00001383,ORD0001370,APT0001370,CLT00068,BIZ004,2024-09-07,Skin,LED Light Therapy,PRV0019,84.61,1,0.0,0.0,84.61,completed,gift_card
OL00001384,ORD0001371,APT0001371,CLT00068,BIZ004,2024-11-02,Hair,Balayage,PRV0015,208.36,1,4.33,30.6,234.63,completed,debit_card
OL00001385,ORD0001372,APT0001372,CLT00068,BIZ004,2024-12-31,Hair,Keratin Treatment,PRV0006,289.4,1,0.0,43.41,332.81,completed,debit_card
OL00001386,ORD0001373,APT0001373,CLT00068,BIZ004,2025-02-28,Skin,Chemical Peel,PRV0007,149.36,1,11.85,0.0,137.51,completed,credit_card
OL00001387,ORD0001374,APT0001374,CLT00068,BIZ004,2025-04-27,Hair,Color - Highlights,PRV0001,149.41,1,6.1,21.5,164.81,completed,gift_card
OL00001388,ORD0001375,APT0001375,CLT00068,BIZ004,2025-06-30,Hair,Balayage,PRV0015,205.81,1,0.0,37.05,242.86,completed,apple_pay
OL00001389,ORD0001377,APT0001377,CLT00068,BIZ004,2025-10-21,Hair,Balayage,PRV0008,209.92,1,0.0,52.48,262.4,completed,debit_card
OL00001390,ORD0001378,APT0001378,CLT00068,BIZ004,2025-12-17,Hair,Color - Single Process,PRV0003,118.74,1,0.0,21.37,140.11,completed,debit_card
OL00001391,ORD0001379,APT0001379,CLT00068,BIZ004,2026-02-16,Skin,Classic Facial,PRV0018,102.83,1,0.0,20.57,123.4,completed,google_pay
OL00001392,ORD0001381,APT0001381,CLT00069,BIZ007,2024-06-13,Hair,Color - Highlights,PRV0011,150.15,1,0.0,30.03,180.18,completed,apple_pay
OL00001393,ORD0001382,APT0001382,CLT00069,BIZ007,2024-07-30,Massage,Prenatal Massage,PRV0008,105.85,1,6.07,19.96,119.74,completed,debit_card
OL00001394,ORD0001384,APT0001384,CLT00069,BIZ007,2024-11-08,Massage,Swedish Massage 60min,PRV0002,107.01,1,6.73,15.04,115.32,completed,debit_card
OL00001395,ORD0001385,APT0001385,CLT00069,BIZ007,2024-12-25,Massage,Swedish Massage 60min,PRV0006,107.75,1,0.0,21.55,129.3,completed,google_pay
OL00001396,ORD0001386,APT0001386,CLT00069,BIZ007,2025-02-02,Hair,Color - Single Process,PRV0008,114.33,1,0.25,22.82,136.9,completed,debit_card
OL00001397,ORD0001387,APT0001387,CLT00069,BIZ007,2025-03-18,Hair,Haircut & Style,PRV0019,72.31,1,1.41,12.76,83.66,completed,gift_card
OL00001398,ORD0001388,APT0001388,CLT00069,BIZ007,2025-04-29,Hair,Color - Single Process,PRV0010,122.12,1,0.0,21.98,144.1,completed,apple_pay
OL00001399,ORD0001389,APT0001389,CLT00069,BIZ007,2025-06-19,Hair,Color - Highlights,PRV0020,180.1,1,0.0,0.0,180.1,completed,apple_pay
OL00001400,ORD0001390,APT0001390,CLT00069,BIZ007,2025-08-01,Hair,Root Touch-Up,PRV0013,89.99,1,0.0,18.0,107.99,completed,cash
OL00001401,ORD0001391,APT0001391,CLT00069,BIZ007,2025-09-15,Massage,Prenatal Massage,PRV0011,103.4,1,0.0,0.0,103.4,completed,google_pay
OL00001402,ORD0001392,APT0001392,CLT00069,BIZ007,2025-11-03,Hair,Blowout,PRV0001,52.16,1,0.0,0.0,52.16,completed,apple_pay
OL00001403,ORD0001393,APT0001393,CLT00069,BIZ007,2025-12-21,Hair,Haircut & Style,PRV0002,68.11,1,0.0,12.26,80.37,completed,cash
OL00001404,ORD0001394,APT0001394,CLT00069,BIZ007,2026-02-07,Massage,Deep Tissue 60min,PRV0006,135.08,1,0.0,33.77,168.85,completed,credit_card
OL00001405,ORD0001395,APT0001395,CLT00070,BIZ002,2024-05-02,Nails,Pedicure,PRV0009,56.85,1,0.0,10.23,67.08,completed,debit_card
OL00001406,ORD0001396,APT0001396,CLT00070,BIZ002,2024-06-12,Nails,Manicure,PRV0012,35.97,1,0.0,0.0,35.97,completed,apple_pay
OL00001407,ORD0001397,APT0001397,CLT00070,BIZ002,2024-07-21,Nails,Dip Powder Nails,PRV0001,70.91,1,2.32,12.35,80.94,completed,credit_card
OL00001408,ORD0001398,APT0001398,CLT00070,BIZ002,2024-09-02,Massage,Hot Stone Massage,PRV0013,145.95,1,0.0,29.19,175.14,completed,google_pay
OL00001409,ORD0001399,APT0001399,CLT00070,BIZ002,2024-10-18,Massage,Deep Tissue 60min,PRV0010,135.9,1,0.0,0.0,135.9,completed,google_pay
OL00001410,ORD0001400,APT0001400,CLT00070,BIZ002,2024-12-05,Nails,Pedicure,PRV0014,51.96,1,0.09,9.34,61.21,completed,credit_card
OL00001411,ORD0001401,APT0001401,CLT00070,BIZ002,2025-01-22,Massage,Deep Tissue 60min,PRV0016,141.16,1,0.0,28.23,169.39,completed,credit_card
OL00001412,ORD0001402,APT0001402,CLT00070,BIZ002,2025-03-01,Nails,Dip Powder Nails,PRV0019,60.07,1,4.19,0.0,55.88,completed,cash
OL00001413,ORD0001403,APT0001403,CLT00070,BIZ002,2025-04-16,Nails,Manicure,PRV0006,32.05,1,0.0,0.0,32.05,completed,debit_card
OL00001414,ORD0001404,APT0001404,CLT00070,BIZ002,2025-06-02,Massage,Deep Tissue 60min,PRV0011,122.71,1,3.0,21.55,141.26,completed,debit_card
OL00001415,ORD0001405,APT0001405,CLT00070,BIZ002,2025-07-14,Nails,Gel Manicure,PRV0019,45.78,1,0.0,8.24,54.02,completed,google_pay
OL00001416,ORD0001406,APT0001406,CLT00070,BIZ002,2025-08-31,Nails,Dip Powder Nails,PRV0018,72.83,1,0.0,14.57,87.4,completed,gift_card
OL00001417,ORD0001407,APT0001407,CLT00070,BIZ002,2025-10-13,Nails,Pedicure,PRV0004,62.05,1,0.0,12.41,74.46,completed,debit_card
OL00001418,ORD0001408,APT0001408,CLT00070,BIZ002,2025-11-21,Massage,Prenatal Massage,PRV0001,104.22,1,0.0,20.84,125.06,completed,debit_card
OL00001419,ORD0001409,APT0001409,CLT00070,BIZ002,2026-01-04,Nails,Nail Art Add-On,PRV0012,20.31,1,0.0,4.06,24.37,completed,cash
OL00001420,ORD0001410,APT0001410,CLT00070,BIZ002,2026-02-17,Massage,Hot Stone Massage,PRV0016,139.5,1,0.0,20.93,160.43,completed,gift_card
OL00001421,ORD0001411,APT0001411,CLT00071,BIZ008,2024-04-29,Skin,Deep Cleansing Facial,PRV0014,121.82,1,0.0,0.0,121.82,completed,cash
OL00001422,ORD0001412,APT0001412,CLT00071,BIZ008,2024-06-16,Skin,LED Light Therapy,PRV0012,80.29,1,0.0,20.07,100.36,completed,gift_card
OL00001423,ORD0001413,APT0001413,CLT00071,BIZ008,2024-08-06,Skin,Microdermabrasion,PRV0006,145.27,1,0.0,0.0,145.27,completed,apple_pay
OL00001424,ORD0001414,APT0001414,CLT00071,BIZ008,2024-09-14,Skin,Deep Cleansing Facial,PRV0011,114.71,1,0.0,17.21,131.92,completed,gift_card
OL00001425,ORD0001415,APT0001415,CLT00071,BIZ008,2024-10-30,Skin,Microdermabrasion,PRV0015,137.39,1,8.48,19.34,148.25,completed,apple_pay
OL00001426,ORD0001416,APT0001416,CLT00071,BIZ008,2024-12-15,Skin,Microdermabrasion,PRV0018,131.86,1,0.0,23.73,155.59,completed,cash
OL00001427,ORD0001417,APT0001417,CLT00071,BIZ008,2025-02-05,Skin,LED Light Therapy,PRV0017,93.56,1,0.0,18.71,112.27,completed,credit_card
OL00001428,ORD0001418,APT0001418,CLT00071,BIZ008,2025-03-29,Skin,Microdermabrasion,PRV0007,140.82,1,0.0,25.35,166.17,completed,google_pay
OL00001429,ORD0001419,APT0001419,CLT00071,BIZ008,2025-05-16,Skin,LED Light Therapy,PRV0020,90.59,1,0.0,13.59,104.18,completed,credit_card
OL00001430,ORD0001420,APT0001420,CLT00071,BIZ008,2025-06-23,Skin,Deep Cleansing Facial,PRV0013,136.84,1,5.48,23.64,155.0,completed,credit_card
OL00001431,ORD0001421,APT0001421,CLT00071,BIZ008,2025-08-02,Skin,LED Light Therapy,PRV0017,92.87,1,8.15,15.25,99.97,completed,debit_card
OL00001432,ORD0001422,APT0001422,CLT00071,BIZ008,2025-09-18,Skin,Chemical Peel,PRV0020,157.21,1,0.0,31.44,188.65,completed,credit_card
OL00001433,ORD0001423,APT0001423,CLT00071,BIZ008,2025-11-08,Skin,Microdermabrasion,PRV0012,118.54,1,0.0,21.34,139.88,completed,gift_card
OL00001434,ORD0001424,APT0001424,CLT00071,BIZ008,2025-12-21,Skin,Microdermabrasion,PRV0007,146.61,1,0.0,21.99,168.6,completed,credit_card
OL00001435,ORD0001425,APT0001425,CLT00071,BIZ008,2026-02-08,Skin,LED Light Therapy,PRV0014,88.6,1,0.0,15.95,104.55,completed,gift_card
OL00001436,ORD0001426,APT0001426,CLT00072,BIZ003,2024-05-04,Skin,Classic Facial,PRV0005,99.64,1,4.82,17.07,111.89,completed,google_pay
OL00001437,ORD0001427,APT0001427,CLT00072,BIZ003,2024-06-06,Nails,Gel Manicure,PRV0005,49.05,1,0.0,8.83,57.88,completed,google_pay
OL00001438,ORD0001427,APT0001427,CLT00072,BIZ003,2024-06-06,Waxing,Lip & Chin Wax,PRV0005,20.54,1,0.0,3.08,23.62,completed,debit_card
OL00001439,ORD0001429,APT0001429,CLT00072,BIZ003,2024-08-10,Nails,Gel Manicure,PRV0011,52.47,1,0.0,7.87,60.34,completed,credit_card
OL00001440,ORD0001430,APT0001430,CLT00072,BIZ003,2024-09-19,Skin,LED Light Therapy,PRV0010,91.98,1,0.0,0.0,91.98,completed,cash
OL00001441,ORD0001430,APT0001430,CLT00072,BIZ003,2024-09-19,Nails,Pedicure,PRV0010,54.42,1,0.0,8.16,62.58,completed,credit_card
OL00001442,ORD0001431,APT0001431,CLT00072,BIZ003,2024-10-27,Skin,Microdermabrasion,PRV0016,130.83,1,0.0,23.55,154.38,completed,gift_card
OL00001443,ORD0001431,APT0001431,CLT00072,BIZ003,2024-10-27,Nails,Gel Manicure,PRV0016,50.28,1,0.0,9.05,59.33,completed,cash
OL00001444,ORD0001432,APT0001432,CLT00072,BIZ003,2024-11-25,Nails,Pedicure,PRV0005,50.89,1,2.56,8.7,57.03,completed,cash
OL00001445,ORD0001432,APT0001432,CLT00072,BIZ003,2024-11-25,Waxing,Brow Wax & Shape,PRV0005,23.89,1,0.0,0.0,23.89,completed,cash
OL00001446,ORD0001433,APT0001433,CLT00072,BIZ003,2024-12-23,Skin,Chemical Peel,PRV0010,147.6,1,0.0,26.57,174.17,completed,apple_pay
OL00001447,ORD0001434,APT0001434,CLT00072,BIZ003,2025-01-20,Nails,Dip Powder Nails,PRV0015,64.29,1,0.0,12.86,77.15,completed,cash
OL00001448,ORD0001435,APT0001435,CLT00072,BIZ003,2025-03-01,Nails,Gel Manicure,PRV0008,51.38,1,1.0,9.07,59.45,completed,google_pay
OL00001449,ORD0001435,APT0001435,CLT00072,BIZ003,2025-03-01,Waxing,Brow Wax & Shape,PRV0008,25.47,1,0.0,3.82,29.29,completed,gift_card
OL00001450,ORD0001436,APT0001436,CLT00072,BIZ003,2025-04-08,Skin,Microdermabrasion,PRV0018,128.46,1,6.98,0.0,121.48,completed,apple_pay
OL00001451,ORD0001437,APT0001437,CLT00072,BIZ003,2025-05-20,Nails,Pedicure,PRV0015,55.12,1,0.0,8.27,63.39,completed,apple_pay
OL00001452,ORD0001439,APT0001439,CLT00072,BIZ003,2025-07-23,Skin,Chemical Peel,PRV0015,164.34,1,0.0,24.65,188.99,completed,credit_card
OL00001453,ORD0001440,APT0001440,CLT00072,BIZ003,2025-08-27,Skin,Deep Cleansing Facial,PRV0013,115.86,1,0.0,0.0,115.86,completed,cash
OL00001454,ORD0001441,APT0001441,CLT00072,BIZ003,2025-10-02,Skin,Classic Facial,PRV0016,99.21,1,0.0,14.88,114.09,completed,gift_card
OL00001455,ORD0001442,APT0001442,CLT00072,BIZ003,2025-10-31,Skin,Classic Facial,PRV0010,100.95,1,0.0,18.17,119.12,completed,cash
OL00001456,ORD0001443,APT0001443,CLT00072,BIZ003,2025-12-08,Nails,Nail Art Add-On,PRV0019,20.19,1,0.0,4.04,24.23,completed,google_pay
OL00001457,ORD0001443,APT0001443,CLT00072,BIZ003,2025-12-08,Waxing,Brazilian Wax,PRV0019,66.65,1,0.0,10.0,76.65,completed,cash
OL00001458,ORD0001445,APT0001445,CLT00072,BIZ003,2026-02-16,Skin,Deep Cleansing Facial,PRV0003,108.43,1,0.0,19.52,127.95,completed,apple_pay
OL00001459,ORD0001446,APT0001446,CLT00073,BIZ009,2024-04-21,Hair,Keratin Treatment,PRV0007,282.07,1,0.0,56.41,338.48,completed,credit_card
OL00001460,ORD0001447,APT0001447,CLT00073,BIZ009,2024-05-21,Nails,Nail Art Add-On,PRV0009,20.88,1,0.0,0.0,20.88,completed,cash
OL00001461,ORD0001448,APT0001448,CLT00073,BIZ009,2024-07-01,Nails,Manicure,PRV0005,39.04,1,0.0,7.03,46.07,completed,debit_card
OL00001462,ORD0001449,APT0001449,CLT00073,BIZ009,2024-08-10,Hair,Haircut & Style,PRV0015,70.99,1,0.0,0.0,70.99,completed,gift_card
OL00001463,ORD0001450,APT0001450,CLT00073,BIZ009,2024-09-14,Hair,Haircut & Style,PRV0019,58.67,1,0.0,10.56,69.23,completed,cash
OL00001464,ORD0001451,APT0001451,CLT00073,BIZ009,2024-10-18,Hair,Color - Highlights,PRV0008,150.24,1,7.98,28.45,170.71,completed,credit_card
OL00001465,ORD0001452,APT0001452,CLT00073,BIZ009,2024-11-18,Nails,Manicure,PRV0007,33.31,1,1.14,5.79,37.96,completed,cash
OL00001466,ORD0001453,APT0001453,CLT00073,BIZ009,2024-12-30,Hair,Color - Single Process,PRV0007,113.02,1,0.0,20.34,133.36,completed,debit_card
OL00001467,ORD0001454,APT0001454,CLT00073,BIZ009,2025-02-08,Hair,Color - Single Process,PRV0018,125.82,1,0.0,25.16,150.98,completed,google_pay
OL00001468,ORD0001455,APT0001455,CLT00073,BIZ009,2025-03-12,Nails,Gel Manicure,PRV0011,55.26,1,0.0,9.95,65.21,completed,debit_card
OL00001469,ORD0001456,APT0001456,CLT00073,BIZ009,2025-04-21,Hair,Color - Highlights,PRV0008,187.96,1,0.0,33.83,221.79,completed,cash
OL00001470,ORD0001457,APT0001457,CLT00073,BIZ009,2025-05-20,Nails,Dip Powder Nails,PRV0013,58.58,1,0.0,8.79,67.37,completed,cash
OL00001471,ORD0001458,APT0001458,CLT00073,BIZ009,2025-06-29,Nails,Dip Powder Nails,PRV0002,68.63,1,0.0,17.16,85.79,completed,apple_pay
OL00001472,ORD0001459,APT0001459,CLT00073,BIZ009,2025-08-01,Nails,Gel Manicure,PRV0009,57.19,1,0.0,0.0,57.19,completed,gift_card
OL00001473,ORD0001460,APT0001460,CLT00073,BIZ009,2025-09-12,Nails,Pedicure,PRV0016,52.37,1,4.49,9.58,57.46,completed,apple_pay
OL00001474,ORD0001462,APT0001462,CLT00074,BIZ006,2024-04-21,Massage,Deep Tissue 60min,PRV0009,136.07,1,0.0,27.21,163.28,completed,debit_card
OL00001475,ORD0001463,APT0001463,CLT00074,BIZ006,2024-06-01,Hair,Keratin Treatment,PRV0015,308.57,1,29.86,55.74,334.45,completed,cash
OL00001476,ORD0001464,APT0001464,CLT00074,BIZ006,2024-07-11,Massage,Swedish Massage 60min,PRV0007,125.05,1,0.0,25.01,150.06,completed,credit_card
OL00001477,ORD0001465,APT0001465,CLT00074,BIZ006,2024-08-19,Hair,Color - Single Process,PRV0008,110.13,1,0.0,16.52,126.65,completed,apple_pay
OL00001478,ORD0001466,APT0001466,CLT00074,BIZ006,2024-09-20,Massage,Deep Tissue 60min,PRV0012,128.52,1,0.0,19.28,147.8,completed,credit_card
OL00001479,ORD0001467,APT0001467,CLT00074,BIZ006,2024-10-24,Massage,Deep Tissue 60min,PRV0009,132.98,1,11.57,24.28,145.69,completed,cash
OL00001480,ORD0001468,APT0001468,CLT00074,BIZ006,2024-11-28,Massage,Hot Stone Massage,PRV0003,127.98,1,0.0,23.04,151.02,completed,gift_card
OL00001481,ORD0001469,APT0001469,CLT00074,BIZ006,2025-01-01,Hair,Haircut & Style,PRV0018,59.47,1,0.0,10.7,70.17,completed,credit_card
OL00001482,ORD0001470,APT0001470,CLT00074,BIZ006,2025-01-29,Massage,Deep Tissue 60min,PRV0019,127.33,1,0.0,31.83,159.16,completed,cash
OL00001483,ORD0001471,APT0001471,CLT00074,BIZ006,2025-03-10,Hair,Color - Single Process,PRV0005,106.96,1,0.0,21.39,128.35,completed,gift_card
OL00001484,ORD0001472,APT0001472,CLT00074,BIZ006,2025-04-16,Massage,Deep Tissue 60min,PRV0002,122.05,1,0.0,0.0,122.05,completed,google_pay
OL00001485,ORD0001473,APT0001473,CLT00074,BIZ006,2025-05-20,Massage,Swedish Massage 60min,PRV0006,124.69,1,0.44,22.36,146.61,completed,debit_card
OL00001486,ORD0001474,APT0001474,CLT00074,BIZ006,2025-06-26,Hair,Root Touch-Up,PRV0007,96.87,1,0.0,0.0,96.87,completed,google_pay
OL00001487,ORD0001475,APT0001475,CLT00074,BIZ006,2025-07-24,Hair,Keratin Treatment,PRV0005,313.18,1,0.0,0.0,313.18,completed,google_pay
OL00001488,ORD0001477,APT0001477,CLT00074,BIZ006,2025-10-05,Massage,Prenatal Massage,PRV0013,102.92,1,8.28,14.2,108.84,completed,gift_card
OL00001489,ORD0001479,APT0001479,CLT00075,BIZ002,2024-04-09,Nails,Pedicure,PRV0005,51.99,1,0.0,7.8,59.79,completed,credit_card
OL00001490,ORD0001479,APT0001479,CLT00075,BIZ002,2024-04-09,Waxing,Brow Wax & Shape,PRV0005,25.21,1,0.0,4.54,29.75,completed,gift_card
OL00001491,ORD0001480,APT0001480,CLT00075,BIZ002,2024-05-30,Hair,Root Touch-Up,PRV0007,85.44,1,0.0,12.82,98.26,completed,debit_card
OL00001492,ORD0001482,APT0001482,CLT00075,BIZ002,2024-08-22,Hair,Root Touch-Up,PRV0013,79.29,1,5.29,11.1,85.1,completed,cash
OL00001493,ORD0001483,APT0001483,CLT00075,BIZ002,2024-10-11,Nails,Pedicure,PRV0020,61.67,1,0.0,11.1,72.77,completed,cash
OL00001494,ORD0001484,APT0001484,CLT00075,BIZ002,2024-11-21,Nails,Pedicure,PRV0010,53.06,1,0.0,7.96,61.02,completed,gift_card
OL00001495,ORD0001485,APT0001485,CLT00075,BIZ002,2025-01-11,Nails,Nail Art Add-On,PRV0003,19.5,1,1.11,3.31,21.7,completed,cash
OL00001496,ORD0001486,APT0001486,CLT00075,BIZ002,2025-02-20,Nails,Dip Powder Nails,PRV0011,63.03,1,0.0,9.45,72.48,completed,google_pay
OL00001497,ORD0001487,APT0001487,CLT00075,BIZ002,2025-03-30,Nails,Nail Art Add-On,PRV0011,20.16,1,1.73,0.0,18.43,completed,debit_card
OL00001498,ORD0001487,APT0001487,CLT00075,BIZ002,2025-03-30,Waxing,Lip & Chin Wax,PRV0011,20.37,1,0.0,3.06,23.43,completed,credit_card
OL00001499,ORD0001489,APT0001489,CLT00075,BIZ002,2025-06-23,Hair,Color - Single Process,PRV0008,102.06,1,5.27,17.42,114.21,completed,cash
OL00001500,ORD0001490,APT0001490,CLT00075,BIZ002,2025-08-04,Nails,Gel Manicure,PRV0013,54.41,1,0.0,10.88,65.29,completed,debit_card
OL00001501,ORD0001491,APT0001491,CLT00075,BIZ002,2025-09-15,Nails,Dip Powder Nails,PRV0020,64.81,1,0.0,11.67,76.48,completed,apple_pay
OL00001502,ORD0001492,APT0001492,CLT00075,BIZ002,2025-10-30,Nails,Nail Art Add-On,PRV0002,18.12,1,0.0,3.62,21.74,completed,cash
OL00001503,ORD0001493,APT0001493,CLT00075,BIZ002,2025-12-07,Nails,Pedicure,PRV0003,56.7,1,0.52,10.11,66.29,completed,gift_card
OL00001504,ORD0001493,APT0001493,CLT00075,BIZ002,2025-12-07,Waxing,Brazilian Wax,PRV0003,63.89,1,0.0,9.58,73.47,completed,cash
OL00001505,ORD0001494,APT0001494,CLT00075,BIZ002,2026-01-27,Hair,Color - Single Process,PRV0003,104.59,1,0.0,15.69,120.28,completed,google_pay
OL00001506,ORD0001494,APT0001494,CLT00075,BIZ002,2026-01-27,Nails,Gel Manicure,PRV0003,49.38,1,0.0,8.89,58.27,completed,apple_pay
OL00001507,ORD0001495,APT0001495,CLT00075,BIZ002,2026-03-13,Hair,Root Touch-Up,PRV0002,79.43,1,0.0,14.3,93.73,completed,debit_card
OL00001508,ORD0001496,APT0001496,CLT00076,BIZ010,2024-05-20,Hair,Haircut & Style,PRV0017,66.64,1,1.75,9.73,74.62,completed,debit_card
OL00001509,ORD0001497,APT0001497,CLT00076,BIZ010,2024-07-20,Hair,Color - Single Process,PRV0010,125.15,1,0.0,31.29,156.44,completed,credit_card
OL00001510,ORD0001499,APT0001499,CLT00076,BIZ010,2024-11-16,Waxing,Brow Wax & Shape,PRV0012,22.61,1,0.0,4.52,27.13,completed,credit_card
OL00001511,ORD0001500,APT0001500,CLT00076,BIZ010,2025-01-10,Waxing,Brow Wax & Shape,PRV0014,22.65,1,1.27,3.85,25.23,completed,google_pay
OL00001512,ORD0001503,APT0001503,CLT00076,BIZ010,2025-07-12,Hair,Root Touch-Up,PRV0013,97.13,1,0.0,0.0,97.13,completed,debit_card
OL00001513,ORD0001504,APT0001504,CLT00076,BIZ010,2025-09-14,Hair,Blowout,PRV0001,52.78,1,0.0,0.0,52.78,completed,google_pay
OL00001514,ORD0001505,APT0001505,CLT00076,BIZ010,2025-11-07,Waxing,Brazilian Wax,PRV0018,59.85,1,0.0,10.77,70.62,completed,debit_card
OL00001515,ORD0001506,APT0001506,CLT00076,BIZ010,2026-01-13,Hair,Root Touch-Up,PRV0013,97.47,1,0.0,19.49,116.96,completed,gift_card
OL00001516,ORD0001507,APT0001507,CLT00076,BIZ010,2026-03-15,Hair,Color - Highlights,PRV0009,187.95,1,0.0,28.19,216.14,completed,google_pay
OL00001517,ORD0001508,APT0001508,CLT00077,BIZ005,2024-05-25,Massage,Prenatal Massage,PRV0007,99.41,1,0.0,19.88,119.29,completed,cash
OL00001518,ORD0001509,APT0001509,CLT00077,BIZ005,2024-08-20,Massage,Prenatal Massage,PRV0011,121.32,1,0.0,18.2,139.52,completed,google_pay
OL00001519,ORD0001510,APT0001510,CLT00077,BIZ005,2024-11-24,Massage,Deep Tissue 60min,PRV0009,135.57,1,0.0,20.34,155.91,completed,cash
OL00001520,ORD0001511,APT0001511,CLT00077,BIZ005,2025-02-28,Skin,Classic Facial,PRV0003,87.9,1,0.0,15.82,103.72,completed,debit_card
OL00001521,ORD0001512,APT0001512,CLT00077,BIZ005,2025-05-30,Skin,LED Light Therapy,PRV0010,83.67,1,0.0,12.55,96.22,completed,cash
OL00001522,ORD0001513,APT0001513,CLT00077,BIZ005,2025-08-28,Skin,Classic Facial,PRV0013,91.67,1,0.0,13.75,105.42,completed,credit_card
OL00001523,ORD0001514,APT0001514,CLT00077,BIZ005,2025-11-27,Skin,Classic Facial,PRV0007,87.45,1,0.0,13.12,100.57,completed,credit_card
OL00001524,ORD0001517,APT0001517,CLT00078,BIZ010,2024-05-27,Massage,Deep Tissue 60min,PRV0018,113.92,1,0.0,22.78,136.7,completed,google_pay
OL00001525,ORD0001518,APT0001518,CLT00078,BIZ010,2024-07-01,Massage,Hot Stone Massage,PRV0004,148.68,1,0.0,26.76,175.44,completed,cash
OL00001526,ORD0001519,APT0001519,CLT00078,BIZ010,2024-08-07,Nails,Gel Manicure,PRV0015,47.79,1,0.0,8.6,56.39,completed,credit_card
OL00001527,ORD0001520,APT0001520,CLT00078,BIZ010,2024-09-05,Nails,Pedicure,PRV0016,60.22,1,0.0,0.0,60.22,completed,debit_card
OL00001528,ORD0001521,APT0001521,CLT00078,BIZ010,2024-10-06,Nails,Manicure,PRV0020,40.04,1,3.58,6.56,43.02,completed,cash
OL00001529,ORD0001522,APT0001522,CLT00078,BIZ010,2024-11-14,Nails,Gel Manicure,PRV0016,55.47,1,4.87,9.11,59.71,completed,credit_card
OL00001530,ORD0001523,APT0001523,CLT00078,BIZ010,2024-12-12,Massage,Deep Tissue 60min,PRV0012,139.6,1,0.0,0.0,139.6,completed,gift_card
OL00001531,ORD0001524,APT0001524,CLT00078,BIZ010,2025-01-11,Nails,Gel Manicure,PRV0006,57.13,1,3.34,10.76,64.55,completed,google_pay
OL00001532,ORD0001525,APT0001525,CLT00078,BIZ010,2025-02-11,Nails,Nail Art Add-On,PRV0001,22.0,1,0.0,3.3,25.3,completed,google_pay
OL00001533,ORD0001526,APT0001526,CLT00078,BIZ010,2025-03-11,Massage,Deep Tissue 60min,PRV0003,114.22,1,4.64,16.44,126.02,completed,debit_card
OL00001534,ORD0001528,APT0001528,CLT00078,BIZ010,2025-05-12,Massage,Hot Stone Massage,PRV0019,136.1,1,0.0,24.5,160.6,completed,debit_card
OL00001535,ORD0001529,APT0001529,CLT00078,BIZ010,2025-06-17,Massage,Swedish Massage 60min,PRV0001,122.6,1,1.24,24.27,145.63,completed,google_pay
OL00001536,ORD0001530,APT0001530,CLT00078,BIZ010,2025-07-28,Nails,Gel Manicure,PRV0013,47.89,1,0.0,8.62,56.51,completed,apple_pay
OL00001537,ORD0001531,APT0001531,CLT00078,BIZ010,2025-09-04,Massage,Hot Stone Massage,PRV0004,157.92,1,0.0,31.58,189.5,completed,debit_card
OL00001538,ORD0001532,APT0001532,CLT00078,BIZ010,2025-10-13,Nails,Nail Art Add-On,PRV0011,19.23,1,0.0,3.46,22.69,completed,credit_card
OL00001539,ORD0001533,APT0001533,CLT00078,BIZ010,2025-11-21,Massage,Swedish Massage 60min,PRV0005,115.29,1,0.0,20.75,136.04,completed,credit_card
OL00001540,ORD0001534,APT0001534,CLT00078,BIZ010,2025-12-20,Nails,Gel Manicure,PRV0006,54.18,1,1.6,7.89,60.47,completed,gift_card
OL00001541,ORD0001535,APT0001535,CLT00078,BIZ010,2026-01-19,Nails,Gel Manicure,PRV0012,50.52,1,1.03,9.9,59.39,completed,google_pay
OL00001542,ORD0001536,APT0001536,CLT00078,BIZ010,2026-02-23,Massage,Hot Stone Massage,PRV0016,133.58,1,0.0,20.04,153.62,completed,debit_card
OL00001543,ORD0001537,APT0001537,CLT00079,BIZ007,2024-05-20,Skin,Chemical Peel,PRV0013,136.37,1,3.54,26.57,159.4,completed,gift_card
OL00001544,ORD0001538,APT0001538,CLT00079,BIZ007,2024-08-15,Massage,Deep Tissue 60min,PRV0002,125.52,1,0.0,0.0,125.52,completed,gift_card
OL00001545,ORD0001539,APT0001539,CLT00079,BIZ007,2024-11-13,Massage,Deep Tissue 60min,PRV0007,142.72,1,0.0,21.41,164.13,completed,debit_card
OL00001546,ORD0001540,APT0001540,CLT00079,BIZ007,2025-02-18,Massage,Deep Tissue 60min,PRV0020,125.2,1,0.0,0.0,125.2,completed,apple_pay
OL00001547,ORD0001541,APT0001541,CLT00079,BIZ007,2025-05-14,Massage,Deep Tissue 60min,PRV0009,123.34,1,6.47,23.37,140.24,completed,debit_card
OL00001548,ORD0001542,APT0001542,CLT00079,BIZ007,2025-08-17,Massage,Deep Tissue 60min,PRV0014,136.77,1,0.0,24.62,161.39,completed,gift_card
OL00001549,ORD0001543,APT0001543,CLT00079,BIZ007,2025-11-08,Massage,Prenatal Massage,PRV0016,108.47,1,9.23,17.86,117.1,completed,credit_card
OL00001550,ORD0001544,APT0001544,CLT00079,BIZ007,2026-02-07,Skin,LED Light Therapy,PRV0013,86.18,1,0.0,0.0,86.18,completed,debit_card
OL00001551,ORD0001545,APT0001545,CLT00080,BIZ007,2024-04-14,Nails,Manicure,PRV0007,38.99,1,0.12,0.0,38.87,completed,google_pay
OL00001552,ORD0001546,APT0001546,CLT00080,BIZ007,2024-05-06,Nails,Manicure,PRV0009,38.75,1,2.12,7.33,43.96,completed,google_pay
OL00001553,ORD0001547,APT0001547,CLT00080,BIZ007,2024-06-02,Skin,Classic Facial,PRV0007,106.57,1,3.65,0.0,102.92,completed,credit_card
OL00001554,ORD0001548,APT0001548,CLT00080,BIZ007,2024-06-20,Skin,LED Light Therapy,PRV0009,84.51,1,0.0,0.0,84.51,completed,google_pay
OL00001555,ORD0001549,APT0001549,CLT00080,BIZ007,2024-07-08,Nails,Nail Art Add-On,PRV0018,22.79,1,0.91,4.38,26.26,completed,apple_pay
OL00001556,ORD0001550,APT0001550,CLT00080,BIZ007,2024-07-23,Nails,Pedicure,PRV0004,52.51,1,0.0,0.0,52.51,completed,gift_card
OL00001557,ORD0001551,APT0001551,CLT00080,BIZ007,2024-08-11,Nails,Dip Powder Nails,PRV0013,64.16,1,6.26,10.42,68.32,completed,google_pay
OL00001558,ORD0001552,APT0001552,CLT00080,BIZ007,2024-09-02,Nails,Pedicure,PRV0011,55.74,1,3.59,7.82,59.97,completed,debit_card
OL00001559,ORD0001553,APT0001553,CLT00080,BIZ007,2024-09-30,Skin,Chemical Peel,PRV0015,148.83,1,0.0,22.32,171.15,completed,credit_card
OL00001560,ORD0001554,APT0001554,CLT00080,BIZ007,2024-10-23,Skin,Microdermabrasion,PRV0002,117.33,1,0.0,0.0,117.33,completed,debit_card
OL00001561,ORD0001555,APT0001555,CLT00080,BIZ007,2024-11-08,Nails,Pedicure,PRV0008,49.95,1,0.0,8.99,58.94,completed,credit_card
OL00001562,ORD0001556,APT0001556,CLT00080,BIZ007,2024-11-26,Nails,Pedicure,PRV0007,49.59,1,1.77,0.0,47.82,completed,apple_pay
OL00001563,ORD0001557,APT0001557,CLT00080,BIZ007,2024-12-22,Skin,Chemical Peel,PRV0011,142.41,1,0.0,28.48,170.89,completed,debit_card
OL00001564,ORD0001558,APT0001558,CLT00080,BIZ007,2025-01-05,Skin,LED Light Therapy,PRV0007,80.61,1,0.0,0.0,80.61,completed,debit_card
OL00001565,ORD0001559,APT0001559,CLT00080,BIZ007,2025-01-21,Skin,Deep Cleansing Facial,PRV0001,108.8,1,0.0,19.58,128.38,completed,gift_card
OL00001566,ORD0001560,APT0001560,CLT00080,BIZ007,2025-02-10,Nails,Manicure,PRV0003,39.2,1,3.06,7.23,43.37,completed,google_pay
OL00001567,ORD0001561,APT0001561,CLT00080,BIZ007,2025-02-25,Skin,LED Light Therapy,PRV0005,97.05,1,0.0,0.0,97.05,completed,google_pay
OL00001568,ORD0001562,APT0001562,CLT00080,BIZ007,2025-03-18,Skin,LED Light Therapy,PRV0006,92.97,1,0.0,0.0,92.97,completed,debit_card
OL00001569,ORD0001563,APT0001563,CLT00080,BIZ007,2025-04-02,Skin,Chemical Peel,PRV0006,146.68,1,0.0,0.0,146.68,completed,apple_pay
OL00001570,ORD0001564,APT0001564,CLT00080,BIZ007,2025-04-25,Nails,Dip Powder Nails,PRV0011,69.35,1,0.0,13.87,83.22,completed,apple_pay
OL00001571,ORD0001565,APT0001565,CLT00080,BIZ007,2025-05-15,Skin,Classic Facial,PRV0004,104.71,1,0.0,0.0,104.71,completed,cash
OL00001572,ORD0001566,APT0001566,CLT00080,BIZ007,2025-06-05,Nails,Nail Art Add-On,PRV0002,18.83,1,0.67,2.72,20.88,completed,apple_pay
OL00001573,ORD0001567,APT0001567,CLT00080,BIZ007,2025-07-03,Skin,Classic Facial,PRV0019,92.61,1,0.0,0.0,92.61,completed,google_pay
OL00001574,ORD0001568,APT0001568,CLT00080,BIZ007,2025-07-27,Skin,LED Light Therapy,PRV0012,94.77,1,0.89,16.9,110.78,completed,gift_card
OL00001575,ORD0001569,APT0001569,CLT00080,BIZ007,2025-08-15,Skin,Chemical Peel,PRV0001,158.47,1,0.0,0.0,158.47,completed,google_pay
OL00001576,ORD0001570,APT0001570,CLT00080,BIZ007,2025-09-11,Skin,LED Light Therapy,PRV0019,97.46,1,0.0,0.0,97.46,completed,cash
OL00001577,ORD0001571,APT0001571,CLT00080,BIZ007,2025-10-02,Nails,Pedicure,PRV0009,61.65,1,0.0,11.1,72.75,completed,apple_pay
OL00001578,ORD0001572,APT0001572,CLT00080,BIZ007,2025-10-29,Nails,Nail Art Add-On,PRV0005,21.94,1,1.11,3.12,23.95,completed,debit_card
OL00001579,ORD0001573,APT0001573,CLT00080,BIZ007,2025-11-13,Nails,Gel Manicure,PRV0003,49.9,1,0.0,0.0,49.9,completed,apple_pay
OL00001580,ORD0001574,APT0001574,CLT00080,BIZ007,2025-12-09,Nails,Manicure,PRV0010,33.01,1,0.0,5.94,38.95,completed,apple_pay
OL00001581,ORD0001577,APT0001577,CLT00080,BIZ007,2026-01-29,Nails,Pedicure,PRV0019,55.42,1,2.64,7.92,60.7,completed,credit_card
OL00001582,ORD0001578,APT0001578,CLT00080,BIZ007,2026-02-14,Nails,Pedicure,PRV0008,59.99,1,0.0,0.0,59.99,completed,debit_card
OL00001583,ORD0001580,APT0001580,CLT00080,BIZ007,2026-03-26,Nails,Dip Powder Nails,PRV0013,73.51,1,0.0,14.7,88.21,completed,credit_card
OL00001584,ORD0001581,APT0001581,CLT00081,BIZ001,2024-04-18,Hair,Color - Single Process,PRV0008,104.65,1,0.0,0.0,104.65,completed,google_pay
OL00001585,ORD0001582,APT0001582,CLT00081,BIZ001,2024-05-29,Hair,Haircut & Style,PRV0003,63.37,1,0.0,11.41,74.78,completed,google_pay
OL00001586,ORD0001583,APT0001583,CLT00081,BIZ001,2024-07-11,Hair,Color - Highlights,PRV0006,167.88,1,0.0,30.22,198.1,completed,google_pay
OL00001587,ORD0001585,APT0001585,CLT00081,BIZ001,2024-10-04,Hair,Root Touch-Up,PRV0011,78.63,1,0.0,0.0,78.63,completed,credit_card
OL00001588,ORD0001586,APT0001586,CLT00081,BIZ001,2024-11-11,Hair,Keratin Treatment,PRV0002,267.23,1,0.0,40.08,307.31,completed,apple_pay
OL00001589,ORD0001587,APT0001587,CLT00081,BIZ001,2024-12-24,Hair,Root Touch-Up,PRV0011,87.15,1,0.0,13.07,100.22,completed,cash
OL00001590,ORD0001588,APT0001588,CLT00081,BIZ001,2025-02-11,Hair,Color - Single Process,PRV0008,122.16,1,6.83,0.0,115.33,completed,gift_card
OL00001591,ORD0001589,APT0001589,CLT00081,BIZ001,2025-03-29,Hair,Color - Single Process,PRV0001,115.38,1,0.0,23.08,138.46,completed,gift_card
OL00001592,ORD0001590,APT0001590,CLT00081,BIZ001,2025-05-17,Hair,Blowout,PRV0009,49.02,1,0.0,0.0,49.02,completed,credit_card
OL00001593,ORD0001591,APT0001591,CLT00081,BIZ001,2025-06-27,Hair,Blowout,PRV0010,55.58,1,0.0,10.0,65.58,completed,apple_pay
OL00001594,ORD0001592,APT0001592,CLT00081,BIZ001,2025-08-08,Hair,Blowout,PRV0007,45.64,1,0.0,0.0,45.64,completed,google_pay
OL00001595,ORD0001593,APT0001593,CLT00081,BIZ001,2025-09-21,Hair,Blowout,PRV0013,50.05,1,0.0,10.01,60.06,completed,credit_card
OL00001596,ORD0001594,APT0001594,CLT00081,BIZ001,2025-10-31,Hair,Balayage,PRV0017,229.42,1,0.0,0.0,229.42,completed,google_pay
OL00001597,ORD0001595,APT0001595,CLT00081,BIZ001,2025-12-21,Hair,Keratin Treatment,PRV0011,295.45,1,0.0,59.09,354.54,completed,google_pay
OL00001598,ORD0001596,APT0001596,CLT00081,BIZ001,2026-02-03,Hair,Color - Highlights,PRV0011,157.9,1,0.0,23.68,181.58,completed,google_pay
OL00001599,ORD0001598,APT0001598,CLT00082,BIZ007,2024-04-25,Hair,Keratin Treatment,PRV0016,286.87,1,0.0,51.64,338.51,completed,debit_card
OL00001600,ORD0001600,APT0001600,CLT00082,BIZ007,2024-06-06,Hair,Color - Single Process,PRV0018,120.04,1,0.0,21.61,141.65,completed,google_pay
OL00001601,ORD0001601,APT0001601,CLT00082,BIZ007,2024-06-30,Hair,Haircut & Style,PRV0013,67.89,1,0.0,13.58,81.47,completed,credit_card
OL00001602,ORD0001602,APT0001602,CLT00082,BIZ007,2024-07-22,Hair,Color - Single Process,PRV0019,124.59,1,0.0,22.43,147.02,completed,google_pay
OL00001603,ORD0001603,APT0001603,CLT00082,BIZ007,2024-08-12,Hair,Root Touch-Up,PRV0015,87.85,1,0.0,13.18,101.03,completed,apple_pay
OL00001604,ORD0001604,APT0001604,CLT00082,BIZ007,2024-09-03,Hair,Blowout,PRV0003,56.97,1,0.0,14.24,71.21,completed,cash
OL00001605,ORD0001605,APT0001605,CLT00082,BIZ007,2024-09-29,Hair,Haircut & Style,PRV0015,74.65,1,0.0,0.0,74.65,completed,apple_pay
OL00001606,ORD0001607,APT0001607,CLT00082,BIZ007,2024-11-05,Hair,Balayage,PRV0015,204.14,1,0.0,40.83,244.97,completed,credit_card
OL00001607,ORD0001608,APT0001608,CLT00082,BIZ007,2024-11-20,Hair,Balayage,PRV0011,229.89,1,0.0,45.98,275.87,completed,credit_card
OL00001608,ORD0001609,APT0001609,CLT00082,BIZ007,2024-12-16,Hair,Blowout,PRV0017,49.11,1,2.2,0.0,46.91,completed,google_pay
OL00001609,ORD0001610,APT0001610,CLT00082,BIZ007,2025-01-03,Hair,Keratin Treatment,PRV0015,261.5,1,0.0,47.07,308.57,completed,cash
OL00001610,ORD0001611,APT0001611,CLT00082,BIZ007,2025-01-27,Hair,Blowout,PRV0018,53.14,1,0.0,10.63,63.77,completed,cash
OL00001611,ORD0001612,APT0001612,CLT00082,BIZ007,2025-02-19,Hair,Root Touch-Up,PRV0005,87.29,1,0.0,13.09,100.38,completed,cash
OL00001612,ORD0001613,APT0001613,CLT00082,BIZ007,2025-03-19,Hair,Balayage,PRV0014,198.12,1,0.0,35.66,233.78,completed,gift_card
OL00001613,ORD0001614,APT0001614,CLT00082,BIZ007,2025-04-09,Hair,Root Touch-Up,PRV0005,88.35,1,0.0,17.67,106.02,completed,debit_card
OL00001614,ORD0001616,APT0001616,CLT00082,BIZ007,2025-06-03,Hair,Color - Single Process,PRV0011,117.71,1,0.0,23.54,141.25,completed,credit_card
OL00001615,ORD0001617,APT0001617,CLT00082,BIZ007,2025-06-23,Hair,Haircut & Style,PRV0006,61.99,1,0.0,11.16,73.15,completed,debit_card
OL00001616,ORD0001618,APT0001618,CLT00082,BIZ007,2025-07-13,Hair,Blowout,PRV0019,50.06,1,0.0,9.01,59.07,completed,debit_card
OL00001617,ORD0001619,APT0001619,CLT00082,BIZ007,2025-07-29,Hair,Balayage,PRV0013,205.31,1,0.0,36.96,242.27,completed,credit_card
OL00001618,ORD0001620,APT0001620,CLT00082,BIZ007,2025-08-23,Hair,Color - Highlights,PRV0018,181.08,1,0.0,27.16,208.24,completed,credit_card
OL00001619,ORD0001621,APT0001621,CLT00082,BIZ007,2025-09-08,Hair,Root Touch-Up,PRV0004,95.08,1,0.0,23.77,118.85,completed,debit_card
OL00001620,ORD0001622,APT0001622,CLT00082,BIZ007,2025-09-24,Hair,Color - Highlights,PRV0005,166.15,1,0.0,33.23,199.38,completed,cash
OL00001621,ORD0001623,APT0001623,CLT00082,BIZ007,2025-10-22,Hair,Color - Highlights,PRV0019,188.42,1,0.0,33.92,222.34,completed,debit_card
OL00001622,ORD0001625,APT0001625,CLT00082,BIZ007,2025-11-28,Hair,Keratin Treatment,PRV0003,312.72,1,0.0,46.91,359.63,completed,debit_card
OL00001623,ORD0001626,APT0001626,CLT00082,BIZ007,2025-12-26,Hair,Blowout,PRV0019,54.89,1,0.0,8.23,63.12,completed,apple_pay
OL00001624,ORD0001627,APT0001627,CLT00082,BIZ007,2026-01-23,Hair,Root Touch-Up,PRV0015,80.48,1,0.0,12.07,92.55,completed,apple_pay
OL00001625,ORD0001628,APT0001628,CLT00082,BIZ007,2026-02-18,Hair,Color - Single Process,PRV0020,101.63,1,0.0,18.29,119.92,completed,debit_card
OL00001626,ORD0001629,APT0001629,CLT00082,BIZ007,2026-03-15,Hair,Color - Single Process,PRV0003,107.18,1,0.0,19.29,126.47,completed,google_pay
OL00001627,ORD0001632,APT0001632,CLT00083,BIZ004,2024-07-25,Skin,Chemical Peel,PRV0017,138.97,1,0.0,0.0,138.97,completed,google_pay
OL00001628,ORD0001633,APT0001633,CLT00083,BIZ004,2024-09-11,Skin,Microdermabrasion,PRV0018,130.02,1,0.0,23.4,153.42,completed,cash
OL00001629,ORD0001634,APT0001634,CLT00083,BIZ004,2024-10-29,Skin,Chemical Peel,PRV0016,139.42,1,0.0,20.91,160.33,completed,google_pay
OL00001630,ORD0001635,APT0001635,CLT00083,BIZ004,2024-12-17,Skin,Classic Facial,PRV0005,105.68,1,2.62,20.61,123.67,completed,google_pay
OL00001631,ORD0001636,APT0001636,CLT00083,BIZ004,2025-01-28,Skin,Classic Facial,PRV0016,93.0,1,0.0,0.0,93.0,completed,google_pay
OL00001632,ORD0001637,APT0001637,CLT00083,BIZ004,2025-03-19,Skin,Microdermabrasion,PRV0002,130.62,1,0.0,26.12,156.74,completed,debit_card
OL00001633,ORD0001638,APT0001638,CLT00083,BIZ004,2025-04-27,Skin,Deep Cleansing Facial,PRV0019,123.47,1,5.67,0.0,117.8,completed,gift_card
OL00001634,ORD0001639,APT0001639,CLT00083,BIZ004,2025-06-15,Skin,Chemical Peel,PRV0018,130.5,1,0.0,19.57,150.07,completed,google_pay
OL00001635,ORD0001640,APT0001640,CLT00083,BIZ004,2025-08-03,Skin,Deep Cleansing Facial,PRV0016,117.64,1,0.0,21.18,138.82,completed,google_pay
OL00001636,ORD0001641,APT0001641,CLT00083,BIZ004,2025-09-19,Skin,LED Light Therapy,PRV0008,94.86,1,0.0,0.0,94.86,completed,apple_pay
OL00001637,ORD0001642,APT0001642,CLT00083,BIZ004,2025-11-09,Skin,Deep Cleansing Facial,PRV0017,118.33,1,0.0,0.0,118.33,completed,gift_card
OL00001638,ORD0001643,APT0001643,CLT00083,BIZ004,2025-12-19,Skin,Chemical Peel,PRV0012,152.33,1,6.07,26.33,172.59,completed,google_pay
OL00001639,ORD0001644,APT0001644,CLT00083,BIZ004,2026-02-01,Skin,Classic Facial,PRV0011,88.28,1,0.0,0.0,88.28,completed,debit_card
OL00001640,ORD0001646,APT0001646,CLT00084,BIZ001,2024-04-14,Skin,Microdermabrasion,PRV0006,139.68,1,12.59,19.06,146.15,completed,google_pay
OL00001641,ORD0001647,APT0001647,CLT00084,BIZ001,2024-06-01,Skin,Deep Cleansing Facial,PRV0007,135.98,1,0.0,24.48,160.46,completed,apple_pay
OL00001642,ORD0001648,APT0001648,CLT00084,BIZ001,2024-07-13,Skin,Microdermabrasion,PRV0002,122.47,1,0.0,22.04,144.51,completed,cash
OL00001643,ORD0001649,APT0001649,CLT00084,BIZ001,2024-08-30,Skin,LED Light Therapy,PRV0003,80.74,1,0.0,0.0,80.74,completed,google_pay
OL00001644,ORD0001649,APT0001649,CLT00084,BIZ001,2024-08-30,Nails,Manicure,PRV0003,34.42,1,0.0,6.2,40.62,completed,cash
OL00001645,ORD0001651,APT0001651,CLT00084,BIZ001,2024-11-28,Hair,Haircut & Style,PRV0001,62.17,1,0.0,11.19,73.36,completed,google_pay
OL00001646,ORD0001652,APT0001652,CLT00084,BIZ001,2025-01-13,Hair,Color - Highlights,PRV0007,166.81,1,6.51,0.0,160.3,completed,cash
OL00001647,ORD0001653,APT0001653,CLT00084,BIZ001,2025-03-05,Skin,LED Light Therapy,PRV0014,95.05,1,3.11,18.39,110.33,completed,google_pay
OL00001648,ORD0001654,APT0001654,CLT00084,BIZ001,2025-04-26,Hair,Color - Single Process,PRV0018,99.45,1,0.0,19.89,119.34,completed,google_pay
OL00001649,ORD0001654,APT0001654,CLT00084,BIZ001,2025-04-26,Nails,Dip Powder Nails,PRV0018,65.11,1,0.0,0.0,65.11,completed,apple_pay
OL00001650,ORD0001655,APT0001655,CLT00084,BIZ001,2025-06-08,Skin,Microdermabrasion,PRV0001,118.43,1,0.0,23.69,142.12,completed,credit_card
OL00001651,ORD0001656,APT0001656,CLT00084,BIZ001,2025-07-24,Hair,Color - Highlights,PRV0001,172.7,1,0.0,43.17,215.87,completed,credit_card
OL00001652,ORD0001657,APT0001657,CLT00084,BIZ001,2025-09-03,Skin,Classic Facial,PRV0011,101.85,1,0.0,18.33,120.18,completed,apple_pay
OL00001653,ORD0001658,APT0001658,CLT00084,BIZ001,2025-10-11,Hair,Color - Single Process,PRV0002,116.14,1,0.0,0.0,116.14,completed,google_pay
OL00001654,ORD0001658,APT0001658,CLT00084,BIZ001,2025-10-11,Nails,Dip Powder Nails,PRV0002,67.82,1,0.0,12.21,80.03,completed,apple_pay
OL00001655,ORD0001659,APT0001659,CLT00084,BIZ001,2025-11-29,Hair,Balayage,PRV0018,213.48,1,0.0,32.02,245.5,completed,cash
OL00001656,ORD0001659,APT0001659,CLT00084,BIZ001,2025-11-29,Nails,Nail Art Add-On,PRV0018,19.03,1,0.0,0.0,19.03,completed,gift_card
OL00001657,ORD0001660,APT0001660,CLT00084,BIZ001,2026-01-17,Hair,Color - Highlights,PRV0011,188.94,1,3.17,37.15,222.92,completed,apple_pay
OL00001658,ORD0001660,APT0001660,CLT00084,BIZ001,2026-01-17,Nails,Dip Powder Nails,PRV0011,65.76,1,0.0,0.0,65.76,completed,apple_pay
OL00001659,ORD0001662,APT0001662,CLT00085,BIZ005,2024-04-17,Skin,Deep Cleansing Facial,PRV0017,108.82,1,0.0,0.0,108.82,completed,credit_card
OL00001660,ORD0001663,APT0001663,CLT00085,BIZ005,2024-06-08,Skin,Microdermabrasion,PRV0016,127.27,1,6.7,21.7,142.27,completed,apple_pay
OL00001661,ORD0001664,APT0001664,CLT00085,BIZ005,2024-07-30,Skin,Deep Cleansing Facial,PRV0010,125.02,1,4.69,18.05,138.38,completed,gift_card
OL00001662,ORD0001666,APT0001666,CLT00085,BIZ005,2024-11-01,Skin,LED Light Therapy,PRV0014,94.51,1,0.0,14.18,108.69,completed,apple_pay
OL00001663,ORD0001667,APT0001667,CLT00085,BIZ005,2024-12-11,Hair,Haircut & Style,PRV0009,65.98,1,0.0,0.0,65.98,completed,gift_card
OL00001664,ORD0001668,APT0001668,CLT00085,BIZ005,2025-01-28,Hair,Haircut & Style,PRV0003,62.81,1,0.0,12.56,75.37,completed,credit_card
OL00001665,ORD0001670,APT0001670,CLT00085,BIZ005,2025-05-04,Hair,Color - Single Process,PRV0010,100.1,1,0.0,20.02,120.12,completed,apple_pay
OL00001666,ORD0001671,APT0001671,CLT00085,BIZ005,2025-06-15,Skin,Deep Cleansing Facial,PRV0020,127.58,1,0.0,19.14,146.72,completed,debit_card
OL00001667,ORD0001672,APT0001672,CLT00085,BIZ005,2025-07-23,Skin,Deep Cleansing Facial,PRV0005,128.58,1,1.21,22.93,150.3,completed,credit_card
OL00001668,ORD0001673,APT0001673,CLT00085,BIZ005,2025-09-06,Skin,Microdermabrasion,PRV0010,123.9,1,0.0,22.3,146.2,completed,cash
OL00001669,ORD0001675,APT0001675,CLT00085,BIZ005,2025-11-27,Hair,Color - Single Process,PRV0014,117.97,1,0.0,17.7,135.67,completed,debit_card
OL00001670,ORD0001676,APT0001676,CLT00086,BIZ005,2024-04-19,Hair,Blowout,PRV0014,53.75,1,2.14,10.32,61.93,completed,gift_card
OL00001671,ORD0001677,APT0001677,CLT00086,BIZ005,2024-05-19,Hair,Haircut & Style,PRV0002,64.65,1,3.97,0.0,60.68,completed,cash
OL00001672,ORD0001678,APT0001678,CLT00086,BIZ005,2024-06-28,Hair,Color - Single Process,PRV0010,102.64,1,0.0,0.0,102.64,completed,gift_card
OL00001673,ORD0001679,APT0001679,CLT00086,BIZ005,2024-08-06,Hair,Blowout,PRV0015,46.72,1,0.0,0.0,46.72,completed,google_pay
OL00001674,ORD0001680,APT0001680,CLT00086,BIZ005,2024-09-13,Hair,Haircut & Style,PRV0017,68.81,1,0.0,13.76,82.57,completed,apple_pay
OL00001675,ORD0001682,APT0001682,CLT00086,BIZ005,2024-11-26,Hair,Keratin Treatment,PRV0019,296.18,1,0.0,53.31,349.49,completed,credit_card
OL00001676,ORD0001683,APT0001683,CLT00086,BIZ005,2025-01-05,Hair,Keratin Treatment,PRV0011,307.09,1,0.0,61.42,368.51,completed,debit_card
OL00001677,ORD0001684,APT0001684,CLT00086,BIZ005,2025-02-04,Hair,Root Touch-Up,PRV0005,92.34,1,0.0,13.85,106.19,completed,google_pay
OL00001678,ORD0001685,APT0001685,CLT00086,BIZ005,2025-03-06,Hair,Color - Single Process,PRV0004,115.94,1,0.0,17.39,133.33,completed,apple_pay
OL00001679,ORD0001686,APT0001686,CLT00086,BIZ005,2025-04-13,Hair,Haircut & Style,PRV0006,73.28,1,0.0,18.32,91.6,completed,gift_card
OL00001680,ORD0001687,APT0001687,CLT00086,BIZ005,2025-05-14,Hair,Blowout,PRV0013,54.33,1,0.0,0.0,54.33,completed,cash
OL00001681,ORD0001688,APT0001688,CLT00086,BIZ005,2025-06-14,Hair,Color - Single Process,PRV0002,117.07,1,0.0,17.56,134.63,completed,google_pay
OL00001682,ORD0001689,APT0001689,CLT00086,BIZ005,2025-07-16,Hair,Blowout,PRV0019,50.01,1,0.0,12.5,62.51,completed,cash
OL00001683,ORD0001691,APT0001691,CLT00086,BIZ005,2025-09-28,Hair,Balayage,PRV0005,219.72,1,18.44,0.0,201.28,completed,debit_card
OL00001684,ORD0001692,APT0001692,CLT00086,BIZ005,2025-11-08,Hair,Haircut & Style,PRV0011,73.14,1,0.0,13.17,86.31,completed,google_pay
OL00001685,ORD0001693,APT0001693,CLT00086,BIZ005,2025-12-17,Hair,Color - Highlights,PRV0011,185.15,1,0.0,46.29,231.44,completed,debit_card
OL00001686,ORD0001694,APT0001694,CLT00086,BIZ005,2026-01-14,Hair,Blowout,PRV0017,49.22,1,0.0,7.38,56.6,completed,cash
OL00001687,ORD0001695,APT0001695,CLT00086,BIZ005,2026-02-11,Hair,Color - Highlights,PRV0012,161.91,1,14.44,29.49,176.96,completed,apple_pay
OL00001688,ORD0001696,APT0001696,CLT00086,BIZ005,2026-03-12,Hair,Root Touch-Up,PRV0005,80.78,1,0.0,14.54,95.32,completed,google_pay
OL00001689,ORD0001697,APT0001697,CLT00087,BIZ004,2024-04-16,Hair,Haircut & Style,PRV0007,68.95,1,0.31,12.36,81.0,completed,gift_card
OL00001690,ORD0001697,APT0001697,CLT00087,BIZ004,2024-04-16,Nails,Nail Art Add-On,PRV0007,20.47,1,0.0,3.07,23.54,completed,credit_card
OL00001691,ORD0001698,APT0001698,CLT00087,BIZ004,2024-05-27,Skin,Classic Facial,PRV0003,96.8,1,0.0,19.36,116.16,completed,cash
OL00001692,ORD0001699,APT0001699,CLT00087,BIZ004,2024-07-04,Hair,Root Touch-Up,PRV0004,84.2,1,0.0,15.16,99.36,completed,apple_pay
OL00001693,ORD0001699,APT0001699,CLT00087,BIZ004,2024-07-04,Nails,Manicure,PRV0004,34.87,1,0.0,6.28,41.15,completed,google_pay
OL00001694,ORD0001700,APT0001700,CLT00087,BIZ004,2024-08-18,Skin,Chemical Peel,PRV0016,151.27,1,0.0,30.25,181.52,completed,cash
OL00001695,ORD0001701,APT0001701,CLT00087,BIZ004,2024-09-26,Hair,Color - Single Process,PRV0009,116.89,1,0.0,0.0,116.89,completed,debit_card
OL00001696,ORD0001702,APT0001702,CLT00087,BIZ004,2024-11-14,Skin,LED Light Therapy,PRV0020,86.46,1,0.0,0.0,86.46,completed,debit_card
OL00001697,ORD0001702,APT0001702,CLT00087,BIZ004,2024-11-14,Nails,Dip Powder Nails,PRV0020,66.07,1,0.0,13.21,79.28,completed,apple_pay
OL00001698,ORD0001703,APT0001703,CLT00087,BIZ004,2024-12-22,Skin,Microdermabrasion,PRV0003,146.23,1,0.0,36.56,182.79,completed,gift_card
OL00001699,ORD0001705,APT0001705,CLT00087,BIZ004,2025-03-28,Skin,Classic Facial,PRV0014,103.0,1,0.0,18.54,121.54,completed,gift_card
OL00001700,ORD0001706,APT0001706,CLT00087,BIZ004,2025-05-18,Skin,Deep Cleansing Facial,PRV0004,113.77,1,4.58,21.84,131.03,completed,debit_card
OL00001701,ORD0001708,APT0001708,CLT00087,BIZ004,2025-08-20,Hair,Color - Highlights,PRV0019,165.59,1,0.0,33.12,198.71,completed,google_pay
OL00001702,ORD0001709,APT0001709,CLT00087,BIZ004,2025-09-30,Hair,Color - Single Process,PRV0015,112.82,1,0.0,28.2,141.02,completed,debit_card
OL00001703,ORD0001709,APT0001709,CLT00087,BIZ004,2025-09-30,Nails,Nail Art Add-On,PRV0015,19.11,1,0.0,3.82,22.93,completed,apple_pay
OL00001704,ORD0001710,APT0001710,CLT00087,BIZ004,2025-11-19,Skin,LED Light Therapy,PRV0015,88.84,1,0.0,0.0,88.84,completed,google_pay
OL00001705,ORD0001711,APT0001711,CLT00087,BIZ004,2026-01-04,Skin,Chemical Peel,PRV0015,147.28,1,8.59,20.8,159.49,completed,cash
OL00001706,ORD0001711,APT0001711,CLT00087,BIZ004,2026-01-04,Nails,Nail Art Add-On,PRV0015,19.6,1,0.0,3.92,23.52,completed,debit_card
OL00001707,ORD0001712,APT0001712,CLT00087,BIZ004,2026-02-11,Skin,LED Light Therapy,PRV0014,87.66,1,0.0,21.91,109.57,completed,gift_card
OL00001708,ORD0001713,APT0001713,CLT00088,BIZ010,2024-05-04,Skin,Classic Facial,PRV0019,97.92,1,0.0,17.63,115.55,completed,credit_card
OL00001709,ORD0001714,APT0001714,CLT00088,BIZ010,2024-06-11,Massage,Swedish Massage 60min,PRV0020,123.01,1,7.21,17.37,133.17,completed,debit_card
OL00001710,ORD0001715,APT0001715,CLT00088,BIZ010,2024-07-28,Massage,Prenatal Massage,PRV0017,117.19,1,0.0,21.09,138.28,completed,credit_card
OL00001711,ORD0001715,APT0001715,CLT00088,BIZ010,2024-07-28,Nails,Gel Manicure,PRV0017,47.72,1,0.0,9.54,57.26,completed,apple_pay
OL00001712,ORD0001716,APT0001716,CLT00088,BIZ010,2024-09-14,Skin,LED Light Therapy,PRV0011,91.17,1,4.44,13.01,99.74,completed,credit_card
OL00001713,ORD0001717,APT0001717,CLT00088,BIZ010,2024-11-03,Massage,Swedish Massage 60min,PRV0015,108.83,1,0.0,19.59,128.42,completed,cash
OL00001714,ORD0001718,APT0001718,CLT00088,BIZ010,2024-12-21,Massage,Hot Stone Massage,PRV0012,144.81,1,1.11,0.0,143.7,completed,google_pay
OL00001715,ORD0001719,APT0001719,CLT00088,BIZ010,2025-02-11,Massage,Deep Tissue 60min,PRV0007,129.24,1,0.0,19.39,148.63,completed,google_pay
OL00001716,ORD0001720,APT0001720,CLT00088,BIZ010,2025-03-22,Massage,Swedish Massage 60min,PRV0018,123.03,1,7.86,17.28,132.45,completed,gift_card
OL00001717,ORD0001720,APT0001720,CLT00088,BIZ010,2025-03-22,Nails,Dip Powder Nails,PRV0018,65.08,1,0.0,11.71,76.79,completed,google_pay
OL00001718,ORD0001721,APT0001721,CLT00088,BIZ010,2025-05-01,Skin,LED Light Therapy,PRV0014,93.81,1,2.04,0.0,91.77,completed,apple_pay
OL00001719,ORD0001722,APT0001722,CLT00088,BIZ010,2025-06-09,Skin,LED Light Therapy,PRV0012,91.51,1,8.33,14.97,98.15,completed,gift_card
OL00001720,ORD0001723,APT0001723,CLT00088,BIZ010,2025-07-27,Massage,Prenatal Massage,PRV0005,121.82,1,0.0,18.27,140.09,completed,gift_card
OL00001721,ORD0001724,APT0001724,CLT00088,BIZ010,2025-09-09,Massage,Deep Tissue 60min,PRV0003,123.34,1,0.0,22.2,145.54,completed,cash
OL00001722,ORD0001725,APT0001725,CLT00088,BIZ010,2025-10-26,Skin,Classic Facial,PRV0013,102.34,1,0.0,18.42,120.76,completed,apple_pay
OL00001723,ORD0001726,APT0001726,CLT00088,BIZ010,2025-12-06,Skin,LED Light Therapy,PRV0020,85.52,1,0.0,12.83,98.35,completed,debit_card
OL00001724,ORD0001727,APT0001727,CLT00088,BIZ010,2026-01-15,Massage,Swedish Massage 60min,PRV0008,122.04,1,0.0,18.31,140.35,completed,credit_card
OL00001725,ORD0001728,APT0001728,CLT00088,BIZ010,2026-02-23,Skin,LED Light Therapy,PRV0001,89.07,1,0.0,0.0,89.07,completed,google_pay
OL00001726,ORD0001728,APT0001728,CLT00088,BIZ010,2026-02-23,Nails,Pedicure,PRV0001,57.59,1,0.0,0.0,57.59,completed,debit_card
OL00001727,ORD0001729,APT0001729,CLT00089,BIZ006,2024-04-17,Skin,Deep Cleansing Facial,PRV0005,128.4,1,0.0,19.26,147.66,completed,cash
OL00001728,ORD0001730,APT0001730,CLT00089,BIZ006,2024-05-03,Hair,Haircut & Style,PRV0018,72.98,1,0.0,13.14,86.12,completed,credit_card
OL00001729,ORD0001731,APT0001731,CLT00089,BIZ006,2024-05-17,Hair,Blowout,PRV0010,55.18,1,1.62,9.64,63.2,completed,debit_card
OL00001730,ORD0001732,APT0001732,CLT00089,BIZ006,2024-06-01,Hair,Root Touch-Up,PRV0012,95.24,1,7.7,17.51,105.05,completed,credit_card
OL00001731,ORD0001733,APT0001733,CLT00089,BIZ006,2024-06-21,Skin,Deep Cleansing Facial,PRV0019,131.47,1,0.0,26.29,157.76,completed,google_pay
OL00001732,ORD0001734,APT0001734,CLT00089,BIZ006,2024-07-11,Skin,Chemical Peel,PRV0015,161.34,1,0.0,0.0,161.34,completed,cash
OL00001733,ORD0001735,APT0001735,CLT00089,BIZ006,2024-07-31,Hair,Haircut & Style,PRV0001,70.57,1,0.0,0.0,70.57,completed,gift_card
OL00001734,ORD0001736,APT0001736,CLT00089,BIZ006,2024-08-20,Hair,Root Touch-Up,PRV0018,86.72,1,7.9,11.82,90.64,completed,credit_card
OL00001735,ORD0001737,APT0001737,CLT00089,BIZ006,2024-09-14,Skin,Microdermabrasion,PRV0012,129.28,1,0.0,0.0,129.28,completed,gift_card
OL00001736,ORD0001738,APT0001738,CLT00089,BIZ006,2024-10-07,Skin,Chemical Peel,PRV0004,155.75,1,0.0,28.04,183.79,completed,google_pay
OL00001737,ORD0001740,APT0001740,CLT00089,BIZ006,2024-11-12,Skin,Microdermabrasion,PRV0002,143.14,1,0.0,0.0,143.14,completed,gift_card
OL00001738,ORD0001742,APT0001742,CLT00089,BIZ006,2024-12-23,Hair,Blowout,PRV0016,45.97,1,0.0,0.0,45.97,completed,gift_card
OL00001739,ORD0001743,APT0001743,CLT00089,BIZ006,2025-01-12,Skin,LED Light Therapy,PRV0002,90.15,1,0.0,0.0,90.15,completed,google_pay
OL00001740,ORD0001744,APT0001744,CLT00089,BIZ006,2025-01-29,Hair,Color - Single Process,PRV0006,99.34,1,1.83,0.0,97.51,completed,cash
OL00001741,ORD0001745,APT0001745,CLT00089,BIZ006,2025-02-26,Skin,Chemical Peel,PRV0011,136.6,1,0.0,0.0,136.6,completed,debit_card
OL00001742,ORD0001746,APT0001746,CLT00089,BIZ006,2025-03-20,Hair,Blowout,PRV0009,54.23,1,0.0,0.0,54.23,completed,google_pay
OL00001743,ORD0001747,APT0001747,CLT00089,BIZ006,2025-04-04,Skin,Deep Cleansing Facial,PRV0005,116.34,1,3.72,22.52,135.14,completed,cash
OL00001744,ORD0001748,APT0001748,CLT00089,BIZ006,2025-04-20,Hair,Color - Single Process,PRV0001,125.42,1,0.0,25.08,150.5,completed,credit_card
OL00001745,ORD0001749,APT0001749,CLT00089,BIZ006,2025-05-17,Hair,Root Touch-Up,PRV0019,80.59,1,0.0,12.09,92.68,completed,cash
OL00001746,ORD0001750,APT0001750,CLT00089,BIZ006,2025-06-11,Skin,Classic Facial,PRV0011,101.63,1,0.0,15.24,116.87,completed,debit_card
OL00001747,ORD0001751,APT0001751,CLT00089,BIZ006,2025-07-01,Skin,Chemical Peel,PRV0001,140.06,1,0.0,21.01,161.07,completed,apple_pay
OL00001748,ORD0001753,APT0001753,CLT00089,BIZ006,2025-08-17,Hair,Color - Highlights,PRV0020,182.75,1,0.0,36.55,219.3,completed,credit_card
OL00001749,ORD0001754,APT0001754,CLT00089,BIZ006,2025-09-11,Skin,Deep Cleansing Facial,PRV0011,133.41,1,0.0,26.68,160.09,completed,google_pay
OL00001750,ORD0001755,APT0001755,CLT00089,BIZ006,2025-10-04,Hair,Color - Highlights,PRV0020,165.68,1,7.83,39.46,197.31,completed,debit_card
OL00001751,ORD0001756,APT0001756,CLT00089,BIZ006,2025-10-18,Hair,Blowout,PRV0015,56.55,1,0.0,10.18,66.73,completed,gift_card
OL00001752,ORD0001757,APT0001757,CLT00089,BIZ006,2025-11-12,Hair,Color - Highlights,PRV0019,185.14,1,0.0,0.0,185.14,completed,debit_card
OL00001753,ORD0001758,APT0001758,CLT00089,BIZ006,2025-12-10,Skin,Microdermabrasion,PRV0016,122.09,1,0.0,21.98,144.07,completed,google_pay
OL00001754,ORD0001759,APT0001759,CLT00089,BIZ006,2025-12-29,Hair,Balayage,PRV0007,220.6,1,0.0,39.71,260.31,completed,debit_card
OL00001755,ORD0001760,APT0001760,CLT00089,BIZ006,2026-01-22,Hair,Blowout,PRV0010,50.88,1,0.0,9.16,60.04,completed,cash
OL00001756,ORD0001762,APT0001762,CLT00089,BIZ006,2026-03-10,Hair,Balayage,PRV0007,205.19,1,14.18,38.2,229.21,completed,credit_card
OL00001757,ORD0001763,APT0001763,CLT00090,BIZ006,2024-05-01,Skin,Microdermabrasion,PRV0004,129.94,1,9.98,23.99,143.95,completed,google_pay
OL00001758,ORD0001764,APT0001764,CLT00090,BIZ006,2024-06-23,Massage,Deep Tissue 60min,PRV0013,123.26,1,0.0,24.65,147.91,completed,debit_card
OL00001759,ORD0001765,APT0001765,CLT00090,BIZ006,2024-08-26,Skin,Microdermabrasion,PRV0001,129.85,1,0.0,23.37,153.22,completed,gift_card
OL00001760,ORD0001766,APT0001766,CLT00090,BIZ006,2024-11-01,Skin,Classic Facial,PRV0019,87.6,1,0.0,21.9,109.5,completed,credit_card
OL00001761,ORD0001767,APT0001767,CLT00090,BIZ006,2025-01-01,Massage,Deep Tissue 60min,PRV0004,115.86,1,0.0,23.17,139.03,completed,credit_card
OL00001762,ORD0001768,APT0001768,CLT00090,BIZ006,2025-03-02,Skin,Microdermabrasion,PRV0019,141.75,1,3.21,20.78,159.32,completed,apple_pay
OL00001763,ORD0001769,APT0001769,CLT00090,BIZ006,2025-05-07,Skin,Microdermabrasion,PRV0009,142.82,1,0.0,28.56,171.38,completed,cash
OL00001764,ORD0001770,APT0001770,CLT00090,BIZ006,2025-07-05,Massage,Swedish Massage 60min,PRV0020,100.04,1,0.0,20.01,120.05,completed,credit_card
OL00001765,ORD0001772,APT0001772,CLT00090,BIZ006,2025-11-05,Massage,Deep Tissue 60min,PRV0014,125.13,1,0.0,0.0,125.13,completed,credit_card
OL00001766,ORD0001773,APT0001773,CLT00090,BIZ006,2026-01-01,Skin,Deep Cleansing Facial,PRV0017,117.07,1,0.0,0.0,117.07,completed,credit_card
OL00001767,ORD0001774,APT0001774,CLT00090,BIZ006,2026-02-24,Skin,Chemical Peel,PRV0016,134.11,1,0.0,20.12,154.23,completed,credit_card
OL00001768,ORD0001775,APT0001775,CLT00091,BIZ005,2024-05-02,Skin,Classic Facial,PRV0010,101.39,1,9.84,16.48,108.03,completed,gift_card
OL00001769,ORD0001777,APT0001777,CLT00091,BIZ005,2024-08-24,Waxing,Brow Wax & Shape,PRV0017,25.57,1,0.0,3.84,29.41,completed,cash
OL00001770,ORD0001778,APT0001778,CLT00091,BIZ005,2024-10-28,Skin,Deep Cleansing Facial,PRV0010,137.12,1,0.0,20.57,157.69,completed,cash
OL00001771,ORD0001779,APT0001779,CLT00091,BIZ005,2024-12-21,Waxing,Full Leg Wax,PRV0002,80.81,1,2.71,11.72,89.82,completed,google_pay
OL00001772,ORD0001780,APT0001780,CLT00091,BIZ005,2025-02-26,Waxing,Full Leg Wax,PRV0011,86.22,1,5.66,14.5,95.06,completed,credit_card
OL00001773,ORD0001781,APT0001781,CLT00091,BIZ005,2025-05-01,Skin,Deep Cleansing Facial,PRV0019,125.92,1,0.0,22.67,148.59,completed,apple_pay
OL00001774,ORD0001782,APT0001782,CLT00091,BIZ005,2025-07-06,Waxing,Lip & Chin Wax,PRV0002,19.85,1,0.0,3.57,23.42,completed,gift_card
OL00001775,ORD0001783,APT0001783,CLT00091,BIZ005,2025-08-29,Waxing,Lip & Chin Wax,PRV0012,21.89,1,0.0,0.0,21.89,completed,debit_card
OL00001776,ORD0001784,APT0001784,CLT00091,BIZ005,2025-10-28,Waxing,Brow Wax & Shape,PRV0013,22.66,1,0.0,0.0,22.66,completed,credit_card
OL00001777,ORD0001785,APT0001785,CLT00091,BIZ005,2026-01-01,Skin,Classic Facial,PRV0008,108.94,1,0.0,19.61,128.55,completed,google_pay
OL00001778,ORD0001787,APT0001787,CLT00092,BIZ005,2024-05-28,Hair,Blowout,PRV0006,51.27,1,1.8,9.89,59.36,completed,debit_card
OL00001779,ORD0001788,APT0001788,CLT00092,BIZ005,2024-08-31,Hair,Color - Single Process,PRV0010,113.74,1,0.0,22.75,136.49,completed,cash
OL00001780,ORD0001789,APT0001789,CLT00092,BIZ005,2024-11-26,Hair,Color - Highlights,PRV0001,152.31,1,0.0,27.42,179.73,completed,google_pay
OL00001781,ORD0001790,APT0001790,CLT00092,BIZ005,2025-02-27,Hair,Color - Single Process,PRV0012,121.72,1,0.0,18.26,139.98,completed,apple_pay
OL00001782,ORD0001791,APT0001791,CLT00092,BIZ005,2025-05-21,Hair,Color - Single Process,PRV0001,106.95,1,0.0,21.39,128.34,completed,apple_pay
OL00001783,ORD0001792,APT0001792,CLT00092,BIZ005,2025-08-21,Hair,Keratin Treatment,PRV0001,311.21,1,2.27,61.79,370.73,completed,credit_card
OL00001784,ORD0001793,APT0001793,CLT00092,BIZ005,2025-11-20,Hair,Root Touch-Up,PRV0020,95.02,1,7.24,17.56,105.34,completed,credit_card
OL00001785,ORD0001794,APT0001794,CLT00092,BIZ005,2026-02-17,Hair,Color - Highlights,PRV0005,150.0,1,7.65,25.62,167.97,completed,cash
OL00001786,ORD0001795,APT0001795,CLT00093,BIZ008,2024-05-14,Nails,Manicure,PRV0008,36.72,1,2.99,6.07,39.8,completed,apple_pay
OL00001787,ORD0001796,APT0001796,CLT00093,BIZ008,2024-06-12,Skin,Chemical Peel,PRV0006,162.94,1,6.83,39.03,195.14,completed,cash
OL00001788,ORD0001797,APT0001797,CLT00093,BIZ008,2024-07-22,Nails,Gel Manicure,PRV0001,45.83,1,1.52,7.98,52.29,completed,debit_card
OL00001789,ORD0001798,APT0001798,CLT00093,BIZ008,2024-08-28,Skin,Chemical Peel,PRV0011,146.6,1,3.26,25.8,169.14,completed,credit_card
OL00001790,ORD0001799,APT0001799,CLT00093,BIZ008,2024-10-03,Skin,LED Light Therapy,PRV0001,82.46,1,0.0,12.37,94.83,completed,cash
OL00001791,ORD0001800,APT0001800,CLT00093,BIZ008,2024-11-07,Nails,Nail Art Add-On,PRV0016,19.62,1,0.0,0.0,19.62,completed,apple_pay
OL00001792,ORD0001801,APT0001801,CLT00093,BIZ008,2024-12-08,Nails,Pedicure,PRV0010,49.57,1,0.4,8.85,58.02,completed,apple_pay
OL00001793,ORD0001802,APT0001802,CLT00093,BIZ008,2025-01-15,Nails,Gel Manicure,PRV0011,49.23,1,0.0,9.85,59.08,completed,cash
OL00001794,ORD0001803,APT0001803,CLT00093,BIZ008,2025-02-12,Nails,Dip Powder Nails,PRV0006,61.17,1,0.0,9.18,70.35,completed,debit_card
OL00001795,ORD0001804,APT0001804,CLT00093,BIZ008,2025-03-23,Nails,Pedicure,PRV0012,62.3,1,0.0,9.34,71.64,completed,cash
OL00001796,ORD0001805,APT0001805,CLT00093,BIZ008,2025-04-30,Nails,Nail Art Add-On,PRV0020,19.96,1,0.0,3.59,23.55,completed,cash
OL00001797,ORD0001806,APT0001806,CLT00093,BIZ008,2025-06-05,Nails,Dip Powder Nails,PRV0005,63.41,1,0.0,11.41,74.82,completed,debit_card
OL00001798,ORD0001807,APT0001807,CLT00093,BIZ008,2025-07-17,Nails,Gel Manicure,PRV0020,50.94,1,0.0,0.0,50.94,completed,debit_card
OL00001799,ORD0001808,APT0001808,CLT00093,BIZ008,2025-08-21,Nails,Gel Manicure,PRV0019,51.25,1,0.0,10.25,61.5,completed,apple_pay
OL00001800,ORD0001809,APT0001809,CLT00093,BIZ008,2025-09-23,Nails,Pedicure,PRV0004,52.79,1,0.0,7.92,60.71,completed,debit_card
OL00001801,ORD0001810,APT0001810,CLT00093,BIZ008,2025-11-02,Skin,LED Light Therapy,PRV0001,91.56,1,0.0,13.73,105.29,completed,google_pay
OL00001802,ORD0001811,APT0001811,CLT00093,BIZ008,2025-12-03,Nails,Pedicure,PRV0003,59.67,1,0.0,10.74,70.41,completed,credit_card
OL00001803,ORD0001812,APT0001812,CLT00093,BIZ008,2026-01-06,Skin,LED Light Therapy,PRV0001,93.37,1,0.0,18.67,112.04,completed,debit_card
OL00001804,ORD0001814,APT0001814,CLT00093,BIZ008,2026-03-06,Skin,Chemical Peel,PRV0015,158.86,1,4.7,30.83,184.99,completed,debit_card
OL00001805,ORD0001815,APT0001815,CLT00094,BIZ004,2024-05-04,Hair,Haircut & Style,PRV0011,67.4,1,0.0,0.0,67.4,completed,gift_card
OL00001806,ORD0001816,APT0001816,CLT00094,BIZ004,2024-06-11,Hair,Color - Single Process,PRV0016,117.69,1,0.0,17.65,135.34,completed,google_pay
OL00001807,ORD0001817,APT0001817,CLT00094,BIZ004,2024-07-11,Hair,Color - Single Process,PRV0004,108.78,1,9.45,14.9,114.23,completed,gift_card
OL00001808,ORD0001818,APT0001818,CLT00094,BIZ004,2024-08-13,Hair,Balayage,PRV0003,244.52,1,0.0,0.0,244.52,completed,credit_card
OL00001809,ORD0001819,APT0001819,CLT00094,BIZ004,2024-09-10,Hair,Balayage,PRV0008,209.39,1,0.0,31.41,240.8,completed,gift_card
OL00001810,ORD0001820,APT0001820,CLT00094,BIZ004,2024-10-13,Hair,Blowout,PRV0004,53.24,1,0.0,9.58,62.82,completed,google_pay
OL00001811,ORD0001822,APT0001822,CLT00094,BIZ004,2024-12-25,Hair,Root Touch-Up,PRV0006,84.85,1,3.78,16.21,97.28,completed,debit_card
OL00001812,ORD0001823,APT0001823,CLT00094,BIZ004,2025-01-28,Hair,Haircut & Style,PRV0012,74.14,1,0.0,13.35,87.49,completed,apple_pay
OL00001813,ORD0001824,APT0001824,CLT00094,BIZ004,2025-03-03,Hair,Color - Highlights,PRV0009,166.7,1,0.0,25.0,191.7,completed,debit_card
OL00001814,ORD0001825,APT0001825,CLT00094,BIZ004,2025-04-07,Hair,Root Touch-Up,PRV0001,85.14,1,0.05,12.76,97.85,completed,debit_card
OL00001815,ORD0001826,APT0001826,CLT00094,BIZ004,2025-05-12,Hair,Color - Highlights,PRV0002,180.09,1,0.0,36.02,216.11,completed,gift_card
OL00001816,ORD0001827,APT0001827,CLT00094,BIZ004,2025-06-19,Hair,Color - Single Process,PRV0020,115.07,1,0.0,20.71,135.78,completed,apple_pay
OL00001817,ORD0001828,APT0001828,CLT00094,BIZ004,2025-07-18,Hair,Haircut & Style,PRV0001,60.89,1,5.44,9.98,65.43,completed,gift_card
OL00001818,ORD0001829,APT0001829,CLT00094,BIZ004,2025-08-29,Hair,Color - Highlights,PRV0005,153.29,1,0.0,27.59,180.88,completed,credit_card
OL00001819,ORD0001830,APT0001830,CLT00094,BIZ004,2025-09-27,Hair,Haircut & Style,PRV0003,65.86,1,0.0,13.17,79.03,completed,debit_card
OL00001820,ORD0001831,APT0001831,CLT00094,BIZ004,2025-11-08,Hair,Color - Single Process,PRV0019,107.71,1,0.0,16.16,123.87,completed,google_pay
OL00001821,ORD0001832,APT0001832,CLT00094,BIZ004,2025-12-17,Hair,Haircut & Style,PRV0017,61.76,1,6.1,11.13,66.79,completed,debit_card
OL00001822,ORD0001833,APT0001833,CLT00094,BIZ004,2026-01-23,Hair,Root Touch-Up,PRV0017,79.19,1,0.0,15.84,95.03,completed,cash
OL00001823,ORD0001834,APT0001834,CLT00094,BIZ004,2026-03-02,Hair,Color - Single Process,PRV0001,103.58,1,0.0,18.64,122.22,completed,google_pay
OL00001824,ORD0001835,APT0001835,CLT00095,BIZ001,2024-05-10,Nails,Manicure,PRV0019,32.5,1,0.85,4.75,36.4,completed,credit_card
OL00001825,ORD0001837,APT0001837,CLT00095,BIZ001,2024-07-25,Hair,Color - Highlights,PRV0007,178.77,1,0.0,35.75,214.52,completed,gift_card
OL00001826,ORD0001838,APT0001838,CLT00095,BIZ001,2024-08-26,Nails,Gel Manicure,PRV0009,45.8,1,0.0,9.16,54.96,completed,apple_pay
OL00001827,ORD0001839,APT0001839,CLT00095,BIZ001,2024-10-07,Nails,Pedicure,PRV0017,56.06,1,0.0,8.41,64.47,completed,credit_card
OL00001828,ORD0001840,APT0001840,CLT00095,BIZ001,2024-11-13,Nails,Manicure,PRV0013,35.41,1,0.0,7.08,42.49,completed,cash
OL00001829,ORD0001842,APT0001842,CLT00095,BIZ001,2025-01-22,Nails,Dip Powder Nails,PRV0017,65.39,1,0.0,16.35,81.74,completed,credit_card
OL00001830,ORD0001843,APT0001843,CLT00095,BIZ001,2025-03-01,Nails,Nail Art Add-On,PRV0012,21.68,1,0.0,3.9,25.58,completed,debit_card
OL00001831,ORD0001844,APT0001844,CLT00095,BIZ001,2025-04-03,Hair,Haircut & Style,PRV0011,61.87,1,2.21,10.74,70.4,completed,cash
OL00001832,ORD0001845,APT0001845,CLT00095,BIZ001,2025-05-14,Hair,Blowout,PRV0008,56.9,1,0.0,10.24,67.14,completed,cash
OL00001833,ORD0001846,APT0001846,CLT00095,BIZ001,2025-06-11,Nails,Gel Manicure,PRV0015,49.19,1,3.35,8.25,54.09,completed,apple_pay
OL00001834,ORD0001847,APT0001847,CLT00095,BIZ001,2025-07-15,Hair,Blowout,PRV0007,46.9,1,0.0,7.03,53.93,completed,google_pay
OL00001835,ORD0001848,APT0001848,CLT00095,BIZ001,2025-08-15,Nails,Dip Powder Nails,PRV0009,59.63,1,0.0,10.73,70.36,completed,credit_card
OL00001836,ORD0001849,APT0001849,CLT00095,BIZ001,2025-09-23,Nails,Gel Manicure,PRV0004,45.06,1,0.0,9.01,54.07,completed,credit_card
OL00001837,ORD0001850,APT0001850,CLT00095,BIZ001,2025-10-22,Hair,Color - Single Process,PRV0018,125.13,1,0.0,22.52,147.65,completed,gift_card
OL00001838,ORD0001851,APT0001851,CLT00095,BIZ001,2025-11-29,Nails,Manicure,PRV0005,37.21,1,0.0,0.0,37.21,completed,cash
OL00001839,ORD0001852,APT0001852,CLT00095,BIZ001,2026-01-07,Nails,Manicure,PRV0005,32.73,1,0.0,4.91,37.64,completed,debit_card
OL00001840,ORD0001853,APT0001853,CLT00095,BIZ001,2026-02-15,Nails,Gel Manicure,PRV0004,55.43,1,0.0,11.09,66.52,completed,credit_card
OL00001841,ORD0001854,APT0001854,CLT00095,BIZ001,2026-03-22,Hair,Haircut & Style,PRV0013,71.01,1,0.0,0.0,71.01,completed,cash
OL00001842,ORD0001856,APT0001856,CLT00096,BIZ008,2024-07-10,Skin,Microdermabrasion,PRV0003,119.47,1,0.0,29.87,149.34,completed,gift_card
OL00001843,ORD0001856,APT0001856,CLT00096,BIZ008,2024-07-10,Nails,Manicure,PRV0003,34.52,1,0.0,6.21,40.73,completed,google_pay
OL00001844,ORD0001859,APT0001859,CLT00096,BIZ008,2025-01-09,Skin,Deep Cleansing Facial,PRV0015,125.94,1,0.0,25.19,151.13,completed,debit_card
OL00001845,ORD0001859,APT0001859,CLT00096,BIZ008,2025-01-09,Nails,Gel Manicure,PRV0015,50.04,1,0.0,7.51,57.55,completed,apple_pay
OL00001846,ORD0001860,APT0001860,CLT00096,BIZ008,2025-03-09,Nails,Manicure,PRV0016,32.3,1,0.0,4.84,37.14,completed,gift_card
OL00001847,ORD0001861,APT0001861,CLT00096,BIZ008,2025-05-11,Nails,Dip Powder Nails,PRV0001,59.99,1,0.0,10.8,70.79,completed,debit_card
OL00001848,ORD0001863,APT0001863,CLT00097,BIZ004,2024-04-11,Hair,Haircut & Style,PRV0013,63.69,1,0.0,11.46,75.15,completed,apple_pay
OL00001849,ORD0001864,APT0001864,CLT00097,BIZ004,2024-05-29,Nails,Pedicure,PRV0007,61.59,1,0.0,0.0,61.59,completed,debit_card
OL00001850,ORD0001865,APT0001865,CLT00097,BIZ004,2024-07-17,Nails,Dip Powder Nails,PRV0001,73.24,1,0.28,0.0,72.96,completed,cash
OL00001851,ORD0001866,APT0001866,CLT00097,BIZ004,2024-09-07,Hair,Haircut & Style,PRV0018,61.32,1,0.0,12.26,73.58,completed,apple_pay
OL00001852,ORD0001867,APT0001867,CLT00097,BIZ004,2024-10-26,Nails,Manicure,PRV0020,36.94,1,0.0,7.39,44.33,completed,gift_card
OL00001853,ORD0001868,APT0001868,CLT00097,BIZ004,2024-12-03,Hair,Balayage,PRV0013,227.36,1,0.0,40.92,268.28,completed,credit_card
OL00001854,ORD0001869,APT0001869,CLT00097,BIZ004,2025-01-22,Hair,Color - Single Process,PRV0019,120.44,1,0.0,30.11,150.55,completed,google_pay
OL00001855,ORD0001870,APT0001870,CLT00097,BIZ004,2025-03-01,Hair,Root Touch-Up,PRV0002,90.97,1,0.0,16.37,107.34,completed,gift_card
OL00001856,ORD0001871,APT0001871,CLT00097,BIZ004,2025-04-08,Hair,Haircut & Style,PRV0020,63.22,1,3.53,14.92,74.61,completed,gift_card
OL00001857,ORD0001872,APT0001872,CLT00097,BIZ004,2025-05-20,Nails,Pedicure,PRV0012,59.92,1,4.87,8.26,63.31,completed,gift_card
OL00001858,ORD0001873,APT0001873,CLT00097,BIZ004,2025-06-29,Hair,Keratin Treatment,PRV0014,277.23,1,0.0,49.9,327.13,completed,apple_pay
OL00001859,ORD0001874,APT0001874,CLT00097,BIZ004,2025-08-16,Hair,Haircut & Style,PRV0013,68.12,1,2.94,9.78,74.96,completed,gift_card
OL00001860,ORD0001875,APT0001875,CLT00097,BIZ004,2025-09-30,Hair,Keratin Treatment,PRV0013,259.12,1,0.0,46.64,305.76,completed,gift_card
OL00001861,ORD0001876,APT0001876,CLT00097,BIZ004,2025-11-18,Hair,Blowout,PRV0005,49.27,1,0.0,8.87,58.14,completed,google_pay
OL00001862,ORD0001877,APT0001877,CLT00097,BIZ004,2025-12-28,Nails,Nail Art Add-On,PRV0018,22.8,1,0.0,3.42,26.22,completed,credit_card
OL00001863,ORD0001878,APT0001878,CLT00097,BIZ004,2026-02-18,Nails,Manicure,PRV0016,36.6,1,0.0,9.15,45.75,completed,debit_card
OL00001864,ORD0001880,APT0001880,CLT00098,BIZ009,2024-06-05,Hair,Keratin Treatment,PRV0015,290.57,1,0.0,58.11,348.68,completed,cash
OL00001865,ORD0001881,APT0001881,CLT00098,BIZ009,2024-07-16,Hair,Haircut & Style,PRV0001,68.96,1,0.0,12.41,81.37,completed,google_pay
OL00001866,ORD0001882,APT0001882,CLT00098,BIZ009,2024-08-14,Skin,Deep Cleansing Facial,PRV0005,112.86,1,0.0,16.93,129.79,completed,debit_card
OL00001867,ORD0001883,APT0001883,CLT00098,BIZ009,2024-09-21,Hair,Balayage,PRV0016,199.09,1,5.21,0.0,193.88,completed,google_pay
OL00001868,ORD0001884,APT0001884,CLT00098,BIZ009,2024-10-20,Skin,Deep Cleansing Facial,PRV0008,136.36,1,0.0,20.45,156.81,completed,credit_card
OL00001869,ORD0001885,APT0001885,CLT00098,BIZ009,2024-11-24,Skin,Microdermabrasion,PRV0013,128.94,1,0.0,25.79,154.73,completed,google_pay
OL00001870,ORD0001886,APT0001886,CLT00098,BIZ009,2024-12-30,Skin,Classic Facial,PRV0012,91.51,1,0.0,13.73,105.24,completed,gift_card
OL00001871,ORD0001887,APT0001887,CLT00098,BIZ009,2025-02-04,Hair,Color - Highlights,PRV0012,156.69,1,0.0,23.5,180.19,completed,debit_card
OL00001872,ORD0001888,APT0001888,CLT00098,BIZ009,2025-03-05,Skin,LED Light Therapy,PRV0006,94.18,1,0.0,23.55,117.73,completed,apple_pay
OL00001873,ORD0001889,APT0001889,CLT00098,BIZ009,2025-04-14,Skin,Deep Cleansing Facial,PRV0012,122.13,1,0.0,24.43,146.56,completed,apple_pay
OL00001874,ORD0001890,APT0001890,CLT00098,BIZ009,2025-05-17,Hair,Color - Single Process,PRV0009,105.71,1,0.0,15.86,121.57,completed,cash
OL00001875,ORD0001892,APT0001892,CLT00098,BIZ009,2025-07-31,Hair,Keratin Treatment,PRV0001,278.98,1,0.0,55.8,334.78,completed,cash
OL00001876,ORD0001894,APT0001894,CLT00098,BIZ009,2025-10-13,Skin,Chemical Peel,PRV0018,132.8,1,7.42,18.81,144.19,completed,apple_pay
OL00001877,ORD0001896,APT0001896,CLT00099,BIZ006,2024-06-06,Nails,Nail Art Add-On,PRV0016,22.29,1,0.0,0.0,22.29,completed,gift_card
OL00001878,ORD0001897,APT0001897,CLT00099,BIZ006,2024-07-31,Hair,Haircut & Style,PRV0009,65.02,1,3.0,9.3,71.32,completed,cash
OL00001879,ORD0001898,APT0001898,CLT00099,BIZ006,2024-09-23,Nails,Pedicure,PRV0016,56.77,1,0.0,10.22,66.99,completed,apple_pay
OL00001880,ORD0001898,APT0001898,CLT00099,BIZ006,2024-09-23,Waxing,Brow Wax & Shape,PRV0016,24.4,1,0.0,4.88,29.28,completed,credit_card
OL00001881,ORD0001899,APT0001899,CLT00099,BIZ006,2024-11-29,Hair,Keratin Treatment,PRV0012,269.0,1,0.0,48.42,317.42,completed,gift_card
OL00001882,ORD0001899,APT0001899,CLT00099,BIZ006,2024-11-29,Nails,Dip Powder Nails,PRV0012,62.63,1,0.0,9.39,72.02,completed,cash
OL00001883,ORD0001900,APT0001900,CLT00099,BIZ006,2025-01-24,Hair,Blowout,PRV0004,55.57,1,0.0,11.11,66.68,completed,apple_pay
OL00001884,ORD0001901,APT0001901,CLT00099,BIZ006,2025-03-23,Hair,Root Touch-Up,PRV0001,81.97,1,8.0,13.31,87.28,completed,google_pay
OL00001885,ORD0001901,APT0001901,CLT00099,BIZ006,2025-03-23,Nails,Nail Art Add-On,PRV0001,20.24,1,0.0,0.0,20.24,completed,google_pay
OL00001886,ORD0001902,APT0001902,CLT00099,BIZ006,2025-05-18,Hair,Haircut & Style,PRV0020,63.96,1,4.76,11.84,71.04,completed,apple_pay
OL00001887,ORD0001902,APT0001902,CLT00099,BIZ006,2025-05-18,Nails,Gel Manicure,PRV0020,51.11,1,0.0,7.67,58.78,completed,debit_card
OL00001888,ORD0001903,APT0001903,CLT00099,BIZ006,2025-07-14,Nails,Dip Powder Nails,PRV0009,71.95,1,0.0,12.95,84.9,completed,credit_card
OL00001889,ORD0001903,APT0001903,CLT00099,BIZ006,2025-07-14,Waxing,Brazilian Wax,PRV0009,67.28,1,0.0,0.0,67.28,completed,gift_card
OL00001890,ORD0001905,APT0001905,CLT00100,BIZ005,2024-05-03,Waxing,Brazilian Wax,PRV0004,63.26,1,1.8,9.22,70.68,completed,credit_card
OL00001891,ORD0001906,APT0001906,CLT00100,BIZ005,2024-06-12,Skin,Chemical Peel,PRV0003,155.36,1,0.0,27.96,183.32,completed,cash
OL00001892,ORD0001907,APT0001907,CLT00100,BIZ005,2024-07-24,Waxing,Lip & Chin Wax,PRV0014,21.42,1,1.44,3.6,23.58,completed,debit_card
OL00001893,ORD0001908,APT0001908,CLT00100,BIZ005,2024-09-03,Waxing,Brazilian Wax,PRV0017,72.18,1,4.43,12.2,79.95,completed,gift_card
OL00001894,ORD0001909,APT0001909,CLT00100,BIZ005,2024-10-12,Waxing,Full Leg Wax,PRV0013,84.37,1,0.0,12.66,97.03,completed,gift_card
OL00001895,ORD0001910,APT0001910,CLT00100,BIZ005,2024-11-22,Waxing,Lip & Chin Wax,PRV0005,20.57,1,0.0,0.0,20.57,completed,gift_card
OL00001896,ORD0001911,APT0001911,CLT00100,BIZ005,2025-01-10,Waxing,Brazilian Wax,PRV0007,62.63,1,0.0,0.0,62.63,completed,debit_card
OL00001897,ORD0001912,APT0001912,CLT00100,BIZ005,2025-03-01,Skin,Deep Cleansing Facial,PRV0018,124.65,1,2.66,24.4,146.39,completed,gift_card
OL00001898,ORD0001913,APT0001913,CLT00100,BIZ005,2025-04-10,Waxing,Brow Wax & Shape,PRV0013,23.99,1,0.0,3.6,27.59,completed,cash
OL00001899,ORD0001914,APT0001914,CLT00100,BIZ005,2025-05-26,Skin,Chemical Peel,PRV0003,156.27,1,12.33,25.91,169.85,completed,credit_card
OL00001900,ORD0001915,APT0001915,CLT00100,BIZ005,2025-07-05,Skin,Classic Facial,PRV0006,86.65,1,0.0,0.0,86.65,completed,debit_card
OL00001901,ORD0001917,APT0001917,CLT00100,BIZ005,2025-10-12,Skin,Chemical Peel,PRV0003,149.46,1,0.0,26.9,176.36,completed,debit_card
OL00001902,ORD0001919,APT0001919,CLT00101,BIZ005,2024-04-10,Hair,Root Touch-Up,PRV0004,81.1,1,3.01,15.62,93.71,completed,cash
OL00001903,ORD0001920,APT0001920,CLT00101,BIZ005,2024-04-27,Hair,Keratin Treatment,PRV0012,289.13,1,11.43,41.65,319.35,completed,credit_card
OL00001904,ORD0001921,APT0001921,CLT00101,BIZ005,2024-05-17,Hair,Blowout,PRV0004,51.26,1,0.0,10.25,61.51,completed,debit_card
OL00001905,ORD0001922,APT0001922,CLT00101,BIZ005,2024-06-01,Hair,Blowout,PRV0018,56.75,1,0.0,10.21,66.96,completed,google_pay
OL00001906,ORD0001923,APT0001923,CLT00101,BIZ005,2024-06-22,Hair,Color - Single Process,PRV0002,119.06,1,0.0,21.43,140.49,completed,gift_card
OL00001907,ORD0001924,APT0001924,CLT00101,BIZ005,2024-07-06,Hair,Balayage,PRV0013,225.18,1,0.0,33.78,258.96,completed,apple_pay
OL00001908,ORD0001925,APT0001925,CLT00101,BIZ005,2024-08-03,Hair,Haircut & Style,PRV0006,64.59,1,0.0,9.69,74.28,completed,cash
OL00001909,ORD0001926,APT0001926,CLT00101,BIZ005,2024-08-24,Hair,Keratin Treatment,PRV0016,305.37,1,0.0,45.81,351.18,completed,cash
OL00001910,ORD0001927,APT0001927,CLT00101,BIZ005,2024-09-07,Hair,Keratin Treatment,PRV0013,285.91,1,0.0,0.0,285.91,completed,apple_pay
OL00001911,ORD0001928,APT0001928,CLT00101,BIZ005,2024-10-03,Hair,Blowout,PRV0008,54.57,1,0.0,0.0,54.57,completed,debit_card
OL00001912,ORD0001929,APT0001929,CLT00101,BIZ005,2024-10-18,Hair,Balayage,PRV0011,210.27,1,19.09,0.0,191.18,completed,gift_card
OL00001913,ORD0001931,APT0001931,CLT00101,BIZ005,2024-12-07,Hair,Keratin Treatment,PRV0019,292.33,1,0.0,52.62,344.95,completed,gift_card
OL00001914,ORD0001932,APT0001932,CLT00101,BIZ005,2024-12-25,Hair,Keratin Treatment,PRV0019,308.99,1,0.0,46.35,355.34,completed,cash
OL00001915,ORD0001933,APT0001933,CLT00101,BIZ005,2025-01-09,Hair,Color - Highlights,PRV0004,160.02,1,0.0,32.0,192.02,completed,google_pay
OL00001916,ORD0001934,APT0001934,CLT00101,BIZ005,2025-01-25,Hair,Keratin Treatment,PRV0001,252.79,1,0.0,50.56,303.35,completed,gift_card
OL00001917,ORD0001935,APT0001935,CLT00101,BIZ005,2025-02-13,Hair,Blowout,PRV0004,52.45,1,0.0,7.87,60.32,completed,apple_pay
OL00001918,ORD0001936,APT0001936,CLT00101,BIZ005,2025-02-27,Hair,Root Touch-Up,PRV0014,82.98,1,0.0,14.94,97.92,completed,cash
OL00001919,ORD0001937,APT0001937,CLT00101,BIZ005,2025-03-13,Hair,Haircut & Style,PRV0013,74.39,1,0.35,14.81,88.85,completed,gift_card
OL00001920,ORD0001939,APT0001939,CLT00101,BIZ005,2025-04-12,Hair,Blowout,PRV0016,55.76,1,0.0,10.04,65.8,completed,credit_card
OL00001921,ORD0001940,APT0001940,CLT00101,BIZ005,2025-05-03,Hair,Balayage,PRV0020,239.24,1,0.0,47.85,287.09,completed,cash
OL00001922,ORD0001941,APT0001941,CLT00101,BIZ005,2025-05-23,Hair,Color - Highlights,PRV0005,183.59,1,0.0,27.54,211.13,completed,gift_card
OL00001923,ORD0001942,APT0001942,CLT00101,BIZ005,2025-06-13,Hair,Color - Single Process,PRV0015,100.92,1,0.0,18.17,119.09,completed,apple_pay
OL00001924,ORD0001943,APT0001943,CLT00101,BIZ005,2025-07-07,Hair,Balayage,PRV0014,247.75,1,17.42,0.0,230.33,completed,debit_card
OL00001925,ORD0001945,APT0001945,CLT00101,BIZ005,2025-08-19,Hair,Root Touch-Up,PRV0008,83.17,1,0.0,0.0,83.17,completed,debit_card
OL00001926,ORD0001946,APT0001946,CLT00101,BIZ005,2025-09-11,Hair,Root Touch-Up,PRV0020,90.33,1,0.0,16.26,106.59,completed,apple_pay
OL00001927,ORD0001947,APT0001947,CLT00101,BIZ005,2025-10-03,Hair,Color - Single Process,PRV0004,112.3,1,0.0,0.0,112.3,completed,gift_card
OL00001928,ORD0001948,APT0001948,CLT00101,BIZ005,2025-10-28,Hair,Blowout,PRV0020,47.4,1,0.0,0.0,47.4,completed,gift_card
OL00001929,ORD0001949,APT0001949,CLT00101,BIZ005,2025-11-18,Hair,Haircut & Style,PRV0006,60.65,1,1.04,11.92,71.53,completed,apple_pay
OL00001930,ORD0001950,APT0001950,CLT00101,BIZ005,2025-12-02,Hair,Balayage,PRV0014,208.17,1,0.0,31.23,239.4,completed,credit_card
OL00001931,ORD0001952,APT0001952,CLT00102,BIZ009,2024-04-17,Waxing,Lip & Chin Wax,PRV0017,21.29,1,0.0,3.19,24.48,completed,apple_pay
OL00001932,ORD0001953,APT0001953,CLT00102,BIZ009,2024-06-05,Hair,Keratin Treatment,PRV0012,290.19,1,0.0,0.0,290.19,completed,debit_card
OL00001933,ORD0001954,APT0001954,CLT00102,BIZ009,2024-07-13,Waxing,Brow Wax & Shape,PRV0011,26.78,1,0.0,4.82,31.6,completed,debit_card
OL00001934,ORD0001955,APT0001955,CLT00102,BIZ009,2024-08-25,Waxing,Brow Wax & Shape,PRV0007,24.9,1,0.0,0.0,24.9,completed,cash
OL00001935,ORD0001956,APT0001956,CLT00102,BIZ009,2024-10-14,Hair,Haircut & Style,PRV0013,67.98,1,0.0,10.2,78.18,completed,debit_card
OL00001936,ORD0001957,APT0001957,CLT00102,BIZ009,2024-12-04,Hair,Keratin Treatment,PRV0019,253.88,1,20.89,46.6,279.59,completed,debit_card
OL00001937,ORD0001958,APT0001958,CLT00102,BIZ009,2025-01-23,Hair,Root Touch-Up,PRV0009,82.75,1,0.0,14.89,97.64,completed,cash
OL00001938,ORD0001959,APT0001959,CLT00102,BIZ009,2025-03-05,Hair,Color - Highlights,PRV0008,157.11,1,0.0,31.42,188.53,completed,gift_card
OL00001939,ORD0001960,APT0001960,CLT00102,BIZ009,2025-04-16,Waxing,Lip & Chin Wax,PRV0012,18.88,1,0.0,3.4,22.28,completed,google_pay
OL00001940,ORD0001961,APT0001961,CLT00102,BIZ009,2025-06-04,Hair,Keratin Treatment,PRV0011,287.21,1,0.0,71.8,359.01,completed,cash
OL00001941,ORD0001962,APT0001962,CLT00102,BIZ009,2025-07-14,Waxing,Brazilian Wax,PRV0019,71.61,1,0.0,17.9,89.51,completed,apple_pay
OL00001942,ORD0001963,APT0001963,CLT00102,BIZ009,2025-08-21,Waxing,Full Leg Wax,PRV0011,72.35,1,3.98,10.26,78.63,completed,credit_card
OL00001943,ORD0001964,APT0001964,CLT00102,BIZ009,2025-10-08,Waxing,Brazilian Wax,PRV0009,70.52,1,0.0,10.58,81.1,completed,google_pay
OL00001944,ORD0001965,APT0001965,CLT00102,BIZ009,2025-11-25,Waxing,Lip & Chin Wax,PRV0015,20.04,1,1.4,3.73,22.37,completed,credit_card
OL00001945,ORD0001967,APT0001967,CLT00103,BIZ010,2024-04-22,Nails,Manicure,PRV0001,34.86,1,0.0,5.23,40.09,completed,gift_card
OL00001946,ORD0001968,APT0001968,CLT00103,BIZ010,2024-05-26,Hair,Color - Single Process,PRV0019,108.01,1,0.0,27.0,135.01,completed,apple_pay
OL00001947,ORD0001969,APT0001969,CLT00103,BIZ010,2024-06-28,Nails,Manicure,PRV0016,34.22,1,2.44,6.36,38.14,completed,debit_card
OL00001948,ORD0001970,APT0001970,CLT00103,BIZ010,2024-08-08,Nails,Manicure,PRV0011,32.59,1,0.0,6.52,39.11,completed,apple_pay
OL00001949,ORD0001971,APT0001971,CLT00103,BIZ010,2024-09-12,Hair,Root Touch-Up,PRV0014,92.56,1,0.0,13.88,106.44,completed,credit_card
OL00001950,ORD0001972,APT0001972,CLT00103,BIZ010,2024-10-16,Nails,Pedicure,PRV0018,58.73,1,3.01,8.36,64.08,completed,gift_card
OL00001951,ORD0001973,APT0001973,CLT00103,BIZ010,2024-11-18,Hair,Haircut & Style,PRV0018,64.63,1,0.0,16.16,80.79,completed,cash
OL00001952,ORD0001974,APT0001974,CLT00103,BIZ010,2024-12-17,Hair,Haircut & Style,PRV0005,65.97,1,0.0,13.19,79.16,completed,credit_card
OL00001953,ORD0001975,APT0001975,CLT00103,BIZ010,2025-01-21,Hair,Blowout,PRV0007,48.8,1,0.0,8.78,57.58,completed,apple_pay
OL00001954,ORD0001976,APT0001976,CLT00103,BIZ010,2025-03-04,Nails,Nail Art Add-On,PRV0004,18.36,1,0.0,0.0,18.36,completed,apple_pay
OL00001955,ORD0001978,APT0001978,CLT00103,BIZ010,2025-05-22,Nails,Gel Manicure,PRV0005,48.06,1,0.0,8.65,56.71,completed,gift_card
OL00001956,ORD0001979,APT0001979,CLT00103,BIZ010,2025-06-23,Hair,Keratin Treatment,PRV0016,301.37,1,0.0,60.27,361.64,completed,cash
OL00001957,ORD0001980,APT0001980,CLT00103,BIZ010,2025-07-29,Nails,Gel Manicure,PRV0005,49.43,1,3.71,9.14,54.86,completed,credit_card
OL00001958,ORD0001982,APT0001982,CLT00104,BIZ002,2024-04-12,Massage,Hot Stone Massage,PRV0012,131.25,1,0.0,23.62,154.87,completed,apple_pay
OL00001959,ORD0001983,APT0001983,CLT00104,BIZ002,2024-05-06,Massage,Hot Stone Massage,PRV0006,156.27,1,6.43,37.46,187.3,completed,gift_card
OL00001960,ORD0001984,APT0001984,CLT00104,BIZ002,2024-05-20,Massage,Swedish Massage 60min,PRV0003,119.23,1,0.0,21.46,140.69,completed,gift_card
OL00001961,ORD0001986,APT0001986,CLT00104,BIZ002,2024-06-29,Massage,Swedish Massage 60min,PRV0009,110.73,1,0.0,16.61,127.34,completed,google_pay
OL00001962,ORD0001987,APT0001987,CLT00104,BIZ002,2024-07-22,Nails,Manicure,PRV0001,37.8,1,0.0,5.67,43.47,completed,gift_card
OL00001963,ORD0001988,APT0001988,CLT00104,BIZ002,2024-08-14,Nails,Nail Art Add-On,PRV0005,20.02,1,0.0,3.6,23.62,completed,credit_card
OL00001964,ORD0001989,APT0001989,CLT00104,BIZ002,2024-08-28,Massage,Hot Stone Massage,PRV0006,150.65,1,0.0,30.13,180.78,completed,credit_card
OL00001965,ORD0001990,APT0001990,CLT00104,BIZ002,2024-09-14,Nails,Gel Manicure,PRV0006,45.84,1,0.31,9.11,54.64,completed,cash
OL00001966,ORD0001992,APT0001992,CLT00104,BIZ002,2024-11-03,Massage,Hot Stone Massage,PRV0009,136.47,1,0.0,0.0,136.47,completed,debit_card
OL00001967,ORD0001993,APT0001993,CLT00104,BIZ002,2024-11-20,Nails,Nail Art Add-On,PRV0017,21.23,1,0.0,5.31,26.54,completed,cash
OL00001968,ORD0001994,APT0001994,CLT00104,BIZ002,2024-12-16,Nails,Dip Powder Nails,PRV0010,61.81,1,0.0,12.36,74.17,completed,credit_card
OL00001969,ORD0001995,APT0001995,CLT00104,BIZ002,2025-01-06,Massage,Swedish Massage 60min,PRV0014,113.7,1,2.39,20.04,131.35,completed,cash
OL00001970,ORD0001996,APT0001996,CLT00104,BIZ002,2025-02-01,Nails,Pedicure,PRV0011,60.59,1,3.5,8.56,65.65,completed,gift_card
OL00001971,ORD0001997,APT0001997,CLT00104,BIZ002,2025-02-20,Massage,Deep Tissue 60min,PRV0012,138.73,1,0.0,0.0,138.73,completed,google_pay
OL00001972,ORD0001998,APT0001998,CLT00104,BIZ002,2025-03-07,Nails,Nail Art Add-On,PRV0010,21.81,1,0.0,3.93,25.74,completed,gift_card
OL00001973,ORD0001999,APT0001999,CLT00104,BIZ002,2025-03-22,Massage,Swedish Massage 60min,PRV0013,106.13,1,0.0,26.53,132.66,completed,debit_card
OL00001974,ORD0002000,APT0002000,CLT00104,BIZ002,2025-04-09,Nails,Pedicure,PRV0008,61.06,1,0.0,0.0,61.06,completed,credit_card
OL00001975,ORD0002001,APT0002001,CLT00104,BIZ002,2025-04-26,Nails,Pedicure,PRV0010,50.71,1,0.0,7.61,58.32,completed,gift_card
OL00001976,ORD0002002,APT0002002,CLT00104,BIZ002,2025-05-15,Nails,Gel Manicure,PRV0008,47.37,1,0.0,7.11,54.48,completed,google_pay
OL00001977,ORD0002004,APT0002004,CLT00104,BIZ002,2025-06-28,Nails,Gel Manicure,PRV0010,57.35,1,0.0,11.47,68.82,completed,gift_card
OL00001978,ORD0002005,APT0002005,CLT00104,BIZ002,2025-07-16,Massage,Swedish Massage 60min,PRV0011,100.51,1,0.0,0.0,100.51,completed,cash
OL00001979,ORD0002006,APT0002006,CLT00104,BIZ002,2025-07-31,Massage,Swedish Massage 60min,PRV0020,99.47,1,0.0,19.89,119.36,completed,gift_card
OL00001980,ORD0002007,APT0002007,CLT00104,BIZ002,2025-08-19,Massage,Deep Tissue 60min,PRV0018,125.54,1,0.0,0.0,125.54,completed,gift_card
OL00001981,ORD0002008,APT0002008,CLT00104,BIZ002,2025-09-09,Massage,Prenatal Massage,PRV0020,120.43,1,0.0,0.0,120.43,completed,debit_card
OL00001982,ORD0002009,APT0002009,CLT00104,BIZ002,2025-09-29,Nails,Dip Powder Nails,PRV0001,67.74,1,5.42,11.22,73.54,completed,gift_card
OL00001983,ORD0002010,APT0002010,CLT00104,BIZ002,2025-10-20,Nails,Dip Powder Nails,PRV0007,60.87,1,3.93,10.25,67.19,completed,apple_pay
OL00001984,ORD0002011,APT0002011,CLT00104,BIZ002,2025-11-16,Nails,Nail Art Add-On,PRV0004,21.05,1,0.7,4.07,24.42,completed,credit_card
OL00001985,ORD0002012,APT0002012,CLT00104,BIZ002,2025-11-30,Nails,Nail Art Add-On,PRV0017,18.08,1,0.0,2.71,20.79,completed,credit_card
OL00001986,ORD0002013,APT0002013,CLT00105,BIZ010,2024-04-18,Hair,Haircut & Style,PRV0014,74.15,1,0.0,0.0,74.15,completed,google_pay
OL00001987,ORD0002014,APT0002014,CLT00105,BIZ010,2024-05-27,Hair,Balayage,PRV0017,225.07,1,0.0,40.51,265.58,completed,gift_card
OL00001988,ORD0002015,APT0002015,CLT00105,BIZ010,2024-06-30,Hair,Color - Highlights,PRV0003,164.56,1,0.0,24.68,189.24,completed,debit_card
OL00001989,ORD0002016,APT0002016,CLT00105,BIZ010,2024-08-09,Waxing,Brow Wax & Shape,PRV0001,25.51,1,0.0,4.59,30.1,completed,google_pay
OL00001990,ORD0002017,APT0002017,CLT00105,BIZ010,2024-09-13,Waxing,Brow Wax & Shape,PRV0009,26.17,1,0.0,3.93,30.1,completed,debit_card
OL00001991,ORD0002018,APT0002018,CLT00105,BIZ010,2024-10-15,Waxing,Brazilian Wax,PRV0015,70.38,1,0.0,10.56,80.94,completed,google_pay
OL00001992,ORD0002019,APT0002019,CLT00105,BIZ010,2024-11-19,Waxing,Full Leg Wax,PRV0007,82.88,1,0.0,12.43,95.31,completed,gift_card
OL00001993,ORD0002021,APT0002021,CLT00105,BIZ010,2025-02-01,Hair,Blowout,PRV0018,55.91,1,5.07,9.15,59.99,completed,credit_card
OL00001994,ORD0002022,APT0002022,CLT00105,BIZ010,2025-03-14,Waxing,Full Leg Wax,PRV0017,73.93,1,0.0,11.09,85.02,completed,google_pay
OL00001995,ORD0002023,APT0002023,CLT00105,BIZ010,2025-04-16,Hair,Blowout,PRV0009,55.02,1,0.0,13.76,68.78,completed,gift_card
OL00001996,ORD0002024,APT0002024,CLT00105,BIZ010,2025-05-26,Hair,Keratin Treatment,PRV0003,272.07,1,0.0,54.41,326.48,completed,apple_pay
OL00001997,ORD0002025,APT0002025,CLT00105,BIZ010,2025-06-29,Hair,Balayage,PRV0009,236.97,1,0.0,0.0,236.97,completed,gift_card
OL00001998,ORD0002026,APT0002026,CLT00105,BIZ010,2025-07-27,Waxing,Brazilian Wax,PRV0015,70.86,1,0.0,12.75,83.61,completed,cash
OL00001999,ORD0002027,APT0002027,CLT00105,BIZ010,2025-08-28,Hair,Blowout,PRV0012,45.9,1,0.0,8.26,54.16,completed,apple_pay
OL00002000,ORD0002028,APT0002028,CLT00105,BIZ010,2025-09-27,Waxing,Lip & Chin Wax,PRV0002,22.78,1,0.0,4.1,26.88,completed,debit_card
OL00002001,ORD0002029,APT0002029,CLT00105,BIZ010,2025-11-07,Waxing,Brow Wax & Shape,PRV0011,25.47,1,0.0,0.0,25.47,completed,apple_pay
OL00002002,ORD0002030,APT0002030,CLT00105,BIZ010,2025-12-19,Waxing,Full Leg Wax,PRV0020,76.49,1,0.0,0.0,76.49,completed,gift_card
OL00002003,ORD0002031,APT0002031,CLT00105,BIZ010,2026-01-28,Hair,Blowout,PRV0009,54.92,1,1.65,0.0,53.27,completed,apple_pay
OL00002004,ORD0002032,APT0002032,CLT00105,BIZ010,2026-02-27,Waxing,Lip & Chin Wax,PRV0013,18.52,1,0.0,2.78,21.3,completed,google_pay
OL00002005,ORD0002033,APT0002033,CLT00106,BIZ010,2024-05-03,Nails,Pedicure,PRV0013,58.08,1,3.48,0.0,54.6,completed,cash
OL00002006,ORD0002034,APT0002034,CLT00106,BIZ010,2024-06-14,Nails,Dip Powder Nails,PRV0002,74.44,1,0.0,14.89,89.33,completed,apple_pay
OL00002007,ORD0002035,APT0002035,CLT00106,BIZ010,2024-08-04,Hair,Keratin Treatment,PRV0011,285.25,1,4.53,0.0,280.72,completed,apple_pay
OL00002008,ORD0002036,APT0002036,CLT00106,BIZ010,2024-09-18,Hair,Keratin Treatment,PRV0010,247.67,1,0.0,49.53,297.2,completed,credit_card
OL00002009,ORD0002039,APT0002039,CLT00106,BIZ010,2025-02-08,Hair,Color - Highlights,PRV0017,169.84,1,0.0,30.57,200.41,completed,google_pay
OL00002010,ORD0002040,APT0002040,CLT00106,BIZ010,2025-03-18,Nails,Dip Powder Nails,PRV0016,64.38,1,0.0,11.59,75.97,completed,gift_card
OL00002011,ORD0002041,APT0002041,CLT00106,BIZ010,2025-05-01,Hair,Balayage,PRV0016,216.5,1,0.0,38.97,255.47,completed,debit_card
OL00002012,ORD0002042,APT0002042,CLT00106,BIZ010,2025-06-22,Hair,Root Touch-Up,PRV0013,82.84,1,1.74,14.6,95.7,completed,google_pay
OL00002013,ORD0002043,APT0002043,CLT00106,BIZ010,2025-08-01,Hair,Haircut & Style,PRV0015,72.46,1,0.0,13.04,85.5,completed,apple_pay
OL00002014,ORD0002045,APT0002045,CLT00106,BIZ010,2025-10-28,Nails,Dip Powder Nails,PRV0008,62.89,1,0.0,11.32,74.21,completed,apple_pay
OL00002015,ORD0002046,APT0002046,CLT00106,BIZ010,2025-12-10,Hair,Blowout,PRV0007,53.31,1,4.59,8.77,57.49,completed,apple_pay
OL00002016,ORD0002048,APT0002048,CLT00106,BIZ010,2026-03-10,Nails,Gel Manicure,PRV0002,54.84,1,0.0,10.97,65.81,completed,apple_pay
OL00002017,ORD0002049,APT0002049,CLT00107,BIZ005,2024-06-10,Nails,Gel Manicure,PRV0009,55.09,1,0.0,8.26,63.35,completed,gift_card
OL00002018,ORD0002049,APT0002049,CLT00107,BIZ005,2024-06-10,Waxing,Lip & Chin Wax,PRV0009,20.34,1,0.0,4.07,24.41,completed,gift_card
OL00002019,ORD0002050,APT0002050,CLT00107,BIZ005,2024-09-03,Nails,Gel Manicure,PRV0002,53.91,1,0.0,8.09,62.0,completed,gift_card
OL00002020,ORD0002051,APT0002051,CLT00107,BIZ005,2024-12-01,Nails,Manicure,PRV0001,35.53,1,0.0,0.0,35.53,completed,credit_card
OL00002021,ORD0002053,APT0002053,CLT00107,BIZ005,2025-05-31,Hair,Balayage,PRV0004,247.71,1,18.56,34.37,263.52,completed,debit_card
OL00002022,ORD0002054,APT0002054,CLT00107,BIZ005,2025-08-23,Hair,Blowout,PRV0016,49.6,1,0.0,7.44,57.04,completed,cash
OL00002023,ORD0002056,APT0002056,CLT00107,BIZ005,2026-02-25,Nails,Pedicure,PRV0003,52.11,1,0.0,10.42,62.53,completed,apple_pay
OL00002024,ORD0002056,APT0002056,CLT00107,BIZ005,2026-02-25,Waxing,Brazilian Wax,PRV0003,68.09,1,0.0,10.21,78.3,completed,google_pay
OL00002025,ORD0002057,APT0002057,CLT00108,BIZ004,2024-04-25,Hair,Balayage,PRV0002,235.04,1,0.0,35.26,270.3,completed,gift_card
OL00002026,ORD0002058,APT0002058,CLT00108,BIZ004,2024-06-04,Hair,Root Touch-Up,PRV0017,97.2,1,0.0,19.44,116.64,completed,gift_card
OL00002027,ORD0002059,APT0002059,CLT00108,BIZ004,2024-07-09,Hair,Color - Single Process,PRV0003,123.37,1,0.0,22.21,145.58,completed,google_pay
OL00002028,ORD0002060,APT0002060,CLT00108,BIZ004,2024-08-12,Hair,Haircut & Style,PRV0003,68.68,1,5.95,12.55,75.28,completed,credit_card
OL00002029,ORD0002061,APT0002061,CLT00108,BIZ004,2024-09-18,Hair,Keratin Treatment,PRV0011,306.98,1,0.0,61.4,368.38,completed,apple_pay
OL00002030,ORD0002062,APT0002062,CLT00108,BIZ004,2024-10-27,Hair,Color - Highlights,PRV0006,176.82,1,0.0,26.52,203.34,completed,credit_card
OL00002031,ORD0002064,APT0002064,CLT00108,BIZ004,2025-01-14,Hair,Color - Single Process,PRV0002,114.2,1,0.0,20.56,134.76,completed,gift_card
OL00002032,ORD0002065,APT0002065,CLT00108,BIZ004,2025-02-18,Hair,Blowout,PRV0004,54.73,1,0.0,9.85,64.58,completed,credit_card
OL00002033,ORD0002066,APT0002066,CLT00108,BIZ004,2025-03-23,Hair,Blowout,PRV0017,47.48,1,0.0,11.87,59.35,completed,credit_card
OL00002034,ORD0002067,APT0002067,CLT00108,BIZ004,2025-04-23,Hair,Color - Single Process,PRV0007,112.97,1,0.0,16.95,129.92,completed,apple_pay
OL00002035,ORD0002069,APT0002069,CLT00108,BIZ004,2025-07-12,Hair,Root Touch-Up,PRV0001,85.45,1,0.0,17.09,102.54,completed,gift_card
OL00002036,ORD0002070,APT0002070,CLT00108,BIZ004,2025-08-22,Hair,Color - Single Process,PRV0018,122.25,1,0.0,0.0,122.25,completed,apple_pay
OL00002037,ORD0002073,APT0002073,CLT00109,BIZ008,2024-05-02,Skin,Chemical Peel,PRV0002,150.52,1,0.0,22.58,173.1,completed,cash
OL00002038,ORD0002074,APT0002074,CLT00109,BIZ008,2024-05-16,Skin,Deep Cleansing Facial,PRV0015,121.87,1,11.71,22.03,132.19,completed,credit_card
OL00002039,ORD0002075,APT0002075,CLT00109,BIZ008,2024-06-09,Skin,Microdermabrasion,PRV0013,121.57,1,6.95,22.92,137.54,completed,credit_card
OL00002040,ORD0002076,APT0002076,CLT00109,BIZ008,2024-07-02,Nails,Gel Manicure,PRV0007,51.82,1,0.0,10.36,62.18,completed,debit_card
OL00002041,ORD0002077,APT0002077,CLT00109,BIZ008,2024-07-19,Skin,Classic Facial,PRV0016,93.53,1,0.0,16.84,110.37,completed,gift_card
OL00002042,ORD0002080,APT0002080,CLT00109,BIZ008,2024-10-05,Skin,Deep Cleansing Facial,PRV0004,135.87,1,6.6,0.0,129.27,completed,credit_card
OL00002043,ORD0002081,APT0002081,CLT00109,BIZ008,2024-10-30,Nails,Dip Powder Nails,PRV0003,62.62,1,0.0,9.39,72.01,completed,apple_pay
OL00002044,ORD0002082,APT0002082,CLT00109,BIZ008,2024-11-18,Skin,Microdermabrasion,PRV0007,131.57,1,0.0,0.0,131.57,completed,cash
OL00002045,ORD0002083,APT0002083,CLT00109,BIZ008,2024-12-02,Nails,Dip Powder Nails,PRV0001,63.05,1,0.0,12.61,75.66,completed,gift_card
OL00002046,ORD0002084,APT0002084,CLT00109,BIZ008,2024-12-22,Nails,Pedicure,PRV0002,52.6,1,0.0,10.52,63.12,completed,gift_card
OL00002047,ORD0002085,APT0002085,CLT00109,BIZ008,2025-01-06,Nails,Gel Manicure,PRV0004,48.78,1,0.0,8.78,57.56,completed,credit_card
OL00002048,ORD0002086,APT0002086,CLT00109,BIZ008,2025-01-29,Nails,Dip Powder Nails,PRV0012,58.82,1,0.0,8.82,67.64,completed,google_pay
OL00002049,ORD0002087,APT0002087,CLT00109,BIZ008,2025-02-21,Skin,Microdermabrasion,PRV0016,144.04,1,0.74,35.82,179.12,completed,cash
OL00002050,ORD0002088,APT0002088,CLT00109,BIZ008,2025-03-08,Nails,Dip Powder Nails,PRV0014,66.0,1,0.0,13.2,79.2,completed,debit_card
OL00002051,ORD0002089,APT0002089,CLT00109,BIZ008,2025-03-26,Skin,Microdermabrasion,PRV0009,141.64,1,0.0,25.5,167.14,completed,apple_pay
OL00002052,ORD0002090,APT0002090,CLT00109,BIZ008,2025-04-16,Nails,Nail Art Add-On,PRV0013,21.64,1,1.87,3.56,23.33,completed,google_pay
OL00002053,ORD0002091,APT0002091,CLT00109,BIZ008,2025-05-06,Skin,Deep Cleansing Facial,PRV0002,131.03,1,0.0,19.65,150.68,completed,google_pay
OL00002054,ORD0002092,APT0002092,CLT00109,BIZ008,2025-05-29,Nails,Nail Art Add-On,PRV0005,19.11,1,0.0,0.0,19.11,completed,gift_card
OL00002055,ORD0002093,APT0002093,CLT00109,BIZ008,2025-06-16,Nails,Manicure,PRV0012,32.64,1,0.0,0.0,32.64,completed,gift_card
OL00002056,ORD0002094,APT0002094,CLT00109,BIZ008,2025-07-06,Skin,Microdermabrasion,PRV0007,124.53,1,0.0,24.91,149.44,completed,credit_card
OL00002057,ORD0002095,APT0002095,CLT00109,BIZ008,2025-08-01,Skin,Deep Cleansing Facial,PRV0013,131.62,1,0.0,26.32,157.94,completed,google_pay
OL00002058,ORD0002096,APT0002096,CLT00109,BIZ008,2025-08-20,Nails,Pedicure,PRV0005,54.19,1,0.0,8.13,62.32,completed,debit_card
OL00002059,ORD0002098,APT0002098,CLT00110,BIZ002,2024-06-03,Skin,Classic Facial,PRV0009,94.1,1,0.0,18.82,112.92,completed,cash
OL00002060,ORD0002099,APT0002099,CLT00110,BIZ002,2024-08-07,Skin,Chemical Peel,PRV0012,159.53,1,0.0,31.91,191.44,completed,google_pay
OL00002061,ORD0002101,APT0002101,CLT00110,BIZ002,2024-12-06,Skin,Classic Facial,PRV0018,108.41,1,0.0,27.1,135.51,completed,cash
OL00002062,ORD0002102,APT0002102,CLT00110,BIZ002,2025-02-01,Skin,LED Light Therapy,PRV0017,80.81,1,0.0,0.0,80.81,completed,debit_card
OL00002063,ORD0002103,APT0002103,CLT00110,BIZ002,2025-03-31,Waxing,Brazilian Wax,PRV0019,63.53,1,0.05,0.0,63.48,completed,debit_card
OL00002064,ORD0002105,APT0002105,CLT00110,BIZ002,2025-08-05,Waxing,Brazilian Wax,PRV0006,59.84,1,0.0,8.98,68.82,completed,apple_pay
OL00002065,ORD0002106,APT0002106,CLT00110,BIZ002,2025-10-11,Waxing,Brow Wax & Shape,PRV0003,27.93,1,0.0,4.19,32.12,completed,google_pay
OL00002066,ORD0002107,APT0002107,CLT00110,BIZ002,2025-12-11,Waxing,Brow Wax & Shape,PRV0009,23.57,1,2.05,3.23,24.75,completed,google_pay
OL00002067,ORD0002108,APT0002108,CLT00110,BIZ002,2026-02-06,Waxing,Brazilian Wax,PRV0001,74.22,1,0.0,13.36,87.58,completed,debit_card
OL00002068,ORD0002109,APT0002109,CLT00111,BIZ004,2024-04-19,Nails,Pedicure,PRV0017,58.04,1,0.0,0.0,58.04,completed,credit_card
OL00002069,ORD0002110,APT0002110,CLT00111,BIZ004,2024-06-03,Nails,Nail Art Add-On,PRV0001,18.65,1,0.24,0.0,18.41,completed,cash
OL00002070,ORD0002111,APT0002111,CLT00111,BIZ004,2024-07-16,Nails,Nail Art Add-On,PRV0005,20.25,1,0.54,3.55,23.26,completed,debit_card
OL00002071,ORD0002112,APT0002112,CLT00111,BIZ004,2024-08-27,Nails,Nail Art Add-On,PRV0018,22.57,1,0.0,0.0,22.57,completed,debit_card
OL00002072,ORD0002113,APT0002113,CLT00111,BIZ004,2024-10-17,Nails,Manicure,PRV0011,34.15,1,0.0,8.54,42.69,completed,apple_pay
OL00002073,ORD0002114,APT0002114,CLT00111,BIZ004,2024-11-25,Nails,Gel Manicure,PRV0006,46.63,1,0.0,8.39,55.02,completed,cash
OL00002074,ORD0002115,APT0002115,CLT00111,BIZ004,2025-01-14,Nails,Manicure,PRV0008,37.7,1,0.0,0.0,37.7,completed,apple_pay
OL00002075,ORD0002116,APT0002116,CLT00111,BIZ004,2025-02-21,Nails,Pedicure,PRV0020,56.63,1,5.52,7.67,58.78,completed,google_pay
OL00002076,ORD0002117,APT0002117,CLT00111,BIZ004,2025-04-06,Nails,Gel Manicure,PRV0017,55.44,1,0.0,9.98,65.42,completed,debit_card
OL00002077,ORD0002118,APT0002118,CLT00111,BIZ004,2025-05-14,Nails,Nail Art Add-On,PRV0016,22.32,1,0.0,4.02,26.34,completed,gift_card
OL00002078,ORD0002119,APT0002119,CLT00111,BIZ004,2025-07-01,Nails,Nail Art Add-On,PRV0016,20.39,1,1.79,2.79,21.39,completed,gift_card
OL00002079,ORD0002120,APT0002120,CLT00111,BIZ004,2025-08-19,Nails,Pedicure,PRV0014,52.68,1,0.0,0.0,52.68,completed,apple_pay
OL00002080,ORD0002121,APT0002121,CLT00111,BIZ004,2025-10-04,Nails,Manicure,PRV0004,33.11,1,1.03,0.0,32.08,completed,google_pay
OL00002081,ORD0002122,APT0002122,CLT00111,BIZ004,2025-11-17,Nails,Dip Powder Nails,PRV0017,60.55,1,0.0,9.08,69.63,completed,apple_pay
OL00002082,ORD0002123,APT0002123,CLT00111,BIZ004,2025-12-28,Nails,Dip Powder Nails,PRV0011,65.28,1,0.0,11.75,77.03,completed,google_pay
OL00002083,ORD0002124,APT0002124,CLT00111,BIZ004,2026-02-12,Nails,Gel Manicure,PRV0014,54.27,1,0.0,10.85,65.12,completed,google_pay
OL00002084,ORD0002126,APT0002126,CLT00112,BIZ001,2024-04-15,Hair,Color - Highlights,PRV0011,175.67,1,16.18,0.0,159.49,completed,debit_card
OL00002085,ORD0002127,APT0002127,CLT00112,BIZ001,2024-06-20,Hair,Blowout,PRV0015,55.14,1,0.0,9.93,65.07,completed,cash
OL00002086,ORD0002128,APT0002128,CLT00112,BIZ001,2024-08-13,Hair,Color - Highlights,PRV0009,183.71,1,0.0,33.07,216.78,completed,debit_card
OL00002087,ORD0002129,APT0002129,CLT00112,BIZ001,2024-10-11,Hair,Color - Single Process,PRV0015,105.82,1,0.0,19.05,124.87,completed,debit_card
OL00002088,ORD0002130,APT0002130,CLT00112,BIZ001,2024-12-10,Hair,Haircut & Style,PRV0007,61.44,1,0.0,9.22,70.66,completed,debit_card
OL00002089,ORD0002131,APT0002131,CLT00112,BIZ001,2025-02-14,Hair,Color - Highlights,PRV0007,154.99,1,0.0,23.25,178.24,completed,apple_pay
OL00002090,ORD0002133,APT0002133,CLT00112,BIZ001,2025-06-10,Hair,Color - Highlights,PRV0019,174.65,1,0.0,26.2,200.85,completed,debit_card
OL00002091,ORD0002134,APT0002134,CLT00112,BIZ001,2025-08-02,Hair,Color - Highlights,PRV0012,183.8,1,4.27,35.91,215.44,completed,credit_card
OL00002092,ORD0002135,APT0002135,CLT00112,BIZ001,2025-10-04,Hair,Root Touch-Up,PRV0001,91.7,1,0.0,16.51,108.21,completed,cash
OL00002093,ORD0002136,APT0002136,CLT00112,BIZ001,2025-12-07,Hair,Root Touch-Up,PRV0011,94.74,1,0.0,17.05,111.79,completed,credit_card
OL00002094,ORD0002137,APT0002137,CLT00113,BIZ008,2024-07-02,Skin,Chemical Peel,PRV0014,161.14,1,10.79,27.06,177.41,completed,apple_pay
OL00002095,ORD0002138,APT0002138,CLT00113,BIZ008,2024-09-25,Skin,Deep Cleansing Facial,PRV0014,117.38,1,0.0,0.0,117.38,completed,cash
OL00002096,ORD0002139,APT0002139,CLT00113,BIZ008,2024-12-20,Skin,LED Light Therapy,PRV0015,83.0,1,0.0,14.94,97.94,completed,google_pay
OL00002097,ORD0002141,APT0002141,CLT00113,BIZ008,2025-06-22,Skin,Classic Facial,PRV0018,90.42,1,0.0,22.61,113.03,completed,google_pay
OL00002098,ORD0002142,APT0002142,CLT00113,BIZ008,2025-09-19,Skin,Microdermabrasion,PRV0017,140.0,1,0.0,0.0,140.0,completed,gift_card
OL00002099,ORD0002143,APT0002143,CLT00113,BIZ008,2025-12-25,Skin,Microdermabrasion,PRV0019,127.86,1,0.0,23.01,150.87,completed,debit_card
OL00002100,ORD0002144,APT0002144,CLT00113,BIZ008,2026-04-01,Skin,Microdermabrasion,PRV0016,143.78,1,0.0,35.95,179.73,completed,credit_card
OL00002101,ORD0002145,APT0002145,CLT00114,BIZ010,2024-04-27,Nails,Nail Art Add-On,PRV0002,21.02,1,0.0,3.78,24.8,completed,cash
OL00002102,ORD0002146,APT0002146,CLT00114,BIZ010,2024-05-29,Nails,Manicure,PRV0014,39.3,1,0.0,7.07,46.37,completed,cash
OL00002103,ORD0002147,APT0002147,CLT00114,BIZ010,2024-07-02,Hair,Blowout,PRV0012,55.85,1,0.0,10.05,65.9,completed,credit_card
OL00002104,ORD0002148,APT0002148,CLT00114,BIZ010,2024-08-04,Hair,Blowout,PRV0013,57.46,1,0.0,11.49,68.95,completed,cash
OL00002105,ORD0002149,APT0002149,CLT00114,BIZ010,2024-09-04,Hair,Balayage,PRV0002,217.22,1,0.0,32.58,249.8,completed,apple_pay
OL00002106,ORD0002150,APT0002150,CLT00114,BIZ010,2024-10-09,Hair,Color - Single Process,PRV0001,101.73,1,0.0,18.31,120.04,completed,credit_card
OL00002107,ORD0002151,APT0002151,CLT00114,BIZ010,2024-11-09,Hair,Root Touch-Up,PRV0005,94.61,1,6.29,0.0,88.32,completed,apple_pay
OL00002108,ORD0002152,APT0002152,CLT00114,BIZ010,2024-12-17,Nails,Gel Manicure,PRV0019,51.34,1,0.0,0.0,51.34,completed,cash
OL00002109,ORD0002153,APT0002153,CLT00114,BIZ010,2025-01-16,Hair,Keratin Treatment,PRV0017,280.38,1,0.0,0.0,280.38,completed,debit_card
OL00002110,ORD0002154,APT0002154,CLT00114,BIZ010,2025-02-20,Hair,Color - Single Process,PRV0002,99.82,1,2.23,0.0,97.59,completed,apple_pay
OL00002111,ORD0002155,APT0002155,CLT00114,BIZ010,2025-03-24,Hair,Haircut & Style,PRV0015,67.7,1,0.0,10.15,77.85,completed,apple_pay
OL00002112,ORD0002156,APT0002156,CLT00114,BIZ010,2025-05-04,Nails,Dip Powder Nails,PRV0004,68.34,1,0.0,0.0,68.34,completed,debit_card
OL00002113,ORD0002157,APT0002157,CLT00114,BIZ010,2025-06-11,Nails,Gel Manicure,PRV0008,46.62,1,0.0,6.99,53.61,completed,apple_pay
OL00002114,ORD0002160,APT0002160,CLT00115,BIZ010,2024-06-21,Nails,Dip Powder Nails,PRV0020,67.99,1,0.0,0.0,67.99,completed,credit_card
OL00002115,ORD0002161,APT0002161,CLT00115,BIZ010,2024-08-15,Hair,Color - Single Process,PRV0010,103.27,1,8.25,14.25,109.27,completed,cash
OL00002116,ORD0002162,APT0002162,CLT00115,BIZ010,2024-10-17,Nails,Gel Manicure,PRV0008,47.93,1,1.76,6.93,53.1,completed,credit_card
OL00002117,ORD0002164,APT0002164,CLT00115,BIZ010,2025-02-21,Nails,Nail Art Add-On,PRV0015,22.37,1,0.0,4.03,26.4,completed,credit_card
OL00002118,ORD0002165,APT0002165,CLT00115,BIZ010,2025-04-29,Nails,Gel Manicure,PRV0010,50.12,1,0.0,10.02,60.14,completed,apple_pay
OL00002119,ORD0002166,APT0002166,CLT00115,BIZ010,2025-06-22,Nails,Manicure,PRV0003,32.41,1,0.0,8.1,40.51,completed,cash
OL00002120,ORD0002168,APT0002168,CLT00115,BIZ010,2025-10-23,Hair,Root Touch-Up,PRV0002,84.17,1,6.27,15.58,93.48,completed,google_pay
OL00002121,ORD0002169,APT0002169,CLT00115,BIZ010,2025-12-15,Hair,Haircut & Style,PRV0003,61.72,1,0.0,12.34,74.06,completed,google_pay
OL00002122,ORD0002170,APT0002170,CLT00115,BIZ010,2026-02-17,Hair,Color - Highlights,PRV0011,173.24,1,0.0,31.18,204.42,completed,apple_pay
OL00002123,ORD0002171,APT0002171,CLT00116,BIZ003,2024-06-10,Skin,Classic Facial,PRV0008,103.26,1,0.0,15.49,118.75,completed,debit_card
OL00002124,ORD0002173,APT0002173,CLT00116,BIZ003,2024-12-04,Nails,Manicure,PRV0013,32.27,1,0.0,0.0,32.27,completed,cash
OL00002125,ORD0002174,APT0002174,CLT00116,BIZ003,2025-03-11,Skin,Chemical Peel,PRV0013,144.58,1,0.0,0.0,144.58,completed,google_pay
OL00002126,ORD0002174,APT0002174,CLT00116,BIZ003,2025-03-11,Nails,Nail Art Add-On,PRV0013,19.8,1,0.0,3.56,23.36,completed,cash
OL00002127,ORD0002175,APT0002175,CLT00116,BIZ003,2025-06-15,Skin,LED Light Therapy,PRV0017,86.43,1,0.0,12.96,99.39,completed,credit_card
OL00002128,ORD0002175,APT0002175,CLT00116,BIZ003,2025-06-15,Nails,Manicure,PRV0017,36.47,1,0.0,7.29,43.76,completed,google_pay
OL00002129,ORD0002176,APT0002176,CLT00116,BIZ003,2025-09-09,Nails,Manicure,PRV0011,39.44,1,0.0,7.89,47.33,completed,credit_card
OL00002130,ORD0002177,APT0002177,CLT00116,BIZ003,2025-12-04,Nails,Manicure,PRV0002,33.93,1,3.13,4.62,35.42,completed,apple_pay
OL00002131,ORD0002177,APT0002177,CLT00116,BIZ003,2025-12-04,Waxing,Brazilian Wax,PRV0002,63.92,1,0.0,12.78,76.7,completed,google_pay
OL00002132,ORD0002178,APT0002178,CLT00116,BIZ003,2026-02-25,Skin,Deep Cleansing Facial,PRV0019,137.55,1,0.0,20.63,158.18,completed,debit_card
OL00002133,ORD0002178,APT0002178,CLT00116,BIZ003,2026-02-25,Nails,Manicure,PRV0019,34.93,1,0.0,0.0,34.93,completed,debit_card
OL00002134,ORD0002179,APT0002179,CLT00117,BIZ008,2024-04-28,Nails,Dip Powder Nails,PRV0020,69.02,1,0.0,0.0,69.02,completed,google_pay
OL00002135,ORD0002180,APT0002180,CLT00117,BIZ008,2024-06-04,Waxing,Brazilian Wax,PRV0017,70.16,1,6.44,12.74,76.46,completed,cash
OL00002136,ORD0002181,APT0002181,CLT00117,BIZ008,2024-07-11,Nails,Nail Art Add-On,PRV0016,20.77,1,0.0,3.12,23.89,completed,credit_card
OL00002137,ORD0002182,APT0002182,CLT00117,BIZ008,2024-08-20,Waxing,Brazilian Wax,PRV0015,65.49,1,0.0,11.79,77.28,completed,credit_card
OL00002138,ORD0002183,APT0002183,CLT00117,BIZ008,2024-09-28,Nails,Pedicure,PRV0004,51.37,1,3.58,8.6,56.39,completed,cash
OL00002139,ORD0002184,APT0002184,CLT00117,BIZ008,2024-11-04,Waxing,Brazilian Wax,PRV0019,69.78,1,0.0,0.0,69.78,completed,apple_pay
OL00002140,ORD0002185,APT0002185,CLT00117,BIZ008,2024-12-06,Nails,Gel Manicure,PRV0009,50.94,1,0.0,0.0,50.94,completed,cash
OL00002141,ORD0002186,APT0002186,CLT00117,BIZ008,2025-01-03,Nails,Dip Powder Nails,PRV0011,68.32,1,0.0,0.0,68.32,completed,credit_card
OL00002142,ORD0002187,APT0002187,CLT00117,BIZ008,2025-02-12,Waxing,Lip & Chin Wax,PRV0002,22.09,1,0.0,3.31,25.4,completed,cash
OL00002143,ORD0002188,APT0002188,CLT00117,BIZ008,2025-03-26,Nails,Pedicure,PRV0005,61.26,1,4.12,10.29,67.43,completed,debit_card
OL00002144,ORD0002189,APT0002189,CLT00117,BIZ008,2025-05-07,Waxing,Brazilian Wax,PRV0018,66.27,1,6.18,0.0,60.09,completed,apple_pay
OL00002145,ORD0002190,APT0002190,CLT00117,BIZ008,2025-06-04,Nails,Nail Art Add-On,PRV0014,22.85,1,0.0,0.0,22.85,completed,debit_card
OL00002146,ORD0002191,APT0002191,CLT00117,BIZ008,2025-07-16,Waxing,Brow Wax & Shape,PRV0001,23.83,1,1.73,3.31,25.41,completed,apple_pay
OL00002147,ORD0002192,APT0002192,CLT00117,BIZ008,2025-08-16,Waxing,Lip & Chin Wax,PRV0005,20.07,1,0.0,3.61,23.68,completed,google_pay
OL00002148,ORD0002193,APT0002193,CLT00117,BIZ008,2025-09-18,Waxing,Lip & Chin Wax,PRV0014,20.17,1,0.49,2.95,22.63,completed,cash
OL00002149,ORD0002194,APT0002194,CLT00117,BIZ008,2025-10-19,Waxing,Full Leg Wax,PRV0013,84.59,1,7.51,11.56,88.64,completed,cash
OL00002150,ORD0002195,APT0002195,CLT00117,BIZ008,2025-11-27,Nails,Nail Art Add-On,PRV0011,22.53,1,0.0,3.38,25.91,completed,apple_pay
OL00002151,ORD0002197,APT0002197,CLT00118,BIZ006,2024-06-09,Nails,Gel Manicure,PRV0012,53.44,1,0.0,0.0,53.44,completed,gift_card
OL00002152,ORD0002198,APT0002198,CLT00118,BIZ006,2024-07-25,Nails,Pedicure,PRV0006,57.44,1,0.0,0.0,57.44,completed,gift_card
OL00002153,ORD0002199,APT0002199,CLT00118,BIZ006,2024-09-12,Nails,Dip Powder Nails,PRV0006,64.92,1,0.95,9.6,73.57,completed,apple_pay
OL00002154,ORD0002200,APT0002200,CLT00118,BIZ006,2024-10-31,Nails,Nail Art Add-On,PRV0020,20.84,1,0.0,4.17,25.01,completed,gift_card
OL00002155,ORD0002201,APT0002201,CLT00118,BIZ006,2024-12-20,Nails,Nail Art Add-On,PRV0012,20.82,1,0.0,0.0,20.82,completed,gift_card
OL00002156,ORD0002202,APT0002202,CLT00118,BIZ006,2025-02-02,Nails,Gel Manicure,PRV0013,45.15,1,0.0,6.77,51.92,completed,apple_pay
OL00002157,ORD0002203,APT0002203,CLT00118,BIZ006,2025-03-22,Nails,Dip Powder Nails,PRV0018,70.37,1,1.46,13.78,82.69,completed,cash
OL00002158,ORD0002204,APT0002204,CLT00118,BIZ006,2025-05-10,Nails,Gel Manicure,PRV0019,52.85,1,0.0,9.51,62.36,completed,cash
OL00002159,ORD0002205,APT0002205,CLT00118,BIZ006,2025-07-01,Nails,Pedicure,PRV0002,58.89,1,0.0,8.83,67.72,completed,debit_card
OL00002160,ORD0002206,APT0002206,CLT00118,BIZ006,2025-08-20,Nails,Pedicure,PRV0005,49.54,1,0.32,7.38,56.6,completed,credit_card
OL00002161,ORD0002207,APT0002207,CLT00118,BIZ006,2025-09-30,Nails,Pedicure,PRV0006,57.93,1,0.0,11.59,69.52,completed,gift_card
OL00002162,ORD0002209,APT0002209,CLT00118,BIZ006,2025-12-31,Nails,Manicure,PRV0020,37.53,1,0.0,6.76,44.29,completed,debit_card
OL00002163,ORD0002210,APT0002210,CLT00118,BIZ006,2026-02-15,Nails,Pedicure,PRV0001,51.35,1,0.0,0.0,51.35,completed,gift_card
OL00002164,ORD0002211,APT0002211,CLT00118,BIZ006,2026-04-04,Nails,Manicure,PRV0009,40.21,1,0.0,6.03,46.24,completed,credit_card
OL00002165,ORD0002212,APT0002212,CLT00119,BIZ008,2024-04-15,Hair,Color - Highlights,PRV0013,166.48,1,0.0,29.97,196.45,completed,credit_card
OL00002166,ORD0002213,APT0002213,CLT00119,BIZ008,2024-05-02,Hair,Color - Highlights,PRV0011,168.7,1,0.0,30.37,199.07,completed,google_pay
OL00002167,ORD0002215,APT0002215,CLT00119,BIZ008,2024-06-03,Hair,Balayage,PRV0004,204.72,1,0.0,36.85,241.57,completed,apple_pay
OL00002168,ORD0002216,APT0002216,CLT00119,BIZ008,2024-06-27,Hair,Balayage,PRV0011,244.06,1,11.13,34.94,267.87,completed,apple_pay
OL00002169,ORD0002217,APT0002217,CLT00119,BIZ008,2024-07-22,Hair,Color - Highlights,PRV0013,187.21,1,0.0,33.7,220.91,completed,cash
OL00002170,ORD0002218,APT0002218,CLT00119,BIZ008,2024-08-12,Hair,Haircut & Style,PRV0011,66.73,1,0.0,0.0,66.73,completed,google_pay
OL00002171,ORD0002220,APT0002220,CLT00119,BIZ008,2024-09-30,Hair,Color - Highlights,PRV0019,153.36,1,0.0,0.0,153.36,completed,apple_pay
OL00002172,ORD0002221,APT0002221,CLT00119,BIZ008,2024-10-20,Hair,Color - Single Process,PRV0010,115.4,1,3.76,22.33,133.97,completed,cash
OL00002173,ORD0002222,APT0002222,CLT00119,BIZ008,2024-11-12,Hair,Blowout,PRV0004,54.82,1,0.0,10.96,65.78,completed,debit_card
OL00002174,ORD0002223,APT0002223,CLT00119,BIZ008,2024-12-02,Hair,Balayage,PRV0015,215.88,1,0.0,0.0,215.88,completed,google_pay
OL00002175,ORD0002224,APT0002224,CLT00119,BIZ008,2024-12-28,Hair,Keratin Treatment,PRV0002,307.88,1,0.0,76.97,384.85,completed,debit_card
OL00002176,ORD0002225,APT0002225,CLT00119,BIZ008,2025-01-25,Hair,Root Touch-Up,PRV0002,95.95,1,4.4,16.48,108.03,completed,credit_card
OL00002177,ORD0002226,APT0002226,CLT00119,BIZ008,2025-02-21,Hair,Balayage,PRV0001,213.44,1,0.0,38.42,251.86,completed,gift_card
OL00002178,ORD0002227,APT0002227,CLT00119,BIZ008,2025-03-13,Hair,Balayage,PRV0015,232.84,1,0.0,41.91,274.75,completed,credit_card
OL00002179,ORD0002228,APT0002228,CLT00119,BIZ008,2025-03-28,Hair,Color - Single Process,PRV0005,109.05,1,0.0,21.81,130.86,completed,cash
OL00002180,ORD0002229,APT0002229,CLT00119,BIZ008,2025-04-14,Hair,Keratin Treatment,PRV0019,274.72,1,0.0,49.45,324.17,completed,cash
OL00002181,ORD0002231,APT0002231,CLT00119,BIZ008,2025-05-29,Hair,Balayage,PRV0004,222.85,1,0.0,44.57,267.42,completed,gift_card
OL00002182,ORD0002232,APT0002232,CLT00119,BIZ008,2025-06-18,Hair,Color - Single Process,PRV0008,120.14,1,0.0,30.04,150.18,completed,credit_card
OL00002183,ORD0002233,APT0002233,CLT00119,BIZ008,2025-07-15,Hair,Haircut & Style,PRV0019,61.9,1,0.0,9.29,71.19,completed,gift_card
OL00002184,ORD0002234,APT0002234,CLT00119,BIZ008,2025-07-30,Hair,Blowout,PRV0012,55.69,1,0.0,11.14,66.83,completed,gift_card
OL00002185,ORD0002235,APT0002235,CLT00119,BIZ008,2025-08-22,Hair,Color - Highlights,PRV0013,170.21,1,0.0,25.53,195.74,completed,apple_pay
OL00002186,ORD0002236,APT0002236,CLT00119,BIZ008,2025-09-18,Hair,Blowout,PRV0004,50.82,1,0.0,10.16,60.98,completed,gift_card
OL00002187,ORD0002237,APT0002237,CLT00119,BIZ008,2025-10-02,Hair,Color - Highlights,PRV0017,157.49,1,0.0,0.0,157.49,completed,debit_card
OL00002188,ORD0002239,APT0002239,CLT00119,BIZ008,2025-11-20,Hair,Balayage,PRV0005,215.33,1,5.12,37.84,248.05,completed,gift_card
OL00002189,ORD0002240,APT0002240,CLT00119,BIZ008,2025-12-06,Hair,Root Touch-Up,PRV0020,80.5,1,0.0,12.07,92.57,completed,google_pay
OL00002190,ORD0002241,APT0002241,CLT00119,BIZ008,2025-12-29,Hair,Haircut & Style,PRV0019,70.04,1,0.0,10.51,80.55,completed,google_pay
OL00002191,ORD0002243,APT0002243,CLT00119,BIZ008,2026-02-13,Hair,Color - Highlights,PRV0016,153.09,1,8.44,21.7,166.35,completed,gift_card
OL00002192,ORD0002244,APT0002244,CLT00120,BIZ001,2024-04-19,Skin,Deep Cleansing Facial,PRV0012,116.88,1,0.0,21.04,137.92,completed,debit_card
OL00002193,ORD0002245,APT0002245,CLT00120,BIZ001,2024-05-31,Nails,Gel Manicure,PRV0002,57.12,1,0.0,8.57,65.69,completed,credit_card
OL00002194,ORD0002246,APT0002246,CLT00120,BIZ001,2024-06-29,Nails,Nail Art Add-On,PRV0005,20.05,1,0.0,3.61,23.66,completed,cash
OL00002195,ORD0002246,APT0002246,CLT00120,BIZ001,2024-06-29,Waxing,Lip & Chin Wax,PRV0005,19.07,1,0.0,2.86,21.93,completed,gift_card
OL00002196,ORD0002247,APT0002247,CLT00120,BIZ001,2024-08-02,Skin,Microdermabrasion,PRV0019,122.97,1,0.0,0.0,122.97,completed,cash
OL00002197,ORD0002248,APT0002248,CLT00120,BIZ001,2024-09-10,Nails,Manicure,PRV0014,31.71,1,0.0,7.93,39.64,completed,gift_card
OL00002198,ORD0002248,APT0002248,CLT00120,BIZ001,2024-09-10,Waxing,Brow Wax & Shape,PRV0014,23.89,1,0.0,3.58,27.47,completed,apple_pay
OL00002199,ORD0002250,APT0002250,CLT00120,BIZ001,2024-11-12,Skin,LED Light Therapy,PRV0020,88.78,1,0.0,15.98,104.76,completed,debit_card
OL00002200,ORD0002250,APT0002250,CLT00120,BIZ001,2024-11-12,Nails,Gel Manicure,PRV0020,48.62,1,0.0,9.72,58.34,completed,credit_card
OL00002201,ORD0002251,APT0002251,CLT00120,BIZ001,2024-12-15,Skin,Deep Cleansing Facial,PRV0005,115.0,1,0.0,20.7,135.7,completed,debit_card
OL00002202,ORD0002252,APT0002252,CLT00120,BIZ001,2025-01-18,Skin,Chemical Peel,PRV0006,164.34,1,3.18,0.0,161.16,completed,gift_card
OL00002203,ORD0002253,APT0002253,CLT00120,BIZ001,2025-02-28,Skin,Classic Facial,PRV0010,95.38,1,0.0,17.17,112.55,completed,apple_pay
OL00002204,ORD0002253,APT0002253,CLT00120,BIZ001,2025-02-28,Nails,Gel Manicure,PRV0010,49.96,1,0.0,0.0,49.96,completed,cash
OL00002205,ORD0002254,APT0002254,CLT00120,BIZ001,2025-03-28,Nails,Manicure,PRV0005,39.52,1,0.0,0.0,39.52,completed,google_pay
OL00002206,ORD0002254,APT0002254,CLT00120,BIZ001,2025-03-28,Waxing,Lip & Chin Wax,PRV0005,20.39,1,0.0,4.08,24.47,completed,google_pay
OL00002207,ORD0002255,APT0002255,CLT00120,BIZ001,2025-05-07,Nails,Manicure,PRV0014,35.69,1,0.0,7.14,42.83,completed,google_pay
OL00002208,ORD0002255,APT0002255,CLT00120,BIZ001,2025-05-07,Waxing,Lip & Chin Wax,PRV0014,20.91,1,0.0,3.14,24.05,completed,cash
OL00002209,ORD0002256,APT0002256,CLT00120,BIZ001,2025-06-16,Nails,Pedicure,PRV0017,61.79,1,0.0,0.0,61.79,completed,gift_card
OL00002210,ORD0002257,APT0002257,CLT00120,BIZ001,2025-07-25,Nails,Manicure,PRV0003,39.74,1,1.54,6.88,45.08,completed,cash
OL00002211,ORD0002258,APT0002258,CLT00120,BIZ001,2025-09-01,Skin,Classic Facial,PRV0010,108.52,1,0.0,16.28,124.8,completed,credit_card
OL00002212,ORD0002258,APT0002258,CLT00120,BIZ001,2025-09-01,Nails,Nail Art Add-On,PRV0010,20.05,1,0.0,0.0,20.05,completed,debit_card
OL00002213,ORD0002259,APT0002259,CLT00120,BIZ001,2025-10-06,Nails,Pedicure,PRV0003,60.39,1,3.65,14.19,70.93,completed,cash
OL00002214,ORD0002260,APT0002260,CLT00120,BIZ001,2025-11-05,Skin,LED Light Therapy,PRV0001,93.06,1,0.0,16.75,109.81,completed,credit_card
OL00002215,ORD0002260,APT0002260,CLT00120,BIZ001,2025-11-05,Nails,Manicure,PRV0001,34.93,1,0.0,0.0,34.93,completed,gift_card
OL00002216,ORD0002261,APT0002261,CLT00120,BIZ001,2025-12-13,Skin,Microdermabrasion,PRV0014,135.82,1,0.0,24.45,160.27,completed,google_pay
OL00002217,ORD0002263,APT0002263,CLT00120,BIZ001,2026-02-17,Skin,Classic Facial,PRV0018,86.17,1,3.21,0.0,82.96,completed,gift_card
OL00002218,ORD0002263,APT0002263,CLT00120,BIZ001,2026-02-17,Nails,Dip Powder Nails,PRV0018,62.81,1,0.0,9.42,72.23,completed,gift_card
OL00002219,ORD0002264,APT0002264,CLT00121,BIZ008,2024-05-08,Skin,Chemical Peel,PRV0020,157.62,1,0.0,31.52,189.14,completed,apple_pay
OL00002220,ORD0002265,APT0002265,CLT00121,BIZ008,2024-06-09,Skin,Microdermabrasion,PRV0002,119.71,1,0.0,17.96,137.67,completed,gift_card
OL00002221,ORD0002266,APT0002266,CLT00121,BIZ008,2024-07-14,Skin,Microdermabrasion,PRV0007,131.9,1,0.0,23.74,155.64,completed,debit_card
OL00002222,ORD0002267,APT0002267,CLT00121,BIZ008,2024-08-20,Skin,Microdermabrasion,PRV0013,120.74,1,0.0,18.11,138.85,completed,credit_card
OL00002223,ORD0002268,APT0002268,CLT00121,BIZ008,2024-09-29,Skin,Chemical Peel,PRV0020,159.5,1,0.0,28.71,188.21,completed,google_pay
OL00002224,ORD0002269,APT0002269,CLT00121,BIZ008,2024-11-05,Skin,Chemical Peel,PRV0007,148.75,1,10.93,24.81,162.63,completed,google_pay
OL00002225,ORD0002270,APT0002270,CLT00121,BIZ008,2024-12-17,Skin,Chemical Peel,PRV0007,139.87,1,0.0,20.98,160.85,completed,google_pay
OL00002226,ORD0002271,APT0002271,CLT00121,BIZ008,2025-01-19,Skin,Classic Facial,PRV0003,91.44,1,0.0,18.29,109.73,completed,cash
OL00002227,ORD0002272,APT0002272,CLT00121,BIZ008,2025-02-23,Skin,LED Light Therapy,PRV0019,79.0,1,0.0,0.0,79.0,completed,gift_card
OL00002228,ORD0002273,APT0002273,CLT00121,BIZ008,2025-04-06,Skin,Deep Cleansing Facial,PRV0002,112.43,1,0.0,16.86,129.29,completed,apple_pay
OL00002229,ORD0002275,APT0002275,CLT00121,BIZ008,2025-06-24,Skin,Classic Facial,PRV0020,92.15,1,0.0,0.0,92.15,completed,debit_card
OL00002230,ORD0002276,APT0002276,CLT00121,BIZ008,2025-07-24,Skin,Microdermabrasion,PRV0016,119.62,1,0.0,21.53,141.15,completed,google_pay
OL00002231,ORD0002278,APT0002278,CLT00121,BIZ008,2025-09-28,Skin,LED Light Therapy,PRV0019,87.65,1,0.0,13.15,100.8,completed,apple_pay
OL00002232,ORD0002279,APT0002279,CLT00121,BIZ008,2025-10-27,Skin,LED Light Therapy,PRV0008,76.59,1,0.0,15.32,91.91,completed,debit_card
OL00002233,ORD0002280,APT0002280,CLT00121,BIZ008,2025-11-24,Skin,Microdermabrasion,PRV0006,127.82,1,0.0,31.95,159.77,completed,cash
OL00002234,ORD0002281,APT0002281,CLT00121,BIZ008,2025-12-24,Skin,Chemical Peel,PRV0004,160.96,1,0.0,28.97,189.93,completed,apple_pay
OL00002235,ORD0002282,APT0002282,CLT00121,BIZ008,2026-01-30,Skin,LED Light Therapy,PRV0004,97.35,1,0.0,19.47,116.82,completed,debit_card
OL00002236,ORD0002283,APT0002283,CLT00121,BIZ008,2026-03-09,Skin,Deep Cleansing Facial,PRV0014,126.4,1,0.0,25.28,151.68,completed,debit_card
OL00002237,ORD0002284,APT0002284,CLT00122,BIZ008,2024-04-28,Hair,Color - Single Process,PRV0003,110.38,1,0.0,16.56,126.94,completed,google_pay
OL00002238,ORD0002285,APT0002285,CLT00122,BIZ008,2024-06-08,Waxing,Lip & Chin Wax,PRV0003,20.72,1,1.13,0.0,19.59,completed,google_pay
OL00002239,ORD0002286,APT0002286,CLT00122,BIZ008,2024-07-20,Hair,Blowout,PRV0020,49.14,1,0.0,7.37,56.51,completed,google_pay
OL00002240,ORD0002286,APT0002286,CLT00122,BIZ008,2024-07-20,Nails,Gel Manicure,PRV0020,47.9,1,0.0,0.0,47.9,completed,debit_card
OL00002241,ORD0002287,APT0002287,CLT00122,BIZ008,2024-09-10,Hair,Color - Highlights,PRV0014,150.21,1,0.0,30.04,180.25,completed,cash
OL00002242,ORD0002287,APT0002287,CLT00122,BIZ008,2024-09-10,Nails,Nail Art Add-On,PRV0014,20.84,1,0.0,3.75,24.59,completed,debit_card
OL00002243,ORD0002288,APT0002288,CLT00122,BIZ008,2024-10-28,Hair,Balayage,PRV0011,200.45,1,4.41,35.29,231.33,completed,cash
OL00002244,ORD0002289,APT0002289,CLT00122,BIZ008,2024-12-12,Waxing,Brow Wax & Shape,PRV0006,23.8,1,0.0,3.57,27.37,completed,google_pay
OL00002245,ORD0002290,APT0002290,CLT00122,BIZ008,2025-01-21,Hair,Root Touch-Up,PRV0005,96.58,1,0.0,19.32,115.9,completed,debit_card
OL00002246,ORD0002291,APT0002291,CLT00122,BIZ008,2025-03-11,Waxing,Lip & Chin Wax,PRV0017,20.24,1,0.0,3.04,23.28,completed,credit_card
OL00002247,ORD0002292,APT0002292,CLT00122,BIZ008,2025-04-20,Hair,Blowout,PRV0012,51.0,1,0.0,7.65,58.65,completed,debit_card
OL00002248,ORD0002293,APT0002293,CLT00122,BIZ008,2025-05-28,Hair,Root Touch-Up,PRV0002,83.53,1,0.0,12.53,96.06,completed,cash
OL00002249,ORD0002294,APT0002294,CLT00122,BIZ008,2025-07-11,Hair,Color - Single Process,PRV0018,121.43,1,0.0,24.29,145.72,completed,credit_card
OL00002250,ORD0002294,APT0002294,CLT00122,BIZ008,2025-07-11,Nails,Pedicure,PRV0018,56.59,1,0.0,0.0,56.59,completed,gift_card
OL00002251,ORD0002296,APT0002296,CLT00123,BIZ001,2024-04-14,Hair,Keratin Treatment,PRV0010,307.27,1,0.0,55.31,362.58,completed,apple_pay
OL00002252,ORD0002298,APT0002298,CLT00123,BIZ001,2024-09-29,Nails,Pedicure,PRV0010,57.78,1,0.0,10.4,68.18,completed,gift_card
OL00002253,ORD0002300,APT0002300,CLT00123,BIZ001,2025-03-18,Hair,Color - Single Process,PRV0018,107.88,1,1.39,19.17,125.66,completed,debit_card
OL00002254,ORD0002301,APT0002301,CLT00123,BIZ001,2025-06-19,Nails,Nail Art Add-On,PRV0003,18.72,1,0.0,2.81,21.53,completed,cash
OL00002255,ORD0002302,APT0002302,CLT00123,BIZ001,2025-09-17,Nails,Gel Manicure,PRV0018,56.83,1,0.0,8.52,65.35,completed,google_pay
OL00002256,ORD0002303,APT0002303,CLT00123,BIZ001,2025-12-23,Hair,Root Touch-Up,PRV0005,86.93,1,0.0,15.65,102.58,completed,apple_pay
OL00002257,ORD0002304,APT0002304,CLT00123,BIZ001,2026-03-30,Hair,Color - Highlights,PRV0019,163.08,1,0.0,29.35,192.43,completed,cash
OL00002258,ORD0002305,APT0002305,CLT00124,BIZ003,2024-04-28,Nails,Dip Powder Nails,PRV0018,68.64,1,0.0,12.36,81.0,completed,debit_card
OL00002259,ORD0002306,APT0002306,CLT00124,BIZ003,2024-06-14,Skin,Deep Cleansing Facial,PRV0003,127.5,1,0.86,22.8,149.44,completed,debit_card
OL00002260,ORD0002307,APT0002307,CLT00124,BIZ003,2024-07-24,Nails,Gel Manicure,PRV0011,45.75,1,0.0,9.15,54.9,completed,gift_card
OL00002261,ORD0002308,APT0002308,CLT00124,BIZ003,2024-09-06,Nails,Dip Powder Nails,PRV0007,66.83,1,0.0,0.0,66.83,completed,credit_card
OL00002262,ORD0002309,APT0002309,CLT00124,BIZ003,2024-10-24,Nails,Gel Manicure,PRV0010,45.12,1,0.0,8.12,53.24,completed,google_pay
OL00002263,ORD0002310,APT0002310,CLT00124,BIZ003,2024-12-12,Nails,Gel Manicure,PRV0003,54.97,1,3.03,0.0,51.94,completed,gift_card
OL00002264,ORD0002311,APT0002311,CLT00124,BIZ003,2025-01-22,Nails,Gel Manicure,PRV0001,56.56,1,0.0,11.31,67.87,completed,credit_card
OL00002265,ORD0002312,APT0002312,CLT00124,BIZ003,2025-03-11,Nails,Pedicure,PRV0003,61.88,1,5.98,0.0,55.9,completed,apple_pay
OL00002266,ORD0002313,APT0002313,CLT00124,BIZ003,2025-05-02,Nails,Gel Manicure,PRV0007,52.51,1,0.0,7.88,60.39,completed,debit_card
OL00002267,ORD0002314,APT0002314,CLT00124,BIZ003,2025-06-14,Skin,Microdermabrasion,PRV0010,120.77,1,0.31,0.0,120.46,completed,credit_card
OL00002268,ORD0002316,APT0002316,CLT00124,BIZ003,2025-09-17,Nails,Nail Art Add-On,PRV0019,21.39,1,0.0,3.21,24.6,completed,debit_card
OL00002269,ORD0002317,APT0002317,CLT00124,BIZ003,2025-10-25,Nails,Nail Art Add-On,PRV0017,18.35,1,0.0,2.75,21.1,completed,cash
OL00002270,ORD0002318,APT0002318,CLT00124,BIZ003,2025-12-07,Nails,Manicure,PRV0016,40.18,1,0.0,7.23,47.41,completed,gift_card
OL00002271,ORD0002321,APT0002321,CLT00125,BIZ004,2024-05-03,Hair,Root Touch-Up,PRV0008,94.04,1,0.0,14.11,108.15,completed,google_pay
OL00002272,ORD0002322,APT0002322,CLT00125,BIZ004,2024-06-07,Nails,Pedicure,PRV0003,53.84,1,0.0,10.77,64.61,completed,credit_card
OL00002273,ORD0002323,APT0002323,CLT00125,BIZ004,2024-07-16,Nails,Nail Art Add-On,PRV0014,22.35,1,0.77,3.88,25.46,completed,google_pay
OL00002274,ORD0002324,APT0002324,CLT00125,BIZ004,2024-08-26,Hair,Blowout,PRV0007,45.74,1,0.0,8.23,53.97,completed,apple_pay
OL00002275,ORD0002325,APT0002325,CLT00125,BIZ004,2024-09-23,Nails,Manicure,PRV0002,35.18,1,0.0,5.28,40.46,completed,debit_card
OL00002276,ORD0002326,APT0002326,CLT00125,BIZ004,2024-10-26,Nails,Dip Powder Nails,PRV0010,69.77,1,0.0,12.56,82.33,completed,gift_card
OL00002277,ORD0002327,APT0002327,CLT00125,BIZ004,2024-11-29,Nails,Pedicure,PRV0006,56.71,1,0.0,11.34,68.05,completed,gift_card
OL00002278,ORD0002328,APT0002328,CLT00125,BIZ004,2025-01-08,Nails,Gel Manicure,PRV0011,47.64,1,0.0,9.53,57.17,completed,google_pay
OL00002279,ORD0002329,APT0002329,CLT00125,BIZ004,2025-02-12,Nails,Pedicure,PRV0014,56.96,1,0.0,10.25,67.21,completed,google_pay
OL00002280,ORD0002330,APT0002330,CLT00125,BIZ004,2025-03-20,Nails,Dip Powder Nails,PRV0008,58.78,1,0.0,8.82,67.6,completed,apple_pay
OL00002281,ORD0002331,APT0002331,CLT00125,BIZ004,2025-05-01,Hair,Color - Highlights,PRV0016,152.55,1,0.0,30.51,183.06,completed,debit_card
OL00002282,ORD0002332,APT0002332,CLT00125,BIZ004,2025-06-02,Nails,Dip Powder Nails,PRV0019,66.31,1,1.73,11.62,76.2,completed,credit_card
OL00002283,ORD0002333,APT0002333,CLT00125,BIZ004,2025-07-01,Nails,Manicure,PRV0015,36.26,1,0.0,6.53,42.79,completed,gift_card
OL00002284,ORD0002336,APT0002336,CLT00125,BIZ004,2025-10-06,Hair,Balayage,PRV0006,225.54,1,0.0,40.6,266.14,completed,apple_pay
OL00002285,ORD0002337,APT0002337,CLT00125,BIZ004,2025-11-08,Nails,Dip Powder Nails,PRV0010,68.77,1,0.0,17.19,85.96,completed,cash
OL00002286,ORD0002338,APT0002338,CLT00125,BIZ004,2025-12-15,Hair,Balayage,PRV0001,203.1,1,0.0,36.56,239.66,completed,debit_card
OL00002287,ORD0002339,APT0002339,CLT00125,BIZ004,2026-01-16,Nails,Dip Powder Nails,PRV0019,73.24,1,0.0,13.18,86.42,completed,gift_card
OL00002288,ORD0002340,APT0002340,CLT00125,BIZ004,2026-02-25,Hair,Balayage,PRV0018,234.2,1,0.0,46.84,281.04,completed,apple_pay
OL00002289,ORD0002341,APT0002341,CLT00125,BIZ004,2026-03-29,Hair,Haircut & Style,PRV0020,59.88,1,0.0,11.98,71.86,completed,credit_card
OL00002290,ORD0002342,APT0002342,CLT00126,BIZ002,2024-05-13,Skin,LED Light Therapy,PRV0002,91.18,1,4.44,15.61,102.35,completed,gift_card
OL00002291,ORD0002343,APT0002343,CLT00126,BIZ002,2024-06-18,Skin,Classic Facial,PRV0010,103.29,1,0.0,15.49,118.78,completed,debit_card
OL00002292,ORD0002344,APT0002344,CLT00126,BIZ002,2024-07-29,Hair,Balayage,PRV0005,216.85,1,0.0,54.21,271.06,completed,credit_card
OL00002293,ORD0002345,APT0002345,CLT00126,BIZ002,2024-08-30,Skin,Classic Facial,PRV0015,101.23,1,0.0,20.25,121.48,completed,cash
OL00002294,ORD0002346,APT0002346,CLT00126,BIZ002,2024-09-30,Hair,Color - Single Process,PRV0018,121.64,1,0.0,24.33,145.97,completed,cash
OL00002295,ORD0002347,APT0002347,CLT00126,BIZ002,2024-10-28,Skin,Classic Facial,PRV0003,85.8,1,0.0,17.16,102.96,completed,debit_card
OL00002296,ORD0002348,APT0002348,CLT00126,BIZ002,2024-12-07,Skin,Chemical Peel,PRV0009,141.44,1,0.0,25.46,166.9,completed,apple_pay
OL00002297,ORD0002349,APT0002349,CLT00126,BIZ002,2025-01-16,Hair,Balayage,PRV0012,241.29,1,0.0,48.26,289.55,completed,debit_card
OL00002298,ORD0002350,APT0002350,CLT00126,BIZ002,2025-02-27,Hair,Blowout,PRV0013,52.17,1,0.0,9.39,61.56,completed,credit_card
OL00002299,ORD0002351,APT0002351,CLT00126,BIZ002,2025-04-09,Hair,Blowout,PRV0004,49.27,1,0.0,9.85,59.12,completed,gift_card
OL00002300,ORD0002352,APT0002352,CLT00126,BIZ002,2025-05-11,Hair,Root Touch-Up,PRV0017,82.4,1,0.0,16.48,98.88,completed,google_pay
OL00002301,ORD0002353,APT0002353,CLT00126,BIZ002,2025-06-20,Hair,Haircut & Style,PRV0009,64.7,1,0.0,16.18,80.88,completed,cash
OL00002302,ORD0002354,APT0002354,CLT00126,BIZ002,2025-07-29,Hair,Haircut & Style,PRV0010,61.96,1,0.0,12.39,74.35,completed,cash
OL00002303,ORD0002355,APT0002355,CLT00126,BIZ002,2025-09-07,Skin,Deep Cleansing Facial,PRV0018,121.75,1,6.82,22.99,137.92,completed,gift_card
OL00002304,ORD0002356,APT0002356,CLT00126,BIZ002,2025-10-11,Hair,Color - Highlights,PRV0003,182.67,1,0.0,0.0,182.67,completed,debit_card
OL00002305,ORD0002357,APT0002357,CLT00126,BIZ002,2025-11-11,Skin,Microdermabrasion,PRV0013,140.66,1,6.05,26.92,161.53,completed,debit_card
OL00002306,ORD0002358,APT0002358,CLT00126,BIZ002,2025-12-10,Hair,Root Touch-Up,PRV0014,85.05,1,0.0,15.31,100.36,completed,credit_card
OL00002307,ORD0002360,APT0002360,CLT00126,BIZ002,2026-02-13,Hair,Blowout,PRV0014,47.81,1,3.83,8.8,52.78,completed,gift_card
OL00002308,ORD0002361,APT0002361,CLT00127,BIZ001,2024-05-14,Hair,Keratin Treatment,PRV0012,306.1,1,0.0,55.1,361.2,completed,apple_pay
OL00002309,ORD0002362,APT0002362,CLT00127,BIZ001,2024-06-27,Hair,Blowout,PRV0012,46.12,1,0.0,0.0,46.12,completed,credit_card
OL00002310,ORD0002363,APT0002363,CLT00127,BIZ001,2024-08-15,Hair,Keratin Treatment,PRV0002,268.63,1,0.0,53.73,322.36,completed,credit_card
OL00002311,ORD0002364,APT0002364,CLT00127,BIZ001,2024-10-03,Hair,Blowout,PRV0007,55.56,1,0.0,13.89,69.45,completed,apple_pay
OL00002312,ORD0002365,APT0002365,CLT00127,BIZ001,2024-11-20,Hair,Color - Single Process,PRV0008,115.82,1,0.0,0.0,115.82,completed,google_pay
OL00002313,ORD0002366,APT0002366,CLT00127,BIZ001,2024-12-30,Hair,Root Touch-Up,PRV0003,87.44,1,1.3,15.51,101.65,completed,gift_card
OL00002314,ORD0002367,APT0002367,CLT00127,BIZ001,2025-02-15,Hair,Color - Highlights,PRV0016,172.98,1,12.46,24.08,184.6,completed,debit_card
OL00002315,ORD0002368,APT0002368,CLT00127,BIZ001,2025-03-29,Hair,Balayage,PRV0005,221.9,1,0.0,33.28,255.18,completed,debit_card
OL00002316,ORD0002369,APT0002369,CLT00127,BIZ001,2025-05-14,Hair,Balayage,PRV0015,247.24,1,0.0,49.45,296.69,completed,google_pay
OL00002317,ORD0002370,APT0002370,CLT00127,BIZ001,2025-06-25,Hair,Color - Single Process,PRV0008,118.73,1,0.0,21.37,140.1,completed,gift_card
OL00002318,ORD0002371,APT0002371,CLT00127,BIZ001,2025-08-05,Hair,Haircut & Style,PRV0009,61.82,1,0.0,9.27,71.09,completed,debit_card
OL00002319,ORD0002372,APT0002372,CLT00127,BIZ001,2025-09-20,Hair,Root Touch-Up,PRV0018,84.3,1,0.0,21.07,105.37,completed,debit_card
OL00002320,ORD0002373,APT0002373,CLT00127,BIZ001,2025-11-11,Hair,Balayage,PRV0015,222.19,1,0.0,44.44,266.63,completed,gift_card
OL00002321,ORD0002374,APT0002374,CLT00127,BIZ001,2026-01-02,Hair,Root Touch-Up,PRV0019,87.98,1,0.0,15.84,103.82,completed,google_pay
OL00002322,ORD0002375,APT0002375,CLT00127,BIZ001,2026-02-18,Hair,Color - Highlights,PRV0004,168.69,1,0.0,33.74,202.43,completed,google_pay
OL00002323,ORD0002376,APT0002376,CLT00127,BIZ001,2026-03-28,Hair,Blowout,PRV0007,50.36,1,0.0,9.06,59.42,completed,apple_pay
OL00002324,ORD0002378,APT0002378,CLT00128,BIZ008,2024-06-18,Hair,Root Touch-Up,PRV0003,79.22,1,3.45,15.15,90.92,completed,gift_card
OL00002325,ORD0002379,APT0002379,CLT00128,BIZ008,2024-08-09,Hair,Balayage,PRV0010,220.97,1,6.58,38.59,252.98,completed,gift_card
OL00002326,ORD0002380,APT0002380,CLT00128,BIZ008,2024-09-25,Hair,Color - Single Process,PRV0001,113.51,1,1.66,20.13,131.98,completed,debit_card
OL00002327,ORD0002381,APT0002381,CLT00128,BIZ008,2024-11-09,Nails,Manicure,PRV0015,33.3,1,0.0,4.99,38.29,completed,cash
OL00002328,ORD0002382,APT0002382,CLT00128,BIZ008,2024-12-26,Hair,Keratin Treatment,PRV0018,271.42,1,0.0,40.71,312.13,completed,apple_pay
OL00002329,ORD0002383,APT0002383,CLT00128,BIZ008,2025-02-05,Hair,Root Touch-Up,PRV0002,86.93,1,1.3,17.13,102.76,completed,credit_card
OL00002330,ORD0002384,APT0002384,CLT00128,BIZ008,2025-03-15,Nails,Dip Powder Nails,PRV0006,70.46,1,0.0,12.68,83.14,completed,gift_card
OL00002331,ORD0002385,APT0002385,CLT00128,BIZ008,2025-05-01,Nails,Pedicure,PRV0009,52.44,1,0.0,7.87,60.31,completed,google_pay
OL00002332,ORD0002386,APT0002386,CLT00128,BIZ008,2025-06-20,Nails,Manicure,PRV0018,35.27,1,0.0,6.35,41.62,completed,gift_card
OL00002333,ORD0002387,APT0002387,CLT00128,BIZ008,2025-08-07,Hair,Color - Single Process,PRV0010,120.27,1,0.0,21.65,141.92,completed,gift_card
OL00002334,ORD0002388,APT0002388,CLT00128,BIZ008,2025-09-17,Nails,Dip Powder Nails,PRV0016,71.42,1,0.0,12.86,84.28,completed,credit_card
OL00002335,ORD0002390,APT0002390,CLT00128,BIZ008,2025-12-18,Hair,Root Touch-Up,PRV0014,94.25,1,0.0,16.96,111.21,completed,debit_card
OL00002336,ORD0002391,APT0002391,CLT00128,BIZ008,2026-01-27,Nails,Nail Art Add-On,PRV0005,22.72,1,0.75,3.3,25.27,completed,credit_card
OL00002337,ORD0002392,APT0002392,CLT00128,BIZ008,2026-03-17,Nails,Dip Powder Nails,PRV0003,67.09,1,0.0,12.08,79.17,completed,google_pay
OL00002338,ORD0002393,APT0002393,CLT00129,BIZ004,2024-04-12,Waxing,Lip & Chin Wax,PRV0008,21.87,1,0.0,3.28,25.15,completed,google_pay
OL00002339,ORD0002394,APT0002394,CLT00129,BIZ004,2024-05-12,Hair,Color - Single Process,PRV0013,121.62,1,0.0,0.0,121.62,completed,cash
OL00002340,ORD0002395,APT0002395,CLT00129,BIZ004,2024-06-09,Waxing,Full Leg Wax,PRV0013,67.51,1,0.0,13.5,81.01,completed,debit_card
OL00002341,ORD0002396,APT0002396,CLT00129,BIZ004,2024-07-12,Hair,Blowout,PRV0003,46.01,1,3.74,0.0,42.27,completed,debit_card
OL00002342,ORD0002397,APT0002397,CLT00129,BIZ004,2024-08-20,Hair,Balayage,PRV0019,200.33,1,0.0,0.0,200.33,completed,cash
OL00002343,ORD0002398,APT0002398,CLT00129,BIZ004,2024-09-19,Waxing,Full Leg Wax,PRV0013,69.38,1,0.0,10.41,79.79,completed,gift_card
OL00002344,ORD0002399,APT0002399,CLT00129,BIZ004,2024-10-23,Waxing,Brow Wax & Shape,PRV0017,23.16,1,0.0,0.0,23.16,completed,debit_card
OL00002345,ORD0002400,APT0002400,CLT00129,BIZ004,2024-11-20,Hair,Root Touch-Up,PRV0012,77.66,1,0.0,13.98,91.64,completed,credit_card
OL00002346,ORD0002401,APT0002401,CLT00129,BIZ004,2024-12-26,Hair,Keratin Treatment,PRV0012,307.8,1,0.0,55.4,363.2,completed,gift_card
OL00002347,ORD0002402,APT0002402,CLT00129,BIZ004,2025-01-26,Waxing,Lip & Chin Wax,PRV0003,18.04,1,0.56,3.5,20.98,completed,cash
OL00002348,ORD0002403,APT0002403,CLT00129,BIZ004,2025-03-04,Waxing,Full Leg Wax,PRV0001,84.72,1,0.0,15.25,99.97,completed,credit_card
OL00002349,ORD0002404,APT0002404,CLT00129,BIZ004,2025-04-06,Waxing,Full Leg Wax,PRV0019,70.56,1,3.97,13.32,79.91,completed,apple_pay
OL00002350,ORD0002405,APT0002405,CLT00129,BIZ004,2025-05-12,Waxing,Brow Wax & Shape,PRV0016,24.77,1,0.0,3.72,28.49,completed,gift_card
OL00002351,ORD0002406,APT0002406,CLT00129,BIZ004,2025-06-15,Hair,Color - Highlights,PRV0006,181.05,1,0.0,32.59,213.64,completed,gift_card
OL00002352,ORD0002407,APT0002407,CLT00129,BIZ004,2025-07-26,Waxing,Brow Wax & Shape,PRV0014,25.56,1,0.28,4.55,29.83,completed,credit_card
OL00002353,ORD0002408,APT0002408,CLT00129,BIZ004,2025-09-01,Waxing,Brow Wax & Shape,PRV0020,28.29,1,0.52,4.17,31.94,completed,gift_card
OL00002354,ORD0002409,APT0002409,CLT00129,BIZ004,2025-09-29,Hair,Keratin Treatment,PRV0008,301.86,1,0.0,45.28,347.14,completed,google_pay
OL00002355,ORD0002410,APT0002410,CLT00129,BIZ004,2025-11-01,Waxing,Brow Wax & Shape,PRV0018,28.54,1,0.0,4.28,32.82,completed,credit_card
OL00002356,ORD0002411,APT0002411,CLT00129,BIZ004,2025-12-03,Waxing,Full Leg Wax,PRV0017,75.09,1,0.0,0.0,75.09,completed,gift_card
OL00002357,ORD0002412,APT0002412,CLT00129,BIZ004,2026-01-13,Waxing,Brazilian Wax,PRV0018,69.74,1,0.0,0.0,69.74,completed,credit_card
OL00002358,ORD0002413,APT0002413,CLT00129,BIZ004,2026-02-13,Waxing,Brazilian Wax,PRV0001,58.69,1,0.0,11.74,70.43,completed,apple_pay
OL00002359,ORD0002414,APT0002414,CLT00129,BIZ004,2026-03-17,Waxing,Lip & Chin Wax,PRV0011,20.16,1,0.0,3.63,23.79,completed,gift_card
OL00002360,ORD0002415,APT0002415,CLT00130,BIZ008,2024-05-12,Massage,Prenatal Massage,PRV0006,122.32,1,0.0,22.02,144.34,completed,apple_pay
OL00002361,ORD0002416,APT0002416,CLT00130,BIZ008,2024-06-13,Massage,Prenatal Massage,PRV0007,101.63,1,0.0,25.41,127.04,completed,google_pay
OL00002362,ORD0002417,APT0002417,CLT00130,BIZ008,2024-07-11,Skin,LED Light Therapy,PRV0013,83.3,1,0.0,0.0,83.3,completed,gift_card
OL00002363,ORD0002418,APT0002418,CLT00130,BIZ008,2024-08-18,Massage,Deep Tissue 60min,PRV0004,124.59,1,0.0,22.43,147.02,completed,google_pay
OL00002364,ORD0002419,APT0002419,CLT00130,BIZ008,2024-09-24,Skin,Deep Cleansing Facial,PRV0018,135.52,1,0.0,24.39,159.91,completed,google_pay
OL00002365,ORD0002420,APT0002420,CLT00130,BIZ008,2024-11-01,Skin,Classic Facial,PRV0010,89.26,1,0.0,17.85,107.11,completed,google_pay
OL00002366,ORD0002422,APT0002422,CLT00130,BIZ008,2025-01-02,Skin,Chemical Peel,PRV0017,157.51,1,0.0,28.35,185.86,completed,cash
OL00002367,ORD0002423,APT0002423,CLT00130,BIZ008,2025-01-31,Massage,Swedish Massage 60min,PRV0005,116.21,1,0.0,23.24,139.45,completed,apple_pay
OL00002368,ORD0002424,APT0002424,CLT00130,BIZ008,2025-03-04,Skin,Classic Facial,PRV0014,93.32,1,0.0,16.8,110.12,completed,apple_pay
OL00002369,ORD0002425,APT0002425,CLT00130,BIZ008,2025-04-10,Skin,Deep Cleansing Facial,PRV0020,134.5,1,0.0,24.21,158.71,completed,apple_pay
OL00002370,ORD0002426,APT0002426,CLT00130,BIZ008,2025-05-10,Skin,Classic Facial,PRV0001,107.5,1,0.0,16.12,123.62,completed,gift_card
OL00002371,ORD0002427,APT0002427,CLT00130,BIZ008,2025-06-11,Skin,Microdermabrasion,PRV0010,141.58,1,1.62,27.99,167.95,completed,debit_card
OL00002372,ORD0002428,APT0002428,CLT00130,BIZ008,2025-07-16,Skin,Classic Facial,PRV0017,101.01,1,0.0,20.2,121.21,completed,cash
OL00002373,ORD0002429,APT0002429,CLT00130,BIZ008,2025-08-13,Massage,Deep Tissue 60min,PRV0015,136.64,1,0.0,20.5,157.14,completed,debit_card
OL00002374,ORD0002430,APT0002430,CLT00130,BIZ008,2025-09-20,Massage,Hot Stone Massage,PRV0005,133.46,1,0.0,24.02,157.48,completed,cash
OL00002375,ORD0002431,APT0002431,CLT00130,BIZ008,2025-10-27,Skin,Deep Cleansing Facial,PRV0010,130.44,1,4.2,18.94,145.18,completed,credit_card
OL00002376,ORD0002432,APT0002432,CLT00130,BIZ008,2025-11-29,Massage,Deep Tissue 60min,PRV0011,119.7,1,0.0,0.0,119.7,completed,google_pay
OL00002377,ORD0002433,APT0002433,CLT00130,BIZ008,2026-01-09,Skin,Classic Facial,PRV0013,102.33,1,0.0,18.42,120.75,completed,google_pay
OL00002378,ORD0002434,APT0002434,CLT00130,BIZ008,2026-02-20,Massage,Hot Stone Massage,PRV0005,147.9,1,0.0,0.0,147.9,completed,debit_card
OL00002379,ORD0002435,APT0002435,CLT00130,BIZ008,2026-03-28,Massage,Hot Stone Massage,PRV0005,148.98,1,12.54,24.56,161.0,completed,credit_card
OL00002380,ORD0002436,APT0002436,CLT00131,BIZ008,2024-07-06,Waxing,Brow Wax & Shape,PRV0005,27.43,1,0.0,5.49,32.92,completed,apple_pay
OL00002381,ORD0002437,APT0002437,CLT00131,BIZ008,2024-09-27,Hair,Color - Highlights,PRV0004,176.7,1,0.0,26.5,203.2,completed,debit_card
OL00002382,ORD0002438,APT0002438,CLT00131,BIZ008,2024-12-22,Hair,Root Touch-Up,PRV0020,77.11,1,0.35,11.51,88.27,completed,gift_card
OL00002383,ORD0002439,APT0002439,CLT00131,BIZ008,2025-03-19,Hair,Color - Single Process,PRV0018,121.38,1,0.0,21.85,143.23,completed,gift_card
OL00002384,ORD0002440,APT0002440,CLT00131,BIZ008,2025-06-22,Waxing,Lip & Chin Wax,PRV0012,20.95,1,0.0,3.14,24.09,completed,google_pay
OL00002385,ORD0002442,APT0002442,CLT00132,BIZ002,2024-04-28,Nails,Manicure,PRV0017,38.48,1,0.0,5.77,44.25,completed,google_pay
OL00002386,ORD0002444,APT0002444,CLT00132,BIZ002,2024-08-26,Nails,Manicure,PRV0018,32.55,1,0.0,6.51,39.06,completed,gift_card
OL00002387,ORD0002445,APT0002445,CLT00132,BIZ002,2024-10-26,Nails,Manicure,PRV0018,35.71,1,0.0,7.14,42.85,completed,debit_card
OL00002388,ORD0002446,APT0002446,CLT00132,BIZ002,2024-12-22,Nails,Gel Manicure,PRV0001,54.02,1,0.0,9.72,63.74,completed,google_pay
OL00002389,ORD0002447,APT0002447,CLT00132,BIZ002,2025-02-18,Nails,Manicure,PRV0009,34.58,1,0.0,0.0,34.58,completed,apple_pay
OL00002390,ORD0002448,APT0002448,CLT00132,BIZ002,2025-04-21,Nails,Pedicure,PRV0004,58.55,1,0.0,11.71,70.26,completed,apple_pay
OL00002391,ORD0002449,APT0002449,CLT00132,BIZ002,2025-06-26,Nails,Pedicure,PRV0008,57.16,1,4.33,0.0,52.83,completed,cash
OL00002392,ORD0002450,APT0002450,CLT00132,BIZ002,2025-08-21,Nails,Dip Powder Nails,PRV0014,67.91,1,0.0,12.22,80.13,completed,cash
OL00002393,ORD0002451,APT0002451,CLT00132,BIZ002,2025-10-15,Nails,Nail Art Add-On,PRV0016,21.77,1,0.0,3.27,25.04,completed,google_pay
OL00002394,ORD0002452,APT0002452,CLT00132,BIZ002,2025-12-09,Nails,Dip Powder Nails,PRV0015,66.94,1,0.0,10.04,76.98,completed,debit_card
OL00002395,ORD0002453,APT0002453,CLT00132,BIZ002,2026-02-02,Nails,Nail Art Add-On,PRV0016,22.99,1,0.8,4.44,26.63,completed,cash
OL00002396,ORD0002454,APT0002454,CLT00132,BIZ002,2026-03-28,Nails,Nail Art Add-On,PRV0016,18.96,1,0.0,0.0,18.96,completed,google_pay
OL00002397,ORD0002455,APT0002455,CLT00133,BIZ002,2024-05-11,Nails,Dip Powder Nails,PRV0009,68.31,1,5.9,11.23,73.64,completed,google_pay
OL00002398,ORD0002456,APT0002456,CLT00133,BIZ002,2024-06-10,Nails,Dip Powder Nails,PRV0020,63.57,1,0.0,12.71,76.28,completed,cash
OL00002399,ORD0002457,APT0002457,CLT00133,BIZ002,2024-07-12,Nails,Gel Manicure,PRV0013,52.66,1,0.0,9.48,62.14,completed,debit_card
OL00002400,ORD0002458,APT0002458,CLT00133,BIZ002,2024-08-13,Waxing,Lip & Chin Wax,PRV0002,21.81,1,0.0,3.27,25.08,completed,debit_card
OL00002401,ORD0002459,APT0002459,CLT00133,BIZ002,2024-09-10,Nails,Manicure,PRV0006,39.47,1,0.0,7.1,46.57,completed,gift_card
OL00002402,ORD0002460,APT0002460,CLT00133,BIZ002,2024-10-16,Waxing,Brazilian Wax,PRV0016,58.62,1,1.97,10.2,66.85,completed,credit_card
OL00002403,ORD0002461,APT0002461,CLT00133,BIZ002,2024-11-17,Waxing,Lip & Chin Wax,PRV0019,20.54,1,0.0,3.7,24.24,completed,cash
OL00002404,ORD0002463,APT0002463,CLT00133,BIZ002,2025-01-18,Waxing,Lip & Chin Wax,PRV0007,22.96,1,0.0,3.44,26.4,completed,google_pay
OL00002405,ORD0002464,APT0002464,CLT00133,BIZ002,2025-02-24,Nails,Pedicure,PRV0014,57.67,1,0.0,11.53,69.2,completed,gift_card
OL00002406,ORD0002465,APT0002465,CLT00133,BIZ002,2025-03-27,Waxing,Lip & Chin Wax,PRV0019,22.86,1,0.0,3.43,26.29,completed,gift_card
OL00002407,ORD0002466,APT0002466,CLT00133,BIZ002,2025-04-25,Nails,Gel Manicure,PRV0005,45.29,1,0.0,6.79,52.08,completed,debit_card
OL00002408,ORD0002467,APT0002467,CLT00133,BIZ002,2025-05-24,Nails,Nail Art Add-On,PRV0011,21.21,1,0.0,4.24,25.45,completed,debit_card
OL00002409,ORD0002468,APT0002468,CLT00133,BIZ002,2025-06-22,Waxing,Brazilian Wax,PRV0017,64.59,1,0.0,0.0,64.59,completed,cash
OL00002410,ORD0002469,APT0002469,CLT00133,BIZ002,2025-07-20,Waxing,Lip & Chin Wax,PRV0008,21.0,1,0.0,3.78,24.78,completed,credit_card
OL00002411,ORD0002470,APT0002470,CLT00133,BIZ002,2025-08-17,Waxing,Brow Wax & Shape,PRV0003,22.51,1,0.0,3.38,25.89,completed,gift_card
OL00002412,ORD0002471,APT0002471,CLT00133,BIZ002,2025-09-27,Waxing,Brow Wax & Shape,PRV0012,23.94,1,0.0,4.31,28.25,completed,google_pay
OL00002413,ORD0002472,APT0002472,CLT00133,BIZ002,2025-10-30,Nails,Pedicure,PRV0014,59.01,1,0.0,14.75,73.76,completed,google_pay
OL00002414,ORD0002473,APT0002473,CLT00133,BIZ002,2025-11-28,Waxing,Brow Wax & Shape,PRV0007,26.37,1,0.0,3.96,30.33,completed,debit_card
OL00002415,ORD0002474,APT0002474,CLT00133,BIZ002,2026-01-01,Nails,Nail Art Add-On,PRV0001,21.14,1,0.0,3.81,24.95,completed,cash
OL00002416,ORD0002475,APT0002475,CLT00133,BIZ002,2026-02-11,Nails,Nail Art Add-On,PRV0019,20.38,1,0.0,3.06,23.44,completed,debit_card
OL00002417,ORD0002477,APT0002477,CLT00134,BIZ006,2024-05-31,Massage,Swedish Massage 60min,PRV0014,100.66,1,8.52,16.59,108.73,completed,gift_card
OL00002418,ORD0002478,APT0002478,CLT00134,BIZ006,2024-07-05,Massage,Deep Tissue 60min,PRV0007,115.93,1,5.35,16.59,127.17,completed,gift_card
OL00002419,ORD0002479,APT0002479,CLT00134,BIZ006,2024-08-13,Massage,Swedish Massage 60min,PRV0014,111.26,1,0.0,20.03,131.29,completed,credit_card
OL00002420,ORD0002480,APT0002480,CLT00134,BIZ006,2024-09-14,Massage,Swedish Massage 60min,PRV0004,121.51,1,0.0,21.87,143.38,completed,google_pay
OL00002421,ORD0002481,APT0002481,CLT00134,BIZ006,2024-10-17,Massage,Hot Stone Massage,PRV0001,134.9,1,0.0,20.23,155.13,completed,debit_card
OL00002422,ORD0002482,APT0002482,CLT00134,BIZ006,2024-11-24,Massage,Hot Stone Massage,PRV0009,130.53,1,0.75,0.0,129.78,completed,credit_card
OL00002423,ORD0002483,APT0002483,CLT00134,BIZ006,2025-01-04,Massage,Deep Tissue 60min,PRV0003,127.89,1,0.0,23.02,150.91,completed,cash
OL00002424,ORD0002484,APT0002484,CLT00134,BIZ006,2025-02-08,Massage,Hot Stone Massage,PRV0019,126.84,1,0.0,31.71,158.55,completed,credit_card
OL00002425,ORD0002485,APT0002485,CLT00134,BIZ006,2025-03-13,Massage,Hot Stone Massage,PRV0014,147.87,1,10.99,0.0,136.88,completed,gift_card
OL00002426,ORD0002486,APT0002486,CLT00134,BIZ006,2025-04-24,Massage,Deep Tissue 60min,PRV0013,119.34,1,0.0,23.87,143.21,completed,debit_card
OL00002427,ORD0002487,APT0002487,CLT00134,BIZ006,2025-05-25,Massage,Hot Stone Massage,PRV0008,141.41,1,0.0,0.0,141.41,completed,apple_pay
OL00002428,ORD0002488,APT0002488,CLT00134,BIZ006,2025-06-26,Massage,Swedish Massage 60min,PRV0001,103.01,1,0.0,18.54,121.55,completed,debit_card
OL00002429,ORD0002490,APT0002490,CLT00134,BIZ006,2025-08-26,Massage,Swedish Massage 60min,PRV0002,107.18,1,0.0,16.08,123.26,completed,cash
OL00002430,ORD0002491,APT0002491,CLT00134,BIZ006,2025-09-29,Massage,Prenatal Massage,PRV0019,124.88,1,10.38,17.18,131.68,completed,gift_card
OL00002431,ORD0002492,APT0002492,CLT00134,BIZ006,2025-10-27,Massage,Deep Tissue 60min,PRV0016,139.36,1,7.18,0.0,132.18,completed,apple_pay
OL00002432,ORD0002493,APT0002493,CLT00134,BIZ006,2025-12-07,Massage,Hot Stone Massage,PRV0012,148.63,1,0.0,29.73,178.36,completed,cash
OL00002433,ORD0002494,APT0002494,CLT00134,BIZ006,2026-01-17,Massage,Hot Stone Massage,PRV0017,146.13,1,0.0,29.23,175.36,completed,cash
OL00002434,ORD0002495,APT0002495,CLT00134,BIZ006,2026-02-17,Massage,Hot Stone Massage,PRV0011,154.86,1,0.0,27.87,182.73,completed,apple_pay
OL00002435,ORD0002496,APT0002496,CLT00135,BIZ008,2024-04-15,Massage,Hot Stone Massage,PRV0017,149.24,1,0.0,29.85,179.09,completed,apple_pay
OL00002436,ORD0002497,APT0002497,CLT00135,BIZ008,2024-05-04,Hair,Root Touch-Up,PRV0012,95.07,1,0.0,19.01,114.08,completed,credit_card
OL00002437,ORD0002498,APT0002498,CLT00135,BIZ008,2024-05-30,Massage,Deep Tissue 60min,PRV0016,127.19,1,6.28,21.76,142.67,completed,apple_pay
OL00002438,ORD0002499,APT0002499,CLT00135,BIZ008,2024-06-18,Hair,Keratin Treatment,PRV0015,310.89,1,0.0,0.0,310.89,completed,google_pay
OL00002439,ORD0002500,APT0002500,CLT00135,BIZ008,2024-07-07,Massage,Deep Tissue 60min,PRV0004,122.81,1,0.0,18.42,141.23,completed,credit_card
OL00002440,ORD0002501,APT0002501,CLT00135,BIZ008,2024-08-04,Massage,Prenatal Massage,PRV0010,120.51,1,0.0,30.13,150.64,completed,google_pay
OL00002441,ORD0002502,APT0002502,CLT00135,BIZ008,2024-08-27,Massage,Prenatal Massage,PRV0012,118.07,1,0.0,0.0,118.07,completed,gift_card
OL00002442,ORD0002503,APT0002503,CLT00135,BIZ008,2024-09-16,Massage,Swedish Massage 60min,PRV0010,108.78,1,0.0,21.76,130.54,completed,apple_pay
OL00002443,ORD0002504,APT0002504,CLT00135,BIZ008,2024-10-13,Hair,Root Touch-Up,PRV0007,93.38,1,0.0,16.81,110.19,completed,google_pay
OL00002444,ORD0002506,APT0002506,CLT00135,BIZ008,2024-12-01,Massage,Prenatal Massage,PRV0016,109.19,1,0.0,19.65,128.84,completed,apple_pay
OL00002445,ORD0002507,APT0002507,CLT00135,BIZ008,2024-12-15,Massage,Swedish Massage 60min,PRV0008,114.29,1,0.0,22.86,137.15,completed,cash
OL00002446,ORD0002508,APT0002508,CLT00135,BIZ008,2025-01-03,Massage,Swedish Massage 60min,PRV0001,99.92,1,0.0,19.98,119.9,completed,debit_card
OL00002447,ORD0002509,APT0002509,CLT00135,BIZ008,2025-01-31,Massage,Swedish Massage 60min,PRV0006,106.84,1,7.57,17.87,117.14,completed,gift_card
OL00002448,ORD0002510,APT0002510,CLT00135,BIZ008,2025-02-17,Massage,Deep Tissue 60min,PRV0006,133.3,1,0.0,23.99,157.29,completed,gift_card
OL00002449,ORD0002511,APT0002511,CLT00135,BIZ008,2025-03-03,Hair,Keratin Treatment,PRV0017,266.98,1,0.0,48.06,315.04,completed,google_pay
OL00002450,ORD0002512,APT0002512,CLT00135,BIZ008,2025-03-21,Hair,Blowout,PRV0001,47.91,1,0.0,0.0,47.91,completed,apple_pay
OL00002451,ORD0002513,APT0002513,CLT00135,BIZ008,2025-04-15,Massage,Prenatal Massage,PRV0010,122.33,1,0.0,22.02,144.35,completed,debit_card
OL00002452,ORD0002514,APT0002514,CLT00135,BIZ008,2025-05-05,Massage,Prenatal Massage,PRV0020,113.25,1,0.0,20.38,133.63,completed,google_pay
OL00002453,ORD0002515,APT0002515,CLT00135,BIZ008,2025-05-23,Hair,Color - Highlights,PRV0003,186.96,1,0.0,37.39,224.35,completed,debit_card
OL00002454,ORD0002518,APT0002518,CLT00135,BIZ008,2025-07-20,Hair,Color - Highlights,PRV0017,188.05,1,18.55,0.0,169.5,completed,debit_card
OL00002455,ORD0002519,APT0002519,CLT00135,BIZ008,2025-08-12,Massage,Deep Tissue 60min,PRV0013,127.83,1,0.67,22.89,150.05,completed,debit_card
OL00002456,ORD0002520,APT0002520,CLT00135,BIZ008,2025-09-03,Hair,Balayage,PRV0007,220.75,1,0.0,39.73,260.48,completed,cash
OL00002457,ORD0002521,APT0002521,CLT00135,BIZ008,2025-09-17,Hair,Blowout,PRV0011,49.81,1,0.0,9.96,59.77,completed,gift_card
OL00002458,ORD0002522,APT0002522,CLT00135,BIZ008,2025-10-12,Hair,Balayage,PRV0017,228.89,1,20.3,31.29,239.88,completed,gift_card
OL00002459,ORD0002523,APT0002523,CLT00135,BIZ008,2025-10-31,Massage,Prenatal Massage,PRV0009,106.26,1,0.0,21.25,127.51,completed,debit_card
OL00002460,ORD0002524,APT0002524,CLT00135,BIZ008,2025-11-27,Hair,Haircut & Style,PRV0007,71.49,1,0.44,0.0,71.05,completed,gift_card
OL00002461,ORD0002525,APT0002525,CLT00135,BIZ008,2025-12-22,Hair,Blowout,PRV0002,49.07,1,0.0,0.0,49.07,completed,cash
OL00002462,ORD0002526,APT0002526,CLT00135,BIZ008,2026-01-19,Hair,Balayage,PRV0012,210.95,1,0.0,42.19,253.14,completed,apple_pay
OL00002463,ORD0002527,APT0002527,CLT00135,BIZ008,2026-02-03,Massage,Swedish Massage 60min,PRV0019,122.87,1,0.0,18.43,141.3,completed,gift_card
OL00002464,ORD0002528,APT0002528,CLT00135,BIZ008,2026-02-28,Massage,Deep Tissue 60min,PRV0005,118.89,1,4.78,22.82,136.93,completed,gift_card
OL00002465,ORD0002530,APT0002530,CLT00136,BIZ002,2024-04-23,Nails,Gel Manicure,PRV0020,50.37,1,0.0,10.07,60.44,completed,debit_card
OL00002466,ORD0002531,APT0002531,CLT00136,BIZ002,2024-06-05,Hair,Keratin Treatment,PRV0016,255.99,1,1.97,45.72,299.74,completed,debit_card
OL00002467,ORD0002532,APT0002532,CLT00136,BIZ002,2024-07-19,Nails,Manicure,PRV0007,32.46,1,0.0,4.87,37.33,completed,debit_card
OL00002468,ORD0002533,APT0002533,CLT00136,BIZ002,2024-09-07,Nails,Gel Manicure,PRV0008,47.25,1,0.0,7.09,54.34,completed,credit_card
OL00002469,ORD0002534,APT0002534,CLT00136,BIZ002,2024-10-28,Nails,Pedicure,PRV0011,49.8,1,0.0,7.47,57.27,completed,apple_pay
OL00002470,ORD0002535,APT0002535,CLT00136,BIZ002,2024-12-14,Hair,Color - Highlights,PRV0008,174.45,1,0.0,0.0,174.45,completed,google_pay
OL00002471,ORD0002537,APT0002537,CLT00136,BIZ002,2025-03-18,Nails,Gel Manicure,PRV0003,46.14,1,0.0,9.23,55.37,completed,cash
OL00002472,ORD0002538,APT0002538,CLT00136,BIZ002,2025-05-08,Nails,Pedicure,PRV0008,58.16,1,0.0,10.47,68.63,completed,gift_card
OL00002473,ORD0002539,APT0002539,CLT00136,BIZ002,2025-06-27,Hair,Haircut & Style,PRV0015,63.32,1,0.69,11.27,73.9,completed,credit_card
OL00002474,ORD0002540,APT0002540,CLT00136,BIZ002,2025-08-14,Nails,Gel Manicure,PRV0011,52.17,1,0.18,0.0,51.99,completed,gift_card
OL00002475,ORD0002541,APT0002541,CLT00136,BIZ002,2025-10-04,Nails,Gel Manicure,PRV0004,52.58,1,2.06,7.58,58.1,completed,debit_card
OL00002476,ORD0002542,APT0002542,CLT00136,BIZ002,2025-11-25,Nails,Dip Powder Nails,PRV0012,61.64,1,0.0,0.0,61.64,completed,cash
OL00002477,ORD0002543,APT0002543,CLT00136,BIZ002,2026-01-09,Hair,Haircut & Style,PRV0015,68.9,1,5.42,0.0,63.48,completed,gift_card
OL00002478,ORD0002545,APT0002545,CLT00137,BIZ005,2024-05-12,Hair,Blowout,PRV0012,49.43,1,4.7,6.71,51.44,completed,gift_card
OL00002479,ORD0002546,APT0002546,CLT00137,BIZ005,2024-07-11,Waxing,Brow Wax & Shape,PRV0012,23.02,1,0.0,4.6,27.62,completed,debit_card
OL00002480,ORD0002547,APT0002547,CLT00137,BIZ005,2024-09-03,Waxing,Brow Wax & Shape,PRV0016,25.74,1,0.0,3.86,29.6,completed,apple_pay
OL00002481,ORD0002548,APT0002548,CLT00137,BIZ005,2024-11-02,Waxing,Lip & Chin Wax,PRV0005,20.85,1,0.0,3.13,23.98,completed,credit_card
OL00002482,ORD0002549,APT0002549,CLT00137,BIZ005,2025-01-05,Hair,Root Touch-Up,PRV0019,84.83,1,0.0,15.27,100.1,completed,gift_card
OL00002483,ORD0002550,APT0002550,CLT00137,BIZ005,2025-03-08,Hair,Blowout,PRV0004,53.27,1,0.14,0.0,53.13,completed,gift_card
OL00002484,ORD0002551,APT0002551,CLT00137,BIZ005,2025-05-13,Hair,Root Touch-Up,PRV0017,92.21,1,5.59,17.32,103.94,completed,debit_card
OL00002485,ORD0002554,APT0002554,CLT00137,BIZ005,2025-11-26,Waxing,Brazilian Wax,PRV0015,72.33,1,0.0,0.0,72.33,completed,gift_card
OL00002486,ORD0002555,APT0002555,CLT00137,BIZ005,2026-01-21,Hair,Color - Single Process,PRV0019,110.74,1,0.0,19.93,130.67,completed,google_pay
OL00002487,ORD0002557,APT0002557,CLT00138,BIZ004,2024-04-18,Nails,Pedicure,PRV0010,60.26,1,0.0,9.04,69.3,completed,credit_card
OL00002488,ORD0002558,APT0002558,CLT00138,BIZ004,2024-06-23,Nails,Dip Powder Nails,PRV0016,64.4,1,0.84,0.0,63.56,completed,gift_card
OL00002489,ORD0002559,APT0002559,CLT00138,BIZ004,2024-08-20,Nails,Gel Manicure,PRV0018,47.7,1,0.0,7.16,54.86,completed,cash
OL00002490,ORD0002560,APT0002560,CLT00138,BIZ004,2024-10-12,Nails,Pedicure,PRV0002,61.77,1,0.0,11.12,72.89,completed,debit_card
OL00002491,ORD0002560,APT0002560,CLT00138,BIZ004,2024-10-12,Waxing,Lip & Chin Wax,PRV0002,19.22,1,0.0,0.0,19.22,completed,cash
OL00002492,ORD0002561,APT0002561,CLT00138,BIZ004,2024-12-06,Nails,Nail Art Add-On,PRV0007,19.23,1,0.0,3.46,22.69,completed,credit_card
OL00002493,ORD0002561,APT0002561,CLT00138,BIZ004,2024-12-06,Waxing,Lip & Chin Wax,PRV0007,20.06,1,0.0,4.01,24.07,completed,apple_pay
OL00002494,ORD0002562,APT0002562,CLT00138,BIZ004,2025-01-30,Nails,Pedicure,PRV0002,57.73,1,0.0,10.39,68.12,completed,google_pay
OL00002495,ORD0002562,APT0002562,CLT00138,BIZ004,2025-01-30,Waxing,Brow Wax & Shape,PRV0002,24.03,1,0.0,3.6,27.63,completed,google_pay
OL00002496,ORD0002563,APT0002563,CLT00138,BIZ004,2025-04-06,Nails,Gel Manicure,PRV0005,52.24,1,3.37,8.8,57.67,completed,apple_pay
OL00002497,ORD0002564,APT0002564,CLT00138,BIZ004,2025-06-07,Nails,Pedicure,PRV0002,53.98,1,0.0,9.72,63.7,completed,gift_card
OL00002498,ORD0002565,APT0002565,CLT00138,BIZ004,2025-07-31,Nails,Dip Powder Nails,PRV0007,68.91,1,0.0,10.34,79.25,completed,gift_card
OL00002499,ORD0002565,APT0002565,CLT00138,BIZ004,2025-07-31,Waxing,Brazilian Wax,PRV0007,64.97,1,0.0,0.0,64.97,completed,cash
OL00002500,ORD0002567,APT0002567,CLT00139,BIZ010,2024-05-05,Nails,Dip Powder Nails,PRV0011,65.0,1,0.0,9.75,74.75,completed,cash
OL00002501,ORD0002568,APT0002568,CLT00139,BIZ010,2024-06-13,Nails,Gel Manicure,PRV0010,55.73,1,0.0,10.03,65.76,completed,apple_pay
OL00002502,ORD0002569,APT0002569,CLT00139,BIZ010,2024-07-30,Nails,Gel Manicure,PRV0017,51.31,1,0.0,9.24,60.55,completed,cash
OL00002503,ORD0002570,APT0002570,CLT00139,BIZ010,2024-09-09,Skin,Deep Cleansing Facial,PRV0012,137.13,1,0.0,24.68,161.81,completed,cash
OL00002504,ORD0002572,APT0002572,CLT00139,BIZ010,2024-12-01,Nails,Manicure,PRV0006,33.14,1,0.0,4.97,38.11,completed,apple_pay
OL00002505,ORD0002572,APT0002572,CLT00139,BIZ010,2024-12-01,Waxing,Full Leg Wax,PRV0006,71.27,1,0.0,10.69,81.96,completed,credit_card
OL00002506,ORD0002573,APT0002573,CLT00139,BIZ010,2025-01-17,Skin,Chemical Peel,PRV0005,151.15,1,12.64,0.0,138.51,completed,google_pay
OL00002507,ORD0002573,APT0002573,CLT00139,BIZ010,2025-01-17,Nails,Gel Manicure,PRV0005,48.65,1,0.0,9.73,58.38,completed,google_pay
OL00002508,ORD0002574,APT0002574,CLT00139,BIZ010,2025-03-10,Skin,LED Light Therapy,PRV0002,85.36,1,0.0,12.8,98.16,completed,cash
OL00002509,ORD0002575,APT0002575,CLT00139,BIZ010,2025-04-19,Skin,Classic Facial,PRV0013,93.51,1,5.91,15.77,103.37,completed,gift_card
OL00002510,ORD0002575,APT0002575,CLT00139,BIZ010,2025-04-19,Nails,Pedicure,PRV0013,53.16,1,0.0,0.0,53.16,completed,google_pay
OL00002511,ORD0002577,APT0002577,CLT00139,BIZ010,2025-07-15,Skin,LED Light Therapy,PRV0007,90.82,1,0.0,13.62,104.44,completed,credit_card
OL00002512,ORD0002577,APT0002577,CLT00139,BIZ010,2025-07-15,Nails,Gel Manicure,PRV0007,52.4,1,0.0,0.0,52.4,completed,apple_pay
OL00002513,ORD0002578,APT0002578,CLT00139,BIZ010,2025-09-01,Nails,Gel Manicure,PRV0012,51.86,1,0.0,9.33,61.19,completed,debit_card
OL00002514,ORD0002579,APT0002579,CLT00139,BIZ010,2025-10-16,Nails,Nail Art Add-On,PRV0004,18.8,1,0.0,3.38,22.18,completed,cash
OL00002515,ORD0002579,APT0002579,CLT00139,BIZ010,2025-10-16,Waxing,Brow Wax & Shape,PRV0004,24.46,1,0.0,0.0,24.46,completed,debit_card
OL00002516,ORD0002580,APT0002580,CLT00139,BIZ010,2025-11-28,Nails,Dip Powder Nails,PRV0010,65.2,1,5.91,11.86,71.15,completed,gift_card
OL00002517,ORD0002580,APT0002580,CLT00139,BIZ010,2025-11-28,Waxing,Lip & Chin Wax,PRV0010,19.6,1,0.0,0.0,19.6,completed,debit_card
OL00002518,ORD0002581,APT0002581,CLT00139,BIZ010,2026-01-18,Skin,LED Light Therapy,PRV0020,87.41,1,0.0,13.11,100.52,completed,cash
OL00002519,ORD0002581,APT0002581,CLT00139,BIZ010,2026-01-18,Nails,Manicure,PRV0020,35.67,1,0.0,5.35,41.02,completed,google_pay
OL00002520,ORD0002582,APT0002582,CLT00139,BIZ010,2026-03-08,Skin,LED Light Therapy,PRV0020,95.9,1,0.0,14.38,110.28,completed,gift_card
OL00002521,ORD0002583,APT0002583,CLT00140,BIZ005,2024-05-01,Skin,Deep Cleansing Facial,PRV0008,113.49,1,0.0,20.43,133.92,completed,credit_card
OL00002522,ORD0002584,APT0002584,CLT00140,BIZ005,2024-06-16,Skin,Deep Cleansing Facial,PRV0006,122.3,1,2.97,23.87,143.2,completed,credit_card
OL00002523,ORD0002585,APT0002585,CLT00140,BIZ005,2024-07-24,Skin,Chemical Peel,PRV0008,145.87,1,0.0,29.17,175.04,completed,google_pay
OL00002524,ORD0002586,APT0002586,CLT00140,BIZ005,2024-09-03,Massage,Swedish Massage 60min,PRV0014,124.02,1,0.0,31.0,155.02,completed,gift_card
OL00002525,ORD0002587,APT0002587,CLT00140,BIZ005,2024-10-12,Massage,Prenatal Massage,PRV0006,122.18,1,2.95,17.88,137.11,completed,credit_card
OL00002526,ORD0002589,APT0002589,CLT00140,BIZ005,2025-01-11,Skin,Chemical Peel,PRV0014,151.98,1,0.0,0.0,151.98,completed,google_pay
OL00002527,ORD0002590,APT0002590,CLT00140,BIZ005,2025-02-18,Skin,LED Light Therapy,PRV0018,93.39,1,0.0,0.0,93.39,completed,google_pay
OL00002528,ORD0002591,APT0002591,CLT00140,BIZ005,2025-04-07,Skin,Deep Cleansing Facial,PRV0016,116.23,1,0.0,17.43,133.66,completed,google_pay
OL00002529,ORD0002592,APT0002592,CLT00140,BIZ005,2025-05-23,Skin,Classic Facial,PRV0003,102.73,1,0.0,18.49,121.22,completed,gift_card
OL00002530,ORD0002593,APT0002593,CLT00140,BIZ005,2025-07-01,Skin,Deep Cleansing Facial,PRV0012,132.45,1,0.0,33.11,165.56,completed,credit_card
OL00002531,ORD0002594,APT0002594,CLT00140,BIZ005,2025-08-19,Massage,Prenatal Massage,PRV0019,117.11,1,0.0,23.42,140.53,completed,google_pay
OL00002532,ORD0002595,APT0002595,CLT00140,BIZ005,2025-09-28,Skin,Chemical Peel,PRV0003,150.32,1,4.89,26.18,171.61,completed,credit_card
OL00002533,ORD0002596,APT0002596,CLT00140,BIZ005,2025-11-17,Massage,Hot Stone Massage,PRV0012,137.65,1,11.25,25.28,151.68,completed,gift_card
OL00002534,ORD0002597,APT0002597,CLT00140,BIZ005,2025-12-28,Skin,Chemical Peel,PRV0007,134.48,1,0.0,26.9,161.38,completed,credit_card
OL00002535,ORD0002598,APT0002598,CLT00140,BIZ005,2026-02-09,Skin,LED Light Therapy,PRV0014,85.04,1,0.0,15.31,100.35,completed,apple_pay
OL00002536,ORD0002600,APT0002600,CLT00141,BIZ008,2024-04-15,Waxing,Full Leg Wax,PRV0012,80.15,1,0.0,16.03,96.18,completed,apple_pay
OL00002537,ORD0002603,APT0002603,CLT00141,BIZ008,2024-07-23,Waxing,Full Leg Wax,PRV0019,80.12,1,1.88,15.65,93.89,completed,credit_card
OL00002538,ORD0002604,APT0002604,CLT00141,BIZ008,2024-09-02,Waxing,Full Leg Wax,PRV0002,69.92,1,0.0,10.49,80.41,completed,gift_card
OL00002539,ORD0002605,APT0002605,CLT00141,BIZ008,2024-10-14,Waxing,Brow Wax & Shape,PRV0014,25.15,1,0.0,4.53,29.68,completed,gift_card
OL00002540,ORD0002606,APT0002606,CLT00141,BIZ008,2024-11-14,Waxing,Full Leg Wax,PRV0001,79.96,1,0.0,11.99,91.95,completed,gift_card
OL00002541,ORD0002607,APT0002607,CLT00141,BIZ008,2024-12-23,Waxing,Lip & Chin Wax,PRV0005,18.22,1,0.0,3.64,21.86,completed,credit_card
OL00002542,ORD0002609,APT0002609,CLT00141,BIZ008,2025-03-02,Waxing,Brazilian Wax,PRV0005,70.21,1,0.0,17.55,87.76,completed,gift_card
OL00002543,ORD0002610,APT0002610,CLT00141,BIZ008,2025-04-06,Waxing,Full Leg Wax,PRV0003,74.58,1,0.0,13.42,88.0,completed,cash
OL00002544,ORD0002611,APT0002611,CLT00141,BIZ008,2025-05-16,Waxing,Lip & Chin Wax,PRV0003,20.5,1,0.0,0.0,20.5,completed,debit_card
OL00002545,ORD0002612,APT0002612,CLT00141,BIZ008,2025-06-25,Waxing,Full Leg Wax,PRV0009,76.44,1,2.76,13.26,86.94,completed,apple_pay
OL00002546,ORD0002613,APT0002613,CLT00141,BIZ008,2025-07-31,Waxing,Lip & Chin Wax,PRV0008,18.57,1,0.0,3.34,21.91,completed,google_pay
OL00002547,ORD0002614,APT0002614,CLT00141,BIZ008,2025-09-10,Waxing,Brazilian Wax,PRV0016,66.79,1,0.0,13.36,80.15,completed,credit_card
OL00002548,ORD0002615,APT0002615,CLT00141,BIZ008,2025-10-15,Waxing,Full Leg Wax,PRV0009,78.77,1,0.0,14.18,92.95,completed,google_pay
OL00002549,ORD0002616,APT0002616,CLT00141,BIZ008,2025-11-23,Waxing,Brazilian Wax,PRV0014,58.64,1,0.0,10.56,69.2,completed,gift_card
OL00002550,ORD0002617,APT0002617,CLT00141,BIZ008,2026-01-03,Waxing,Brazilian Wax,PRV0002,64.33,1,0.0,11.58,75.91,completed,debit_card
OL00002551,ORD0002618,APT0002618,CLT00141,BIZ008,2026-02-06,Waxing,Brazilian Wax,PRV0017,69.51,1,0.0,12.51,82.02,completed,cash
OL00002552,ORD0002619,APT0002619,CLT00141,BIZ008,2026-03-08,Waxing,Full Leg Wax,PRV0015,80.23,1,2.22,15.6,93.61,completed,cash
OL00002553,ORD0002621,APT0002621,CLT00142,BIZ005,2024-06-24,Hair,Keratin Treatment,PRV0005,268.17,1,0.0,48.27,316.44,completed,gift_card
OL00002554,ORD0002621,APT0002621,CLT00142,BIZ005,2024-06-24,Nails,Nail Art Add-On,PRV0005,19.83,1,0.0,0.0,19.83,completed,credit_card
OL00002555,ORD0002622,APT0002622,CLT00142,BIZ005,2024-08-11,Hair,Haircut & Style,PRV0008,63.8,1,0.0,11.48,75.28,completed,gift_card
OL00002556,ORD0002622,APT0002622,CLT00142,BIZ005,2024-08-11,Nails,Manicure,PRV0008,34.87,1,0.0,5.23,40.1,completed,apple_pay
OL00002557,ORD0002623,APT0002623,CLT00142,BIZ005,2024-09-23,Hair,Balayage,PRV0009,242.62,1,0.0,48.52,291.14,completed,gift_card
OL00002558,ORD0002624,APT0002624,CLT00142,BIZ005,2024-11-07,Hair,Root Touch-Up,PRV0015,89.14,1,0.0,17.83,106.97,completed,cash
OL00002559,ORD0002624,APT0002624,CLT00142,BIZ005,2024-11-07,Nails,Dip Powder Nails,PRV0015,67.22,1,0.0,10.08,77.3,completed,apple_pay
OL00002560,ORD0002625,APT0002625,CLT00142,BIZ005,2024-12-26,Hair,Haircut & Style,PRV0002,66.81,1,0.0,10.02,76.83,completed,debit_card
OL00002561,ORD0002625,APT0002625,CLT00142,BIZ005,2024-12-26,Nails,Gel Manicure,PRV0002,52.11,1,0.0,10.42,62.53,completed,apple_pay
OL00002562,ORD0002626,APT0002626,CLT00142,BIZ005,2025-02-03,Hair,Keratin Treatment,PRV0016,248.98,1,0.0,49.8,298.78,completed,google_pay
OL00002563,ORD0002626,APT0002626,CLT00142,BIZ005,2025-02-03,Nails,Pedicure,PRV0016,54.2,1,0.0,10.84,65.04,completed,gift_card
OL00002564,ORD0002629,APT0002629,CLT00142,BIZ005,2025-06-09,Hair,Haircut & Style,PRV0019,59.36,1,5.17,0.0,54.19,completed,gift_card
OL00002565,ORD0002629,APT0002629,CLT00142,BIZ005,2025-06-09,Nails,Pedicure,PRV0019,55.81,1,0.0,11.16,66.97,completed,google_pay
OL00002566,ORD0002630,APT0002630,CLT00142,BIZ005,2025-07-29,Hair,Balayage,PRV0005,240.62,1,20.03,0.0,220.59,completed,gift_card
OL00002567,ORD0002630,APT0002630,CLT00142,BIZ005,2025-07-29,Nails,Nail Art Add-On,PRV0005,20.14,1,0.0,3.63,23.77,completed,apple_pay
OL00002568,ORD0002631,APT0002631,CLT00142,BIZ005,2025-09-06,Hair,Blowout,PRV0011,50.48,1,0.0,10.1,60.58,completed,cash
OL00002569,ORD0002632,APT0002632,CLT00142,BIZ005,2025-10-15,Hair,Keratin Treatment,PRV0018,266.04,1,0.0,53.21,319.25,completed,gift_card
OL00002570,ORD0002632,APT0002632,CLT00142,BIZ005,2025-10-15,Nails,Manicure,PRV0018,33.89,1,0.0,5.08,38.97,completed,debit_card
OL00002571,ORD0002633,APT0002633,CLT00142,BIZ005,2025-12-04,Hair,Color - Highlights,PRV0007,184.63,1,9.56,26.26,201.33,completed,google_pay
OL00002572,ORD0002633,APT0002633,CLT00142,BIZ005,2025-12-04,Nails,Dip Powder Nails,PRV0007,66.4,1,0.0,0.0,66.4,completed,cash
OL00002573,ORD0002634,APT0002634,CLT00142,BIZ005,2026-01-18,Hair,Root Touch-Up,PRV0012,82.46,1,0.0,14.84,97.3,completed,google_pay
OL00002574,ORD0002634,APT0002634,CLT00142,BIZ005,2026-01-18,Nails,Gel Manicure,PRV0012,50.33,1,0.0,9.06,59.39,completed,cash
OL00002575,ORD0002635,APT0002635,CLT00142,BIZ005,2026-03-01,Hair,Haircut & Style,PRV0014,64.78,1,0.0,11.66,76.44,completed,debit_card
OL00002576,ORD0002635,APT0002635,CLT00142,BIZ005,2026-03-01,Nails,Nail Art Add-On,PRV0014,19.87,1,0.0,3.97,23.84,completed,apple_pay
OL00002577,ORD0002636,APT0002636,CLT00143,BIZ005,2024-05-19,Waxing,Brazilian Wax,PRV0019,60.77,1,5.14,0.0,55.63,completed,debit_card
OL00002578,ORD0002637,APT0002637,CLT00143,BIZ005,2024-08-17,Hair,Color - Highlights,PRV0002,179.67,1,14.98,29.64,194.33,completed,debit_card
OL00002579,ORD0002638,APT0002638,CLT00143,BIZ005,2024-11-11,Waxing,Brazilian Wax,PRV0005,69.36,1,0.0,0.0,69.36,completed,google_pay
OL00002580,ORD0002639,APT0002639,CLT00143,BIZ005,2025-02-14,Hair,Color - Single Process,PRV0005,100.61,1,0.0,18.11,118.72,completed,gift_card
OL00002581,ORD0002640,APT0002640,CLT00143,BIZ005,2025-05-13,Hair,Color - Single Process,PRV0009,111.65,1,0.0,0.0,111.65,completed,debit_card
OL00002582,ORD0002641,APT0002641,CLT00143,BIZ005,2025-08-16,Hair,Haircut & Style,PRV0009,73.55,1,0.0,13.24,86.79,completed,apple_pay
OL00002583,ORD0002642,APT0002642,CLT00144,BIZ001,2024-05-21,Waxing,Brow Wax & Shape,PRV0004,23.93,1,0.0,4.79,28.72,completed,apple_pay
OL00002584,ORD0002643,APT0002643,CLT00144,BIZ001,2024-07-20,Waxing,Full Leg Wax,PRV0016,69.42,1,0.0,13.88,83.3,completed,gift_card
OL00002585,ORD0002644,APT0002644,CLT00144,BIZ001,2024-09-13,Waxing,Brazilian Wax,PRV0012,59.81,1,0.0,8.97,68.78,completed,credit_card
OL00002586,ORD0002645,APT0002645,CLT00144,BIZ001,2024-11-06,Waxing,Brow Wax & Shape,PRV0002,27.34,1,0.0,4.92,32.26,completed,cash
OL00002587,ORD0002646,APT0002646,CLT00144,BIZ001,2025-01-12,Skin,Deep Cleansing Facial,PRV0014,122.45,1,0.0,18.37,140.82,completed,debit_card
OL00002588,ORD0002647,APT0002647,CLT00144,BIZ001,2025-03-14,Skin,Chemical Peel,PRV0005,149.35,1,0.0,22.4,171.75,completed,gift_card
OL00002589,ORD0002648,APT0002648,CLT00144,BIZ001,2025-05-17,Waxing,Brow Wax & Shape,PRV0005,22.51,1,0.0,0.0,22.51,completed,apple_pay
OL00002590,ORD0002649,APT0002649,CLT00144,BIZ001,2025-07-16,Waxing,Brazilian Wax,PRV0011,72.71,1,6.56,11.91,78.06,completed,credit_card
OL00002591,ORD0002650,APT0002650,CLT00144,BIZ001,2025-09-20,Waxing,Brazilian Wax,PRV0003,65.86,1,5.33,15.13,75.66,completed,credit_card
OL00002592,ORD0002651,APT0002651,CLT00144,BIZ001,2025-11-17,Skin,LED Light Therapy,PRV0004,89.51,1,0.0,17.9,107.41,completed,apple_pay
OL00002593,ORD0002652,APT0002652,CLT00144,BIZ001,2026-01-18,Waxing,Brazilian Wax,PRV0012,68.88,1,0.0,0.0,68.88,completed,debit_card
OL00002594,ORD0002653,APT0002653,CLT00144,BIZ001,2026-03-23,Skin,LED Light Therapy,PRV0005,77.08,1,0.0,13.87,90.95,completed,debit_card
OL00002595,ORD0002654,APT0002654,CLT00145,BIZ010,2024-04-22,Massage,Swedish Massage 60min,PRV0012,111.66,1,0.0,20.1,131.76,completed,debit_card
OL00002596,ORD0002656,APT0002656,CLT00145,BIZ010,2024-06-19,Hair,Haircut & Style,PRV0008,59.27,1,0.0,10.67,69.94,completed,google_pay
OL00002597,ORD0002657,APT0002657,CLT00145,BIZ010,2024-07-29,Hair,Keratin Treatment,PRV0001,270.79,1,0.0,40.62,311.41,completed,credit_card
OL00002598,ORD0002658,APT0002658,CLT00145,BIZ010,2024-09-01,Hair,Keratin Treatment,PRV0014,267.52,1,0.0,40.13,307.65,completed,cash
OL00002599,ORD0002659,APT0002659,CLT00145,BIZ010,2024-10-08,Hair,Color - Highlights,PRV0002,181.22,1,0.0,32.62,213.84,completed,apple_pay
OL00002600,ORD0002660,APT0002660,CLT00145,BIZ010,2024-11-10,Hair,Haircut & Style,PRV0004,72.75,1,0.0,0.0,72.75,completed,apple_pay
OL00002601,ORD0002661,APT0002661,CLT00145,BIZ010,2024-12-19,Massage,Hot Stone Massage,PRV0009,141.46,1,0.0,25.46,166.92,completed,gift_card
OL00002602,ORD0002662,APT0002662,CLT00145,BIZ010,2025-01-26,Hair,Keratin Treatment,PRV0015,290.17,1,0.0,0.0,290.17,completed,google_pay
OL00002603,ORD0002663,APT0002663,CLT00145,BIZ010,2025-03-04,Hair,Blowout,PRV0017,52.81,1,0.0,9.51,62.32,completed,cash
OL00002604,ORD0002664,APT0002664,CLT00145,BIZ010,2025-04-04,Hair,Color - Single Process,PRV0019,123.17,1,9.12,17.11,131.16,completed,gift_card
OL00002605,ORD0002665,APT0002665,CLT00145,BIZ010,2025-05-04,Massage,Hot Stone Massage,PRV0009,126.1,1,7.92,17.73,135.91,completed,apple_pay
OL00002606,ORD0002666,APT0002666,CLT00145,BIZ010,2025-06-06,Massage,Prenatal Massage,PRV0019,119.81,1,0.0,23.96,143.77,completed,debit_card
OL00002607,ORD0002667,APT0002667,CLT00145,BIZ010,2025-07-08,Massage,Prenatal Massage,PRV0005,109.71,1,0.0,0.0,109.71,completed,credit_card
OL00002608,ORD0002669,APT0002669,CLT00145,BIZ010,2025-09-27,Hair,Color - Single Process,PRV0013,99.19,1,0.0,17.85,117.04,completed,credit_card
OL00002609,ORD0002670,APT0002670,CLT00145,BIZ010,2025-11-03,Hair,Blowout,PRV0007,47.53,1,0.0,0.0,47.53,completed,debit_card
OL00002610,ORD0002671,APT0002671,CLT00145,BIZ010,2025-12-09,Hair,Color - Highlights,PRV0014,159.51,1,0.0,28.71,188.22,completed,google_pay
OL00002611,ORD0002672,APT0002672,CLT00145,BIZ010,2026-01-07,Hair,Root Touch-Up,PRV0002,87.1,1,0.0,0.0,87.1,completed,apple_pay
OL00002612,ORD0002673,APT0002673,CLT00145,BIZ010,2026-02-16,Massage,Deep Tissue 60min,PRV0019,135.3,1,0.0,33.83,169.13,completed,apple_pay
OL00002613,ORD0002674,APT0002674,CLT00146,BIZ003,2024-05-24,Waxing,Lip & Chin Wax,PRV0016,22.16,1,0.0,3.32,25.48,completed,apple_pay
OL00002614,ORD0002675,APT0002675,CLT00146,BIZ003,2024-07-09,Waxing,Lip & Chin Wax,PRV0010,19.37,1,0.0,2.91,22.28,completed,debit_card
OL00002615,ORD0002676,APT0002676,CLT00146,BIZ003,2024-08-19,Skin,Chemical Peel,PRV0006,138.01,1,0.0,24.84,162.85,completed,credit_card
OL00002616,ORD0002677,APT0002677,CLT00146,BIZ003,2024-10-02,Skin,Deep Cleansing Facial,PRV0004,124.9,1,5.76,23.83,142.97,completed,debit_card
OL00002617,ORD0002678,APT0002678,CLT00146,BIZ003,2024-11-23,Skin,Classic Facial,PRV0012,96.27,1,0.0,0.0,96.27,completed,gift_card
OL00002618,ORD0002679,APT0002679,CLT00146,BIZ003,2025-01-13,Waxing,Brow Wax & Shape,PRV0001,24.47,1,0.0,4.89,29.36,completed,cash
OL00002619,ORD0002680,APT0002680,CLT00146,BIZ003,2025-03-05,Skin,Classic Facial,PRV0015,97.17,1,0.0,17.49,114.66,completed,google_pay
OL00002620,ORD0002681,APT0002681,CLT00146,BIZ003,2025-04-22,Waxing,Brazilian Wax,PRV0009,74.31,1,2.62,0.0,71.69,completed,gift_card
OL00002621,ORD0002682,APT0002682,CLT00146,BIZ003,2025-06-10,Waxing,Full Leg Wax,PRV0003,74.32,1,0.0,13.38,87.7,completed,cash
OL00002622,ORD0002683,APT0002683,CLT00146,BIZ003,2025-07-28,Waxing,Full Leg Wax,PRV0012,81.38,1,0.04,0.0,81.34,completed,gift_card
OL00002623,ORD0002684,APT0002684,CLT00146,BIZ003,2025-09-05,Waxing,Brow Wax & Shape,PRV0008,25.2,1,0.0,0.0,25.2,completed,google_pay
OL00002624,ORD0002685,APT0002685,CLT00146,BIZ003,2025-10-20,Waxing,Full Leg Wax,PRV0019,72.11,1,0.0,0.0,72.11,completed,debit_card
OL00002625,ORD0002687,APT0002687,CLT00146,BIZ003,2026-01-18,Skin,Classic Facial,PRV0012,97.42,1,0.0,17.54,114.96,completed,apple_pay
OL00002626,ORD0002688,APT0002688,CLT00146,BIZ003,2026-02-28,Waxing,Full Leg Wax,PRV0004,68.9,1,4.19,12.94,77.65,completed,apple_pay
OL00002627,ORD0002689,APT0002689,CLT00147,BIZ006,2024-05-10,Skin,Deep Cleansing Facial,PRV0008,132.24,1,0.0,26.45,158.69,completed,apple_pay
OL00002628,ORD0002690,APT0002690,CLT00147,BIZ006,2024-06-18,Hair,Balayage,PRV0011,247.72,1,0.0,44.59,292.31,completed,gift_card
OL00002629,ORD0002691,APT0002691,CLT00147,BIZ006,2024-07-23,Skin,Microdermabrasion,PRV0016,139.87,1,2.74,27.43,164.56,completed,gift_card
OL00002630,ORD0002692,APT0002692,CLT00147,BIZ006,2024-08-28,Hair,Color - Single Process,PRV0019,104.26,1,0.0,18.77,123.03,completed,cash
OL00002631,ORD0002693,APT0002693,CLT00147,BIZ006,2024-10-05,Skin,Classic Facial,PRV0020,101.64,1,0.0,15.25,116.89,completed,gift_card
OL00002632,ORD0002694,APT0002694,CLT00147,BIZ006,2024-11-05,Skin,Classic Facial,PRV0004,88.45,1,0.0,13.27,101.72,completed,credit_card
OL00002633,ORD0002695,APT0002695,CLT00147,BIZ006,2024-12-11,Skin,Chemical Peel,PRV0010,145.62,1,0.52,21.76,166.86,completed,google_pay
OL00002634,ORD0002696,APT0002696,CLT00147,BIZ006,2025-01-22,Hair,Color - Single Process,PRV0002,103.28,1,1.36,0.0,101.92,completed,debit_card
OL00002635,ORD0002698,APT0002698,CLT00147,BIZ006,2025-04-04,Hair,Haircut & Style,PRV0010,63.33,1,0.0,9.5,72.83,completed,google_pay
OL00002636,ORD0002700,APT0002700,CLT00147,BIZ006,2025-06-14,Hair,Haircut & Style,PRV0003,73.24,1,3.55,12.54,82.23,completed,debit_card
OL00002637,ORD0002701,APT0002701,CLT00147,BIZ006,2025-07-17,Skin,Chemical Peel,PRV0016,148.25,1,0.0,22.24,170.49,completed,google_pay
OL00002638,ORD0002702,APT0002702,CLT00147,BIZ006,2025-08-17,Skin,Microdermabrasion,PRV0011,135.12,1,6.33,0.0,128.79,completed,google_pay
OL00002639,ORD0002703,APT0002703,CLT00147,BIZ006,2025-09-22,Hair,Blowout,PRV0019,52.59,1,3.72,9.77,58.64,completed,credit_card
OL00002640,ORD0002704,APT0002704,CLT00147,BIZ006,2025-10-31,Hair,Haircut & Style,PRV0008,59.32,1,3.67,10.02,65.67,completed,cash
OL00002641,ORD0002706,APT0002706,CLT00148,BIZ009,2024-04-22,Massage,Deep Tissue 60min,PRV0011,133.37,1,3.84,0.0,129.53,completed,gift_card
OL00002642,ORD0002707,APT0002707,CLT00148,BIZ009,2024-06-13,Massage,Prenatal Massage,PRV0013,115.45,1,8.28,21.43,128.6,completed,debit_card
OL00002643,ORD0002708,APT0002708,CLT00148,BIZ009,2024-07-28,Hair,Color - Highlights,PRV0007,179.39,1,0.0,35.88,215.27,completed,cash
OL00002644,ORD0002709,APT0002709,CLT00148,BIZ009,2024-09-07,Massage,Hot Stone Massage,PRV0015,131.78,1,0.0,19.77,151.55,completed,gift_card
OL00002645,ORD0002710,APT0002710,CLT00148,BIZ009,2024-10-15,Massage,Hot Stone Massage,PRV0018,149.4,1,8.99,21.06,161.47,completed,cash
OL00002646,ORD0002712,APT0002712,CLT00148,BIZ009,2025-01-21,Hair,Keratin Treatment,PRV0011,275.17,1,0.0,0.0,275.17,completed,debit_card
OL00002647,ORD0002713,APT0002713,CLT00148,BIZ009,2025-03-13,Hair,Blowout,PRV0007,47.3,1,0.0,7.09,54.39,completed,gift_card
OL00002648,ORD0002714,APT0002714,CLT00148,BIZ009,2025-04-29,Hair,Root Touch-Up,PRV0010,92.12,1,0.0,16.58,108.7,completed,google_pay
OL00002649,ORD0002715,APT0002715,CLT00148,BIZ009,2025-06-08,Massage,Hot Stone Massage,PRV0004,139.86,1,0.0,20.98,160.84,completed,cash
OL00002650,ORD0002716,APT0002716,CLT00148,BIZ009,2025-07-29,Hair,Keratin Treatment,PRV0008,278.28,1,0.0,0.0,278.28,completed,google_pay
OL00002651,ORD0002718,APT0002718,CLT00149,BIZ005,2024-04-23,Skin,Classic Facial,PRV0008,89.19,1,0.0,0.0,89.19,completed,credit_card
OL00002652,ORD0002719,APT0002719,CLT00149,BIZ005,2024-05-13,Skin,Chemical Peel,PRV0006,153.63,1,11.0,25.67,168.3,completed,apple_pay
OL00002653,ORD0002720,APT0002720,CLT00149,BIZ005,2024-06-10,Hair,Color - Single Process,PRV0007,100.5,1,0.0,18.09,118.59,completed,debit_card
OL00002654,ORD0002721,APT0002721,CLT00149,BIZ005,2024-06-26,Hair,Root Touch-Up,PRV0002,87.25,1,0.0,13.09,100.34,completed,google_pay
OL00002655,ORD0002722,APT0002722,CLT00149,BIZ005,2024-07-14,Hair,Keratin Treatment,PRV0019,261.96,1,0.0,0.0,261.96,completed,gift_card
OL00002656,ORD0002724,APT0002724,CLT00149,BIZ005,2024-08-16,Hair,Root Touch-Up,PRV0005,86.02,1,0.0,15.48,101.5,completed,gift_card
OL00002657,ORD0002725,APT0002725,CLT00149,BIZ005,2024-08-30,Hair,Balayage,PRV0016,238.02,1,0.0,0.0,238.02,completed,gift_card
OL00002658,ORD0002726,APT0002726,CLT00149,BIZ005,2024-09-19,Skin,Chemical Peel,PRV0013,132.17,1,12.64,21.52,141.05,completed,gift_card
OL00002659,ORD0002727,APT0002727,CLT00149,BIZ005,2024-10-09,Hair,Haircut & Style,PRV0006,71.72,1,0.0,12.91,84.63,completed,cash
OL00002660,ORD0002728,APT0002728,CLT00149,BIZ005,2024-10-30,Hair,Keratin Treatment,PRV0001,294.26,1,0.0,52.97,347.23,completed,cash
OL00002661,ORD0002729,APT0002729,CLT00149,BIZ005,2024-11-16,Hair,Haircut & Style,PRV0003,69.34,1,0.0,13.87,83.21,completed,cash
OL00002662,ORD0002730,APT0002730,CLT00149,BIZ005,2024-12-02,Skin,Deep Cleansing Facial,PRV0004,125.38,1,5.88,21.51,141.01,completed,debit_card
OL00002663,ORD0002731,APT0002731,CLT00149,BIZ005,2024-12-26,Skin,Microdermabrasion,PRV0003,122.2,1,0.0,0.0,122.2,completed,debit_card
OL00002664,ORD0002732,APT0002732,CLT00149,BIZ005,2025-01-16,Skin,LED Light Therapy,PRV0008,78.61,1,0.58,0.0,78.03,completed,google_pay
OL00002665,ORD0002733,APT0002733,CLT00149,BIZ005,2025-02-02,Skin,Classic Facial,PRV0003,97.02,1,1.19,17.25,113.08,completed,google_pay
OL00002666,ORD0002735,APT0002735,CLT00149,BIZ005,2025-03-26,Hair,Blowout,PRV0001,53.63,1,0.0,9.65,63.28,completed,gift_card
OL00002667,ORD0002736,APT0002736,CLT00149,BIZ005,2025-04-14,Skin,Microdermabrasion,PRV0010,134.21,1,0.0,20.13,154.34,completed,cash
OL00002668,ORD0002737,APT0002737,CLT00149,BIZ005,2025-05-08,Hair,Haircut & Style,PRV0010,68.56,1,6.69,0.0,61.87,completed,gift_card
OL00002669,ORD0002738,APT0002738,CLT00149,BIZ005,2025-05-31,Hair,Haircut & Style,PRV0009,59.26,1,0.0,14.81,74.07,completed,gift_card
OL00002670,ORD0002739,APT0002739,CLT00149,BIZ005,2025-06-28,Skin,LED Light Therapy,PRV0006,80.06,1,0.0,14.41,94.47,completed,credit_card
OL00002671,ORD0002740,APT0002740,CLT00149,BIZ005,2025-07-19,Hair,Root Touch-Up,PRV0003,81.46,1,0.0,16.29,97.75,completed,debit_card
OL00002672,ORD0002741,APT0002741,CLT00149,BIZ005,2025-08-07,Hair,Blowout,PRV0003,46.4,1,0.0,8.35,54.75,completed,gift_card
OL00002673,ORD0002742,APT0002742,CLT00149,BIZ005,2025-08-26,Hair,Color - Single Process,PRV0013,117.69,1,8.91,16.32,125.1,completed,cash
OL00002674,ORD0002743,APT0002743,CLT00149,BIZ005,2025-09-13,Skin,Classic Facial,PRV0005,85.67,1,0.0,12.85,98.52,completed,cash
OL00002675,ORD0002744,APT0002744,CLT00149,BIZ005,2025-10-08,Hair,Root Touch-Up,PRV0001,80.14,1,0.0,12.02,92.16,completed,google_pay
OL00002676,ORD0002745,APT0002745,CLT00149,BIZ005,2025-10-23,Hair,Color - Single Process,PRV0007,115.73,1,0.0,0.0,115.73,completed,gift_card
OL00002677,ORD0002747,APT0002747,CLT00150,BIZ007,2024-04-24,Waxing,Brow Wax & Shape,PRV0013,26.62,1,0.0,3.99,30.61,completed,cash
OL00002678,ORD0002748,APT0002748,CLT00150,BIZ007,2024-05-31,Waxing,Brazilian Wax,PRV0006,61.21,1,0.0,15.3,76.51,completed,debit_card
OL00002679,ORD0002749,APT0002749,CLT00150,BIZ007,2024-07-05,Waxing,Full Leg Wax,PRV0005,74.27,1,1.17,14.62,87.72,completed,apple_pay
OL00002680,ORD0002750,APT0002750,CLT00150,BIZ007,2024-08-08,Waxing,Lip & Chin Wax,PRV0003,20.98,1,0.0,0.0,20.98,completed,credit_card
OL00002681,ORD0002752,APT0002752,CLT00150,BIZ007,2024-10-15,Massage,Swedish Massage 60min,PRV0019,124.09,1,0.0,31.02,155.11,completed,gift_card
OL00002682,ORD0002753,APT0002753,CLT00150,BIZ007,2024-11-19,Waxing,Full Leg Wax,PRV0015,67.97,1,0.0,12.23,80.2,completed,credit_card
OL00002683,ORD0002754,APT0002754,CLT00150,BIZ007,2024-12-29,Waxing,Brow Wax & Shape,PRV0011,25.62,1,0.0,4.61,30.23,completed,google_pay
OL00002684,ORD0002755,APT0002755,CLT00150,BIZ007,2025-01-29,Waxing,Brazilian Wax,PRV0016,67.73,1,0.0,10.16,77.89,completed,apple_pay
OL00002685,ORD0002756,APT0002756,CLT00150,BIZ007,2025-02-26,Massage,Swedish Massage 60min,PRV0005,117.3,1,0.0,17.59,134.89,completed,apple_pay
OL00002686,ORD0002757,APT0002757,CLT00150,BIZ007,2025-04-02,Waxing,Brazilian Wax,PRV0005,72.51,1,0.0,0.0,72.51,completed,apple_pay
OL00002687,ORD0002758,APT0002758,CLT00150,BIZ007,2025-05-07,Waxing,Brazilian Wax,PRV0017,61.34,1,0.0,0.0,61.34,completed,cash
OL00002688,ORD0002759,APT0002759,CLT00150,BIZ007,2025-06-18,Waxing,Full Leg Wax,PRV0006,68.06,1,0.0,10.21,78.27,completed,cash
OL00002689,ORD0002760,APT0002760,CLT00150,BIZ007,2025-07-22,Massage,Prenatal Massage,PRV0013,113.68,1,0.0,20.46,134.14,completed,debit_card
OL00002690,ORD0002761,APT0002761,CLT00150,BIZ007,2025-08-23,Waxing,Brazilian Wax,PRV0008,59.76,1,0.0,8.96,68.72,completed,google_pay
OL00002691,ORD0002762,APT0002762,CLT00151,BIZ002,2024-05-13,Nails,Manicure,PRV0009,32.52,1,0.0,0.0,32.52,completed,apple_pay
OL00002692,ORD0002763,APT0002763,CLT00151,BIZ002,2024-06-20,Skin,Deep Cleansing Facial,PRV0014,120.03,1,0.0,21.61,141.64,completed,google_pay
OL00002693,ORD0002764,APT0002764,CLT00151,BIZ002,2024-08-11,Nails,Pedicure,PRV0009,54.49,1,0.0,9.81,64.3,completed,gift_card
OL00002694,ORD0002765,APT0002765,CLT00151,BIZ002,2024-09-22,Skin,Deep Cleansing Facial,PRV0003,122.02,1,0.0,21.96,143.98,completed,apple_pay
OL00002695,ORD0002766,APT0002766,CLT00151,BIZ002,2024-11-12,Skin,Microdermabrasion,PRV0006,129.3,1,0.0,25.86,155.16,completed,credit_card
OL00002696,ORD0002767,APT0002767,CLT00151,BIZ002,2024-12-23,Nails,Nail Art Add-On,PRV0016,18.87,1,0.0,2.83,21.7,completed,debit_card
OL00002697,ORD0002768,APT0002768,CLT00151,BIZ002,2025-02-12,Skin,Deep Cleansing Facial,PRV0020,123.85,1,0.0,24.77,148.62,completed,cash
OL00002698,ORD0002769,APT0002769,CLT00151,BIZ002,2025-03-25,Nails,Gel Manicure,PRV0004,49.61,1,0.0,0.0,49.61,completed,cash
OL00002699,ORD0002770,APT0002770,CLT00151,BIZ002,2025-05-15,Nails,Gel Manicure,PRV0011,55.16,1,0.0,8.27,63.43,completed,gift_card
OL00002700,ORD0002772,APT0002772,CLT00151,BIZ002,2025-08-07,Skin,LED Light Therapy,PRV0010,92.33,1,0.0,16.62,108.95,completed,apple_pay
OL00002701,ORD0002773,APT0002773,CLT00151,BIZ002,2025-09-21,Skin,Classic Facial,PRV0004,94.47,1,0.0,17.0,111.47,completed,debit_card
OL00002702,ORD0002774,APT0002774,CLT00151,BIZ002,2025-10-31,Skin,Chemical Peel,PRV0017,152.17,1,0.0,0.0,152.17,completed,apple_pay
OL00002703,ORD0002777,APT0002777,CLT00151,BIZ002,2026-03-14,Nails,Dip Powder Nails,PRV0017,68.88,1,1.19,12.18,79.87,completed,credit_card
OL00002704,ORD0002778,APT0002778,CLT00152,BIZ002,2024-04-20,Nails,Nail Art Add-On,PRV0010,19.39,1,0.0,2.91,22.3,completed,credit_card
OL00002705,ORD0002779,APT0002779,CLT00152,BIZ002,2024-06-03,Nails,Pedicure,PRV0003,57.46,1,4.05,10.68,64.09,completed,gift_card
OL00002706,ORD0002780,APT0002780,CLT00152,BIZ002,2024-07-23,Nails,Dip Powder Nails,PRV0016,66.69,1,0.0,0.0,66.69,completed,apple_pay
OL00002707,ORD0002781,APT0002781,CLT00152,BIZ002,2024-09-05,Nails,Dip Powder Nails,PRV0013,65.56,1,0.0,11.8,77.36,completed,credit_card
OL00002708,ORD0002782,APT0002782,CLT00152,BIZ002,2024-10-22,Skin,Chemical Peel,PRV0011,158.48,1,0.0,23.77,182.25,completed,credit_card
OL00002709,ORD0002783,APT0002783,CLT00152,BIZ002,2024-12-06,Skin,Chemical Peel,PRV0017,158.32,1,0.0,28.5,186.82,completed,google_pay
OL00002710,ORD0002784,APT0002784,CLT00152,BIZ002,2025-01-26,Nails,Manicure,PRV0015,31.65,1,0.0,6.33,37.98,completed,debit_card
OL00002711,ORD0002786,APT0002786,CLT00152,BIZ002,2025-04-17,Nails,Manicure,PRV0012,34.07,1,0.0,8.52,42.59,completed,cash
OL00002712,ORD0002787,APT0002787,CLT00152,BIZ002,2025-05-27,Skin,Chemical Peel,PRV0008,158.52,1,0.0,31.7,190.22,completed,apple_pay
OL00002713,ORD0002788,APT0002788,CLT00152,BIZ002,2025-07-08,Skin,Microdermabrasion,PRV0015,132.79,1,0.0,23.9,156.69,completed,gift_card
OL00002714,ORD0002789,APT0002789,CLT00152,BIZ002,2025-08-23,Nails,Pedicure,PRV0014,60.41,1,0.0,0.0,60.41,completed,gift_card
OL00002715,ORD0002790,APT0002790,CLT00152,BIZ002,2025-10-09,Nails,Gel Manicure,PRV0020,52.03,1,0.0,13.01,65.04,completed,apple_pay
OL00002716,ORD0002791,APT0002791,CLT00152,BIZ002,2025-11-27,Skin,Deep Cleansing Facial,PRV0005,132.6,1,0.0,19.89,152.49,completed,credit_card
OL00002717,ORD0002793,APT0002793,CLT00152,BIZ002,2026-02-26,Skin,Microdermabrasion,PRV0018,119.25,1,0.0,21.46,140.71,completed,cash
OL00002718,ORD0002796,APT0002796,CLT00153,BIZ004,2024-07-22,Skin,Microdermabrasion,PRV0017,126.32,1,0.0,22.74,149.06,completed,google_pay
OL00002719,ORD0002799,APT0002799,CLT00153,BIZ004,2024-11-30,Skin,Classic Facial,PRV0006,86.25,1,0.0,12.94,99.19,completed,gift_card
OL00002720,ORD0002800,APT0002800,CLT00153,BIZ004,2025-01-08,Skin,Microdermabrasion,PRV0014,141.87,1,0.0,21.28,163.15,completed,apple_pay
OL00002721,ORD0002801,APT0002801,CLT00153,BIZ004,2025-02-21,Skin,Chemical Peel,PRV0020,159.71,1,0.0,23.96,183.67,completed,gift_card
OL00002722,ORD0002802,APT0002802,CLT00153,BIZ004,2025-04-04,Skin,Classic Facial,PRV0019,94.32,1,0.0,0.0,94.32,completed,cash
OL00002723,ORD0002803,APT0002803,CLT00153,BIZ004,2025-05-21,Skin,Deep Cleansing Facial,PRV0012,117.34,1,0.0,17.6,134.94,completed,gift_card
OL00002724,ORD0002805,APT0002805,CLT00153,BIZ004,2025-08-12,Skin,Microdermabrasion,PRV0010,132.52,1,12.36,24.03,144.19,completed,google_pay
OL00002725,ORD0002806,APT0002806,CLT00153,BIZ004,2025-09-22,Skin,LED Light Therapy,PRV0015,86.14,1,5.02,0.0,81.12,completed,cash
OL00002726,ORD0002807,APT0002807,CLT00153,BIZ004,2025-11-10,Skin,Microdermabrasion,PRV0008,133.49,1,0.0,24.03,157.52,completed,credit_card
OL00002727,ORD0002808,APT0002808,CLT00153,BIZ004,2025-12-24,Skin,Chemical Peel,PRV0019,165.07,1,0.0,29.71,194.78,completed,credit_card
OL00002728,ORD0002809,APT0002809,CLT00153,BIZ004,2026-02-07,Skin,Chemical Peel,PRV0011,154.31,1,0.0,23.15,177.46,completed,apple_pay
OL00002729,ORD0002810,APT0002810,CLT00153,BIZ004,2026-03-30,Skin,Deep Cleansing Facial,PRV0003,113.1,1,0.0,28.27,141.37,completed,gift_card
OL00002730,ORD0002811,APT0002811,CLT00154,BIZ003,2024-05-31,Hair,Blowout,PRV0016,53.59,1,0.0,0.0,53.59,completed,gift_card
OL00002731,ORD0002811,APT0002811,CLT00154,BIZ003,2024-05-31,Nails,Dip Powder Nails,PRV0016,67.85,1,0.0,10.18,78.03,completed,google_pay
OL00002732,ORD0002812,APT0002812,CLT00154,BIZ003,2024-08-27,Hair,Color - Single Process,PRV0017,100.58,1,0.0,18.1,118.68,completed,google_pay
OL00002733,ORD0002813,APT0002813,CLT00154,BIZ003,2024-11-26,Hair,Root Touch-Up,PRV0008,85.29,1,0.0,12.79,98.08,completed,gift_card
OL00002734,ORD0002814,APT0002814,CLT00154,BIZ003,2025-02-24,Hair,Root Touch-Up,PRV0016,94.41,1,0.0,14.16,108.57,completed,debit_card
OL00002735,ORD0002815,APT0002815,CLT00154,BIZ003,2025-05-24,Hair,Root Touch-Up,PRV0017,96.06,1,0.0,17.29,113.35,completed,google_pay
OL00002736,ORD0002816,APT0002816,CLT00154,BIZ003,2025-08-23,Hair,Keratin Treatment,PRV0004,272.58,1,0.0,40.89,313.47,completed,google_pay
OL00002737,ORD0002817,APT0002817,CLT00155,BIZ003,2024-06-12,Hair,Blowout,PRV0011,53.7,1,4.87,7.32,56.15,completed,cash
OL00002738,ORD0002818,APT0002818,CLT00155,BIZ003,2024-09-09,Hair,Blowout,PRV0003,46.86,1,0.0,7.03,53.89,completed,cash
OL00002739,ORD0002819,APT0002819,CLT00155,BIZ003,2024-12-04,Hair,Haircut & Style,PRV0010,72.14,1,0.0,10.82,82.96,completed,google_pay
OL00002740,ORD0002820,APT0002820,CLT00155,BIZ003,2025-03-06,Hair,Keratin Treatment,PRV0007,286.8,1,0.0,0.0,286.8,completed,debit_card
OL00002741,ORD0002822,APT0002822,CLT00155,BIZ003,2025-08-23,Hair,Blowout,PRV0016,50.07,1,0.0,10.01,60.08,completed,credit_card
OL00002742,ORD0002823,APT0002823,CLT00155,BIZ003,2025-11-28,Hair,Blowout,PRV0019,55.78,1,0.0,13.95,69.73,completed,gift_card
OL00002743,ORD0002824,APT0002824,CLT00155,BIZ003,2026-02-28,Hair,Root Touch-Up,PRV0001,93.25,1,0.11,0.0,93.14,completed,google_pay
OL00002744,ORD0002825,APT0002825,CLT00156,BIZ003,2024-05-25,Massage,Hot Stone Massage,PRV0002,155.93,1,3.17,22.91,175.67,completed,debit_card
OL00002745,ORD0002826,APT0002826,CLT00156,BIZ003,2024-07-28,Skin,LED Light Therapy,PRV0011,91.02,1,0.0,13.65,104.67,completed,google_pay
OL00002746,ORD0002827,APT0002827,CLT00156,BIZ003,2024-09-28,Massage,Swedish Massage 60min,PRV0008,99.09,1,0.0,19.82,118.91,completed,gift_card
OL00002747,ORD0002828,APT0002828,CLT00156,BIZ003,2024-11-26,Skin,LED Light Therapy,PRV0018,80.75,1,0.0,14.54,95.29,completed,credit_card
OL00002748,ORD0002829,APT0002829,CLT00156,BIZ003,2025-01-23,Massage,Swedish Massage 60min,PRV0016,99.83,1,0.0,17.97,117.8,completed,google_pay
OL00002749,ORD0002830,APT0002830,CLT00156,BIZ003,2025-03-24,Skin,Microdermabrasion,PRV0016,133.48,1,0.0,0.0,133.48,completed,apple_pay
OL00002750,ORD0002832,APT0002832,CLT00156,BIZ003,2025-07-20,Skin,Classic Facial,PRV0007,101.18,1,2.54,14.8,113.44,completed,gift_card
OL00002751,ORD0002833,APT0002833,CLT00156,BIZ003,2025-09-22,Skin,Chemical Peel,PRV0002,132.48,1,0.0,23.85,156.33,completed,credit_card
OL00002752,ORD0002834,APT0002834,CLT00156,BIZ003,2025-11-24,Skin,Classic Facial,PRV0005,105.67,1,0.0,21.13,126.8,completed,cash
OL00002753,ORD0002835,APT0002835,CLT00156,BIZ003,2026-01-19,Massage,Hot Stone Massage,PRV0017,157.48,1,0.0,31.5,188.98,completed,credit_card
OL00002754,ORD0002836,APT0002836,CLT00156,BIZ003,2026-03-20,Skin,Classic Facial,PRV0009,87.62,1,0.0,0.0,87.62,completed,apple_pay
OL00002755,ORD0002837,APT0002837,CLT00157,BIZ001,2024-04-13,Skin,Deep Cleansing Facial,PRV0007,130.21,1,0.0,23.44,153.65,completed,google_pay
OL00002756,ORD0002838,APT0002838,CLT00157,BIZ001,2024-05-21,Skin,Deep Cleansing Facial,PRV0011,131.31,1,0.0,26.26,157.57,completed,gift_card
OL00002757,ORD0002839,APT0002839,CLT00157,BIZ001,2024-06-23,Skin,Chemical Peel,PRV0005,150.96,1,0.0,27.17,178.13,completed,apple_pay
OL00002758,ORD0002840,APT0002840,CLT00157,BIZ001,2024-07-31,Skin,Microdermabrasion,PRV0003,137.71,1,5.27,23.84,156.28,completed,apple_pay
OL00002759,ORD0002841,APT0002841,CLT00157,BIZ001,2024-09-06,Hair,Haircut & Style,PRV0005,69.37,1,5.95,9.51,72.93,completed,gift_card
OL00002760,ORD0002842,APT0002842,CLT00157,BIZ001,2024-10-17,Skin,Classic Facial,PRV0013,95.68,1,0.0,0.0,95.68,completed,credit_card
OL00002761,ORD0002842,APT0002842,CLT00157,BIZ001,2024-10-17,Nails,Dip Powder Nails,PRV0013,63.2,1,0.0,11.38,74.58,completed,cash
OL00002762,ORD0002843,APT0002843,CLT00157,BIZ001,2024-11-15,Skin,Microdermabrasion,PRV0019,128.29,1,0.0,19.24,147.53,completed,apple_pay
OL00002763,ORD0002844,APT0002844,CLT00157,BIZ001,2024-12-19,Skin,LED Light Therapy,PRV0013,80.78,1,0.0,12.12,92.9,completed,gift_card
OL00002764,ORD0002845,APT0002845,CLT00157,BIZ001,2025-01-28,Hair,Color - Highlights,PRV0008,179.65,1,0.0,32.34,211.99,completed,cash
OL00002765,ORD0002845,APT0002845,CLT00157,BIZ001,2025-01-28,Nails,Pedicure,PRV0008,54.07,1,0.0,0.0,54.07,completed,debit_card
OL00002766,ORD0002846,APT0002846,CLT00157,BIZ001,2025-03-09,Skin,Microdermabrasion,PRV0016,146.07,1,0.0,26.29,172.36,completed,cash
OL00002767,ORD0002846,APT0002846,CLT00157,BIZ001,2025-03-09,Nails,Manicure,PRV0016,36.22,1,0.0,6.52,42.74,completed,google_pay
OL00002768,ORD0002847,APT0002847,CLT00157,BIZ001,2025-04-17,Skin,Chemical Peel,PRV0001,163.72,1,0.0,40.93,204.65,completed,credit_card
OL00002769,ORD0002848,APT0002848,CLT00157,BIZ001,2025-05-17,Hair,Color - Highlights,PRV0016,158.57,1,0.0,28.54,187.11,completed,cash
OL00002770,ORD0002849,APT0002849,CLT00157,BIZ001,2025-06-16,Skin,LED Light Therapy,PRV0019,87.08,1,0.0,0.0,87.08,completed,debit_card
OL00002771,ORD0002850,APT0002850,CLT00157,BIZ001,2025-07-28,Hair,Color - Highlights,PRV0012,152.77,1,0.0,27.5,180.27,completed,credit_card
OL00002772,ORD0002850,APT0002850,CLT00157,BIZ001,2025-07-28,Nails,Gel Manicure,PRV0012,50.51,1,0.0,0.0,50.51,completed,cash
OL00002773,ORD0002851,APT0002851,CLT00157,BIZ001,2025-09-02,Hair,Color - Single Process,PRV0019,116.09,1,0.0,20.9,136.99,completed,gift_card
OL00002774,ORD0002852,APT0002852,CLT00157,BIZ001,2025-10-02,Skin,Deep Cleansing Facial,PRV0013,109.09,1,0.0,21.82,130.91,completed,gift_card
OL00002775,ORD0002854,APT0002854,CLT00157,BIZ001,2025-12-15,Hair,Keratin Treatment,PRV0001,254.37,1,6.07,44.69,292.99,completed,cash
OL00002776,ORD0002856,APT0002856,CLT00157,BIZ001,2026-02-22,Skin,Chemical Peel,PRV0004,138.59,1,0.0,0.0,138.59,completed,google_pay
OL00002777,ORD0002857,APT0002857,CLT00158,BIZ006,2024-05-12,Nails,Manicure,PRV0011,33.86,1,0.0,6.09,39.95,completed,debit_card
OL00002778,ORD0002858,APT0002858,CLT00158,BIZ006,2024-06-22,Nails,Manicure,PRV0017,32.47,1,0.0,0.0,32.47,completed,cash
OL00002779,ORD0002859,APT0002859,CLT00158,BIZ006,2024-08-02,Waxing,Full Leg Wax,PRV0007,72.78,1,0.0,13.1,85.88,completed,apple_pay
OL00002780,ORD0002860,APT0002860,CLT00158,BIZ006,2024-09-11,Waxing,Brow Wax & Shape,PRV0012,24.72,1,0.0,6.18,30.9,completed,apple_pay
OL00002781,ORD0002861,APT0002861,CLT00158,BIZ006,2024-10-20,Nails,Gel Manicure,PRV0004,49.57,1,4.59,9.0,53.98,completed,apple_pay
OL00002782,ORD0002862,APT0002862,CLT00158,BIZ006,2024-11-19,Waxing,Lip & Chin Wax,PRV0003,20.3,1,0.0,3.04,23.34,completed,credit_card
OL00002783,ORD0002863,APT0002863,CLT00158,BIZ006,2024-12-26,Waxing,Brow Wax & Shape,PRV0020,23.76,1,0.0,5.94,29.7,completed,cash
OL00002784,ORD0002864,APT0002864,CLT00158,BIZ006,2025-01-24,Nails,Gel Manicure,PRV0011,56.91,1,5.25,7.75,59.41,completed,gift_card
OL00002785,ORD0002865,APT0002865,CLT00158,BIZ006,2025-02-28,Waxing,Lip & Chin Wax,PRV0008,21.12,1,0.0,0.0,21.12,completed,apple_pay
OL00002786,ORD0002866,APT0002866,CLT00158,BIZ006,2025-04-04,Waxing,Brow Wax & Shape,PRV0017,25.02,1,0.0,0.0,25.02,completed,gift_card
OL00002787,ORD0002867,APT0002867,CLT00158,BIZ006,2025-05-15,Nails,Pedicure,PRV0003,51.01,1,0.0,9.18,60.19,completed,debit_card
OL00002788,ORD0002868,APT0002868,CLT00158,BIZ006,2025-06-18,Waxing,Lip & Chin Wax,PRV0007,18.12,1,0.0,2.72,20.84,completed,apple_pay
OL00002789,ORD0002869,APT0002869,CLT00158,BIZ006,2025-07-23,Waxing,Lip & Chin Wax,PRV0019,22.59,1,0.0,0.0,22.59,completed,gift_card
OL00002790,ORD0002870,APT0002870,CLT00158,BIZ006,2025-09-02,Waxing,Brow Wax & Shape,PRV0005,27.21,1,2.56,6.16,30.81,completed,google_pay
OL00002791,ORD0002871,APT0002871,CLT00158,BIZ006,2025-10-07,Nails,Gel Manicure,PRV0009,49.6,1,2.67,0.0,46.93,completed,cash
OL00002792,ORD0002872,APT0002872,CLT00158,BIZ006,2025-11-09,Nails,Manicure,PRV0013,31.74,1,0.0,0.0,31.74,completed,debit_card
OL00002793,ORD0002874,APT0002874,CLT00159,BIZ008,2024-05-23,Hair,Balayage,PRV0017,207.49,1,0.0,41.5,248.99,completed,apple_pay
OL00002794,ORD0002875,APT0002875,CLT00159,BIZ008,2024-07-08,Hair,Color - Highlights,PRV0002,182.49,1,0.0,0.0,182.49,completed,credit_card
OL00002795,ORD0002876,APT0002876,CLT00159,BIZ008,2024-08-27,Hair,Root Touch-Up,PRV0013,96.32,1,0.0,14.45,110.77,completed,credit_card
OL00002796,ORD0002877,APT0002877,CLT00159,BIZ008,2024-10-17,Hair,Color - Single Process,PRV0002,111.9,1,0.0,27.98,139.88,completed,debit_card
OL00002797,ORD0002878,APT0002878,CLT00159,BIZ008,2024-11-30,Hair,Color - Single Process,PRV0020,113.18,1,0.0,22.64,135.82,completed,gift_card
OL00002798,ORD0002879,APT0002879,CLT00159,BIZ008,2025-01-08,Hair,Color - Highlights,PRV0009,183.91,1,0.0,27.59,211.5,completed,credit_card
OL00002799,ORD0002880,APT0002880,CLT00159,BIZ008,2025-02-22,Hair,Balayage,PRV0013,207.84,1,0.0,0.0,207.84,completed,apple_pay
OL00002800,ORD0002881,APT0002881,CLT00159,BIZ008,2025-04-06,Hair,Root Touch-Up,PRV0015,95.92,1,0.0,14.39,110.31,completed,debit_card
OL00002801,ORD0002882,APT0002882,CLT00159,BIZ008,2025-05-20,Hair,Haircut & Style,PRV0017,59.8,1,0.0,14.95,74.75,completed,google_pay
OL00002802,ORD0002883,APT0002883,CLT00159,BIZ008,2025-07-05,Hair,Balayage,PRV0010,230.51,1,0.0,34.58,265.09,completed,cash
OL00002803,ORD0002884,APT0002884,CLT00159,BIZ008,2025-08-24,Hair,Color - Single Process,PRV0005,106.63,1,0.0,15.99,122.62,completed,gift_card
OL00002804,ORD0002887,APT0002887,CLT00160,BIZ004,2024-06-11,Skin,Classic Facial,PRV0001,95.8,1,5.18,13.59,104.21,completed,debit_card
OL00002805,ORD0002888,APT0002888,CLT00160,BIZ004,2024-07-13,Waxing,Brow Wax & Shape,PRV0012,27.1,1,1.53,5.11,30.68,completed,cash
OL00002806,ORD0002889,APT0002889,CLT00160,BIZ004,2024-08-21,Waxing,Brazilian Wax,PRV0006,74.07,1,0.0,0.0,74.07,completed,gift_card
OL00002807,ORD0002890,APT0002890,CLT00160,BIZ004,2024-09-22,Waxing,Brow Wax & Shape,PRV0004,27.96,1,0.0,0.0,27.96,completed,debit_card
OL00002808,ORD0002891,APT0002891,CLT00160,BIZ004,2024-10-25,Skin,LED Light Therapy,PRV0002,92.15,1,0.0,0.0,92.15,completed,gift_card
OL00002809,ORD0002892,APT0002892,CLT00160,BIZ004,2024-11-25,Waxing,Full Leg Wax,PRV0006,68.36,1,0.0,12.3,80.66,completed,cash
OL00002810,ORD0002893,APT0002893,CLT00160,BIZ004,2025-01-01,Skin,Deep Cleansing Facial,PRV0010,130.76,1,0.0,32.69,163.45,completed,gift_card
OL00002811,ORD0002894,APT0002894,CLT00160,BIZ004,2025-02-06,Waxing,Lip & Chin Wax,PRV0005,21.79,1,0.0,0.0,21.79,completed,debit_card
OL00002812,ORD0002895,APT0002895,CLT00160,BIZ004,2025-03-18,Waxing,Lip & Chin Wax,PRV0008,20.95,1,0.67,0.0,20.28,completed,credit_card
OL00002813,ORD0002896,APT0002896,CLT00160,BIZ004,2025-04-18,Skin,LED Light Therapy,PRV0011,88.34,1,0.0,15.9,104.24,completed,debit_card
OL00002814,ORD0002897,APT0002897,CLT00160,BIZ004,2025-05-30,Waxing,Brow Wax & Shape,PRV0016,26.82,1,0.0,4.83,31.65,completed,google_pay
OL00002815,ORD0002898,APT0002898,CLT00160,BIZ004,2025-06-29,Waxing,Lip & Chin Wax,PRV0007,19.78,1,0.0,3.96,23.74,completed,gift_card
OL00002816,ORD0002899,APT0002899,CLT00160,BIZ004,2025-07-31,Skin,LED Light Therapy,PRV0016,93.09,1,0.0,13.96,107.05,completed,credit_card
OL00002817,ORD0002900,APT0002900,CLT00160,BIZ004,2025-09-07,Skin,Deep Cleansing Facial,PRV0016,111.11,1,1.17,0.0,109.94,completed,google_pay
OL00002818,ORD0002901,APT0002901,CLT00160,BIZ004,2025-10-19,Waxing,Full Leg Wax,PRV0001,71.55,1,0.0,10.73,82.28,completed,google_pay
OL00002819,ORD0002902,APT0002902,CLT00160,BIZ004,2025-11-18,Waxing,Full Leg Wax,PRV0015,69.98,1,0.0,10.5,80.48,completed,apple_pay
OL00002820,ORD0002903,APT0002903,CLT00160,BIZ004,2025-12-29,Waxing,Full Leg Wax,PRV0016,68.8,1,0.0,10.32,79.12,completed,gift_card
OL00002821,ORD0002904,APT0002904,CLT00160,BIZ004,2026-01-26,Waxing,Full Leg Wax,PRV0020,71.81,1,0.0,0.0,71.81,completed,cash
OL00002822,ORD0002905,APT0002905,CLT00160,BIZ004,2026-02-28,Skin,Deep Cleansing Facial,PRV0017,137.45,1,8.25,23.26,152.46,completed,google_pay
OL00002823,ORD0002906,APT0002906,CLT00161,BIZ004,2024-06-03,Hair,Root Touch-Up,PRV0016,90.78,1,0.0,18.16,108.94,completed,credit_card
OL00002824,ORD0002907,APT0002907,CLT00161,BIZ004,2024-08-07,Hair,Root Touch-Up,PRV0015,77.94,1,0.0,15.59,93.53,completed,google_pay
OL00002825,ORD0002908,APT0002908,CLT00161,BIZ004,2024-10-08,Hair,Keratin Treatment,PRV0004,293.1,1,0.0,43.97,337.07,completed,apple_pay
OL00002826,ORD0002909,APT0002909,CLT00161,BIZ004,2024-12-04,Hair,Color - Single Process,PRV0002,122.79,1,9.95,20.31,133.15,completed,google_pay
OL00002827,ORD0002910,APT0002910,CLT00161,BIZ004,2025-01-27,Hair,Blowout,PRV0016,55.06,1,0.0,9.91,64.97,completed,cash
OL00002828,ORD0002911,APT0002911,CLT00161,BIZ004,2025-03-22,Hair,Balayage,PRV0013,225.85,1,9.26,32.49,249.08,completed,credit_card
OL00002829,ORD0002912,APT0002912,CLT00161,BIZ004,2025-05-14,Massage,Swedish Massage 60min,PRV0015,124.87,1,0.0,24.97,149.84,completed,gift_card
OL00002830,ORD0002913,APT0002913,CLT00161,BIZ004,2025-07-19,Massage,Swedish Massage 60min,PRV0006,119.85,1,0.0,23.97,143.82,completed,cash
OL00002831,ORD0002914,APT0002914,CLT00161,BIZ004,2025-09-21,Hair,Balayage,PRV0020,199.42,1,0.0,0.0,199.42,completed,gift_card
OL00002832,ORD0002915,APT0002915,CLT00161,BIZ004,2025-11-17,Hair,Balayage,PRV0015,201.39,1,0.0,30.21,231.6,completed,google_pay
OL00002833,ORD0002916,APT0002916,CLT00161,BIZ004,2026-01-12,Massage,Swedish Massage 60min,PRV0001,121.59,1,0.0,21.89,143.48,completed,apple_pay
OL00002834,ORD0002917,APT0002917,CLT00161,BIZ004,2026-03-20,Hair,Keratin Treatment,PRV0001,251.56,1,0.0,0.0,251.56,completed,google_pay
OL00002835,ORD0002918,APT0002918,CLT00162,BIZ003,2024-04-29,Waxing,Lip & Chin Wax,PRV0017,18.88,1,0.0,3.4,22.28,completed,apple_pay
OL00002836,ORD0002919,APT0002919,CLT00162,BIZ003,2024-06-25,Nails,Pedicure,PRV0019,57.42,1,0.0,0.0,57.42,completed,apple_pay
OL00002837,ORD0002919,APT0002919,CLT00162,BIZ003,2024-06-25,Waxing,Lip & Chin Wax,PRV0019,20.38,1,0.0,4.08,24.46,completed,google_pay
OL00002838,ORD0002920,APT0002920,CLT00162,BIZ003,2024-08-23,Nails,Gel Manicure,PRV0018,56.93,1,0.0,0.0,56.93,completed,credit_card
OL00002839,ORD0002921,APT0002921,CLT00162,BIZ003,2024-10-26,Nails,Pedicure,PRV0019,60.45,1,0.0,10.88,71.33,completed,credit_card
OL00002840,ORD0002923,APT0002923,CLT00162,BIZ003,2025-02-10,Waxing,Brazilian Wax,PRV0004,73.13,1,0.0,10.97,84.1,completed,google_pay
OL00002841,ORD0002924,APT0002924,CLT00162,BIZ003,2025-04-17,Waxing,Lip & Chin Wax,PRV0015,22.96,1,0.0,4.13,27.09,completed,google_pay
OL00002842,ORD0002925,APT0002925,CLT00162,BIZ003,2025-06-21,Nails,Manicure,PRV0015,36.48,1,0.0,0.0,36.48,completed,apple_pay
OL00002843,ORD0002925,APT0002925,CLT00162,BIZ003,2025-06-21,Waxing,Brow Wax & Shape,PRV0015,24.97,1,0.0,4.99,29.96,completed,google_pay
OL00002844,ORD0002926,APT0002926,CLT00162,BIZ003,2025-08-16,Nails,Pedicure,PRV0005,53.79,1,0.0,8.07,61.86,completed,debit_card
OL00002845,ORD0002927,APT0002927,CLT00162,BIZ003,2025-10-10,Nails,Nail Art Add-On,PRV0011,18.27,1,0.0,3.65,21.92,completed,cash
OL00002846,ORD0002927,APT0002927,CLT00162,BIZ003,2025-10-10,Waxing,Brow Wax & Shape,PRV0011,25.46,1,0.0,5.09,30.55,completed,cash
OL00002847,ORD0002928,APT0002928,CLT00162,BIZ003,2025-12-02,Waxing,Lip & Chin Wax,PRV0006,22.55,1,0.0,0.0,22.55,completed,cash
OL00002848,ORD0002930,APT0002930,CLT00162,BIZ003,2026-03-29,Nails,Dip Powder Nails,PRV0008,63.01,1,0.0,11.34,74.35,completed,gift_card
OL00002849,ORD0002931,APT0002931,CLT00163,BIZ001,2024-05-07,Hair,Color - Highlights,PRV0011,157.75,1,5.97,30.36,182.14,completed,cash
OL00002850,ORD0002932,APT0002932,CLT00163,BIZ001,2024-06-21,Skin,Chemical Peel,PRV0004,134.82,1,0.0,33.7,168.52,completed,apple_pay
OL00002851,ORD0002933,APT0002933,CLT00163,BIZ001,2024-07-30,Skin,Classic Facial,PRV0002,94.96,1,0.0,18.99,113.95,completed,apple_pay
OL00002852,ORD0002933,APT0002933,CLT00163,BIZ001,2024-07-30,Nails,Pedicure,PRV0002,54.14,1,0.0,10.83,64.97,completed,gift_card
OL00002853,ORD0002934,APT0002934,CLT00163,BIZ001,2024-09-20,Hair,Color - Highlights,PRV0011,149.53,1,0.0,0.0,149.53,completed,gift_card
OL00002854,ORD0002934,APT0002934,CLT00163,BIZ001,2024-09-20,Nails,Gel Manicure,PRV0011,47.94,1,0.0,9.59,57.53,completed,gift_card
OL00002855,ORD0002935,APT0002935,CLT00163,BIZ001,2024-11-03,Skin,Classic Facial,PRV0019,90.67,1,0.0,0.0,90.67,completed,debit_card
OL00002856,ORD0002935,APT0002935,CLT00163,BIZ001,2024-11-03,Nails,Gel Manicure,PRV0019,51.54,1,0.0,9.28,60.82,completed,cash
OL00002857,ORD0002937,APT0002937,CLT00163,BIZ001,2025-02-06,Skin,Classic Facial,PRV0005,103.79,1,0.0,20.76,124.55,completed,debit_card
OL00002858,ORD0002939,APT0002939,CLT00163,BIZ001,2025-05-06,Hair,Color - Single Process,PRV0002,115.53,1,0.0,17.33,132.86,completed,google_pay
OL00002859,ORD0002940,APT0002940,CLT00163,BIZ001,2025-06-16,Skin,LED Light Therapy,PRV0013,78.84,1,0.0,14.19,93.03,completed,credit_card
OL00002860,ORD0002941,APT0002941,CLT00163,BIZ001,2025-07-29,Hair,Color - Highlights,PRV0011,150.22,1,0.24,22.5,172.48,completed,gift_card
OL00002861,ORD0002942,APT0002942,CLT00163,BIZ001,2025-09-08,Skin,Classic Facial,PRV0013,93.61,1,0.0,16.85,110.46,completed,gift_card
OL00002862,ORD0002943,APT0002943,CLT00163,BIZ001,2025-10-20,Hair,Balayage,PRV0004,236.59,1,0.0,35.49,272.08,completed,debit_card
OL00002863,ORD0002944,APT0002944,CLT00163,BIZ001,2025-12-06,Hair,Color - Single Process,PRV0014,102.97,1,7.27,17.23,112.93,completed,apple_pay
OL00002864,ORD0002945,APT0002945,CLT00164,BIZ007,2024-05-08,Skin,LED Light Therapy,PRV0006,76.6,1,0.0,0.0,76.6,completed,debit_card
OL00002865,ORD0002946,APT0002946,CLT00164,BIZ007,2024-06-27,Nails,Gel Manicure,PRV0004,49.88,1,0.0,9.98,59.86,completed,cash
OL00002866,ORD0002948,APT0002948,CLT00164,BIZ007,2024-10-02,Skin,Chemical Peel,PRV0017,135.73,1,0.0,27.15,162.88,completed,apple_pay
OL00002867,ORD0002949,APT0002949,CLT00164,BIZ007,2024-11-17,Nails,Pedicure,PRV0005,61.78,1,0.0,11.12,72.9,completed,google_pay
OL00002868,ORD0002951,APT0002951,CLT00164,BIZ007,2025-02-14,Skin,Chemical Peel,PRV0017,151.4,1,0.0,37.85,189.25,completed,cash
OL00002869,ORD0002952,APT0002952,CLT00164,BIZ007,2025-04-05,Nails,Gel Manicure,PRV0016,51.63,1,0.0,10.33,61.96,completed,credit_card
OL00002870,ORD0002953,APT0002953,CLT00164,BIZ007,2025-05-26,Nails,Manicure,PRV0006,37.31,1,0.0,7.46,44.77,completed,google_pay
OL00002871,ORD0002954,APT0002954,CLT00164,BIZ007,2025-07-10,Skin,Deep Cleansing Facial,PRV0006,118.21,1,0.0,0.0,118.21,completed,debit_card
OL00002872,ORD0002955,APT0002955,CLT00164,BIZ007,2025-08-17,Skin,Chemical Peel,PRV0006,162.91,1,14.02,26.8,175.69,completed,gift_card
OL00002873,ORD0002956,APT0002956,CLT00164,BIZ007,2025-09-26,Nails,Dip Powder Nails,PRV0013,63.15,1,0.0,12.63,75.78,completed,gift_card
OL00002874,ORD0002958,APT0002958,CLT00164,BIZ007,2025-12-29,Nails,Pedicure,PRV0014,61.28,1,0.0,12.26,73.54,completed,google_pay
OL00002875,ORD0002959,APT0002959,CLT00164,BIZ007,2026-02-08,Skin,Chemical Peel,PRV0004,154.49,1,0.02,23.17,177.64,completed,apple_pay
OL00002876,ORD0002960,APT0002960,CLT00164,BIZ007,2026-03-31,Nails,Dip Powder Nails,PRV0018,66.12,1,0.0,11.9,78.02,completed,apple_pay
OL00002877,ORD0002961,APT0002961,CLT00165,BIZ008,2024-04-20,Nails,Pedicure,PRV0006,50.87,1,0.0,9.16,60.03,completed,google_pay
OL00002878,ORD0002962,APT0002962,CLT00165,BIZ008,2024-05-14,Nails,Pedicure,PRV0018,56.95,1,0.0,8.54,65.49,completed,credit_card
OL00002879,ORD0002963,APT0002963,CLT00165,BIZ008,2024-06-04,Waxing,Lip & Chin Wax,PRV0012,21.96,1,0.0,4.39,26.35,completed,credit_card
OL00002880,ORD0002964,APT0002964,CLT00165,BIZ008,2024-06-23,Waxing,Full Leg Wax,PRV0005,70.32,1,0.0,10.55,80.87,completed,google_pay
OL00002881,ORD0002965,APT0002965,CLT00165,BIZ008,2024-07-11,Nails,Dip Powder Nails,PRV0014,68.98,1,0.0,13.8,82.78,completed,cash
OL00002882,ORD0002966,APT0002966,CLT00165,BIZ008,2024-08-01,Waxing,Full Leg Wax,PRV0019,79.1,1,0.0,14.24,93.34,completed,cash
OL00002883,ORD0002967,APT0002967,CLT00165,BIZ008,2024-08-22,Nails,Manicure,PRV0008,39.91,1,2.47,6.74,44.18,completed,google_pay
OL00002884,ORD0002968,APT0002968,CLT00165,BIZ008,2024-09-07,Waxing,Lip & Chin Wax,PRV0012,21.83,1,0.0,3.93,25.76,completed,google_pay
OL00002885,ORD0002969,APT0002969,CLT00165,BIZ008,2024-10-03,Waxing,Brow Wax & Shape,PRV0001,25.94,1,0.0,0.0,25.94,completed,credit_card
OL00002886,ORD0002970,APT0002970,CLT00165,BIZ008,2024-10-24,Nails,Gel Manicure,PRV0013,49.0,1,0.0,7.35,56.35,completed,apple_pay
OL00002887,ORD0002971,APT0002971,CLT00165,BIZ008,2024-11-14,Nails,Gel Manicure,PRV0015,52.91,1,0.0,13.23,66.14,completed,credit_card
OL00002888,ORD0002972,APT0002972,CLT00165,BIZ008,2024-12-05,Nails,Manicure,PRV0006,32.87,1,2.82,6.01,36.06,completed,apple_pay
OL00002889,ORD0002973,APT0002973,CLT00165,BIZ008,2024-12-31,Waxing,Lip & Chin Wax,PRV0017,22.27,1,0.0,3.34,25.61,completed,google_pay
OL00002890,ORD0002974,APT0002974,CLT00165,BIZ008,2025-01-28,Nails,Nail Art Add-On,PRV0007,19.03,1,0.0,2.85,21.88,completed,google_pay
OL00002891,ORD0002975,APT0002975,CLT00165,BIZ008,2025-02-16,Waxing,Brazilian Wax,PRV0007,73.18,1,0.0,0.0,73.18,completed,apple_pay
OL00002892,ORD0002977,APT0002977,CLT00165,BIZ008,2025-03-22,Waxing,Brow Wax & Shape,PRV0014,28.38,1,0.0,5.11,33.49,completed,google_pay
OL00002893,ORD0002978,APT0002978,CLT00165,BIZ008,2025-04-07,Waxing,Lip & Chin Wax,PRV0009,18.76,1,0.0,3.75,22.51,completed,credit_card
OL00002894,ORD0002979,APT0002979,CLT00165,BIZ008,2025-04-23,Waxing,Brow Wax & Shape,PRV0013,25.63,1,0.0,5.13,30.76,completed,gift_card
OL00002895,ORD0002980,APT0002980,CLT00165,BIZ008,2025-05-16,Nails,Pedicure,PRV0005,53.98,1,0.0,9.72,63.7,completed,google_pay
OL00002896,ORD0002981,APT0002981,CLT00165,BIZ008,2025-06-02,Waxing,Full Leg Wax,PRV0002,70.8,1,0.0,12.74,83.54,completed,apple_pay
OL00002897,ORD0002982,APT0002982,CLT00165,BIZ008,2025-06-25,Waxing,Lip & Chin Wax,PRV0013,19.3,1,0.0,3.86,23.16,completed,debit_card
OL00002898,ORD0002983,APT0002983,CLT00165,BIZ008,2025-07-12,Waxing,Full Leg Wax,PRV0011,80.59,1,0.0,14.51,95.1,completed,credit_card
OL00002899,ORD0002984,APT0002984,CLT00165,BIZ008,2025-07-31,Waxing,Brow Wax & Shape,PRV0007,22.89,1,0.0,3.43,26.32,completed,gift_card
OL00002900,ORD0002985,APT0002985,CLT00165,BIZ008,2025-08-16,Nails,Manicure,PRV0015,35.55,1,0.0,8.89,44.44,completed,gift_card
OL00002901,ORD0002986,APT0002986,CLT00165,BIZ008,2025-09-01,Nails,Gel Manicure,PRV0012,55.92,1,0.0,10.07,65.99,completed,gift_card
OL00002902,ORD0002987,APT0002987,CLT00165,BIZ008,2025-09-19,Nails,Nail Art Add-On,PRV0020,20.9,1,0.0,3.13,24.03,completed,google_pay
OL00002903,ORD0002988,APT0002988,CLT00165,BIZ008,2025-10-17,Nails,Gel Manicure,PRV0016,57.32,1,0.0,11.46,68.78,completed,google_pay
OL00002904,ORD0002989,APT0002989,CLT00165,BIZ008,2025-11-11,Nails,Gel Manicure,PRV0002,52.17,1,0.0,9.39,61.56,completed,credit_card
OL00002905,ORD0002990,APT0002990,CLT00165,BIZ008,2025-12-09,Nails,Pedicure,PRV0014,51.65,1,0.0,10.33,61.98,completed,cash
OL00002906,ORD0002991,APT0002991,CLT00165,BIZ008,2026-01-05,Waxing,Brow Wax & Shape,PRV0017,23.58,1,0.0,3.54,27.12,completed,gift_card
OL00002907,ORD0002992,APT0002992,CLT00165,BIZ008,2026-01-22,Waxing,Lip & Chin Wax,PRV0018,18.78,1,0.0,2.82,21.6,completed,debit_card
OL00002908,ORD0002993,APT0002993,CLT00165,BIZ008,2026-02-08,Waxing,Lip & Chin Wax,PRV0001,21.84,1,0.0,4.37,26.21,completed,debit_card
OL00002909,ORD0002994,APT0002994,CLT00165,BIZ008,2026-03-04,Nails,Pedicure,PRV0004,59.49,1,4.78,9.85,64.56,completed,google_pay
OL00002910,ORD0002995,APT0002995,CLT00166,BIZ005,2024-04-19,Nails,Nail Art Add-On,PRV0001,20.71,1,0.0,3.11,23.82,completed,credit_card
OL00002911,ORD0002996,APT0002996,CLT00166,BIZ005,2024-05-03,Nails,Manicure,PRV0020,38.53,1,0.0,6.94,45.47,completed,credit_card
OL00002912,ORD0002997,APT0002997,CLT00166,BIZ005,2024-05-27,Nails,Dip Powder Nails,PRV0013,71.99,1,0.0,10.8,82.79,completed,apple_pay
OL00002913,ORD0002998,APT0002998,CLT00166,BIZ005,2024-06-21,Nails,Pedicure,PRV0019,62.89,1,3.02,11.97,71.84,completed,debit_card
OL00002914,ORD0002999,APT0002999,CLT00166,BIZ005,2024-07-10,Nails,Dip Powder Nails,PRV0012,61.45,1,0.0,9.22,70.67,completed,gift_card
OL00002915,ORD0003000,APT0003000,CLT00166,BIZ005,2024-08-01,Waxing,Full Leg Wax,PRV0004,72.93,1,0.0,13.13,86.06,completed,apple_pay
OL00002916,ORD0003001,APT0003001,CLT00166,BIZ005,2024-08-16,Waxing,Full Leg Wax,PRV0006,68.93,1,0.0,12.41,81.34,completed,google_pay
OL00002917,ORD0003002,APT0003002,CLT00166,BIZ005,2024-09-13,Nails,Dip Powder Nails,PRV0020,60.01,1,0.0,10.8,70.81,completed,gift_card
OL00002918,ORD0003003,APT0003003,CLT00166,BIZ005,2024-09-27,Nails,Dip Powder Nails,PRV0017,71.6,1,0.0,12.89,84.49,completed,gift_card
OL00002919,ORD0003004,APT0003004,CLT00166,BIZ005,2024-10-23,Waxing,Brazilian Wax,PRV0009,74.07,1,0.0,14.81,88.88,completed,credit_card
OL00002920,ORD0003005,APT0003005,CLT00166,BIZ005,2024-11-07,Waxing,Full Leg Wax,PRV0009,76.44,1,0.0,11.47,87.91,completed,debit_card
OL00002921,ORD0003006,APT0003006,CLT00166,BIZ005,2024-11-24,Nails,Pedicure,PRV0012,61.91,1,5.31,10.19,66.79,completed,cash
OL00002922,ORD0003007,APT0003007,CLT00166,BIZ005,2024-12-16,Waxing,Brazilian Wax,PRV0005,71.73,1,5.59,13.23,79.37,completed,apple_pay
OL00002923,ORD0003008,APT0003008,CLT00166,BIZ005,2025-01-13,Nails,Gel Manicure,PRV0013,51.88,1,0.0,7.78,59.66,completed,cash
OL00002924,ORD0003009,APT0003009,CLT00166,BIZ005,2025-01-29,Nails,Nail Art Add-On,PRV0014,22.3,1,0.0,4.01,26.31,completed,debit_card
OL00002925,ORD0003010,APT0003010,CLT00166,BIZ005,2025-02-22,Nails,Nail Art Add-On,PRV0011,19.01,1,0.0,0.0,19.01,completed,gift_card
OL00002926,ORD0003011,APT0003011,CLT00166,BIZ005,2025-03-15,Waxing,Lip & Chin Wax,PRV0019,22.99,1,0.43,4.06,26.62,completed,cash
OL00002927,ORD0003012,APT0003012,CLT00166,BIZ005,2025-03-29,Waxing,Brow Wax & Shape,PRV0017,23.41,1,0.0,4.21,27.62,completed,debit_card
OL00002928,ORD0003013,APT0003013,CLT00166,BIZ005,2025-04-17,Waxing,Lip & Chin Wax,PRV0008,21.21,1,0.0,3.18,24.39,completed,google_pay
OL00002929,ORD0003015,APT0003015,CLT00166,BIZ005,2025-05-30,Nails,Gel Manicure,PRV0005,50.0,1,0.0,10.0,60.0,completed,gift_card
OL00002930,ORD0003017,APT0003017,CLT00166,BIZ005,2025-07-07,Nails,Dip Powder Nails,PRV0001,68.59,1,0.0,12.35,80.94,completed,google_pay
OL00002931,ORD0003019,APT0003019,CLT00166,BIZ005,2025-08-15,Waxing,Brow Wax & Shape,PRV0002,26.7,1,0.0,4.81,31.51,completed,gift_card
OL00002932,ORD0003020,APT0003020,CLT00166,BIZ005,2025-09-09,Waxing,Full Leg Wax,PRV0013,79.1,1,0.0,11.86,90.96,completed,debit_card
OL00002933,ORD0003021,APT0003021,CLT00166,BIZ005,2025-10-06,Waxing,Brow Wax & Shape,PRV0003,27.83,1,0.0,4.17,32.0,completed,debit_card
OL00002934,ORD0003022,APT0003022,CLT00166,BIZ005,2025-10-24,Nails,Pedicure,PRV0018,60.24,1,0.0,0.0,60.24,completed,cash
OL00002935,ORD0003023,APT0003023,CLT00166,BIZ005,2025-11-17,Waxing,Full Leg Wax,PRV0004,85.85,1,0.0,0.0,85.85,completed,credit_card
OL00002936,ORD0003024,APT0003024,CLT00166,BIZ005,2025-12-09,Nails,Dip Powder Nails,PRV0019,71.97,1,0.0,12.95,84.92,completed,credit_card
OL00002937,ORD0003025,APT0003025,CLT00166,BIZ005,2025-12-29,Waxing,Brazilian Wax,PRV0014,61.13,1,0.0,9.17,70.3,completed,gift_card
OL00002938,ORD0003026,APT0003026,CLT00166,BIZ005,2026-01-14,Waxing,Brow Wax & Shape,PRV0019,25.31,1,0.0,5.06,30.37,completed,apple_pay
OL00002939,ORD0003027,APT0003027,CLT00166,BIZ005,2026-02-04,Waxing,Brow Wax & Shape,PRV0005,28.61,1,0.0,0.0,28.61,completed,gift_card
OL00002940,ORD0003028,APT0003028,CLT00166,BIZ005,2026-02-22,Nails,Manicure,PRV0005,34.5,1,0.0,6.9,41.4,completed,google_pay
OL00002941,ORD0003029,APT0003029,CLT00167,BIZ002,2024-04-27,Waxing,Lip & Chin Wax,PRV0009,21.32,1,0.0,0.0,21.32,completed,apple_pay
OL00002942,ORD0003029,APT0003029,CLT00167,BIZ002,2024-04-27,Nails,Gel Manicure,PRV0009,47.67,1,0.0,7.15,54.82,completed,debit_card
OL00002943,ORD0003030,APT0003030,CLT00167,BIZ002,2024-05-16,Waxing,Brow Wax & Shape,PRV0013,26.29,1,0.0,3.94,30.23,completed,google_pay
OL00002944,ORD0003031,APT0003031,CLT00167,BIZ002,2024-05-31,Nails,Pedicure,PRV0013,56.2,1,0.0,8.43,64.63,completed,apple_pay
OL00002945,ORD0003033,APT0003033,CLT00167,BIZ002,2024-07-12,Waxing,Lip & Chin Wax,PRV0002,19.3,1,0.0,3.86,23.16,completed,gift_card
OL00002946,ORD0003034,APT0003034,CLT00167,BIZ002,2024-08-05,Waxing,Lip & Chin Wax,PRV0010,21.44,1,0.0,3.86,25.3,completed,credit_card
OL00002947,ORD0003036,APT0003036,CLT00167,BIZ002,2024-09-20,Nails,Pedicure,PRV0013,50.99,1,0.49,0.0,50.5,completed,google_pay
OL00002948,ORD0003036,APT0003036,CLT00167,BIZ002,2024-09-20,Waxing,Brazilian Wax,PRV0013,67.78,1,0.0,13.56,81.34,completed,debit_card
OL00002949,ORD0003037,APT0003037,CLT00167,BIZ002,2024-10-05,Waxing,Lip & Chin Wax,PRV0014,18.64,1,0.0,3.36,22.0,completed,google_pay
OL00002950,ORD0003037,APT0003037,CLT00167,BIZ002,2024-10-05,Nails,Pedicure,PRV0014,56.58,1,0.0,10.18,66.76,completed,google_pay
OL00002951,ORD0003038,APT0003038,CLT00167,BIZ002,2024-10-29,Waxing,Lip & Chin Wax,PRV0004,22.52,1,0.0,0.0,22.52,completed,apple_pay
OL00002952,ORD0003040,APT0003040,CLT00167,BIZ002,2024-12-04,Nails,Dip Powder Nails,PRV0012,65.49,1,0.0,9.82,75.31,completed,gift_card
OL00002953,ORD0003041,APT0003041,CLT00167,BIZ002,2024-12-24,Nails,Nail Art Add-On,PRV0012,18.43,1,0.0,3.32,21.75,completed,credit_card
OL00002954,ORD0003042,APT0003042,CLT00167,BIZ002,2025-01-13,Waxing,Brow Wax & Shape,PRV0001,23.68,1,0.0,0.0,23.68,completed,debit_card
OL00002955,ORD0003043,APT0003043,CLT00167,BIZ002,2025-01-28,Waxing,Full Leg Wax,PRV0001,72.77,1,0.0,10.92,83.69,completed,apple_pay
OL00002956,ORD0003044,APT0003044,CLT00167,BIZ002,2025-02-14,Waxing,Brow Wax & Shape,PRV0012,24.27,1,0.0,3.64,27.91,completed,credit_card
OL00002957,ORD0003045,APT0003045,CLT00167,BIZ002,2025-03-09,Nails,Dip Powder Nails,PRV0004,64.1,1,0.0,11.54,75.64,completed,apple_pay
OL00002958,ORD0003045,APT0003045,CLT00167,BIZ002,2025-03-09,Waxing,Full Leg Wax,PRV0004,77.78,1,0.0,14.0,91.78,completed,debit_card
OL00002959,ORD0003047,APT0003047,CLT00167,BIZ002,2025-04-22,Nails,Manicure,PRV0007,34.18,1,0.0,0.0,34.18,completed,cash
OL00002960,ORD0003047,APT0003047,CLT00167,BIZ002,2025-04-22,Waxing,Brow Wax & Shape,PRV0007,25.58,1,0.0,3.84,29.42,completed,debit_card
OL00002961,ORD0003048,APT0003048,CLT00167,BIZ002,2025-05-20,Waxing,Lip & Chin Wax,PRV0005,20.24,1,0.0,3.04,23.28,completed,google_pay
OL00002962,ORD0003049,APT0003049,CLT00167,BIZ002,2025-06-14,Waxing,Brow Wax & Shape,PRV0015,26.15,1,1.5,3.7,28.35,completed,cash
OL00002963,ORD0003049,APT0003049,CLT00167,BIZ002,2025-06-14,Nails,Manicure,PRV0015,33.95,1,0.0,6.79,40.74,completed,apple_pay
OL00002964,ORD0003050,APT0003050,CLT00167,BIZ002,2025-07-05,Waxing,Full Leg Wax,PRV0017,80.8,1,0.0,16.16,96.96,completed,gift_card
OL00002965,ORD0003050,APT0003050,CLT00167,BIZ002,2025-07-05,Nails,Dip Powder Nails,PRV0017,65.97,1,0.0,13.19,79.16,completed,gift_card
OL00002966,ORD0003052,APT0003052,CLT00167,BIZ002,2025-08-14,Nails,Gel Manicure,PRV0007,46.27,1,0.0,11.57,57.84,completed,gift_card
OL00002967,ORD0003052,APT0003052,CLT00167,BIZ002,2025-08-14,Waxing,Brow Wax & Shape,PRV0007,24.01,1,0.0,4.8,28.81,completed,apple_pay
OL00002968,ORD0003053,APT0003053,CLT00167,BIZ002,2025-09-02,Nails,Pedicure,PRV0020,56.39,1,0.0,10.15,66.54,completed,cash
OL00002969,ORD0003055,APT0003055,CLT00167,BIZ002,2025-10-05,Waxing,Lip & Chin Wax,PRV0001,21.87,1,0.92,0.0,20.95,completed,gift_card
OL00002970,ORD0003055,APT0003055,CLT00167,BIZ002,2025-10-05,Nails,Manicure,PRV0001,34.26,1,0.0,0.0,34.26,completed,debit_card
OL00002971,ORD0003056,APT0003056,CLT00167,BIZ002,2025-10-31,Waxing,Full Leg Wax,PRV0005,69.46,1,0.0,17.36,86.82,completed,debit_card
OL00002972,ORD0003057,APT0003057,CLT00167,BIZ002,2025-11-14,Waxing,Brow Wax & Shape,PRV0014,22.91,1,0.0,0.0,22.91,completed,apple_pay
OL00002973,ORD0003058,APT0003058,CLT00167,BIZ002,2025-11-29,Waxing,Brow Wax & Shape,PRV0002,28.74,1,0.0,4.31,33.05,completed,google_pay
OL00002974,ORD0003060,APT0003060,CLT00167,BIZ002,2026-01-02,Nails,Manicure,PRV0007,36.1,1,0.0,0.0,36.1,completed,apple_pay
OL00002975,ORD0003061,APT0003061,CLT00167,BIZ002,2026-01-16,Nails,Pedicure,PRV0002,61.13,1,0.0,9.17,70.3,completed,google_pay
OL00002976,ORD0003062,APT0003062,CLT00167,BIZ002,2026-02-07,Waxing,Brow Wax & Shape,PRV0010,27.66,1,0.0,4.15,31.81,completed,cash
OL00002977,ORD0003063,APT0003063,CLT00167,BIZ002,2026-02-21,Nails,Manicure,PRV0011,32.84,1,0.0,4.93,37.77,completed,debit_card
OL00002978,ORD0003064,APT0003064,CLT00167,BIZ002,2026-03-09,Nails,Gel Manicure,PRV0018,51.12,1,0.0,7.67,58.79,completed,gift_card
OL00002979,ORD0003064,APT0003064,CLT00167,BIZ002,2026-03-09,Waxing,Lip & Chin Wax,PRV0018,20.57,1,0.0,3.7,24.27,completed,cash
OL00002980,ORD0003065,APT0003065,CLT00167,BIZ002,2026-04-02,Waxing,Lip & Chin Wax,PRV0009,19.08,1,0.0,3.43,22.51,completed,cash
OL00002981,ORD0003065,APT0003065,CLT00167,BIZ002,2026-04-02,Nails,Gel Manicure,PRV0009,49.3,1,0.0,8.87,58.17,completed,gift_card
OL00002982,ORD0003066,APT0003066,CLT00168,BIZ003,2024-05-05,Skin,Classic Facial,PRV0015,87.76,1,0.0,17.55,105.31,completed,apple_pay
OL00002983,ORD0003067,APT0003067,CLT00168,BIZ003,2024-06-19,Hair,Color - Highlights,PRV0019,159.42,1,1.33,23.71,181.8,completed,credit_card
OL00002984,ORD0003068,APT0003068,CLT00168,BIZ003,2024-08-07,Hair,Color - Single Process,PRV0006,100.5,1,0.0,0.0,100.5,completed,google_pay
OL00002985,ORD0003069,APT0003069,CLT00168,BIZ003,2024-09-27,Skin,Deep Cleansing Facial,PRV0004,110.83,1,6.09,0.0,104.74,completed,credit_card
OL00002986,ORD0003070,APT0003070,CLT00168,BIZ003,2024-11-04,Hair,Haircut & Style,PRV0011,73.47,1,0.0,11.02,84.49,completed,credit_card
OL00002987,ORD0003071,APT0003071,CLT00168,BIZ003,2024-12-12,Skin,Classic Facial,PRV0011,103.82,1,0.0,15.57,119.39,completed,apple_pay
OL00002988,ORD0003072,APT0003072,CLT00168,BIZ003,2025-01-24,Hair,Root Touch-Up,PRV0003,93.5,1,0.0,0.0,93.5,completed,credit_card
OL00002989,ORD0003073,APT0003073,CLT00168,BIZ003,2025-03-10,Hair,Balayage,PRV0016,200.99,1,0.0,36.18,237.17,completed,credit_card
OL00002990,ORD0003074,APT0003074,CLT00168,BIZ003,2025-04-25,Hair,Color - Highlights,PRV0015,160.36,1,0.0,28.86,189.22,completed,apple_pay
OL00002991,ORD0003075,APT0003075,CLT00168,BIZ003,2025-06-05,Skin,Classic Facial,PRV0020,105.62,1,0.0,21.12,126.74,completed,apple_pay
OL00002992,ORD0003076,APT0003076,CLT00168,BIZ003,2025-07-21,Hair,Blowout,PRV0013,55.77,1,5.41,7.55,57.91,completed,credit_card
OL00002993,ORD0003077,APT0003077,CLT00168,BIZ003,2025-09-02,Hair,Haircut & Style,PRV0010,63.57,1,0.0,9.54,73.11,completed,google_pay
OL00002994,ORD0003079,APT0003079,CLT00168,BIZ003,2025-12-14,Hair,Balayage,PRV0002,217.35,1,0.0,0.0,217.35,completed,apple_pay
OL00002995,ORD0003080,APT0003080,CLT00168,BIZ003,2026-01-25,Hair,Haircut & Style,PRV0003,58.97,1,3.83,0.0,55.14,completed,credit_card
OL00002996,ORD0003081,APT0003081,CLT00168,BIZ003,2026-03-04,Hair,Blowout,PRV0015,45.37,1,0.0,6.81,52.18,completed,cash
OL00002997,ORD0003082,APT0003082,CLT00169,BIZ005,2024-04-13,Skin,Classic Facial,PRV0006,108.31,1,0.0,21.66,129.97,completed,credit_card
OL00002998,ORD0003083,APT0003083,CLT00169,BIZ005,2024-05-10,Skin,Microdermabrasion,PRV0005,146.56,1,0.0,0.0,146.56,completed,credit_card
OL00002999,ORD0003084,APT0003084,CLT00169,BIZ005,2024-06-01,Skin,Chemical Peel,PRV0017,145.01,1,0.0,29.0,174.01,completed,cash
OL00003000,ORD0003085,APT0003085,CLT00169,BIZ005,2024-06-22,Skin,Classic Facial,PRV0009,94.78,1,8.01,15.62,102.39,completed,google_pay
OL00003001,ORD0003086,APT0003086,CLT00169,BIZ005,2024-07-19,Skin,Chemical Peel,PRV0009,159.23,1,0.54,23.8,182.49,completed,apple_pay
OL00003002,ORD0003087,APT0003087,CLT00169,BIZ005,2024-08-16,Nails,Manicure,PRV0010,38.0,1,0.0,6.84,44.84,completed,gift_card
OL00003003,ORD0003088,APT0003088,CLT00169,BIZ005,2024-09-10,Nails,Dip Powder Nails,PRV0018,67.87,1,0.0,10.18,78.05,completed,gift_card
OL00003004,ORD0003089,APT0003089,CLT00169,BIZ005,2024-09-24,Skin,Classic Facial,PRV0001,88.03,1,0.0,15.85,103.88,completed,apple_pay
OL00003005,ORD0003090,APT0003090,CLT00169,BIZ005,2024-10-19,Skin,Microdermabrasion,PRV0008,149.04,1,0.0,29.81,178.85,completed,google_pay
OL00003006,ORD0003091,APT0003091,CLT00169,BIZ005,2024-11-08,Nails,Dip Powder Nails,PRV0017,61.04,1,0.0,12.21,73.25,completed,credit_card
OL00003007,ORD0003093,APT0003093,CLT00169,BIZ005,2024-12-20,Nails,Nail Art Add-On,PRV0009,21.69,1,0.0,3.9,25.59,completed,apple_pay
OL00003008,ORD0003094,APT0003094,CLT00169,BIZ005,2025-01-16,Skin,Classic Facial,PRV0017,98.1,1,0.0,0.0,98.1,completed,google_pay
OL00003009,ORD0003095,APT0003095,CLT00169,BIZ005,2025-02-03,Nails,Dip Powder Nails,PRV0010,65.42,1,0.0,0.0,65.42,completed,apple_pay
OL00003010,ORD0003096,APT0003096,CLT00169,BIZ005,2025-02-22,Skin,Classic Facial,PRV0016,100.84,1,0.0,0.0,100.84,completed,cash
OL00003011,ORD0003097,APT0003097,CLT00169,BIZ005,2025-03-22,Nails,Dip Powder Nails,PRV0004,73.72,1,0.0,0.0,73.72,completed,cash
OL00003012,ORD0003098,APT0003098,CLT00169,BIZ005,2025-04-16,Nails,Pedicure,PRV0013,56.35,1,0.0,11.27,67.62,completed,gift_card
OL00003013,ORD0003099,APT0003099,CLT00169,BIZ005,2025-05-14,Nails,Nail Art Add-On,PRV0014,21.45,1,0.0,5.36,26.81,completed,apple_pay
OL00003014,ORD0003100,APT0003100,CLT00169,BIZ005,2025-06-07,Nails,Pedicure,PRV0005,53.84,1,0.0,9.69,63.53,completed,apple_pay
OL00003015,ORD0003101,APT0003101,CLT00169,BIZ005,2025-07-04,Nails,Manicure,PRV0020,33.12,1,0.0,4.97,38.09,completed,google_pay
OL00003016,ORD0003102,APT0003102,CLT00169,BIZ005,2025-07-30,Skin,Classic Facial,PRV0005,86.7,1,0.0,13.01,99.71,completed,cash
OL00003017,ORD0003103,APT0003103,CLT00169,BIZ005,2025-08-23,Nails,Gel Manicure,PRV0012,51.15,1,0.0,12.79,63.94,completed,cash
OL00003018,ORD0003104,APT0003104,CLT00169,BIZ005,2025-09-07,Nails,Dip Powder Nails,PRV0015,64.16,1,3.34,10.95,71.77,completed,google_pay
OL00003019,ORD0003105,APT0003105,CLT00169,BIZ005,2025-09-30,Nails,Pedicure,PRV0004,52.79,1,0.0,0.0,52.79,completed,google_pay
OL00003020,ORD0003106,APT0003106,CLT00169,BIZ005,2025-10-15,Skin,Deep Cleansing Facial,PRV0009,137.23,1,0.0,24.7,161.93,completed,apple_pay
OL00003021,ORD0003107,APT0003107,CLT00169,BIZ005,2025-10-29,Nails,Pedicure,PRV0008,61.96,1,0.0,12.39,74.35,completed,cash
OL00003022,ORD0003109,APT0003109,CLT00169,BIZ005,2025-11-30,Nails,Nail Art Add-On,PRV0016,18.85,1,0.0,4.71,23.56,completed,google_pay
OL00003023,ORD0003110,APT0003110,CLT00169,BIZ005,2025-12-20,Nails,Pedicure,PRV0015,54.62,1,0.0,0.0,54.62,completed,google_pay
OL00003024,ORD0003111,APT0003111,CLT00169,BIZ005,2026-01-16,Skin,Chemical Peel,PRV0007,153.63,1,0.0,23.04,176.67,completed,gift_card
OL00003025,ORD0003112,APT0003112,CLT00169,BIZ005,2026-02-04,Nails,Nail Art Add-On,PRV0002,20.87,1,0.0,3.13,24.0,completed,apple_pay
OL00003026,ORD0003114,APT0003114,CLT00170,BIZ009,2024-04-21,Skin,LED Light Therapy,PRV0002,91.99,1,0.0,16.56,108.55,completed,cash
OL00003027,ORD0003115,APT0003115,CLT00170,BIZ009,2024-06-08,Skin,Chemical Peel,PRV0003,145.95,1,0.0,21.89,167.84,completed,debit_card
OL00003028,ORD0003115,APT0003115,CLT00170,BIZ009,2024-06-08,Nails,Manicure,PRV0003,34.81,1,0.0,0.0,34.81,completed,google_pay
OL00003029,ORD0003116,APT0003116,CLT00170,BIZ009,2024-07-17,Hair,Blowout,PRV0008,46.25,1,0.0,0.0,46.25,completed,google_pay
OL00003030,ORD0003117,APT0003117,CLT00170,BIZ009,2024-09-04,Skin,LED Light Therapy,PRV0016,91.94,1,0.0,13.79,105.73,completed,credit_card
OL00003031,ORD0003117,APT0003117,CLT00170,BIZ009,2024-09-04,Nails,Dip Powder Nails,PRV0016,65.8,1,0.0,13.16,78.96,completed,credit_card
OL00003032,ORD0003118,APT0003118,CLT00170,BIZ009,2024-10-20,Skin,Microdermabrasion,PRV0004,135.87,1,0.0,27.17,163.04,completed,apple_pay
OL00003033,ORD0003119,APT0003119,CLT00170,BIZ009,2024-12-01,Hair,Keratin Treatment,PRV0006,278.35,1,0.0,0.0,278.35,completed,google_pay
OL00003034,ORD0003120,APT0003120,CLT00170,BIZ009,2025-01-22,Hair,Color - Single Process,PRV0014,121.95,1,0.0,21.95,143.9,completed,apple_pay
OL00003035,ORD0003121,APT0003121,CLT00170,BIZ009,2025-03-04,Skin,Microdermabrasion,PRV0005,143.47,1,0.0,28.69,172.16,completed,gift_card
OL00003036,ORD0003122,APT0003122,CLT00170,BIZ009,2025-04-24,Hair,Blowout,PRV0008,53.69,1,0.0,0.0,53.69,completed,cash
OL00003037,ORD0003122,APT0003122,CLT00170,BIZ009,2025-04-24,Nails,Nail Art Add-On,PRV0008,20.51,1,0.0,4.1,24.61,completed,cash
OL00003038,ORD0003123,APT0003123,CLT00170,BIZ009,2025-06-03,Hair,Color - Highlights,PRV0015,160.64,1,15.58,21.76,166.82,completed,gift_card
OL00003039,ORD0003123,APT0003123,CLT00170,BIZ009,2025-06-03,Nails,Manicure,PRV0015,36.66,1,0.0,6.6,43.26,completed,gift_card
OL00003040,ORD0003124,APT0003124,CLT00170,BIZ009,2025-07-19,Hair,Blowout,PRV0002,54.12,1,0.0,10.82,64.94,completed,cash
OL00003041,ORD0003125,APT0003125,CLT00170,BIZ009,2025-09-03,Skin,Classic Facial,PRV0003,106.24,1,0.0,19.12,125.36,completed,credit_card
OL00003042,ORD0003125,APT0003125,CLT00170,BIZ009,2025-09-03,Nails,Dip Powder Nails,PRV0003,61.87,1,0.0,0.0,61.87,completed,apple_pay
OL00003043,ORD0003126,APT0003126,CLT00170,BIZ009,2025-10-21,Hair,Blowout,PRV0001,56.12,1,1.64,8.17,62.65,completed,apple_pay
OL00003044,ORD0003126,APT0003126,CLT00170,BIZ009,2025-10-21,Nails,Dip Powder Nails,PRV0001,64.25,1,0.0,9.64,73.89,completed,apple_pay
OL00003045,ORD0003127,APT0003127,CLT00170,BIZ009,2025-12-03,Hair,Color - Highlights,PRV0010,166.03,1,0.0,24.9,190.93,completed,credit_card
OL00003046,ORD0003128,APT0003128,CLT00170,BIZ009,2026-01-15,Skin,Microdermabrasion,PRV0006,142.76,1,0.0,0.0,142.76,completed,gift_card
OL00003047,ORD0003128,APT0003128,CLT00170,BIZ009,2026-01-15,Nails,Nail Art Add-On,PRV0006,20.35,1,0.0,3.66,24.01,completed,cash
OL00003048,ORD0003130,APT0003130,CLT00171,BIZ007,2024-04-27,Nails,Manicure,PRV0004,35.51,1,0.0,0.0,35.51,completed,apple_pay
OL00003049,ORD0003131,APT0003131,CLT00171,BIZ007,2024-06-07,Hair,Haircut & Style,PRV0013,65.32,1,0.0,13.06,78.38,completed,cash
OL00003050,ORD0003132,APT0003132,CLT00171,BIZ007,2024-07-17,Nails,Gel Manicure,PRV0006,56.18,1,0.49,11.14,66.83,completed,debit_card
OL00003051,ORD0003133,APT0003133,CLT00171,BIZ007,2024-08-27,Hair,Balayage,PRV0020,240.96,1,0.0,43.37,284.33,completed,cash
OL00003052,ORD0003134,APT0003134,CLT00171,BIZ007,2024-09-27,Nails,Gel Manicure,PRV0001,52.18,1,0.0,7.83,60.01,completed,cash
OL00003053,ORD0003135,APT0003135,CLT00171,BIZ007,2024-11-08,Hair,Blowout,PRV0010,54.27,1,0.0,9.77,64.04,completed,credit_card
OL00003054,ORD0003136,APT0003136,CLT00171,BIZ007,2024-12-12,Hair,Root Touch-Up,PRV0009,86.49,1,0.0,15.57,102.06,completed,apple_pay
OL00003055,ORD0003137,APT0003137,CLT00171,BIZ007,2025-01-19,Nails,Gel Manicure,PRV0018,46.53,1,2.5,6.6,50.63,completed,google_pay
OL00003056,ORD0003138,APT0003138,CLT00171,BIZ007,2025-02-27,Hair,Root Touch-Up,PRV0020,89.0,1,0.0,17.8,106.8,completed,debit_card
OL00003057,ORD0003139,APT0003139,CLT00171,BIZ007,2025-04-08,Hair,Root Touch-Up,PRV0004,85.75,1,0.0,17.15,102.9,completed,credit_card
OL00003058,ORD0003140,APT0003140,CLT00171,BIZ007,2025-05-19,Hair,Blowout,PRV0001,55.57,1,0.0,11.11,66.68,completed,gift_card
OL00003059,ORD0003142,APT0003142,CLT00171,BIZ007,2025-08-02,Hair,Haircut & Style,PRV0005,74.69,1,0.0,13.44,88.13,completed,apple_pay
OL00003060,ORD0003143,APT0003143,CLT00171,BIZ007,2025-09-06,Hair,Color - Highlights,PRV0015,153.95,1,0.0,27.71,181.66,completed,google_pay
OL00003061,ORD0003144,APT0003144,CLT00171,BIZ007,2025-10-08,Hair,Color - Highlights,PRV0011,164.6,1,0.0,32.92,197.52,completed,google_pay
OL00003062,ORD0003145,APT0003145,CLT00171,BIZ007,2025-11-15,Nails,Pedicure,PRV0011,63.25,1,0.0,15.81,79.06,completed,credit_card
OL00003063,ORD0003146,APT0003146,CLT00171,BIZ007,2025-12-19,Hair,Color - Single Process,PRV0016,114.72,1,0.0,22.94,137.66,completed,google_pay
OL00003064,ORD0003147,APT0003147,CLT00171,BIZ007,2026-01-26,Nails,Nail Art Add-On,PRV0013,19.17,1,0.0,3.83,23.0,completed,cash
OL00003065,ORD0003148,APT0003148,CLT00171,BIZ007,2026-02-24,Nails,Pedicure,PRV0018,58.32,1,0.0,14.58,72.9,completed,apple_pay
OL00003066,ORD0003151,APT0003151,CLT00172,BIZ008,2024-05-12,Hair,Blowout,PRV0002,51.55,1,3.89,8.58,56.24,completed,gift_card
OL00003067,ORD0003152,APT0003152,CLT00172,BIZ008,2024-06-07,Hair,Color - Single Process,PRV0014,122.66,1,9.57,20.36,133.45,completed,credit_card
OL00003068,ORD0003153,APT0003153,CLT00172,BIZ008,2024-06-28,Hair,Balayage,PRV0004,229.48,1,0.0,45.9,275.38,completed,credit_card
OL00003069,ORD0003153,APT0003153,CLT00172,BIZ008,2024-06-28,Nails,Manicure,PRV0004,35.15,1,0.0,7.03,42.18,completed,cash
OL00003070,ORD0003154,APT0003154,CLT00172,BIZ008,2024-07-22,Hair,Color - Highlights,PRV0003,149.63,1,3.45,29.24,175.42,completed,gift_card
OL00003071,ORD0003155,APT0003155,CLT00172,BIZ008,2024-08-18,Massage,Prenatal Massage,PRV0005,114.78,1,0.0,22.96,137.74,completed,cash
OL00003072,ORD0003156,APT0003156,CLT00172,BIZ008,2024-09-14,Massage,Hot Stone Massage,PRV0017,136.5,1,0.0,24.57,161.07,completed,debit_card
OL00003073,ORD0003156,APT0003156,CLT00172,BIZ008,2024-09-14,Nails,Nail Art Add-On,PRV0017,20.26,1,0.0,3.65,23.91,completed,credit_card
OL00003074,ORD0003157,APT0003157,CLT00172,BIZ008,2024-09-28,Hair,Haircut & Style,PRV0005,74.68,1,0.0,14.94,89.62,completed,google_pay
OL00003075,ORD0003157,APT0003157,CLT00172,BIZ008,2024-09-28,Nails,Manicure,PRV0005,36.57,1,0.0,6.58,43.15,completed,apple_pay
OL00003076,ORD0003158,APT0003158,CLT00172,BIZ008,2024-10-17,Hair,Color - Single Process,PRV0010,105.77,1,0.0,15.87,121.64,completed,cash
OL00003077,ORD0003159,APT0003159,CLT00172,BIZ008,2024-11-09,Massage,Deep Tissue 60min,PRV0020,137.54,1,0.0,34.38,171.92,completed,google_pay
OL00003078,ORD0003159,APT0003159,CLT00172,BIZ008,2024-11-09,Nails,Dip Powder Nails,PRV0020,64.87,1,0.0,12.97,77.84,completed,cash
OL00003079,ORD0003161,APT0003161,CLT00172,BIZ008,2024-12-23,Massage,Deep Tissue 60min,PRV0008,133.3,1,0.24,0.0,133.06,completed,credit_card
OL00003080,ORD0003162,APT0003162,CLT00172,BIZ008,2025-01-09,Hair,Blowout,PRV0008,50.7,1,0.0,0.0,50.7,completed,apple_pay
OL00003081,ORD0003163,APT0003163,CLT00172,BIZ008,2025-01-29,Hair,Color - Highlights,PRV0001,172.53,1,0.0,34.51,207.04,completed,gift_card
OL00003082,ORD0003163,APT0003163,CLT00172,BIZ008,2025-01-29,Nails,Manicure,PRV0001,35.77,1,0.0,6.44,42.21,completed,apple_pay
OL00003083,ORD0003164,APT0003164,CLT00172,BIZ008,2025-02-13,Massage,Prenatal Massage,PRV0016,118.1,1,0.0,21.26,139.36,completed,gift_card
OL00003084,ORD0003166,APT0003166,CLT00172,BIZ008,2025-03-23,Hair,Haircut & Style,PRV0015,62.34,1,0.0,12.47,74.81,completed,gift_card
OL00003085,ORD0003166,APT0003166,CLT00172,BIZ008,2025-03-23,Nails,Manicure,PRV0015,33.59,1,0.0,6.05,39.64,completed,cash
OL00003086,ORD0003167,APT0003167,CLT00172,BIZ008,2025-04-15,Hair,Blowout,PRV0006,45.19,1,0.35,8.07,52.91,completed,apple_pay
OL00003087,ORD0003167,APT0003167,CLT00172,BIZ008,2025-04-15,Nails,Nail Art Add-On,PRV0006,19.85,1,0.0,3.97,23.82,completed,credit_card
OL00003088,ORD0003168,APT0003168,CLT00172,BIZ008,2025-05-03,Hair,Balayage,PRV0011,237.7,1,0.0,47.54,285.24,completed,credit_card
OL00003089,ORD0003168,APT0003168,CLT00172,BIZ008,2025-05-03,Nails,Nail Art Add-On,PRV0011,20.42,1,0.0,0.0,20.42,completed,credit_card
OL00003090,ORD0003170,APT0003170,CLT00172,BIZ008,2025-06-07,Massage,Swedish Massage 60min,PRV0009,126.41,1,0.0,18.96,145.37,completed,apple_pay
OL00003091,ORD0003170,APT0003170,CLT00172,BIZ008,2025-06-07,Nails,Nail Art Add-On,PRV0009,20.69,1,0.0,3.72,24.41,completed,google_pay
OL00003092,ORD0003171,APT0003171,CLT00172,BIZ008,2025-06-28,Hair,Color - Highlights,PRV0006,165.03,1,0.0,0.0,165.03,completed,cash
OL00003093,ORD0003172,APT0003172,CLT00172,BIZ008,2025-07-16,Massage,Swedish Massage 60min,PRV0004,103.38,1,0.0,0.0,103.38,completed,credit_card
OL00003094,ORD0003172,APT0003172,CLT00172,BIZ008,2025-07-16,Nails,Nail Art Add-On,PRV0004,20.65,1,0.0,0.0,20.65,completed,google_pay
OL00003095,ORD0003173,APT0003173,CLT00172,BIZ008,2025-08-01,Hair,Color - Highlights,PRV0011,186.06,1,3.17,32.92,215.81,completed,cash
OL00003096,ORD0003173,APT0003173,CLT00172,BIZ008,2025-08-01,Nails,Gel Manicure,PRV0011,51.94,1,0.0,9.35,61.29,completed,apple_pay
OL00003097,ORD0003174,APT0003174,CLT00172,BIZ008,2025-08-19,Massage,Swedish Massage 60min,PRV0020,120.06,1,0.0,21.61,141.67,completed,gift_card
OL00003098,ORD0003174,APT0003174,CLT00172,BIZ008,2025-08-19,Nails,Nail Art Add-On,PRV0020,19.12,1,0.0,3.44,22.56,completed,credit_card
OL00003099,ORD0003175,APT0003175,CLT00172,BIZ008,2025-09-10,Hair,Color - Highlights,PRV0006,169.53,1,0.0,33.91,203.44,completed,google_pay
OL00003100,ORD0003175,APT0003175,CLT00172,BIZ008,2025-09-10,Nails,Pedicure,PRV0006,53.65,1,0.0,10.73,64.38,completed,gift_card
OL00003101,ORD0003176,APT0003176,CLT00172,BIZ008,2025-10-04,Hair,Color - Highlights,PRV0013,151.74,1,0.0,0.0,151.74,completed,cash
OL00003102,ORD0003176,APT0003176,CLT00172,BIZ008,2025-10-04,Nails,Gel Manicure,PRV0013,48.6,1,0.0,8.75,57.35,completed,cash
OL00003103,ORD0003177,APT0003177,CLT00172,BIZ008,2025-10-25,Massage,Deep Tissue 60min,PRV0014,133.85,1,0.0,0.0,133.85,completed,google_pay
OL00003104,ORD0003179,APT0003179,CLT00172,BIZ008,2025-12-17,Hair,Haircut & Style,PRV0006,63.11,1,0.0,11.36,74.47,completed,credit_card
OL00003105,ORD0003180,APT0003180,CLT00172,BIZ008,2026-01-07,Massage,Prenatal Massage,PRV0005,115.61,1,9.57,19.09,125.13,completed,debit_card
OL00003106,ORD0003180,APT0003180,CLT00172,BIZ008,2026-01-07,Nails,Manicure,PRV0005,34.16,1,0.0,0.0,34.16,completed,gift_card
OL00003107,ORD0003181,APT0003181,CLT00172,BIZ008,2026-01-28,Hair,Haircut & Style,PRV0020,67.19,1,6.41,10.94,71.72,completed,apple_pay
OL00003108,ORD0003182,APT0003182,CLT00172,BIZ008,2026-02-14,Hair,Keratin Treatment,PRV0019,303.08,1,0.0,54.55,357.63,completed,gift_card
OL00003109,ORD0003183,APT0003183,CLT00173,BIZ003,2024-04-08,Nails,Dip Powder Nails,PRV0004,72.47,1,0.0,0.0,72.47,completed,google_pay
OL00003110,ORD0003184,APT0003184,CLT00173,BIZ003,2024-05-28,Nails,Manicure,PRV0013,35.5,1,0.0,5.33,40.83,completed,apple_pay
OL00003111,ORD0003185,APT0003185,CLT00173,BIZ003,2024-07-15,Nails,Nail Art Add-On,PRV0003,21.53,1,1.23,4.06,24.36,completed,apple_pay
OL00003112,ORD0003186,APT0003186,CLT00173,BIZ003,2024-08-24,Nails,Pedicure,PRV0008,56.56,1,0.82,0.0,55.74,completed,debit_card
OL00003113,ORD0003187,APT0003187,CLT00173,BIZ003,2024-10-02,Nails,Gel Manicure,PRV0013,48.35,1,0.0,8.7,57.05,completed,google_pay
OL00003114,ORD0003188,APT0003188,CLT00173,BIZ003,2024-11-09,Nails,Nail Art Add-On,PRV0010,21.77,1,0.0,3.92,25.69,completed,google_pay
OL00003115,ORD0003189,APT0003189,CLT00173,BIZ003,2024-12-25,Nails,Gel Manicure,PRV0001,48.46,1,3.4,6.76,51.82,completed,gift_card
OL00003116,ORD0003190,APT0003190,CLT00173,BIZ003,2025-02-14,Nails,Manicure,PRV0013,36.45,1,0.0,5.47,41.92,completed,apple_pay
OL00003117,ORD0003191,APT0003191,CLT00173,BIZ003,2025-04-01,Nails,Gel Manicure,PRV0018,45.72,1,0.0,0.0,45.72,completed,gift_card
OL00003118,ORD0003192,APT0003192,CLT00173,BIZ003,2025-05-22,Nails,Pedicure,PRV0007,58.93,1,0.0,8.84,67.77,completed,gift_card
OL00003119,ORD0003193,APT0003193,CLT00173,BIZ003,2025-07-10,Nails,Manicure,PRV0011,35.72,1,0.0,6.43,42.15,completed,credit_card
OL00003120,ORD0003194,APT0003194,CLT00173,BIZ003,2025-08-26,Nails,Pedicure,PRV0017,60.28,1,0.0,9.04,69.32,completed,debit_card
OL00003121,ORD0003196,APT0003196,CLT00174,BIZ007,2024-06-29,Massage,Swedish Massage 60min,PRV0001,102.36,1,0.0,18.42,120.78,completed,gift_card
OL00003122,ORD0003198,APT0003198,CLT00174,BIZ007,2024-12-18,Massage,Swedish Massage 60min,PRV0012,108.11,1,0.0,21.62,129.73,completed,debit_card
OL00003123,ORD0003199,APT0003199,CLT00174,BIZ007,2025-03-16,Massage,Deep Tissue 60min,PRV0018,140.42,1,0.0,21.06,161.48,completed,cash
OL00003124,ORD0003200,APT0003200,CLT00174,BIZ007,2025-06-10,Skin,LED Light Therapy,PRV0006,89.31,1,0.0,0.0,89.31,completed,google_pay
OL00003125,ORD0003201,APT0003201,CLT00174,BIZ007,2025-09-02,Massage,Prenatal Massage,PRV0004,112.12,1,0.0,16.82,128.94,completed,credit_card
OL00003126,ORD0003202,APT0003202,CLT00174,BIZ007,2025-11-24,Massage,Hot Stone Massage,PRV0014,146.25,1,0.0,21.94,168.19,completed,debit_card
OL00003127,ORD0003203,APT0003203,CLT00174,BIZ007,2026-03-01,Skin,Chemical Peel,PRV0020,144.02,1,0.0,28.8,172.82,completed,apple_pay
OL00003128,ORD0003204,APT0003204,CLT00175,BIZ009,2024-05-09,Skin,Microdermabrasion,PRV0007,126.14,1,0.0,18.92,145.06,completed,debit_card
OL00003129,ORD0003205,APT0003205,CLT00175,BIZ009,2024-06-14,Hair,Haircut & Style,PRV0001,70.3,1,0.0,12.65,82.95,completed,apple_pay
OL00003130,ORD0003205,APT0003205,CLT00175,BIZ009,2024-06-14,Nails,Gel Manicure,PRV0001,48.73,1,0.0,9.75,58.48,completed,google_pay
OL00003131,ORD0003206,APT0003206,CLT00175,BIZ009,2024-07-21,Skin,LED Light Therapy,PRV0013,92.19,1,0.0,16.59,108.78,completed,cash
OL00003132,ORD0003207,APT0003207,CLT00175,BIZ009,2024-08-25,Skin,Deep Cleansing Facial,PRV0007,109.74,1,0.0,19.75,129.49,completed,debit_card
OL00003133,ORD0003207,APT0003207,CLT00175,BIZ009,2024-08-25,Nails,Manicure,PRV0007,35.22,1,0.0,0.0,35.22,completed,credit_card
OL00003134,ORD0003208,APT0003208,CLT00175,BIZ009,2024-09-30,Hair,Color - Highlights,PRV0004,177.06,1,0.0,0.0,177.06,completed,cash
OL00003135,ORD0003209,APT0003209,CLT00175,BIZ009,2024-10-29,Skin,Deep Cleansing Facial,PRV0014,136.42,1,0.0,0.0,136.42,completed,google_pay
OL00003136,ORD0003210,APT0003210,CLT00175,BIZ009,2024-12-10,Hair,Color - Single Process,PRV0006,117.48,1,0.0,21.15,138.63,completed,credit_card
OL00003137,ORD0003211,APT0003211,CLT00175,BIZ009,2025-01-17,Hair,Balayage,PRV0020,241.24,1,0.0,36.19,277.43,completed,debit_card
OL00003138,ORD0003211,APT0003211,CLT00175,BIZ009,2025-01-17,Nails,Nail Art Add-On,PRV0020,19.12,1,0.0,2.87,21.99,completed,apple_pay
OL00003139,ORD0003212,APT0003212,CLT00175,BIZ009,2025-02-26,Hair,Keratin Treatment,PRV0017,285.38,1,23.4,52.4,314.38,completed,cash
OL00003140,ORD0003212,APT0003212,CLT00175,BIZ009,2025-02-26,Nails,Gel Manicure,PRV0017,49.58,1,0.0,8.92,58.5,completed,cash
OL00003141,ORD0003213,APT0003213,CLT00175,BIZ009,2025-03-29,Skin,Microdermabrasion,PRV0006,124.04,1,0.0,22.33,146.37,completed,credit_card
OL00003142,ORD0003214,APT0003214,CLT00175,BIZ009,2025-05-07,Skin,Microdermabrasion,PRV0010,137.81,1,0.0,24.81,162.62,completed,credit_card
OL00003143,ORD0003215,APT0003215,CLT00175,BIZ009,2025-06-10,Hair,Blowout,PRV0015,46.58,1,0.0,9.32,55.9,completed,cash
OL00003144,ORD0003216,APT0003216,CLT00175,BIZ009,2025-07-12,Skin,Classic Facial,PRV0008,90.26,1,7.39,20.72,103.59,completed,credit_card
OL00003145,ORD0003217,APT0003217,CLT00175,BIZ009,2025-08-23,Skin,Microdermabrasion,PRV0009,123.38,1,12.04,0.0,111.34,completed,debit_card
OL00003146,ORD0003218,APT0003218,CLT00175,BIZ009,2025-09-21,Hair,Color - Highlights,PRV0005,170.27,1,0.0,34.05,204.32,completed,google_pay
OL00003147,ORD0003219,APT0003219,CLT00175,BIZ009,2025-10-24,Skin,Chemical Peel,PRV0015,145.23,1,0.0,0.0,145.23,completed,cash
OL00003148,ORD0003220,APT0003220,CLT00175,BIZ009,2025-11-30,Skin,Microdermabrasion,PRV0005,127.86,1,0.0,19.18,147.04,completed,debit_card
OL00003149,ORD0003221,APT0003221,CLT00175,BIZ009,2026-01-05,Hair,Blowout,PRV0020,45.55,1,0.0,0.0,45.55,completed,apple_pay
OL00003150,ORD0003221,APT0003221,CLT00175,BIZ009,2026-01-05,Nails,Nail Art Add-On,PRV0020,19.33,1,0.0,2.9,22.23,completed,cash
OL00003151,ORD0003222,APT0003222,CLT00175,BIZ009,2026-02-14,Skin,LED Light Therapy,PRV0007,90.66,1,0.0,13.6,104.26,completed,debit_card
OL00003152,ORD0003222,APT0003222,CLT00175,BIZ009,2026-02-14,Nails,Gel Manicure,PRV0007,49.62,1,0.0,9.92,59.54,completed,debit_card
OL00003153,ORD0003223,APT0003223,CLT00175,BIZ009,2026-03-14,Skin,Microdermabrasion,PRV0012,125.73,1,0.0,22.63,148.36,completed,apple_pay
OL00003154,ORD0003223,APT0003223,CLT00175,BIZ009,2026-03-14,Nails,Manicure,PRV0012,35.72,1,0.0,5.36,41.08,completed,google_pay
OL00003155,ORD0003224,APT0003224,CLT00176,BIZ002,2024-05-17,Skin,Microdermabrasion,PRV0019,119.45,1,0.0,0.0,119.45,completed,credit_card
OL00003156,ORD0003225,APT0003225,CLT00176,BIZ002,2024-07-20,Skin,Classic Facial,PRV0010,107.89,1,0.0,16.18,124.07,completed,credit_card
OL00003157,ORD0003226,APT0003226,CLT00176,BIZ002,2024-09-11,Skin,Microdermabrasion,PRV0016,145.02,1,0.0,0.0,145.02,completed,credit_card
OL00003158,ORD0003227,APT0003227,CLT00176,BIZ002,2024-11-03,Nails,Pedicure,PRV0007,56.36,1,0.0,0.0,56.36,completed,google_pay
OL00003159,ORD0003228,APT0003228,CLT00176,BIZ002,2025-01-01,Nails,Gel Manicure,PRV0002,45.74,1,0.0,8.23,53.97,completed,credit_card
OL00003160,ORD0003230,APT0003230,CLT00176,BIZ002,2025-04-27,Nails,Gel Manicure,PRV0008,55.4,1,0.0,11.08,66.48,completed,google_pay
OL00003161,ORD0003231,APT0003231,CLT00176,BIZ002,2025-06-24,Nails,Pedicure,PRV0011,53.41,1,0.0,9.61,63.02,completed,apple_pay
OL00003162,ORD0003232,APT0003232,CLT00176,BIZ002,2025-08-26,Skin,Classic Facial,PRV0019,90.07,1,0.0,18.01,108.08,completed,cash
OL00003163,ORD0003233,APT0003233,CLT00176,BIZ002,2025-10-21,Nails,Gel Manicure,PRV0011,56.65,1,1.47,0.0,55.18,completed,apple_pay
OL00003164,ORD0003234,APT0003234,CLT00176,BIZ002,2025-12-20,Nails,Pedicure,PRV0002,54.99,1,0.0,9.9,64.89,completed,credit_card
OL00003165,ORD0003235,APT0003235,CLT00176,BIZ002,2026-02-13,Skin,Deep Cleansing Facial,PRV0010,114.84,1,0.0,0.0,114.84,completed,gift_card
OL00003166,ORD0003236,APT0003236,CLT00177,BIZ010,2024-04-22,Skin,LED Light Therapy,PRV0014,89.84,1,0.0,17.97,107.81,completed,credit_card
OL00003167,ORD0003237,APT0003237,CLT00177,BIZ010,2024-05-15,Skin,LED Light Therapy,PRV0020,80.01,1,0.0,0.0,80.01,completed,gift_card
OL00003168,ORD0003238,APT0003238,CLT00177,BIZ010,2024-06-12,Skin,Deep Cleansing Facial,PRV0017,136.81,1,0.0,27.36,164.17,completed,debit_card
OL00003169,ORD0003239,APT0003239,CLT00177,BIZ010,2024-06-30,Skin,LED Light Therapy,PRV0019,88.57,1,0.0,17.71,106.28,completed,cash
OL00003170,ORD0003240,APT0003240,CLT00177,BIZ010,2024-07-25,Skin,Deep Cleansing Facial,PRV0004,137.82,1,0.0,20.67,158.49,completed,apple_pay
OL00003171,ORD0003241,APT0003241,CLT00177,BIZ010,2024-08-14,Skin,Classic Facial,PRV0014,87.19,1,0.0,15.69,102.88,completed,cash
OL00003172,ORD0003242,APT0003242,CLT00177,BIZ010,2024-09-09,Skin,Deep Cleansing Facial,PRV0020,130.27,1,0.0,23.45,153.72,completed,credit_card
OL00003173,ORD0003243,APT0003243,CLT00177,BIZ010,2024-10-03,Skin,LED Light Therapy,PRV0013,90.04,1,5.94,0.0,84.1,completed,apple_pay
OL00003174,ORD0003244,APT0003244,CLT00177,BIZ010,2024-10-27,Skin,Microdermabrasion,PRV0015,132.85,1,0.0,0.0,132.85,completed,credit_card
OL00003175,ORD0003245,APT0003245,CLT00177,BIZ010,2024-11-14,Skin,Classic Facial,PRV0006,95.11,1,0.0,17.12,112.23,completed,debit_card
OL00003176,ORD0003246,APT0003246,CLT00177,BIZ010,2024-11-30,Skin,Microdermabrasion,PRV0009,118.3,1,0.0,29.57,147.87,completed,gift_card
OL00003177,ORD0003247,APT0003247,CLT00177,BIZ010,2024-12-21,Skin,Microdermabrasion,PRV0006,137.16,1,0.0,27.43,164.59,completed,debit_card
OL00003178,ORD0003248,APT0003248,CLT00177,BIZ010,2025-01-11,Skin,LED Light Therapy,PRV0009,78.79,1,0.0,14.18,92.97,completed,gift_card
OL00003179,ORD0003249,APT0003249,CLT00177,BIZ010,2025-02-08,Skin,LED Light Therapy,PRV0017,85.0,1,5.14,0.0,79.86,completed,apple_pay
OL00003180,ORD0003250,APT0003250,CLT00177,BIZ010,2025-03-07,Skin,Chemical Peel,PRV0010,161.39,1,0.0,29.05,190.44,completed,google_pay
OL00003181,ORD0003251,APT0003251,CLT00177,BIZ010,2025-03-25,Skin,Chemical Peel,PRV0003,151.31,1,0.0,0.0,151.31,completed,gift_card
OL00003182,ORD0003252,APT0003252,CLT00177,BIZ010,2025-04-08,Skin,Chemical Peel,PRV0020,157.67,1,0.0,23.65,181.32,completed,gift_card
OL00003183,ORD0003253,APT0003253,CLT00177,BIZ010,2025-05-03,Skin,Deep Cleansing Facial,PRV0006,123.85,1,0.0,22.29,146.14,completed,cash
OL00003184,ORD0003254,APT0003254,CLT00177,BIZ010,2025-05-31,Skin,LED Light Therapy,PRV0001,79.06,1,2.57,13.77,90.26,completed,gift_card
OL00003185,ORD0003255,APT0003255,CLT00177,BIZ010,2025-06-18,Skin,Microdermabrasion,PRV0007,144.13,1,0.0,25.94,170.07,completed,debit_card
OL00003186,ORD0003256,APT0003256,CLT00177,BIZ010,2025-07-13,Skin,LED Light Therapy,PRV0013,80.3,1,0.0,14.45,94.75,completed,google_pay
OL00003187,ORD0003258,APT0003258,CLT00177,BIZ010,2025-08-31,Skin,Classic Facial,PRV0010,91.46,1,0.0,18.29,109.75,completed,credit_card
OL00003188,ORD0003259,APT0003259,CLT00177,BIZ010,2025-09-21,Skin,Chemical Peel,PRV0009,150.54,1,8.65,28.38,170.27,completed,debit_card
OL00003189,ORD0003260,APT0003260,CLT00177,BIZ010,2025-10-19,Skin,Microdermabrasion,PRV0008,134.16,1,5.97,19.23,147.42,completed,credit_card
OL00003190,ORD0003262,APT0003262,CLT00177,BIZ010,2025-12-06,Skin,Deep Cleansing Facial,PRV0009,132.86,1,0.0,19.93,152.79,completed,credit_card
OL00003191,ORD0003263,APT0003263,CLT00177,BIZ010,2025-12-28,Skin,Microdermabrasion,PRV0011,140.28,1,0.0,35.07,175.35,completed,credit_card
OL00003192,ORD0003264,APT0003264,CLT00177,BIZ010,2026-01-18,Skin,Deep Cleansing Facial,PRV0010,119.1,1,0.0,23.82,142.92,completed,google_pay
OL00003193,ORD0003265,APT0003265,CLT00177,BIZ010,2026-02-11,Skin,Microdermabrasion,PRV0016,119.72,1,0.03,21.54,141.23,completed,cash
OL00003194,ORD0003266,APT0003266,CLT00177,BIZ010,2026-03-02,Skin,Deep Cleansing Facial,PRV0006,117.32,1,0.0,0.0,117.32,completed,google_pay
OL00003195,ORD0003267,APT0003267,CLT00177,BIZ010,2026-03-20,Skin,Microdermabrasion,PRV0001,123.62,1,0.0,18.54,142.16,completed,cash
OL00003196,ORD0003268,APT0003268,CLT00178,BIZ001,2024-05-17,Skin,Classic Facial,PRV0014,88.39,1,0.0,13.26,101.65,completed,google_pay
OL00003197,ORD0003269,APT0003269,CLT00178,BIZ001,2024-06-23,Hair,Color - Highlights,PRV0019,166.78,1,0.0,25.02,191.8,completed,cash
OL00003198,ORD0003270,APT0003270,CLT00178,BIZ001,2024-08-04,Skin,Microdermabrasion,PRV0002,131.99,1,0.0,26.4,158.39,completed,debit_card
OL00003199,ORD0003271,APT0003271,CLT00178,BIZ001,2024-09-01,Hair,Keratin Treatment,PRV0018,268.88,1,0.0,53.78,322.66,completed,cash
OL00003200,ORD0003272,APT0003272,CLT00178,BIZ001,2024-10-02,Hair,Color - Highlights,PRV0017,170.69,1,0.0,0.0,170.69,completed,apple_pay
OL00003201,ORD0003273,APT0003273,CLT00178,BIZ001,2024-11-08,Hair,Balayage,PRV0003,212.15,1,0.0,38.19,250.34,completed,apple_pay
OL00003202,ORD0003274,APT0003274,CLT00178,BIZ001,2024-12-08,Hair,Haircut & Style,PRV0015,70.31,1,5.87,9.67,74.11,completed,gift_card
OL00003203,ORD0003276,APT0003276,CLT00178,BIZ001,2025-02-21,Hair,Balayage,PRV0019,234.86,1,19.03,32.37,248.2,completed,credit_card
OL00003204,ORD0003277,APT0003277,CLT00178,BIZ001,2025-04-04,Skin,LED Light Therapy,PRV0008,95.24,1,0.0,0.0,95.24,completed,credit_card
OL00003205,ORD0003278,APT0003278,CLT00178,BIZ001,2025-05-12,Hair,Balayage,PRV0009,230.68,1,0.0,41.52,272.2,completed,apple_pay
OL00003206,ORD0003279,APT0003279,CLT00178,BIZ001,2025-06-10,Skin,Classic Facial,PRV0011,99.87,1,0.0,14.98,114.85,completed,debit_card
OL00003207,ORD0003280,APT0003280,CLT00178,BIZ001,2025-07-16,Skin,LED Light Therapy,PRV0014,89.18,1,4.46,21.18,105.9,completed,gift_card
OL00003208,ORD0003281,APT0003281,CLT00178,BIZ001,2025-08-24,Hair,Balayage,PRV0010,221.59,1,0.0,44.32,265.91,completed,google_pay
OL00003209,ORD0003282,APT0003282,CLT00178,BIZ001,2025-09-28,Hair,Haircut & Style,PRV0006,65.15,1,0.0,0.0,65.15,completed,credit_card
OL00003210,ORD0003283,APT0003283,CLT00178,BIZ001,2025-10-26,Skin,LED Light Therapy,PRV0001,89.74,1,0.0,16.15,105.89,completed,cash
OL00003211,ORD0003285,APT0003285,CLT00179,BIZ010,2024-04-29,Hair,Color - Single Process,PRV0015,106.26,1,0.0,19.13,125.39,completed,cash
OL00003212,ORD0003286,APT0003286,CLT00179,BIZ010,2024-06-28,Hair,Root Touch-Up,PRV0020,77.31,1,6.66,14.13,84.78,completed,debit_card
OL00003213,ORD0003287,APT0003287,CLT00179,BIZ010,2024-08-21,Skin,Chemical Peel,PRV0016,132.49,1,0.0,19.87,152.36,completed,gift_card
OL00003214,ORD0003288,APT0003288,CLT00179,BIZ010,2024-10-19,Skin,Microdermabrasion,PRV0009,139.56,1,0.0,27.91,167.47,completed,credit_card
OL00003215,ORD0003289,APT0003289,CLT00179,BIZ010,2024-12-24,Skin,LED Light Therapy,PRV0016,89.29,1,0.0,16.07,105.36,completed,apple_pay
OL00003216,ORD0003290,APT0003290,CLT00179,BIZ010,2025-02-23,Skin,Deep Cleansing Facial,PRV0008,135.17,1,0.0,20.28,155.45,completed,cash
OL00003217,ORD0003291,APT0003291,CLT00179,BIZ010,2025-04-29,Skin,LED Light Therapy,PRV0011,90.98,1,0.0,0.0,90.98,completed,debit_card
OL00003218,ORD0003292,APT0003292,CLT00179,BIZ010,2025-07-02,Hair,Balayage,PRV0016,246.72,1,0.0,37.01,283.73,completed,cash
OL00003219,ORD0003294,APT0003294,CLT00180,BIZ004,2024-04-25,Nails,Pedicure,PRV0019,61.43,1,0.0,0.0,61.43,completed,google_pay
OL00003220,ORD0003295,APT0003295,CLT00180,BIZ004,2024-05-25,Hair,Balayage,PRV0013,226.8,1,0.0,40.82,267.62,completed,gift_card
OL00003221,ORD0003296,APT0003296,CLT00180,BIZ004,2024-06-30,Hair,Blowout,PRV0015,55.61,1,2.06,10.71,64.26,completed,gift_card
OL00003222,ORD0003297,APT0003297,CLT00180,BIZ004,2024-08-07,Nails,Manicure,PRV0010,35.67,1,0.0,5.35,41.02,completed,gift_card
OL00003223,ORD0003298,APT0003298,CLT00180,BIZ004,2024-09-17,Nails,Pedicure,PRV0001,49.93,1,0.0,12.48,62.41,completed,apple_pay
OL00003224,ORD0003299,APT0003299,CLT00180,BIZ004,2024-10-22,Hair,Keratin Treatment,PRV0006,292.51,1,0.0,73.13,365.64,completed,cash
OL00003225,ORD0003300,APT0003300,CLT00180,BIZ004,2024-11-19,Nails,Gel Manicure,PRV0013,55.08,1,0.0,0.0,55.08,completed,apple_pay
OL00003226,ORD0003301,APT0003301,CLT00180,BIZ004,2024-12-21,Nails,Pedicure,PRV0009,60.93,1,0.0,12.19,73.12,completed,debit_card
OL00003227,ORD0003302,APT0003302,CLT00180,BIZ004,2025-02-01,Nails,Manicure,PRV0002,36.49,1,0.0,5.47,41.96,completed,cash
OL00003228,ORD0003304,APT0003304,CLT00180,BIZ004,2025-04-09,Hair,Haircut & Style,PRV0001,69.78,1,0.0,10.47,80.25,completed,google_pay
OL00003229,ORD0003306,APT0003306,CLT00180,BIZ004,2025-06-24,Nails,Dip Powder Nails,PRV0020,59.69,1,0.0,0.0,59.69,completed,cash
OL00003230,ORD0003307,APT0003307,CLT00180,BIZ004,2025-07-26,Hair,Balayage,PRV0001,201.77,1,0.0,0.0,201.77,completed,credit_card
OL00003231,ORD0003308,APT0003308,CLT00180,BIZ004,2025-09-06,Nails,Nail Art Add-On,PRV0001,21.9,1,0.0,0.0,21.9,completed,gift_card
OL00003232,ORD0003309,APT0003309,CLT00180,BIZ004,2025-10-04,Nails,Nail Art Add-On,PRV0016,21.9,1,0.0,0.0,21.9,completed,gift_card
OL00003233,ORD0003310,APT0003310,CLT00180,BIZ004,2025-11-09,Nails,Dip Powder Nails,PRV0003,59.73,1,0.0,0.0,59.73,completed,apple_pay
OL00003234,ORD0003311,APT0003311,CLT00180,BIZ004,2025-12-18,Hair,Keratin Treatment,PRV0019,270.15,1,0.0,48.63,318.78,completed,apple_pay
OL00003235,ORD0003312,APT0003312,CLT00180,BIZ004,2026-01-20,Hair,Haircut & Style,PRV0017,63.04,1,0.58,15.62,78.08,completed,debit_card
OL00003236,ORD0003313,APT0003313,CLT00180,BIZ004,2026-03-01,Hair,Haircut & Style,PRV0010,58.62,1,4.02,0.0,54.6,completed,credit_card
OL00003237,ORD0003314,APT0003314,CLT00181,BIZ010,2024-04-27,Hair,Keratin Treatment,PRV0007,306.42,1,10.54,59.18,355.06,completed,debit_card
OL00003238,ORD0003315,APT0003315,CLT00181,BIZ010,2024-05-26,Hair,Haircut & Style,PRV0008,73.68,1,6.62,0.0,67.06,completed,cash
OL00003239,ORD0003316,APT0003316,CLT00181,BIZ010,2024-07-01,Hair,Root Touch-Up,PRV0007,90.36,1,5.99,21.09,105.46,completed,debit_card
OL00003240,ORD0003317,APT0003317,CLT00181,BIZ010,2024-08-06,Hair,Root Touch-Up,PRV0001,94.89,1,0.0,14.23,109.12,completed,google_pay
OL00003241,ORD0003318,APT0003318,CLT00181,BIZ010,2024-09-11,Hair,Root Touch-Up,PRV0016,95.51,1,6.04,13.42,102.89,completed,credit_card
OL00003242,ORD0003319,APT0003319,CLT00181,BIZ010,2024-10-14,Hair,Blowout,PRV0008,49.53,1,1.99,0.0,47.54,completed,debit_card
OL00003243,ORD0003322,APT0003322,CLT00181,BIZ010,2025-01-28,Hair,Blowout,PRV0010,50.97,1,4.29,7.0,53.68,completed,gift_card
OL00003244,ORD0003323,APT0003323,CLT00181,BIZ010,2025-03-10,Hair,Blowout,PRV0013,53.26,1,0.0,13.31,66.57,completed,google_pay
OL00003245,ORD0003324,APT0003324,CLT00181,BIZ010,2025-04-10,Hair,Color - Single Process,PRV0001,120.87,1,0.0,18.13,139.0,completed,gift_card
OL00003246,ORD0003325,APT0003325,CLT00181,BIZ010,2025-05-19,Hair,Blowout,PRV0017,53.1,1,0.0,7.96,61.06,completed,credit_card
OL00003247,ORD0003326,APT0003326,CLT00181,BIZ010,2025-06-18,Hair,Keratin Treatment,PRV0017,274.21,1,0.0,49.36,323.57,completed,credit_card
OL00003248,ORD0003327,APT0003327,CLT00181,BIZ010,2025-07-20,Hair,Keratin Treatment,PRV0005,259.13,1,25.33,0.0,233.8,completed,cash
OL00003249,ORD0003328,APT0003328,CLT00181,BIZ010,2025-08-17,Hair,Blowout,PRV0012,50.71,1,0.0,10.14,60.85,completed,gift_card
OL00003250,ORD0003329,APT0003329,CLT00181,BIZ010,2025-09-26,Hair,Blowout,PRV0009,46.18,1,0.0,0.0,46.18,completed,debit_card
OL00003251,ORD0003330,APT0003330,CLT00181,BIZ010,2025-11-05,Hair,Color - Single Process,PRV0018,121.87,1,0.0,24.37,146.24,completed,debit_card
OL00003252,ORD0003331,APT0003331,CLT00181,BIZ010,2025-12-10,Hair,Color - Single Process,PRV0003,121.78,1,0.0,21.92,143.7,completed,debit_card
OL00003253,ORD0003332,APT0003332,CLT00181,BIZ010,2026-01-08,Hair,Blowout,PRV0005,46.44,1,0.0,9.29,55.73,completed,apple_pay
OL00003254,ORD0003334,APT0003334,CLT00181,BIZ010,2026-03-20,Hair,Haircut & Style,PRV0019,63.46,1,2.0,12.29,73.75,completed,apple_pay
OL00003255,ORD0003335,APT0003335,CLT00182,BIZ008,2024-04-25,Skin,Chemical Peel,PRV0005,145.66,1,0.0,0.0,145.66,completed,credit_card
OL00003256,ORD0003336,APT0003336,CLT00182,BIZ008,2024-05-23,Nails,Manicure,PRV0007,33.15,1,0.0,5.97,39.12,completed,debit_card
OL00003257,ORD0003338,APT0003338,CLT00182,BIZ008,2024-07-27,Skin,Classic Facial,PRV0012,91.87,1,1.04,0.0,90.83,completed,debit_card
OL00003258,ORD0003339,APT0003339,CLT00182,BIZ008,2024-08-26,Skin,LED Light Therapy,PRV0018,93.53,1,0.0,16.84,110.37,completed,apple_pay
OL00003259,ORD0003340,APT0003340,CLT00182,BIZ008,2024-10-01,Nails,Manicure,PRV0013,37.81,1,0.0,9.45,47.26,completed,google_pay
OL00003260,ORD0003341,APT0003341,CLT00182,BIZ008,2024-11-07,Nails,Dip Powder Nails,PRV0002,62.75,1,0.0,11.29,74.04,completed,credit_card
OL00003261,ORD0003342,APT0003342,CLT00182,BIZ008,2024-12-05,Nails,Pedicure,PRV0012,61.64,1,0.0,11.1,72.74,completed,debit_card
OL00003262,ORD0003344,APT0003344,CLT00182,BIZ008,2025-02-20,Skin,Chemical Peel,PRV0018,142.73,1,0.0,25.69,168.42,completed,credit_card
OL00003263,ORD0003345,APT0003345,CLT00182,BIZ008,2025-03-20,Skin,Chemical Peel,PRV0011,131.05,1,0.0,19.66,150.71,completed,credit_card
OL00003264,ORD0003346,APT0003346,CLT00182,BIZ008,2025-04-18,Skin,Classic Facial,PRV0004,100.64,1,0.0,15.1,115.74,completed,debit_card
OL00003265,ORD0003347,APT0003347,CLT00182,BIZ008,2025-05-26,Skin,LED Light Therapy,PRV0001,95.22,1,0.0,0.0,95.22,completed,apple_pay
OL00003266,ORD0003348,APT0003348,CLT00182,BIZ008,2025-06-29,Nails,Gel Manicure,PRV0001,52.39,1,0.0,0.0,52.39,completed,apple_pay
OL00003267,ORD0003349,APT0003349,CLT00182,BIZ008,2025-07-30,Skin,LED Light Therapy,PRV0008,92.9,1,0.0,13.94,106.84,completed,apple_pay
OL00003268,ORD0003350,APT0003350,CLT00182,BIZ008,2025-08-31,Nails,Dip Powder Nails,PRV0019,61.43,1,0.0,0.0,61.43,completed,google_pay
OL00003269,ORD0003351,APT0003351,CLT00182,BIZ008,2025-10-07,Skin,Deep Cleansing Facial,PRV0007,110.37,1,0.0,0.0,110.37,completed,google_pay
OL00003270,ORD0003352,APT0003352,CLT00182,BIZ008,2025-11-06,Nails,Gel Manicure,PRV0008,47.39,1,0.0,7.11,54.5,completed,gift_card
OL00003271,ORD0003353,APT0003353,CLT00182,BIZ008,2025-12-15,Skin,Deep Cleansing Facial,PRV0018,127.23,1,0.0,0.0,127.23,completed,apple_pay
OL00003272,ORD0003354,APT0003354,CLT00182,BIZ008,2026-01-19,Skin,LED Light Therapy,PRV0006,85.59,1,0.0,12.84,98.43,completed,gift_card
OL00003273,ORD0003355,APT0003355,CLT00182,BIZ008,2026-02-28,Skin,Microdermabrasion,PRV0017,123.27,1,4.25,21.42,140.44,completed,gift_card
OL00003274,ORD0003356,APT0003356,CLT00182,BIZ008,2026-03-30,Skin,Microdermabrasion,PRV0004,131.99,1,0.0,0.0,131.99,completed,google_pay
OL00003275,ORD0003357,APT0003357,CLT00183,BIZ006,2024-04-13,Hair,Root Touch-Up,PRV0003,93.04,1,0.0,13.96,107.0,completed,debit_card
OL00003276,ORD0003358,APT0003358,CLT00183,BIZ006,2024-05-26,Hair,Blowout,PRV0018,56.1,1,0.0,10.1,66.2,completed,credit_card
OL00003277,ORD0003359,APT0003359,CLT00183,BIZ006,2024-07-16,Nails,Gel Manicure,PRV0013,56.27,1,2.98,0.0,53.29,completed,gift_card
OL00003278,ORD0003360,APT0003360,CLT00183,BIZ006,2024-08-27,Hair,Haircut & Style,PRV0010,71.6,1,3.77,0.0,67.83,completed,credit_card
OL00003279,ORD0003361,APT0003361,CLT00183,BIZ006,2024-10-05,Hair,Color - Single Process,PRV0007,121.95,1,6.88,20.71,135.78,completed,cash
OL00003280,ORD0003362,APT0003362,CLT00183,BIZ006,2024-11-16,Nails,Pedicure,PRV0017,53.7,1,1.23,10.49,62.96,completed,gift_card
OL00003281,ORD0003363,APT0003363,CLT00183,BIZ006,2024-12-29,Nails,Gel Manicure,PRV0016,48.19,1,2.3,8.26,54.15,completed,google_pay
OL00003282,ORD0003364,APT0003364,CLT00183,BIZ006,2025-02-16,Nails,Pedicure,PRV0006,60.64,1,0.0,0.0,60.64,completed,credit_card
OL00003283,ORD0003365,APT0003365,CLT00183,BIZ006,2025-03-29,Hair,Color - Highlights,PRV0017,158.77,1,0.0,0.0,158.77,completed,google_pay
OL00003284,ORD0003366,APT0003366,CLT00183,BIZ006,2025-05-18,Hair,Haircut & Style,PRV0003,70.84,1,0.0,0.0,70.84,completed,cash
OL00003285,ORD0003367,APT0003367,CLT00183,BIZ006,2025-07-07,Hair,Color - Highlights,PRV0009,169.49,1,11.78,23.66,181.37,completed,credit_card
OL00003286,ORD0003368,APT0003368,CLT00183,BIZ006,2025-08-28,Hair,Blowout,PRV0015,52.92,1,0.0,9.53,62.45,completed,gift_card
OL00003287,ORD0003369,APT0003369,CLT00183,BIZ006,2025-10-12,Nails,Manicure,PRV0017,33.9,1,0.0,5.08,38.98,completed,apple_pay
OL00003288,ORD0003370,APT0003370,CLT00183,BIZ006,2025-11-27,Nails,Dip Powder Nails,PRV0002,61.22,1,0.0,11.02,72.24,completed,credit_card
OL00003289,ORD0003371,APT0003371,CLT00183,BIZ006,2026-01-11,Nails,Gel Manicure,PRV0002,51.23,1,3.48,7.16,54.91,completed,google_pay
OL00003290,ORD0003372,APT0003372,CLT00183,BIZ006,2026-02-22,Nails,Manicure,PRV0009,35.33,1,0.0,7.07,42.4,completed,debit_card
OL00003291,ORD0003373,APT0003373,CLT00183,BIZ006,2026-04-04,Nails,Nail Art Add-On,PRV0010,19.65,1,1.6,3.25,21.3,completed,cash
OL00003292,ORD0003374,APT0003374,CLT00184,BIZ004,2024-04-09,Hair,Blowout,PRV0019,48.14,1,0.0,9.63,57.77,completed,google_pay
OL00003293,ORD0003375,APT0003375,CLT00184,BIZ004,2024-04-29,Hair,Balayage,PRV0003,212.98,1,0.0,38.34,251.32,completed,google_pay
OL00003294,ORD0003376,APT0003376,CLT00184,BIZ004,2024-05-16,Nails,Nail Art Add-On,PRV0011,19.17,1,1.87,3.46,20.76,completed,cash
OL00003295,ORD0003377,APT0003377,CLT00184,BIZ004,2024-06-10,Hair,Blowout,PRV0007,56.08,1,0.0,8.41,64.49,completed,apple_pay
OL00003296,ORD0003379,APT0003379,CLT00184,BIZ004,2024-07-19,Hair,Blowout,PRV0013,54.04,1,0.0,8.11,62.15,completed,google_pay
OL00003297,ORD0003380,APT0003380,CLT00184,BIZ004,2024-08-07,Hair,Root Touch-Up,PRV0010,86.93,1,1.36,15.4,100.97,completed,cash
OL00003298,ORD0003381,APT0003381,CLT00184,BIZ004,2024-08-31,Hair,Keratin Treatment,PRV0017,300.9,1,24.84,49.69,325.75,completed,credit_card
OL00003299,ORD0003382,APT0003382,CLT00184,BIZ004,2024-09-24,Nails,Nail Art Add-On,PRV0005,19.52,1,0.92,2.79,21.39,completed,apple_pay
OL00003300,ORD0003383,APT0003383,CLT00184,BIZ004,2024-10-22,Hair,Color - Highlights,PRV0015,163.55,1,0.0,29.44,192.99,completed,debit_card
OL00003301,ORD0003385,APT0003385,CLT00184,BIZ004,2024-12-01,Hair,Root Touch-Up,PRV0017,78.96,1,0.0,0.0,78.96,completed,credit_card
OL00003302,ORD0003386,APT0003386,CLT00184,BIZ004,2024-12-27,Nails,Dip Powder Nails,PRV0007,65.66,1,0.0,13.13,78.79,completed,debit_card
OL00003303,ORD0003387,APT0003387,CLT00184,BIZ004,2025-01-16,Nails,Gel Manicure,PRV0017,48.67,1,0.0,8.76,57.43,completed,google_pay
OL00003304,ORD0003388,APT0003388,CLT00184,BIZ004,2025-02-10,Nails,Gel Manicure,PRV0013,49.81,1,3.86,0.0,45.95,completed,credit_card
OL00003305,ORD0003389,APT0003389,CLT00184,BIZ004,2025-02-24,Nails,Pedicure,PRV0020,62.6,1,0.0,9.39,71.99,completed,credit_card
OL00003306,ORD0003390,APT0003390,CLT00184,BIZ004,2025-03-16,Hair,Keratin Treatment,PRV0010,267.38,1,11.2,38.43,294.61,completed,apple_pay
OL00003307,ORD0003391,APT0003391,CLT00184,BIZ004,2025-04-06,Nails,Gel Manicure,PRV0019,55.83,1,0.0,11.17,67.0,completed,debit_card
OL00003308,ORD0003392,APT0003392,CLT00184,BIZ004,2025-04-27,Hair,Haircut & Style,PRV0003,59.88,1,5.95,9.71,63.64,completed,apple_pay
OL00003309,ORD0003393,APT0003393,CLT00184,BIZ004,2025-05-23,Nails,Nail Art Add-On,PRV0006,20.01,1,0.0,4.0,24.01,completed,cash
OL00003310,ORD0003394,APT0003394,CLT00184,BIZ004,2025-06-08,Nails,Pedicure,PRV0012,61.37,1,0.0,9.21,70.58,completed,credit_card
OL00003311,ORD0003395,APT0003395,CLT00184,BIZ004,2025-07-04,Nails,Manicure,PRV0013,35.49,1,0.0,8.87,44.36,completed,cash
OL00003312,ORD0003396,APT0003396,CLT00184,BIZ004,2025-07-30,Nails,Nail Art Add-On,PRV0009,19.92,1,0.0,0.0,19.92,completed,google_pay
OL00003313,ORD0003397,APT0003397,CLT00184,BIZ004,2025-08-16,Nails,Gel Manicure,PRV0001,48.82,1,0.0,0.0,48.82,completed,debit_card
OL00003314,ORD0003398,APT0003398,CLT00184,BIZ004,2025-09-13,Nails,Gel Manicure,PRV0013,50.59,1,0.0,12.65,63.24,completed,debit_card
OL00003315,ORD0003399,APT0003399,CLT00184,BIZ004,2025-10-04,Nails,Dip Powder Nails,PRV0017,74.59,1,0.0,14.92,89.51,completed,cash
OL00003316,ORD0003400,APT0003400,CLT00184,BIZ004,2025-10-19,Nails,Nail Art Add-On,PRV0004,21.46,1,0.0,0.0,21.46,completed,gift_card
OL00003317,ORD0003403,APT0003403,CLT00185,BIZ005,2024-04-28,Hair,Haircut & Style,PRV0020,73.64,1,0.0,0.0,73.64,completed,google_pay
OL00003318,ORD0003404,APT0003404,CLT00185,BIZ005,2024-06-13,Hair,Keratin Treatment,PRV0017,289.39,1,26.16,47.38,310.61,completed,gift_card
OL00003319,ORD0003405,APT0003405,CLT00185,BIZ005,2024-07-23,Hair,Keratin Treatment,PRV0001,260.66,1,0.0,46.92,307.58,completed,cash
OL00003320,ORD0003406,APT0003406,CLT00185,BIZ005,2024-09-09,Hair,Color - Highlights,PRV0010,182.1,1,17.89,32.84,197.05,completed,credit_card
OL00003321,ORD0003407,APT0003407,CLT00185,BIZ005,2024-10-30,Hair,Color - Single Process,PRV0003,123.81,1,0.0,24.76,148.57,completed,google_pay
OL00003322,ORD0003408,APT0003408,CLT00185,BIZ005,2024-12-14,Hair,Root Touch-Up,PRV0014,82.94,1,0.0,14.93,97.87,completed,apple_pay
OL00003323,ORD0003409,APT0003409,CLT00185,BIZ005,2025-01-25,Hair,Keratin Treatment,PRV0015,300.97,1,0.0,45.15,346.12,completed,debit_card
OL00003324,ORD0003410,APT0003410,CLT00185,BIZ005,2025-03-09,Hair,Keratin Treatment,PRV0015,259.21,1,0.0,46.66,305.87,completed,credit_card
OL00003325,ORD0003411,APT0003411,CLT00185,BIZ005,2025-04-25,Hair,Root Touch-Up,PRV0018,95.99,1,0.0,17.28,113.27,completed,credit_card
OL00003326,ORD0003412,APT0003412,CLT00185,BIZ005,2025-06-02,Hair,Color - Single Process,PRV0013,110.72,1,0.0,0.0,110.72,completed,credit_card
OL00003327,ORD0003413,APT0003413,CLT00185,BIZ005,2025-07-11,Hair,Color - Single Process,PRV0010,125.11,1,0.0,0.0,125.11,completed,apple_pay
OL00003328,ORD0003415,APT0003415,CLT00186,BIZ004,2024-05-25,Nails,Pedicure,PRV0005,50.79,1,0.0,10.16,60.95,completed,google_pay
OL00003329,ORD0003415,APT0003415,CLT00186,BIZ004,2024-05-25,Waxing,Lip & Chin Wax,PRV0005,19.17,1,0.0,2.88,22.05,completed,cash
OL00003330,ORD0003416,APT0003416,CLT00186,BIZ004,2024-07-28,Massage,Swedish Massage 60min,PRV0003,107.44,1,0.0,21.49,128.93,completed,google_pay
OL00003331,ORD0003417,APT0003417,CLT00186,BIZ004,2024-10-03,Nails,Dip Powder Nails,PRV0012,63.07,1,0.0,0.0,63.07,completed,gift_card
OL00003332,ORD0003418,APT0003418,CLT00186,BIZ004,2024-12-08,Nails,Nail Art Add-On,PRV0014,19.51,1,1.7,3.56,21.37,completed,cash
OL00003333,ORD0003419,APT0003419,CLT00186,BIZ004,2025-02-06,Nails,Gel Manicure,PRV0009,49.29,1,0.0,9.86,59.15,completed,debit_card
OL00003334,ORD0003420,APT0003420,CLT00186,BIZ004,2025-04-07,Massage,Swedish Massage 60min,PRV0017,125.64,1,0.0,18.85,144.49,completed,credit_card
OL00003335,ORD0003420,APT0003420,CLT00186,BIZ004,2025-04-07,Nails,Gel Manicure,PRV0017,51.37,1,0.0,10.27,61.64,completed,gift_card
OL00003336,ORD0003421,APT0003421,CLT00186,BIZ004,2025-06-01,Massage,Swedish Massage 60min,PRV0018,117.42,1,4.06,22.67,136.03,completed,apple_pay
OL00003337,ORD0003422,APT0003422,CLT00186,BIZ004,2025-08-05,Massage,Swedish Massage 60min,PRV0004,116.17,1,0.0,17.43,133.6,completed,cash
OL00003338,ORD0003423,APT0003423,CLT00186,BIZ004,2025-10-07,Massage,Deep Tissue 60min,PRV0011,121.03,1,0.0,30.26,151.29,completed,cash
OL00003339,ORD0003424,APT0003424,CLT00186,BIZ004,2025-11-30,Massage,Deep Tissue 60min,PRV0002,143.43,1,0.0,25.82,169.25,completed,debit_card
OL00003340,ORD0003424,APT0003424,CLT00186,BIZ004,2025-11-30,Nails,Gel Manicure,PRV0002,52.17,1,0.0,0.0,52.17,completed,google_pay
OL00003341,ORD0003426,APT0003426,CLT00186,BIZ004,2026-04-04,Massage,Deep Tissue 60min,PRV0005,140.43,1,0.0,28.09,168.52,completed,apple_pay
OL00003342,ORD0003427,APT0003427,CLT00187,BIZ007,2024-04-15,Waxing,Lip & Chin Wax,PRV0020,21.86,1,0.0,0.0,21.86,completed,gift_card
OL00003343,ORD0003428,APT0003428,CLT00187,BIZ007,2024-06-12,Waxing,Brow Wax & Shape,PRV0018,25.82,1,2.27,4.71,28.26,completed,credit_card
OL00003344,ORD0003429,APT0003429,CLT00187,BIZ007,2024-08-11,Waxing,Lip & Chin Wax,PRV0020,20.59,1,1.76,3.39,22.22,completed,cash
OL00003345,ORD0003430,APT0003430,CLT00187,BIZ007,2024-10-12,Waxing,Brazilian Wax,PRV0013,72.03,1,0.0,10.8,82.83,completed,google_pay
OL00003346,ORD0003431,APT0003431,CLT00187,BIZ007,2024-12-08,Hair,Balayage,PRV0007,222.61,1,0.0,44.52,267.13,completed,cash
OL00003347,ORD0003432,APT0003432,CLT00187,BIZ007,2025-02-07,Waxing,Brazilian Wax,PRV0005,66.39,1,0.0,11.95,78.34,completed,debit_card
OL00003348,ORD0003433,APT0003433,CLT00187,BIZ007,2025-04-15,Hair,Color - Highlights,PRV0010,172.47,1,0.0,34.49,206.96,completed,cash
OL00003349,ORD0003434,APT0003434,CLT00187,BIZ007,2025-06-09,Waxing,Lip & Chin Wax,PRV0005,21.15,1,0.0,4.23,25.38,completed,apple_pay
OL00003350,ORD0003435,APT0003435,CLT00187,BIZ007,2025-08-14,Hair,Balayage,PRV0003,233.9,1,0.0,0.0,233.9,completed,credit_card
OL00003351,ORD0003436,APT0003436,CLT00187,BIZ007,2025-10-12,Hair,Haircut & Style,PRV0020,70.44,1,0.0,12.68,83.12,completed,debit_card
OL00003352,ORD0003437,APT0003437,CLT00187,BIZ007,2025-12-15,Waxing,Brow Wax & Shape,PRV0014,25.52,1,0.0,4.59,30.11,completed,cash
OL00003353,ORD0003438,APT0003438,CLT00187,BIZ007,2026-02-20,Hair,Color - Highlights,PRV0001,158.73,1,0.0,31.75,190.48,completed,debit_card
OL00003354,ORD0003440,APT0003440,CLT00188,BIZ007,2024-09-28,Hair,Root Touch-Up,PRV0002,84.53,1,0.0,0.0,84.53,completed,gift_card
OL00003355,ORD0003440,APT0003440,CLT00188,BIZ007,2024-09-28,Nails,Dip Powder Nails,PRV0002,64.94,1,0.0,9.74,74.68,completed,debit_card
OL00003356,ORD0003441,APT0003441,CLT00188,BIZ007,2024-12-26,Nails,Dip Powder Nails,PRV0004,64.69,1,0.0,0.0,64.69,completed,google_pay
OL00003357,ORD0003442,APT0003442,CLT00188,BIZ007,2025-03-30,Hair,Blowout,PRV0003,46.53,1,0.28,0.0,46.25,completed,cash
OL00003358,ORD0003442,APT0003442,CLT00188,BIZ007,2025-03-30,Nails,Gel Manicure,PRV0003,49.85,1,0.0,0.0,49.85,completed,gift_card
OL00003359,ORD0003444,APT0003444,CLT00188,BIZ007,2025-09-13,Nails,Nail Art Add-On,PRV0019,22.43,1,0.0,3.36,25.79,completed,gift_card
OL00003360,ORD0003445,APT0003445,CLT00188,BIZ007,2025-12-15,Nails,Nail Art Add-On,PRV0001,21.8,1,0.0,3.92,25.72,completed,gift_card
OL00003361,ORD0003445,APT0003445,CLT00188,BIZ007,2025-12-15,Waxing,Lip & Chin Wax,PRV0001,20.06,1,0.0,4.01,24.07,completed,apple_pay
OL00003362,ORD0003446,APT0003446,CLT00188,BIZ007,2026-03-08,Hair,Color - Single Process,PRV0007,106.28,1,0.0,15.94,122.22,completed,cash
OL00003363,ORD0003446,APT0003446,CLT00188,BIZ007,2026-03-08,Nails,Dip Powder Nails,PRV0007,67.27,1,0.0,0.0,67.27,completed,credit_card
OL00003364,ORD0003447,APT0003447,CLT00189,BIZ006,2024-05-04,Massage,Deep Tissue 60min,PRV0005,114.15,1,0.0,17.12,131.27,completed,debit_card
OL00003365,ORD0003448,APT0003448,CLT00189,BIZ006,2024-06-12,Hair,Blowout,PRV0008,51.8,1,0.0,10.36,62.16,completed,gift_card
OL00003366,ORD0003449,APT0003449,CLT00189,BIZ006,2024-07-22,Massage,Swedish Massage 60min,PRV0004,120.22,1,0.0,18.03,138.25,completed,gift_card
OL00003367,ORD0003450,APT0003450,CLT00189,BIZ006,2024-08-23,Hair,Haircut & Style,PRV0005,60.12,1,0.0,10.82,70.94,completed,cash
OL00003368,ORD0003451,APT0003451,CLT00189,BIZ006,2024-10-02,Hair,Haircut & Style,PRV0014,73.33,1,2.45,14.18,85.06,completed,google_pay
OL00003369,ORD0003452,APT0003452,CLT00189,BIZ006,2024-11-05,Hair,Root Touch-Up,PRV0001,87.85,1,0.0,13.18,101.03,completed,google_pay
OL00003370,ORD0003453,APT0003453,CLT00189,BIZ006,2024-12-12,Massage,Swedish Massage 60min,PRV0014,114.65,1,5.35,27.33,136.63,completed,apple_pay
OL00003371,ORD0003454,APT0003454,CLT00189,BIZ006,2025-01-21,Hair,Color - Highlights,PRV0016,176.57,1,0.0,0.0,176.57,completed,gift_card
OL00003372,ORD0003455,APT0003455,CLT00189,BIZ006,2025-03-01,Massage,Swedish Massage 60min,PRV0001,106.29,1,0.0,21.26,127.55,completed,apple_pay
OL00003373,ORD0003456,APT0003456,CLT00189,BIZ006,2025-04-10,Hair,Balayage,PRV0004,231.55,1,0.0,41.68,273.23,completed,gift_card
OL00003374,ORD0003457,APT0003457,CLT00189,BIZ006,2025-05-11,Hair,Color - Single Process,PRV0005,118.74,1,0.0,21.37,140.11,completed,apple_pay
OL00003375,ORD0003458,APT0003458,CLT00189,BIZ006,2025-06-13,Massage,Deep Tissue 60min,PRV0013,141.38,1,0.0,28.28,169.66,completed,gift_card
OL00003376,ORD0003459,APT0003459,CLT00189,BIZ006,2025-07-18,Hair,Blowout,PRV0011,49.97,1,0.0,9.99,59.96,completed,debit_card
OL00003377,ORD0003460,APT0003460,CLT00189,BIZ006,2025-08-19,Hair,Keratin Treatment,PRV0009,266.35,1,0.0,39.95,306.3,completed,apple_pay
OL00003378,ORD0003461,APT0003461,CLT00189,BIZ006,2025-09-21,Massage,Swedish Massage 60min,PRV0020,106.82,1,9.64,14.58,111.76,completed,gift_card
OL00003379,ORD0003462,APT0003462,CLT00189,BIZ006,2025-10-24,Massage,Prenatal Massage,PRV0010,99.57,1,0.0,17.92,117.49,completed,debit_card
OL00003380,ORD0003463,APT0003463,CLT00189,BIZ006,2025-11-28,Hair,Color - Single Process,PRV0001,118.78,1,0.0,21.38,140.16,completed,apple_pay
OL00003381,ORD0003464,APT0003464,CLT00189,BIZ006,2026-01-07,Hair,Blowout,PRV0018,49.36,1,0.0,0.0,49.36,completed,debit_card
OL00003382,ORD0003465,APT0003465,CLT00189,BIZ006,2026-02-10,Massage,Prenatal Massage,PRV0017,102.59,1,0.0,20.52,123.11,completed,google_pay
OL00003383,ORD0003466,APT0003466,CLT00189,BIZ006,2026-03-12,Massage,Prenatal Massage,PRV0009,124.3,1,0.0,18.64,142.94,completed,debit_card
OL00003384,ORD0003467,APT0003467,CLT00190,BIZ005,2024-04-30,Skin,Microdermabrasion,PRV0015,125.04,1,0.0,0.0,125.04,completed,cash
OL00003385,ORD0003467,APT0003467,CLT00190,BIZ005,2024-04-30,Nails,Gel Manicure,PRV0015,50.71,1,0.0,0.0,50.71,completed,gift_card
OL00003386,ORD0003468,APT0003468,CLT00190,BIZ005,2024-06-27,Hair,Haircut & Style,PRV0011,74.02,1,0.0,11.1,85.12,completed,cash
OL00003387,ORD0003469,APT0003469,CLT00190,BIZ005,2024-08-31,Hair,Haircut & Style,PRV0015,59.26,1,0.0,8.89,68.15,completed,apple_pay
OL00003388,ORD0003470,APT0003470,CLT00190,BIZ005,2024-10-31,Skin,Deep Cleansing Facial,PRV0013,127.9,1,0.0,25.58,153.48,completed,apple_pay
OL00003389,ORD0003470,APT0003470,CLT00190,BIZ005,2024-10-31,Nails,Dip Powder Nails,PRV0013,66.3,1,0.0,11.93,78.23,completed,apple_pay
OL00003390,ORD0003471,APT0003471,CLT00190,BIZ005,2024-12-29,Hair,Haircut & Style,PRV0002,63.26,1,0.0,12.65,75.91,completed,cash
OL00003391,ORD0003472,APT0003472,CLT00190,BIZ005,2025-03-01,Skin,Deep Cleansing Facial,PRV0017,116.45,1,0.0,20.96,137.41,completed,gift_card
OL00003392,ORD0003472,APT0003472,CLT00190,BIZ005,2025-03-01,Nails,Dip Powder Nails,PRV0017,64.84,1,0.0,9.73,74.57,completed,google_pay
OL00003393,ORD0003473,APT0003473,CLT00190,BIZ005,2025-05-06,Hair,Balayage,PRV0007,198.25,1,0.0,35.68,233.93,completed,apple_pay
OL00003394,ORD0003473,APT0003473,CLT00190,BIZ005,2025-05-06,Nails,Nail Art Add-On,PRV0007,20.82,1,0.0,3.75,24.57,completed,credit_card
OL00003395,ORD0003475,APT0003475,CLT00190,BIZ005,2025-08-30,Hair,Color - Highlights,PRV0018,149.86,1,0.0,22.48,172.34,completed,google_pay
OL00003396,ORD0003475,APT0003475,CLT00190,BIZ005,2025-08-30,Nails,Pedicure,PRV0018,56.77,1,0.0,10.22,66.99,completed,cash
OL00003397,ORD0003476,APT0003476,CLT00190,BIZ005,2025-10-24,Hair,Color - Single Process,PRV0011,103.91,1,0.0,25.98,129.89,completed,cash
OL00003398,ORD0003476,APT0003476,CLT00190,BIZ005,2025-10-24,Nails,Nail Art Add-On,PRV0011,20.09,1,0.0,0.0,20.09,completed,cash
OL00003399,ORD0003477,APT0003477,CLT00190,BIZ005,2025-12-28,Skin,Classic Facial,PRV0015,89.15,1,0.0,17.83,106.98,completed,gift_card
OL00003400,ORD0003479,APT0003479,CLT00191,BIZ009,2024-05-03,Hair,Keratin Treatment,PRV0015,290.1,1,23.83,47.93,314.2,completed,debit_card
OL00003401,ORD0003480,APT0003480,CLT00191,BIZ009,2024-06-01,Skin,Deep Cleansing Facial,PRV0019,129.1,1,0.0,23.24,152.34,completed,gift_card
OL00003402,ORD0003481,APT0003481,CLT00191,BIZ009,2024-07-03,Skin,Chemical Peel,PRV0020,158.46,1,0.0,31.69,190.15,completed,apple_pay
OL00003403,ORD0003482,APT0003482,CLT00191,BIZ009,2024-08-05,Skin,LED Light Therapy,PRV0009,90.41,1,0.0,18.08,108.49,completed,credit_card
OL00003404,ORD0003483,APT0003483,CLT00191,BIZ009,2024-09-03,Skin,Classic Facial,PRV0012,85.94,1,0.0,15.47,101.41,completed,credit_card
OL00003405,ORD0003484,APT0003484,CLT00191,BIZ009,2024-10-03,Skin,LED Light Therapy,PRV0003,86.45,1,0.0,15.56,102.01,completed,gift_card
OL00003406,ORD0003485,APT0003485,CLT00191,BIZ009,2024-11-06,Hair,Color - Single Process,PRV0009,122.4,1,0.0,0.0,122.4,completed,credit_card
OL00003407,ORD0003486,APT0003486,CLT00191,BIZ009,2024-12-14,Hair,Blowout,PRV0018,48.38,1,0.0,9.68,58.06,completed,cash
OL00003408,ORD0003487,APT0003487,CLT00191,BIZ009,2025-01-17,Hair,Blowout,PRV0012,55.5,1,0.0,9.99,65.49,completed,debit_card
OL00003409,ORD0003489,APT0003489,CLT00191,BIZ009,2025-03-30,Skin,Deep Cleansing Facial,PRV0011,127.73,1,0.0,19.16,146.89,completed,gift_card
OL00003410,ORD0003490,APT0003490,CLT00191,BIZ009,2025-05-08,Skin,Microdermabrasion,PRV0014,140.69,1,4.78,24.46,160.37,completed,credit_card
OL00003411,ORD0003491,APT0003491,CLT00191,BIZ009,2025-06-18,Hair,Root Touch-Up,PRV0010,90.22,1,0.0,18.04,108.26,completed,gift_card
OL00003412,ORD0003492,APT0003492,CLT00191,BIZ009,2025-07-19,Hair,Haircut & Style,PRV0013,73.19,1,0.0,10.98,84.17,completed,google_pay
OL00003413,ORD0003493,APT0003493,CLT00191,BIZ009,2025-08-18,Hair,Keratin Treatment,PRV0006,284.12,1,0.0,51.14,335.26,completed,debit_card
OL00003414,ORD0003494,APT0003494,CLT00191,BIZ009,2025-09-17,Hair,Balayage,PRV0020,245.23,1,0.0,0.0,245.23,completed,gift_card
OL00003415,ORD0003495,APT0003495,CLT00191,BIZ009,2025-10-26,Skin,Deep Cleansing Facial,PRV0009,109.37,1,2.13,16.09,123.33,completed,cash
OL00003416,ORD0003496,APT0003496,CLT00191,BIZ009,2025-12-02,Skin,Chemical Peel,PRV0017,144.21,1,0.0,21.63,165.84,completed,apple_pay
OL00003417,ORD0003497,APT0003497,CLT00191,BIZ009,2026-01-05,Skin,Deep Cleansing Facial,PRV0018,108.73,1,0.0,21.75,130.48,completed,apple_pay
OL00003418,ORD0003498,APT0003498,CLT00191,BIZ009,2026-02-14,Skin,LED Light Therapy,PRV0004,77.46,1,2.66,11.22,86.02,completed,gift_card
OL00003419,ORD0003499,APT0003499,CLT00191,BIZ009,2026-03-28,Skin,Chemical Peel,PRV0005,140.12,1,0.0,25.22,165.34,completed,apple_pay
OL00003420,ORD0003500,APT0003500,CLT00192,BIZ004,2024-04-16,Hair,Balayage,PRV0004,227.41,1,0.0,45.48,272.89,completed,gift_card
OL00003421,ORD0003501,APT0003501,CLT00192,BIZ004,2024-05-23,Hair,Keratin Treatment,PRV0007,308.31,1,0.0,46.25,354.56,completed,cash
OL00003422,ORD0003502,APT0003502,CLT00192,BIZ004,2024-06-26,Hair,Root Touch-Up,PRV0017,94.79,1,0.0,14.22,109.01,completed,gift_card
OL00003423,ORD0003503,APT0003503,CLT00192,BIZ004,2024-07-24,Hair,Root Touch-Up,PRV0019,83.55,1,0.83,12.41,95.13,completed,gift_card
OL00003424,ORD0003504,APT0003504,CLT00192,BIZ004,2024-08-28,Hair,Blowout,PRV0013,51.67,1,0.0,9.3,60.97,completed,credit_card
OL00003425,ORD0003504,APT0003504,CLT00192,BIZ004,2024-08-28,Nails,Manicure,PRV0013,35.7,1,0.0,7.14,42.84,completed,google_pay
OL00003426,ORD0003505,APT0003505,CLT00192,BIZ004,2024-09-28,Hair,Color - Highlights,PRV0007,181.06,1,0.0,27.16,208.22,completed,gift_card
OL00003427,ORD0003505,APT0003505,CLT00192,BIZ004,2024-09-28,Nails,Dip Powder Nails,PRV0007,67.19,1,0.0,0.0,67.19,completed,gift_card
OL00003428,ORD0003506,APT0003506,CLT00192,BIZ004,2024-11-07,Hair,Root Touch-Up,PRV0001,83.27,1,0.0,12.49,95.76,completed,debit_card
OL00003429,ORD0003507,APT0003507,CLT00192,BIZ004,2024-12-08,Hair,Color - Highlights,PRV0019,163.94,1,0.0,0.0,163.94,completed,debit_card
OL00003430,ORD0003509,APT0003509,CLT00192,BIZ004,2025-02-19,Hair,Keratin Treatment,PRV0011,296.78,1,0.0,59.36,356.14,completed,gift_card
OL00003431,ORD0003510,APT0003510,CLT00192,BIZ004,2025-03-29,Hair,Color - Highlights,PRV0013,181.95,1,0.0,36.39,218.34,completed,apple_pay
OL00003432,ORD0003510,APT0003510,CLT00192,BIZ004,2025-03-29,Nails,Gel Manicure,PRV0013,50.48,1,0.0,10.1,60.58,completed,debit_card
OL00003433,ORD0003511,APT0003511,CLT00192,BIZ004,2025-05-01,Hair,Blowout,PRV0009,46.62,1,0.0,0.0,46.62,completed,google_pay
OL00003434,ORD0003511,APT0003511,CLT00192,BIZ004,2025-05-01,Nails,Dip Powder Nails,PRV0009,64.27,1,0.0,11.57,75.84,completed,apple_pay
OL00003435,ORD0003512,APT0003512,CLT00192,BIZ004,2025-05-29,Hair,Color - Single Process,PRV0007,118.93,1,0.0,0.0,118.93,completed,google_pay
OL00003436,ORD0003513,APT0003513,CLT00192,BIZ004,2025-07-01,Hair,Haircut & Style,PRV0003,69.52,1,0.0,10.43,79.95,completed,apple_pay
OL00003437,ORD0003514,APT0003514,CLT00192,BIZ004,2025-08-02,Hair,Blowout,PRV0002,54.13,1,0.0,8.12,62.25,completed,apple_pay
OL00003438,ORD0003514,APT0003514,CLT00192,BIZ004,2025-08-02,Nails,Manicure,PRV0002,35.47,1,0.0,5.32,40.79,completed,gift_card
OL00003439,ORD0003515,APT0003515,CLT00192,BIZ004,2025-09-10,Hair,Color - Highlights,PRV0002,186.76,1,0.0,37.35,224.11,completed,debit_card
OL00003440,ORD0003515,APT0003515,CLT00192,BIZ004,2025-09-10,Nails,Dip Powder Nails,PRV0002,67.57,1,0.0,0.0,67.57,completed,debit_card
OL00003441,ORD0003516,APT0003516,CLT00192,BIZ004,2025-10-19,Hair,Haircut & Style,PRV0016,72.24,1,1.94,12.65,82.95,completed,credit_card
OL00003442,ORD0003517,APT0003517,CLT00192,BIZ004,2025-11-17,Hair,Keratin Treatment,PRV0011,312.81,1,0.0,56.31,369.12,completed,cash
OL00003443,ORD0003518,APT0003518,CLT00192,BIZ004,2025-12-28,Hair,Keratin Treatment,PRV0010,301.83,1,0.0,0.0,301.83,completed,apple_pay
OL00003444,ORD0003519,APT0003519,CLT00192,BIZ004,2026-01-29,Hair,Balayage,PRV0015,251.55,1,0.0,37.73,289.28,completed,google_pay
OL00003445,ORD0003519,APT0003519,CLT00192,BIZ004,2026-01-29,Nails,Gel Manicure,PRV0015,47.55,1,0.0,8.56,56.11,completed,google_pay
OL00003446,ORD0003520,APT0003520,CLT00192,BIZ004,2026-02-26,Hair,Haircut & Style,PRV0014,64.14,1,0.0,11.55,75.69,completed,cash
OL00003447,ORD0003521,APT0003521,CLT00192,BIZ004,2026-04-02,Hair,Balayage,PRV0005,209.11,1,0.0,0.0,209.11,completed,debit_card
OL00003448,ORD0003521,APT0003521,CLT00192,BIZ004,2026-04-02,Nails,Dip Powder Nails,PRV0005,63.3,1,0.0,0.0,63.3,completed,cash
OL00003449,ORD0003522,APT0003522,CLT00193,BIZ003,2024-05-15,Waxing,Brazilian Wax,PRV0005,74.36,1,2.96,0.0,71.4,completed,debit_card
OL00003450,ORD0003523,APT0003523,CLT00193,BIZ003,2024-06-25,Waxing,Full Leg Wax,PRV0001,79.43,1,0.0,11.91,91.34,completed,debit_card
OL00003451,ORD0003524,APT0003524,CLT00193,BIZ003,2024-08-15,Skin,LED Light Therapy,PRV0008,92.95,1,0.25,0.0,92.7,completed,google_pay
OL00003452,ORD0003525,APT0003525,CLT00193,BIZ003,2024-10-03,Waxing,Full Leg Wax,PRV0019,80.89,1,0.0,12.13,93.02,completed,debit_card
OL00003453,ORD0003526,APT0003526,CLT00193,BIZ003,2024-11-11,Skin,Microdermabrasion,PRV0019,146.06,1,0.0,21.91,167.97,completed,gift_card
OL00003454,ORD0003527,APT0003527,CLT00193,BIZ003,2025-01-01,Skin,Microdermabrasion,PRV0015,147.35,1,0.0,0.0,147.35,completed,apple_pay
OL00003455,ORD0003529,APT0003529,CLT00193,BIZ003,2025-04-07,Skin,Classic Facial,PRV0014,105.44,1,0.73,18.85,123.56,completed,debit_card
OL00003456,ORD0003530,APT0003530,CLT00193,BIZ003,2025-05-24,Skin,Deep Cleansing Facial,PRV0015,113.86,1,0.0,0.0,113.86,completed,apple_pay
OL00003457,ORD0003532,APT0003532,CLT00193,BIZ003,2025-08-27,Waxing,Full Leg Wax,PRV0006,71.58,1,0.0,0.0,71.58,completed,debit_card
OL00003458,ORD0003533,APT0003533,CLT00193,BIZ003,2025-10-17,Skin,Classic Facial,PRV0004,92.61,1,3.13,0.0,89.48,completed,cash
OL00003459,ORD0003534,APT0003534,CLT00193,BIZ003,2025-11-24,Waxing,Brazilian Wax,PRV0019,73.21,1,0.0,10.98,84.19,completed,apple_pay
OL00003460,ORD0003535,APT0003535,CLT00193,BIZ003,2026-01-14,Skin,Deep Cleansing Facial,PRV0015,111.39,1,0.0,22.28,133.67,completed,cash
OL00003461,ORD0003536,APT0003536,CLT00193,BIZ003,2026-02-22,Waxing,Full Leg Wax,PRV0020,81.21,1,0.0,14.62,95.83,completed,apple_pay
OL00003462,ORD0003537,APT0003537,CLT00194,BIZ010,2024-04-08,Skin,Deep Cleansing Facial,PRV0001,108.13,1,0.0,21.63,129.76,completed,cash
OL00003463,ORD0003538,APT0003538,CLT00194,BIZ010,2024-05-20,Waxing,Brazilian Wax,PRV0015,61.23,1,0.0,9.18,70.41,completed,debit_card
OL00003464,ORD0003539,APT0003539,CLT00194,BIZ010,2024-06-29,Waxing,Lip & Chin Wax,PRV0005,22.22,1,0.0,4.0,26.22,completed,gift_card
OL00003465,ORD0003540,APT0003540,CLT00194,BIZ010,2024-08-01,Skin,Chemical Peel,PRV0004,157.54,1,11.82,21.86,167.58,completed,gift_card
OL00003466,ORD0003541,APT0003541,CLT00194,BIZ010,2024-08-31,Waxing,Full Leg Wax,PRV0014,75.39,1,0.0,0.0,75.39,completed,gift_card
OL00003467,ORD0003542,APT0003542,CLT00194,BIZ010,2024-10-09,Waxing,Brow Wax & Shape,PRV0002,23.75,1,0.0,0.0,23.75,completed,apple_pay
OL00003468,ORD0003543,APT0003543,CLT00194,BIZ010,2024-11-14,Waxing,Full Leg Wax,PRV0009,70.13,1,0.0,0.0,70.13,completed,debit_card
OL00003469,ORD0003544,APT0003544,CLT00194,BIZ010,2024-12-12,Waxing,Brow Wax & Shape,PRV0003,23.43,1,0.0,3.51,26.94,completed,credit_card
OL00003470,ORD0003546,APT0003546,CLT00194,BIZ010,2025-02-20,Skin,Deep Cleansing Facial,PRV0019,116.45,1,0.0,0.0,116.45,completed,google_pay
OL00003471,ORD0003547,APT0003547,CLT00194,BIZ010,2025-03-25,Waxing,Brazilian Wax,PRV0015,65.98,1,0.26,0.0,65.72,completed,credit_card
OL00003472,ORD0003548,APT0003548,CLT00194,BIZ010,2025-04-29,Skin,Deep Cleansing Facial,PRV0012,126.18,1,0.0,0.0,126.18,completed,credit_card
OL00003473,ORD0003549,APT0003549,CLT00194,BIZ010,2025-06-04,Waxing,Brazilian Wax,PRV0009,59.63,1,5.78,9.69,63.54,completed,google_pay
OL00003474,ORD0003550,APT0003550,CLT00194,BIZ010,2025-07-07,Skin,Deep Cleansing Facial,PRV0001,125.05,1,0.0,22.51,147.56,completed,google_pay
OL00003475,ORD0003551,APT0003551,CLT00194,BIZ010,2025-08-08,Waxing,Brow Wax & Shape,PRV0015,26.7,1,0.0,6.67,33.37,completed,credit_card
OL00003476,ORD0003552,APT0003552,CLT00194,BIZ010,2025-09-16,Skin,Chemical Peel,PRV0017,147.02,1,0.0,22.05,169.07,completed,credit_card
OL00003477,ORD0003553,APT0003553,CLT00194,BIZ010,2025-10-24,Waxing,Lip & Chin Wax,PRV0004,20.61,1,0.0,0.0,20.61,completed,google_pay
OL00003478,ORD0003554,APT0003554,CLT00194,BIZ010,2025-11-30,Skin,LED Light Therapy,PRV0016,91.06,1,7.09,15.11,99.08,completed,credit_card
OL00003479,ORD0003555,APT0003555,CLT00194,BIZ010,2025-12-28,Skin,Chemical Peel,PRV0016,139.78,1,0.0,25.16,164.94,completed,apple_pay
OL00003480,ORD0003556,APT0003556,CLT00194,BIZ010,2026-02-06,Skin,Classic Facial,PRV0001,108.15,1,0.0,0.0,108.15,completed,apple_pay
OL00003481,ORD0003557,APT0003557,CLT00194,BIZ010,2026-03-09,Waxing,Full Leg Wax,PRV0016,71.0,1,1.03,12.59,82.56,completed,cash
OL00003482,ORD0003558,APT0003558,CLT00195,BIZ002,2024-06-06,Skin,Classic Facial,PRV0011,104.8,1,0.0,0.0,104.8,completed,credit_card
OL00003483,ORD0003559,APT0003559,CLT00195,BIZ002,2024-08-06,Nails,Manicure,PRV0002,38.6,1,0.0,6.95,45.55,completed,debit_card
OL00003484,ORD0003560,APT0003560,CLT00195,BIZ002,2024-09-28,Skin,Classic Facial,PRV0010,93.47,1,0.0,18.69,112.16,completed,cash
OL00003485,ORD0003561,APT0003561,CLT00195,BIZ002,2024-12-04,Nails,Gel Manicure,PRV0005,50.33,1,0.0,9.06,59.39,completed,cash
OL00003486,ORD0003562,APT0003562,CLT00195,BIZ002,2025-01-30,Skin,LED Light Therapy,PRV0003,83.6,1,0.0,0.0,83.6,completed,gift_card
OL00003487,ORD0003563,APT0003563,CLT00195,BIZ002,2025-03-26,Nails,Dip Powder Nails,PRV0016,66.59,1,0.0,11.99,78.58,completed,google_pay
OL00003488,ORD0003566,APT0003566,CLT00195,BIZ002,2025-10-06,Nails,Manicure,PRV0003,37.13,1,1.66,8.87,44.34,completed,debit_card
OL00003489,ORD0003567,APT0003567,CLT00195,BIZ002,2025-12-03,Skin,Classic Facial,PRV0018,108.09,1,0.0,0.0,108.09,completed,credit_card
OL00003490,ORD0003568,APT0003568,CLT00195,BIZ002,2026-01-29,Nails,Nail Art Add-On,PRV0019,21.29,1,0.0,5.32,26.61,completed,google_pay
OL00003491,ORD0003569,APT0003569,CLT00195,BIZ002,2026-04-02,Skin,Deep Cleansing Facial,PRV0008,114.56,1,0.0,20.62,135.18,completed,apple_pay
OL00003492,ORD0003571,APT0003571,CLT00196,BIZ005,2024-06-04,Nails,Gel Manicure,PRV0010,52.31,1,0.0,10.46,62.77,completed,debit_card
OL00003493,ORD0003572,APT0003572,CLT00196,BIZ005,2024-07-12,Hair,Color - Single Process,PRV0006,116.48,1,0.0,20.97,137.45,completed,credit_card
OL00003494,ORD0003574,APT0003574,CLT00196,BIZ005,2024-09-16,Nails,Dip Powder Nails,PRV0005,65.81,1,0.0,13.16,78.97,completed,gift_card
OL00003495,ORD0003575,APT0003575,CLT00196,BIZ005,2024-10-22,Nails,Manicure,PRV0001,33.94,1,0.0,5.09,39.03,completed,debit_card
OL00003496,ORD0003576,APT0003576,CLT00196,BIZ005,2024-11-19,Nails,Gel Manicure,PRV0020,45.66,1,0.0,9.13,54.79,completed,google_pay
OL00003497,ORD0003577,APT0003577,CLT00196,BIZ005,2024-12-22,Nails,Pedicure,PRV0010,55.4,1,0.0,11.08,66.48,completed,google_pay
OL00003498,ORD0003578,APT0003578,CLT00196,BIZ005,2025-01-24,Hair,Root Touch-Up,PRV0008,90.55,1,0.0,16.3,106.85,completed,debit_card
OL00003499,ORD0003581,APT0003581,CLT00196,BIZ005,2025-05-11,Nails,Pedicure,PRV0020,49.84,1,0.0,8.97,58.81,completed,cash
OL00003500,ORD0003582,APT0003582,CLT00196,BIZ005,2025-06-14,Hair,Haircut & Style,PRV0016,62.74,1,0.0,11.29,74.03,completed,apple_pay
OL00003501,ORD0003583,APT0003583,CLT00196,BIZ005,2025-07-19,Nails,Nail Art Add-On,PRV0014,18.63,1,0.87,3.55,21.31,completed,google_pay
OL00003502,ORD0003584,APT0003584,CLT00196,BIZ005,2025-08-26,Nails,Dip Powder Nails,PRV0013,70.62,1,4.59,13.21,79.24,completed,google_pay
OL00003503,ORD0003585,APT0003585,CLT00196,BIZ005,2025-09-29,Hair,Balayage,PRV0013,225.89,1,0.0,33.88,259.77,completed,cash
OL00003504,ORD0003586,APT0003586,CLT00196,BIZ005,2025-11-07,Nails,Pedicure,PRV0007,62.75,1,0.0,0.0,62.75,completed,cash
OL00003505,ORD0003587,APT0003587,CLT00196,BIZ005,2025-12-11,Hair,Keratin Treatment,PRV0009,297.82,1,0.0,53.61,351.43,completed,google_pay
OL00003506,ORD0003588,APT0003588,CLT00196,BIZ005,2026-01-14,Nails,Dip Powder Nails,PRV0017,65.62,1,0.0,11.81,77.43,completed,cash
OL00003507,ORD0003589,APT0003589,CLT00196,BIZ005,2026-02-11,Hair,Blowout,PRV0009,53.88,1,0.85,10.61,63.64,completed,debit_card
OL00003508,ORD0003590,APT0003590,CLT00197,BIZ002,2024-05-11,Skin,Deep Cleansing Facial,PRV0001,135.94,1,0.0,0.0,135.94,completed,google_pay
OL00003509,ORD0003591,APT0003591,CLT00197,BIZ002,2024-06-19,Nails,Gel Manicure,PRV0010,54.19,1,0.0,8.13,62.32,completed,debit_card
OL00003510,ORD0003592,APT0003592,CLT00197,BIZ002,2024-08-06,Skin,LED Light Therapy,PRV0010,76.88,1,0.0,13.84,90.72,completed,google_pay
OL00003511,ORD0003593,APT0003593,CLT00197,BIZ002,2024-09-24,Skin,LED Light Therapy,PRV0013,92.55,1,0.0,23.14,115.69,completed,apple_pay
OL00003512,ORD0003594,APT0003594,CLT00197,BIZ002,2024-11-07,Nails,Manicure,PRV0006,37.71,1,0.0,0.0,37.71,completed,gift_card
OL00003513,ORD0003595,APT0003595,CLT00197,BIZ002,2024-12-19,Skin,Classic Facial,PRV0020,104.4,1,0.0,18.79,123.19,completed,cash
OL00003514,ORD0003597,APT0003597,CLT00197,BIZ002,2025-03-21,Skin,Deep Cleansing Facial,PRV0009,123.24,1,6.11,21.08,138.21,completed,apple_pay
OL00003515,ORD0003598,APT0003598,CLT00197,BIZ002,2025-04-30,Nails,Gel Manicure,PRV0008,55.55,1,1.11,8.17,62.61,completed,gift_card
OL00003516,ORD0003599,APT0003599,CLT00197,BIZ002,2025-06-12,Skin,Classic Facial,PRV0011,86.32,1,0.0,21.58,107.9,completed,apple_pay
OL00003517,ORD0003600,APT0003600,CLT00197,BIZ002,2025-08-01,Nails,Dip Powder Nails,PRV0007,74.71,1,1.35,11.0,84.36,completed,apple_pay
OL00003518,ORD0003601,APT0003601,CLT00197,BIZ002,2025-09-22,Skin,Chemical Peel,PRV0005,141.95,1,0.0,0.0,141.95,completed,apple_pay
OL00003519,ORD0003602,APT0003602,CLT00197,BIZ002,2025-11-07,Skin,Chemical Peel,PRV0003,149.62,1,0.0,26.93,176.55,completed,gift_card
OL00003520,ORD0003603,APT0003603,CLT00197,BIZ002,2025-12-22,Nails,Dip Powder Nails,PRV0013,59.8,1,0.0,11.96,71.76,completed,cash
OL00003521,ORD0003605,APT0003605,CLT00198,BIZ001,2024-04-14,Nails,Nail Art Add-On,PRV0001,19.12,1,0.0,3.44,22.56,completed,credit_card
OL00003522,ORD0003606,APT0003606,CLT00198,BIZ001,2024-05-24,Massage,Hot Stone Massage,PRV0005,148.66,1,12.17,27.3,163.79,completed,gift_card
OL00003523,ORD0003607,APT0003607,CLT00198,BIZ001,2024-07-14,Massage,Hot Stone Massage,PRV0012,132.26,1,0.0,19.84,152.1,completed,gift_card
OL00003524,ORD0003608,APT0003608,CLT00198,BIZ001,2024-08-27,Massage,Swedish Massage 60min,PRV0020,108.93,1,0.0,16.34,125.27,completed,gift_card
OL00003525,ORD0003609,APT0003609,CLT00198,BIZ001,2024-10-18,Massage,Deep Tissue 60min,PRV0015,122.87,1,0.0,22.12,144.99,completed,google_pay
OL00003526,ORD0003610,APT0003610,CLT00198,BIZ001,2024-12-05,Massage,Deep Tissue 60min,PRV0018,124.53,1,0.0,22.42,146.95,completed,google_pay
OL00003527,ORD0003611,APT0003611,CLT00198,BIZ001,2025-01-21,Nails,Gel Manicure,PRV0017,45.78,1,0.0,9.16,54.94,completed,cash
OL00003528,ORD0003612,APT0003612,CLT00198,BIZ001,2025-03-14,Nails,Gel Manicure,PRV0001,55.29,1,0.0,9.95,65.24,completed,gift_card
OL00003529,ORD0003613,APT0003613,CLT00198,BIZ001,2025-04-26,Nails,Nail Art Add-On,PRV0002,21.08,1,0.0,3.16,24.24,completed,cash
OL00003530,ORD0003614,APT0003614,CLT00198,BIZ001,2025-06-13,Nails,Gel Manicure,PRV0018,50.01,1,0.0,10.0,60.01,completed,gift_card
OL00003531,ORD0003615,APT0003615,CLT00198,BIZ001,2025-08-03,Nails,Dip Powder Nails,PRV0004,65.74,1,0.0,11.83,77.57,completed,cash
OL00003532,ORD0003616,APT0003616,CLT00198,BIZ001,2025-09-24,Nails,Gel Manicure,PRV0003,47.65,1,0.0,9.53,57.18,completed,debit_card
OL00003533,ORD0003618,APT0003618,CLT00198,BIZ001,2025-12-24,Massage,Prenatal Massage,PRV0006,119.54,1,0.0,21.52,141.06,completed,cash
OL00003534,ORD0003619,APT0003619,CLT00198,BIZ001,2026-02-08,Massage,Prenatal Massage,PRV0006,111.77,1,0.0,20.12,131.89,completed,debit_card
OL00003535,ORD0003620,APT0003620,CLT00198,BIZ001,2026-03-28,Massage,Prenatal Massage,PRV0015,126.14,1,0.0,18.92,145.06,completed,google_pay
OL00003536,ORD0003621,APT0003621,CLT00199,BIZ001,2024-06-03,Nails,Gel Manicure,PRV0011,52.47,1,5.23,9.45,56.69,completed,debit_card
OL00003537,ORD0003622,APT0003622,CLT00199,BIZ001,2024-07-31,Massage,Swedish Massage 60min,PRV0009,126.38,1,0.0,25.28,151.66,completed,credit_card
OL00003538,ORD0003623,APT0003623,CLT00199,BIZ001,2024-10-01,Nails,Gel Manicure,PRV0003,46.42,1,0.0,0.0,46.42,completed,credit_card
OL00003539,ORD0003624,APT0003624,CLT00199,BIZ001,2024-12-03,Nails,Dip Powder Nails,PRV0020,71.93,1,0.7,14.25,85.48,completed,apple_pay
OL00003540,ORD0003625,APT0003625,CLT00199,BIZ001,2025-02-02,Massage,Deep Tissue 60min,PRV0012,143.37,1,0.0,35.84,179.21,completed,debit_card
OL00003541,ORD0003626,APT0003626,CLT00199,BIZ001,2025-03-31,Nails,Pedicure,PRV0011,59.1,1,0.0,11.82,70.92,completed,cash
OL00003542,ORD0003627,APT0003627,CLT00199,BIZ001,2025-06-02,Nails,Gel Manicure,PRV0016,47.91,1,0.0,8.62,56.53,completed,apple_pay
OL00003543,ORD0003629,APT0003629,CLT00200,BIZ003,2024-06-14,Skin,Microdermabrasion,PRV0017,124.65,1,0.0,24.93,149.58,completed,gift_card
OL00003544,ORD0003630,APT0003630,CLT00200,BIZ003,2024-09-08,Skin,Chemical Peel,PRV0013,157.75,1,0.0,31.55,189.3,completed,debit_card
OL00003545,ORD0003633,APT0003633,CLT00200,BIZ003,2025-06-23,Skin,Classic Facial,PRV0002,99.25,1,0.0,17.86,117.11,completed,credit_card
OL00003546,ORD0003634,APT0003634,CLT00200,BIZ003,2025-09-20,Hair,Color - Single Process,PRV0019,123.21,1,0.0,0.0,123.21,completed,credit_card
OL00003547,ORD0003635,APT0003635,CLT00200,BIZ003,2025-12-17,Skin,LED Light Therapy,PRV0014,97.49,1,6.12,13.71,105.08,completed,credit_card
OL00003548,ORD0003636,APT0003636,CLT00200,BIZ003,2026-03-14,Hair,Haircut & Style,PRV0011,72.64,1,0.0,0.0,72.64,completed,gift_card
OL00003549,ORD0003638,APT0003638,CLT00201,BIZ006,2024-07-21,Waxing,Brazilian Wax,PRV0019,70.83,1,0.0,12.75,83.58,completed,credit_card
OL00003550,ORD0003639,APT0003639,CLT00201,BIZ006,2024-09-26,Hair,Root Touch-Up,PRV0008,82.72,1,0.0,12.41,95.13,completed,gift_card
OL00003551,ORD0003640,APT0003640,CLT00201,BIZ006,2024-12-01,Waxing,Brow Wax & Shape,PRV0018,27.41,1,1.56,0.0,25.85,completed,credit_card
OL00003552,ORD0003641,APT0003641,CLT00201,BIZ006,2025-02-05,Hair,Root Touch-Up,PRV0007,76.88,1,0.0,11.53,88.41,completed,apple_pay
OL00003553,ORD0003642,APT0003642,CLT00201,BIZ006,2025-03-31,Hair,Balayage,PRV0007,201.24,1,0.0,30.19,231.43,completed,credit_card
OL00003554,ORD0003643,APT0003643,CLT00201,BIZ006,2025-05-26,Hair,Color - Single Process,PRV0008,120.85,1,0.0,18.13,138.98,completed,debit_card
OL00003555,ORD0003644,APT0003644,CLT00201,BIZ006,2025-07-30,Hair,Balayage,PRV0010,225.25,1,0.0,33.79,259.04,completed,gift_card
OL00003556,ORD0003645,APT0003645,CLT00202,BIZ006,2024-05-04,Hair,Root Touch-Up,PRV0003,80.85,1,0.79,0.0,80.06,completed,cash
OL00003557,ORD0003646,APT0003646,CLT00202,BIZ006,2024-06-16,Hair,Balayage,PRV0001,245.71,1,0.0,0.0,245.71,completed,cash
OL00003558,ORD0003647,APT0003647,CLT00202,BIZ006,2024-08-06,Hair,Balayage,PRV0009,231.34,1,0.32,57.76,288.78,completed,cash
OL00003559,ORD0003648,APT0003648,CLT00202,BIZ006,2024-09-13,Hair,Color - Highlights,PRV0017,173.61,1,0.0,31.25,204.86,completed,debit_card
OL00003560,ORD0003649,APT0003649,CLT00202,BIZ006,2024-10-25,Hair,Haircut & Style,PRV0002,74.22,1,0.0,11.13,85.35,completed,gift_card
OL00003561,ORD0003650,APT0003650,CLT00202,BIZ006,2024-12-13,Hair,Keratin Treatment,PRV0017,312.63,1,5.9,76.68,383.41,completed,gift_card
OL00003562,ORD0003651,APT0003651,CLT00202,BIZ006,2025-01-22,Hair,Balayage,PRV0002,228.45,1,0.0,45.69,274.14,completed,google_pay
OL00003563,ORD0003652,APT0003652,CLT00202,BIZ006,2025-03-04,Hair,Blowout,PRV0010,54.05,1,0.0,9.73,63.78,completed,gift_card
OL00003564,ORD0003653,APT0003653,CLT00202,BIZ006,2025-04-22,Hair,Balayage,PRV0011,215.51,1,0.0,38.79,254.3,completed,google_pay
OL00003565,ORD0003654,APT0003654,CLT00202,BIZ006,2025-06-08,Hair,Color - Highlights,PRV0004,175.86,1,0.0,31.65,207.51,completed,gift_card
OL00003566,ORD0003656,APT0003656,CLT00202,BIZ006,2025-09-08,Hair,Haircut & Style,PRV0010,74.25,1,5.57,0.0,68.68,completed,google_pay
OL00003567,ORD0003657,APT0003657,CLT00202,BIZ006,2025-10-17,Hair,Root Touch-Up,PRV0004,93.88,1,0.0,16.9,110.78,completed,apple_pay
OL00003568,ORD0003658,APT0003658,CLT00202,BIZ006,2025-11-29,Hair,Balayage,PRV0006,210.06,1,0.0,0.0,210.06,completed,google_pay
OL00003569,ORD0003659,APT0003659,CLT00202,BIZ006,2026-01-11,Hair,Color - Highlights,PRV0008,157.63,1,0.0,31.53,189.16,completed,debit_card
OL00003570,ORD0003660,APT0003660,CLT00202,BIZ006,2026-02-23,Hair,Keratin Treatment,PRV0013,259.55,1,0.0,46.72,306.27,completed,apple_pay
OL00003571,ORD0003661,APT0003661,CLT00203,BIZ010,2024-04-10,Hair,Haircut & Style,PRV0017,65.58,1,0.0,0.0,65.58,completed,google_pay
OL00003572,ORD0003662,APT0003662,CLT00203,BIZ010,2024-05-23,Massage,Swedish Massage 60min,PRV0004,121.9,1,0.0,0.0,121.9,completed,apple_pay
OL00003573,ORD0003663,APT0003663,CLT00203,BIZ010,2024-06-30,Massage,Hot Stone Massage,PRV0012,147.79,1,0.0,26.6,174.39,completed,debit_card
OL00003574,ORD0003663,APT0003663,CLT00203,BIZ010,2024-06-30,Nails,Dip Powder Nails,PRV0012,63.04,1,0.0,11.35,74.39,completed,debit_card
OL00003575,ORD0003664,APT0003664,CLT00203,BIZ010,2024-08-17,Hair,Root Touch-Up,PRV0006,95.44,1,0.0,17.18,112.62,completed,google_pay
OL00003576,ORD0003665,APT0003665,CLT00203,BIZ010,2024-10-06,Hair,Color - Highlights,PRV0005,161.39,1,0.0,29.05,190.44,completed,credit_card
OL00003577,ORD0003666,APT0003666,CLT00203,BIZ010,2024-11-22,Massage,Swedish Massage 60min,PRV0012,100.67,1,1.39,19.86,119.14,completed,debit_card
OL00003578,ORD0003666,APT0003666,CLT00203,BIZ010,2024-11-22,Nails,Manicure,PRV0012,33.65,1,0.0,0.0,33.65,completed,apple_pay
OL00003579,ORD0003667,APT0003667,CLT00203,BIZ010,2025-01-10,Hair,Color - Highlights,PRV0015,169.21,1,0.0,0.0,169.21,completed,apple_pay
OL00003580,ORD0003667,APT0003667,CLT00203,BIZ010,2025-01-10,Nails,Nail Art Add-On,PRV0015,19.28,1,0.0,2.89,22.17,completed,google_pay
OL00003581,ORD0003668,APT0003668,CLT00203,BIZ010,2025-03-02,Hair,Haircut & Style,PRV0019,64.99,1,0.0,11.7,76.69,completed,cash
OL00003582,ORD0003669,APT0003669,CLT00203,BIZ010,2025-04-19,Hair,Balayage,PRV0010,201.5,1,0.0,40.3,241.8,completed,gift_card
OL00003583,ORD0003670,APT0003670,CLT00203,BIZ010,2025-06-04,Hair,Keratin Treatment,PRV0007,286.33,1,0.0,57.27,343.6,completed,google_pay
OL00003584,ORD0003670,APT0003670,CLT00203,BIZ010,2025-06-04,Nails,Manicure,PRV0007,35.41,1,0.0,6.37,41.78,completed,google_pay
OL00003585,ORD0003671,APT0003671,CLT00203,BIZ010,2025-07-15,Hair,Haircut & Style,PRV0002,59.57,1,0.0,11.91,71.48,completed,google_pay
OL00003586,ORD0003672,APT0003672,CLT00203,BIZ010,2025-08-27,Massage,Hot Stone Massage,PRV0008,133.36,1,0.0,26.67,160.03,completed,debit_card
OL00003587,ORD0003672,APT0003672,CLT00203,BIZ010,2025-08-27,Nails,Dip Powder Nails,PRV0008,67.57,1,0.0,0.0,67.57,completed,google_pay
OL00003588,ORD0003673,APT0003673,CLT00203,BIZ010,2025-10-04,Hair,Balayage,PRV0010,230.02,1,2.63,40.93,268.32,completed,cash
OL00003589,ORD0003674,APT0003674,CLT00203,BIZ010,2025-11-21,Hair,Haircut & Style,PRV0005,67.97,1,0.0,12.23,80.2,completed,apple_pay
OL00003590,ORD0003675,APT0003675,CLT00203,BIZ010,2026-01-07,Hair,Haircut & Style,PRV0006,64.01,1,0.0,11.52,75.53,completed,apple_pay
OL00003591,ORD0003677,APT0003677,CLT00204,BIZ007,2024-05-03,Hair,Blowout,PRV0002,48.87,1,0.0,9.77,58.64,completed,gift_card
OL00003592,ORD0003678,APT0003678,CLT00204,BIZ007,2024-05-21,Skin,Classic Facial,PRV0017,103.07,1,0.0,18.55,121.62,completed,apple_pay
OL00003593,ORD0003679,APT0003679,CLT00204,BIZ007,2024-06-08,Skin,Microdermabrasion,PRV0012,132.04,1,0.0,33.01,165.05,completed,gift_card
OL00003594,ORD0003680,APT0003680,CLT00204,BIZ007,2024-06-24,Hair,Balayage,PRV0011,225.25,1,0.0,0.0,225.25,completed,debit_card
OL00003595,ORD0003681,APT0003681,CLT00204,BIZ007,2024-07-12,Skin,Chemical Peel,PRV0015,147.06,1,0.0,26.47,173.53,completed,cash
OL00003596,ORD0003682,APT0003682,CLT00204,BIZ007,2024-08-04,Hair,Blowout,PRV0011,45.34,1,2.2,0.0,43.14,completed,apple_pay
OL00003597,ORD0003683,APT0003683,CLT00204,BIZ007,2024-08-26,Hair,Color - Single Process,PRV0004,114.8,1,0.0,17.22,132.02,completed,gift_card
OL00003598,ORD0003685,APT0003685,CLT00204,BIZ007,2024-10-09,Skin,Chemical Peel,PRV0013,163.58,1,0.0,29.44,193.02,completed,debit_card
OL00003599,ORD0003686,APT0003686,CLT00204,BIZ007,2024-11-05,Skin,Chemical Peel,PRV0006,132.36,1,5.54,25.36,152.18,completed,google_pay
OL00003600,ORD0003687,APT0003687,CLT00204,BIZ007,2024-11-26,Hair,Blowout,PRV0009,50.77,1,2.09,12.17,60.85,completed,google_pay
OL00003601,ORD0003689,APT0003689,CLT00204,BIZ007,2025-01-06,Skin,LED Light Therapy,PRV0014,77.39,1,0.0,11.61,89.0,completed,gift_card
OL00003602,ORD0003690,APT0003690,CLT00204,BIZ007,2025-01-20,Hair,Balayage,PRV0009,204.96,1,0.0,36.89,241.85,completed,apple_pay
OL00003603,ORD0003691,APT0003691,CLT00204,BIZ007,2025-02-03,Hair,Haircut & Style,PRV0002,67.76,1,0.0,12.2,79.96,completed,apple_pay
OL00003604,ORD0003692,APT0003692,CLT00204,BIZ007,2025-02-21,Hair,Root Touch-Up,PRV0012,91.3,1,0.0,13.69,104.99,completed,cash
OL00003605,ORD0003693,APT0003693,CLT00204,BIZ007,2025-03-11,Skin,Microdermabrasion,PRV0001,134.0,1,0.0,0.0,134.0,completed,apple_pay
OL00003606,ORD0003694,APT0003694,CLT00204,BIZ007,2025-04-04,Hair,Color - Highlights,PRV0010,151.75,1,0.0,30.35,182.1,completed,google_pay
OL00003607,ORD0003695,APT0003695,CLT00204,BIZ007,2025-04-22,Hair,Color - Single Process,PRV0017,104.29,1,0.0,20.86,125.15,completed,debit_card
OL00003608,ORD0003697,APT0003697,CLT00204,BIZ007,2025-06-04,Hair,Haircut & Style,PRV0006,60.94,1,0.0,9.14,70.08,completed,debit_card
OL00003609,ORD0003698,APT0003698,CLT00204,BIZ007,2025-07-01,Hair,Color - Single Process,PRV0017,109.93,1,0.0,0.0,109.93,completed,apple_pay
OL00003610,ORD0003699,APT0003699,CLT00204,BIZ007,2025-07-28,Skin,LED Light Therapy,PRV0014,84.92,1,0.0,12.74,97.66,completed,apple_pay
OL00003611,ORD0003700,APT0003700,CLT00204,BIZ007,2025-08-25,Hair,Blowout,PRV0002,46.51,1,0.0,8.37,54.88,completed,credit_card
OL00003612,ORD0003701,APT0003701,CLT00204,BIZ007,2025-09-09,Skin,LED Light Therapy,PRV0013,77.57,1,0.0,15.51,93.08,completed,gift_card
OL00003613,ORD0003702,APT0003702,CLT00204,BIZ007,2025-09-24,Skin,Chemical Peel,PRV0007,147.35,1,9.11,20.74,158.98,completed,credit_card
OL00003614,ORD0003703,APT0003703,CLT00204,BIZ007,2025-10-18,Skin,Classic Facial,PRV0015,108.78,1,0.0,19.58,128.36,completed,apple_pay
OL00003615,ORD0003704,APT0003704,CLT00204,BIZ007,2025-11-08,Skin,Classic Facial,PRV0003,99.59,1,0.0,14.94,114.53,completed,google_pay
OL00003616,ORD0003705,APT0003705,CLT00204,BIZ007,2025-12-03,Hair,Color - Single Process,PRV0004,121.39,1,0.0,0.0,121.39,completed,apple_pay
OL00003617,ORD0003706,APT0003706,CLT00204,BIZ007,2025-12-27,Hair,Balayage,PRV0013,214.01,1,3.12,42.18,253.07,completed,cash
OL00003618,ORD0003707,APT0003707,CLT00204,BIZ007,2026-01-15,Hair,Color - Highlights,PRV0011,188.37,1,0.0,33.91,222.28,completed,apple_pay
OL00003619,ORD0003708,APT0003708,CLT00204,BIZ007,2026-01-29,Skin,Deep Cleansing Facial,PRV0014,108.42,1,0.0,16.26,124.68,completed,gift_card
OL00003620,ORD0003709,APT0003709,CLT00204,BIZ007,2026-02-22,Skin,Classic Facial,PRV0017,94.82,1,0.0,14.22,109.04,completed,gift_card
OL00003621,ORD0003710,APT0003710,CLT00204,BIZ007,2026-03-16,Hair,Root Touch-Up,PRV0018,86.73,1,0.0,13.01,99.74,completed,credit_card
OL00003622,ORD0003711,APT0003711,CLT00205,BIZ003,2024-05-31,Skin,Chemical Peel,PRV0008,146.91,1,2.09,0.0,144.82,completed,google_pay
OL00003623,ORD0003712,APT0003712,CLT00205,BIZ003,2024-08-03,Massage,Prenatal Massage,PRV0019,116.35,1,0.0,29.09,145.44,completed,gift_card
OL00003624,ORD0003713,APT0003713,CLT00205,BIZ003,2024-09-28,Massage,Hot Stone Massage,PRV0020,151.51,1,0.0,30.3,181.81,completed,gift_card
OL00003625,ORD0003714,APT0003714,CLT00205,BIZ003,2024-11-29,Skin,Deep Cleansing Facial,PRV0017,131.46,1,0.0,19.72,151.18,completed,cash
OL00003626,ORD0003715,APT0003715,CLT00205,BIZ003,2025-01-21,Skin,Microdermabrasion,PRV0020,135.24,1,0.26,20.25,155.23,completed,google_pay
OL00003627,ORD0003716,APT0003716,CLT00205,BIZ003,2025-03-20,Skin,Microdermabrasion,PRV0005,132.73,1,0.0,0.0,132.73,completed,google_pay
OL00003628,ORD0003717,APT0003717,CLT00205,BIZ003,2025-05-19,Skin,Deep Cleansing Facial,PRV0006,111.06,1,0.0,16.66,127.72,completed,debit_card
OL00003629,ORD0003718,APT0003718,CLT00205,BIZ003,2025-07-13,Massage,Swedish Massage 60min,PRV0006,124.64,1,0.0,18.7,143.34,completed,credit_card
OL00003630,ORD0003719,APT0003719,CLT00205,BIZ003,2025-09-16,Massage,Hot Stone Massage,PRV0001,139.96,1,0.0,20.99,160.95,completed,cash
OL00003631,ORD0003720,APT0003720,CLT00205,BIZ003,2025-11-10,Massage,Swedish Massage 60min,PRV0011,107.9,1,6.2,15.25,116.95,completed,apple_pay
OL00003632,ORD0003721,APT0003721,CLT00205,BIZ003,2026-01-02,Massage,Swedish Massage 60min,PRV0005,111.47,1,6.39,18.91,123.99,completed,credit_card
OL00003633,ORD0003722,APT0003722,CLT00205,BIZ003,2026-02-24,Massage,Prenatal Massage,PRV0007,114.96,1,0.0,20.69,135.65,completed,credit_card
OL00003634,ORD0003724,APT0003724,CLT00206,BIZ007,2024-06-05,Hair,Balayage,PRV0009,246.81,1,0.0,0.0,246.81,completed,cash
OL00003635,ORD0003725,APT0003725,CLT00206,BIZ007,2024-07-09,Nails,Dip Powder Nails,PRV0016,70.01,1,0.0,0.0,70.01,completed,credit_card
OL00003636,ORD0003726,APT0003726,CLT00206,BIZ007,2024-08-15,Nails,Gel Manicure,PRV0007,46.16,1,0.0,9.23,55.39,completed,cash
OL00003637,ORD0003727,APT0003727,CLT00206,BIZ007,2024-09-13,Nails,Pedicure,PRV0004,58.6,1,0.0,8.79,67.39,completed,debit_card
OL00003638,ORD0003728,APT0003728,CLT00206,BIZ007,2024-10-20,Hair,Haircut & Style,PRV0004,63.35,1,0.0,15.84,79.19,completed,credit_card
OL00003639,ORD0003729,APT0003729,CLT00206,BIZ007,2024-11-29,Nails,Gel Manicure,PRV0003,57.04,1,0.0,14.26,71.3,completed,credit_card
OL00003640,ORD0003730,APT0003730,CLT00206,BIZ007,2025-01-05,Hair,Color - Single Process,PRV0015,118.29,1,0.0,23.66,141.95,completed,debit_card
OL00003641,ORD0003731,APT0003731,CLT00206,BIZ007,2025-02-11,Nails,Nail Art Add-On,PRV0016,20.72,1,0.0,3.73,24.45,completed,debit_card
OL00003642,ORD0003732,APT0003732,CLT00206,BIZ007,2025-03-16,Nails,Dip Powder Nails,PRV0011,69.68,1,3.57,9.92,76.03,completed,google_pay
OL00003643,ORD0003733,APT0003733,CLT00206,BIZ007,2025-04-18,Nails,Nail Art Add-On,PRV0014,19.85,1,0.0,3.57,23.42,completed,credit_card
OL00003644,ORD0003734,APT0003734,CLT00206,BIZ007,2025-05-29,Hair,Color - Highlights,PRV0007,188.36,1,4.2,33.15,217.31,completed,apple_pay
OL00003645,ORD0003735,APT0003735,CLT00206,BIZ007,2025-07-06,Hair,Haircut & Style,PRV0009,62.18,1,0.0,11.19,73.37,completed,gift_card
OL00003646,ORD0003736,APT0003736,CLT00206,BIZ007,2025-08-09,Nails,Dip Powder Nails,PRV0001,68.34,1,0.0,10.25,78.59,completed,debit_card
OL00003647,ORD0003737,APT0003737,CLT00206,BIZ007,2025-09-19,Nails,Pedicure,PRV0001,58.05,1,0.0,14.51,72.56,completed,google_pay
OL00003648,ORD0003738,APT0003738,CLT00206,BIZ007,2025-10-28,Hair,Color - Single Process,PRV0006,104.37,1,0.0,26.09,130.46,completed,gift_card
OL00003649,ORD0003739,APT0003739,CLT00206,BIZ007,2025-12-09,Hair,Blowout,PRV0018,53.63,1,0.0,8.04,61.67,completed,credit_card
OL00003650,ORD0003740,APT0003740,CLT00206,BIZ007,2026-01-13,Nails,Gel Manicure,PRV0011,48.26,1,0.0,7.24,55.5,completed,apple_pay
OL00003651,ORD0003741,APT0003741,CLT00206,BIZ007,2026-02-16,Nails,Nail Art Add-On,PRV0008,22.37,1,0.85,3.23,24.75,completed,apple_pay
OL00003652,ORD0003742,APT0003742,CLT00207,BIZ008,2024-04-15,Hair,Color - Single Process,PRV0007,124.87,1,7.74,17.57,134.7,completed,cash
OL00003653,ORD0003743,APT0003743,CLT00207,BIZ008,2024-05-16,Hair,Root Touch-Up,PRV0020,78.8,1,0.0,15.76,94.56,completed,google_pay
OL00003654,ORD0003744,APT0003744,CLT00207,BIZ008,2024-06-19,Waxing,Full Leg Wax,PRV0005,80.86,1,0.0,12.13,92.99,completed,google_pay
OL00003655,ORD0003745,APT0003745,CLT00207,BIZ008,2024-07-22,Waxing,Full Leg Wax,PRV0003,82.73,1,0.0,12.41,95.14,completed,debit_card
OL00003656,ORD0003746,APT0003746,CLT00207,BIZ008,2024-08-28,Waxing,Brazilian Wax,PRV0002,69.31,1,0.0,10.4,79.71,completed,gift_card
OL00003657,ORD0003747,APT0003747,CLT00207,BIZ008,2024-09-25,Hair,Keratin Treatment,PRV0005,270.43,1,0.0,40.56,310.99,completed,google_pay
OL00003658,ORD0003748,APT0003748,CLT00207,BIZ008,2024-11-04,Hair,Balayage,PRV0010,236.76,1,0.0,47.35,284.11,completed,apple_pay
OL00003659,ORD0003749,APT0003749,CLT00207,BIZ008,2024-12-12,Waxing,Brazilian Wax,PRV0015,60.89,1,0.0,10.96,71.85,completed,apple_pay
OL00003660,ORD0003751,APT0003751,CLT00207,BIZ008,2025-02-25,Hair,Color - Single Process,PRV0008,125.53,1,0.0,22.6,148.13,completed,google_pay
OL00003661,ORD0003753,APT0003753,CLT00207,BIZ008,2025-04-28,Waxing,Brow Wax & Shape,PRV0014,24.77,1,0.29,4.41,28.89,completed,google_pay
OL00003662,ORD0003754,APT0003754,CLT00207,BIZ008,2025-05-27,Hair,Keratin Treatment,PRV0011,299.55,1,0.0,0.0,299.55,completed,debit_card
OL00003663,ORD0003756,APT0003756,CLT00207,BIZ008,2025-08-04,Hair,Balayage,PRV0016,208.33,1,0.0,31.25,239.58,completed,google_pay
OL00003664,ORD0003757,APT0003757,CLT00207,BIZ008,2025-09-01,Waxing,Lip & Chin Wax,PRV0010,22.12,1,0.0,3.32,25.44,completed,debit_card
OL00003665,ORD0003758,APT0003758,CLT00207,BIZ008,2025-10-09,Waxing,Lip & Chin Wax,PRV0010,19.0,1,0.26,0.0,18.74,completed,credit_card
OL00003666,ORD0003759,APT0003759,CLT00207,BIZ008,2025-11-15,Hair,Blowout,PRV0019,47.52,1,0.0,8.55,56.07,completed,apple_pay
OL00003667,ORD0003760,APT0003760,CLT00207,BIZ008,2025-12-26,Hair,Blowout,PRV0010,56.69,1,0.0,0.0,56.69,completed,gift_card
OL00003668,ORD0003761,APT0003761,CLT00207,BIZ008,2026-01-29,Waxing,Brow Wax & Shape,PRV0003,26.69,1,0.0,4.8,31.49,completed,cash
OL00003669,ORD0003763,APT0003763,CLT00208,BIZ009,2024-04-24,Massage,Prenatal Massage,PRV0012,124.02,1,0.0,0.0,124.02,completed,google_pay
OL00003670,ORD0003764,APT0003764,CLT00208,BIZ009,2024-05-13,Massage,Prenatal Massage,PRV0017,125.62,1,2.83,22.1,144.89,completed,apple_pay
OL00003671,ORD0003765,APT0003765,CLT00208,BIZ009,2024-06-10,Massage,Hot Stone Massage,PRV0007,149.62,1,0.0,0.0,149.62,completed,google_pay
OL00003672,ORD0003766,APT0003766,CLT00208,BIZ009,2024-07-03,Massage,Hot Stone Massage,PRV0013,133.93,1,0.0,24.11,158.04,completed,google_pay
OL00003673,ORD0003767,APT0003767,CLT00208,BIZ009,2024-07-24,Massage,Hot Stone Massage,PRV0006,146.18,1,0.0,26.31,172.49,completed,gift_card
OL00003674,ORD0003768,APT0003768,CLT00208,BIZ009,2024-08-12,Massage,Deep Tissue 60min,PRV0006,114.79,1,0.0,0.0,114.79,completed,gift_card
OL00003675,ORD0003769,APT0003769,CLT00208,BIZ009,2024-09-07,Massage,Hot Stone Massage,PRV0020,126.14,1,0.0,18.92,145.06,completed,gift_card
OL00003676,ORD0003770,APT0003770,CLT00208,BIZ009,2024-10-01,Massage,Swedish Massage 60min,PRV0015,108.03,1,0.0,0.0,108.03,completed,apple_pay
OL00003677,ORD0003772,APT0003772,CLT00208,BIZ009,2024-11-23,Massage,Deep Tissue 60min,PRV0006,123.17,1,0.0,18.48,141.65,completed,apple_pay
OL00003678,ORD0003773,APT0003773,CLT00208,BIZ009,2024-12-09,Massage,Deep Tissue 60min,PRV0020,136.57,1,0.0,24.58,161.15,completed,debit_card
OL00003679,ORD0003774,APT0003774,CLT00208,BIZ009,2025-01-02,Massage,Deep Tissue 60min,PRV0014,131.97,1,11.96,21.6,141.61,completed,google_pay
OL00003680,ORD0003775,APT0003775,CLT00208,BIZ009,2025-01-28,Massage,Swedish Massage 60min,PRV0018,116.57,1,0.0,29.14,145.71,completed,apple_pay
OL00003681,ORD0003778,APT0003778,CLT00208,BIZ009,2025-04-01,Massage,Deep Tissue 60min,PRV0018,140.93,1,0.0,21.14,162.07,completed,cash
OL00003682,ORD0003779,APT0003779,CLT00208,BIZ009,2025-04-25,Massage,Hot Stone Massage,PRV0004,140.24,1,0.0,28.05,168.29,completed,google_pay
OL00003683,ORD0003780,APT0003780,CLT00208,BIZ009,2025-05-18,Massage,Prenatal Massage,PRV0012,116.63,1,0.0,0.0,116.63,completed,apple_pay
OL00003684,ORD0003782,APT0003782,CLT00208,BIZ009,2025-07-05,Massage,Swedish Massage 60min,PRV0001,105.06,1,0.0,21.01,126.07,completed,debit_card
OL00003685,ORD0003783,APT0003783,CLT00208,BIZ009,2025-07-22,Massage,Swedish Massage 60min,PRV0011,122.62,1,0.0,0.0,122.62,completed,gift_card
OL00003686,ORD0003784,APT0003784,CLT00208,BIZ009,2025-08-13,Massage,Deep Tissue 60min,PRV0006,138.03,1,0.0,20.7,158.73,completed,google_pay
OL00003687,ORD0003785,APT0003785,CLT00208,BIZ009,2025-09-04,Massage,Prenatal Massage,PRV0017,106.25,1,0.0,19.12,125.37,completed,apple_pay
OL00003688,ORD0003786,APT0003786,CLT00208,BIZ009,2025-10-02,Massage,Deep Tissue 60min,PRV0018,120.01,1,0.0,18.0,138.01,completed,gift_card
OL00003689,ORD0003787,APT0003787,CLT00208,BIZ009,2025-10-19,Massage,Hot Stone Massage,PRV0014,138.16,1,0.0,27.63,165.79,completed,gift_card
OL00003690,ORD0003788,APT0003788,CLT00208,BIZ009,2025-11-15,Massage,Deep Tissue 60min,PRV0005,130.35,1,7.15,22.18,145.38,completed,apple_pay
OL00003691,ORD0003789,APT0003789,CLT00208,BIZ009,2025-12-13,Massage,Deep Tissue 60min,PRV0008,125.74,1,6.82,21.41,140.33,completed,credit_card
OL00003692,ORD0003790,APT0003790,CLT00208,BIZ009,2025-12-29,Massage,Swedish Massage 60min,PRV0004,117.0,1,0.0,29.25,146.25,completed,credit_card
OL00003693,ORD0003791,APT0003791,CLT00208,BIZ009,2026-01-12,Massage,Hot Stone Massage,PRV0009,138.52,1,0.0,0.0,138.52,completed,credit_card
OL00003694,ORD0003793,APT0003793,CLT00208,BIZ009,2026-03-07,Massage,Hot Stone Massage,PRV0006,137.51,1,0.0,20.63,158.14,completed,apple_pay
OL00003695,ORD0003794,APT0003794,CLT00208,BIZ009,2026-03-29,Massage,Swedish Massage 60min,PRV0001,121.78,1,0.0,18.27,140.05,completed,credit_card
OL00003696,ORD0003795,APT0003795,CLT00209,BIZ010,2024-06-05,Hair,Root Touch-Up,PRV0013,83.15,1,0.0,12.47,95.62,completed,apple_pay
OL00003697,ORD0003796,APT0003796,CLT00209,BIZ010,2024-07-31,Hair,Blowout,PRV0005,52.49,1,0.0,10.5,62.99,completed,google_pay
OL00003698,ORD0003798,APT0003798,CLT00209,BIZ010,2024-11-19,Hair,Haircut & Style,PRV0001,70.9,1,0.0,17.73,88.63,completed,gift_card
OL00003699,ORD0003799,APT0003799,CLT00209,BIZ010,2025-01-20,Hair,Keratin Treatment,PRV0009,265.47,1,9.19,46.13,302.41,completed,google_pay
OL00003700,ORD0003800,APT0003800,CLT00209,BIZ010,2025-03-20,Hair,Color - Single Process,PRV0019,105.68,1,0.0,19.02,124.7,completed,gift_card
OL00003701,ORD0003802,APT0003802,CLT00209,BIZ010,2025-07-28,Hair,Keratin Treatment,PRV0007,265.78,1,2.17,52.72,316.33,completed,credit_card
OL00003702,ORD0003803,APT0003803,CLT00209,BIZ010,2025-09-20,Hair,Root Touch-Up,PRV0020,81.6,1,0.0,14.69,96.29,completed,cash
OL00003703,ORD0003804,APT0003804,CLT00209,BIZ010,2025-11-18,Hair,Root Touch-Up,PRV0002,96.44,1,0.52,14.39,110.31,completed,apple_pay
OL00003704,ORD0003805,APT0003805,CLT00209,BIZ010,2026-01-20,Hair,Root Touch-Up,PRV0014,88.96,1,0.0,17.79,106.75,completed,credit_card
OL00003705,ORD0003806,APT0003806,CLT00209,BIZ010,2026-03-27,Hair,Color - Single Process,PRV0001,113.06,1,3.11,0.0,109.95,completed,credit_card
OL00003706,ORD0003807,APT0003807,CLT00210,BIZ008,2024-06-04,Hair,Color - Single Process,PRV0002,126.14,1,0.0,25.23,151.37,completed,gift_card
OL00003707,ORD0003808,APT0003808,CLT00210,BIZ008,2024-08-06,Hair,Keratin Treatment,PRV0008,264.41,1,0.0,0.0,264.41,completed,google_pay
OL00003708,ORD0003809,APT0003809,CLT00210,BIZ008,2024-10-11,Hair,Root Touch-Up,PRV0020,89.6,1,0.0,22.4,112.0,completed,google_pay
OL00003709,ORD0003811,APT0003811,CLT00210,BIZ008,2025-02-10,Hair,Haircut & Style,PRV0014,70.18,1,0.0,12.63,82.81,completed,debit_card
OL00003710,ORD0003812,APT0003812,CLT00210,BIZ008,2025-04-14,Hair,Color - Single Process,PRV0002,101.88,1,0.0,20.38,122.26,completed,google_pay
OL00003711,ORD0003813,APT0003813,CLT00210,BIZ008,2025-06-18,Hair,Haircut & Style,PRV0017,73.62,1,0.0,11.04,84.66,completed,gift_card
OL00003712,ORD0003814,APT0003814,CLT00210,BIZ008,2025-08-22,Hair,Balayage,PRV0005,213.89,1,0.0,42.78,256.67,completed,debit_card
OL00003713,ORD0003815,APT0003815,CLT00210,BIZ008,2025-10-22,Hair,Blowout,PRV0019,56.77,1,0.0,8.52,65.29,completed,apple_pay
OL00003714,ORD0003816,APT0003816,CLT00210,BIZ008,2025-12-15,Hair,Color - Highlights,PRV0010,151.31,1,0.0,22.7,174.01,completed,apple_pay
OL00003715,ORD0003817,APT0003817,CLT00210,BIZ008,2026-02-17,Hair,Balayage,PRV0010,215.49,1,12.07,30.51,233.93,completed,credit_card
OL00003716,ORD0003819,APT0003819,CLT00211,BIZ008,2024-07-11,Hair,Keratin Treatment,PRV0004,264.78,1,6.82,0.0,257.96,completed,apple_pay
OL00003717,ORD0003820,APT0003820,CLT00211,BIZ008,2024-10-06,Hair,Balayage,PRV0004,213.84,1,4.91,41.79,250.72,completed,google_pay
OL00003718,ORD0003821,APT0003821,CLT00211,BIZ008,2025-01-05,Hair,Haircut & Style,PRV0012,71.88,1,4.85,13.41,80.44,completed,debit_card
OL00003719,ORD0003822,APT0003822,CLT00211,BIZ008,2025-04-12,Hair,Color - Single Process,PRV0015,105.22,1,0.0,0.0,105.22,completed,credit_card
OL00003720,ORD0003823,APT0003823,CLT00211,BIZ008,2025-07-11,Hair,Keratin Treatment,PRV0018,314.14,1,0.0,0.0,314.14,completed,credit_card
OL00003721,ORD0003824,APT0003824,CLT00211,BIZ008,2025-10-03,Hair,Root Touch-Up,PRV0018,83.87,1,0.0,15.1,98.97,completed,cash
OL00003722,ORD0003825,APT0003825,CLT00211,BIZ008,2025-12-28,Hair,Keratin Treatment,PRV0006,255.76,1,0.0,46.04,301.8,completed,debit_card
OL00003723,ORD0003826,APT0003826,CLT00211,BIZ008,2026-03-25,Hair,Color - Single Process,PRV0007,119.49,1,0.0,17.92,137.41,completed,debit_card
OL00003724,ORD0003827,APT0003827,CLT00212,BIZ006,2024-04-09,Skin,Deep Cleansing Facial,PRV0001,127.36,1,0.0,31.84,159.2,completed,google_pay
OL00003725,ORD0003828,APT0003828,CLT00212,BIZ006,2024-05-21,Skin,Classic Facial,PRV0001,101.06,1,0.0,20.21,121.27,completed,debit_card
OL00003726,ORD0003829,APT0003829,CLT00212,BIZ006,2024-07-01,Nails,Gel Manicure,PRV0016,56.19,1,5.08,7.67,58.78,completed,cash
OL00003727,ORD0003830,APT0003830,CLT00212,BIZ006,2024-07-29,Nails,Nail Art Add-On,PRV0019,22.18,1,0.0,3.99,26.17,completed,debit_card
OL00003728,ORD0003831,APT0003831,CLT00212,BIZ006,2024-08-30,Nails,Gel Manicure,PRV0013,52.29,1,0.0,7.84,60.13,completed,cash
OL00003729,ORD0003833,APT0003833,CLT00212,BIZ006,2024-11-04,Nails,Gel Manicure,PRV0002,48.45,1,0.0,9.69,58.14,completed,google_pay
OL00003730,ORD0003836,APT0003836,CLT00212,BIZ006,2025-02-14,Nails,Gel Manicure,PRV0018,55.72,1,0.0,10.03,65.75,completed,credit_card
OL00003731,ORD0003837,APT0003837,CLT00212,BIZ006,2025-03-26,Nails,Gel Manicure,PRV0006,47.18,1,0.0,8.49,55.67,completed,debit_card
OL00003732,ORD0003838,APT0003838,CLT00212,BIZ006,2025-04-24,Nails,Pedicure,PRV0004,51.42,1,0.0,10.28,61.7,completed,gift_card
OL00003733,ORD0003840,APT0003840,CLT00212,BIZ006,2025-07-07,Nails,Dip Powder Nails,PRV0006,67.86,1,0.0,13.57,81.43,completed,google_pay
OL00003734,ORD0003841,APT0003841,CLT00212,BIZ006,2025-08-14,Nails,Gel Manicure,PRV0020,48.71,1,0.0,8.77,57.48,completed,credit_card
OL00003735,ORD0003842,APT0003842,CLT00212,BIZ006,2025-09-20,Skin,Microdermabrasion,PRV0007,122.17,1,0.0,18.33,140.5,completed,google_pay
OL00003736,ORD0003843,APT0003843,CLT00212,BIZ006,2025-10-22,Nails,Pedicure,PRV0003,53.68,1,0.0,0.0,53.68,completed,apple_pay
OL00003737,ORD0003844,APT0003844,CLT00212,BIZ006,2025-11-22,Nails,Pedicure,PRV0012,60.25,1,0.0,15.06,75.31,completed,apple_pay
OL00003738,ORD0003845,APT0003845,CLT00212,BIZ006,2025-12-23,Nails,Nail Art Add-On,PRV0016,21.09,1,0.0,3.8,24.89,completed,google_pay
OL00003739,ORD0003846,APT0003846,CLT00212,BIZ006,2026-01-24,Skin,Deep Cleansing Facial,PRV0008,111.26,1,3.87,21.48,128.87,completed,debit_card
OL00003740,ORD0003847,APT0003847,CLT00212,BIZ006,2026-03-05,Nails,Pedicure,PRV0006,49.57,1,0.0,8.92,58.49,completed,apple_pay
OL00003741,ORD0003848,APT0003848,CLT00213,BIZ009,2024-04-18,Hair,Color - Highlights,PRV0009,159.35,1,0.0,23.9,183.25,completed,cash
OL00003742,ORD0003849,APT0003849,CLT00213,BIZ009,2024-05-27,Hair,Keratin Treatment,PRV0005,297.94,1,0.0,53.63,351.57,completed,gift_card
OL00003743,ORD0003850,APT0003850,CLT00213,BIZ009,2024-07-02,Nails,Gel Manicure,PRV0013,48.2,1,0.0,9.64,57.84,completed,cash
OL00003744,ORD0003851,APT0003851,CLT00213,BIZ009,2024-08-04,Hair,Haircut & Style,PRV0016,70.9,1,0.0,14.18,85.08,completed,credit_card
OL00003745,ORD0003853,APT0003853,CLT00213,BIZ009,2024-10-10,Nails,Nail Art Add-On,PRV0014,18.36,1,0.0,3.3,21.66,completed,cash
OL00003746,ORD0003854,APT0003854,CLT00213,BIZ009,2024-11-19,Nails,Dip Powder Nails,PRV0001,70.33,1,0.0,14.07,84.4,completed,cash
OL00003747,ORD0003855,APT0003855,CLT00213,BIZ009,2024-12-25,Hair,Color - Single Process,PRV0012,100.53,1,0.0,0.0,100.53,completed,cash
OL00003748,ORD0003857,APT0003857,CLT00213,BIZ009,2025-02-27,Hair,Color - Single Process,PRV0002,110.75,1,0.0,27.69,138.44,completed,google_pay
OL00003749,ORD0003858,APT0003858,CLT00213,BIZ009,2025-04-09,Nails,Pedicure,PRV0002,62.7,1,0.0,12.54,75.24,completed,credit_card
OL00003750,ORD0003860,APT0003860,CLT00213,BIZ009,2025-06-18,Nails,Nail Art Add-On,PRV0007,22.87,1,0.0,4.57,27.44,completed,google_pay
OL00003751,ORD0003861,APT0003861,CLT00213,BIZ009,2025-07-27,Hair,Keratin Treatment,PRV0002,314.15,1,0.0,62.83,376.98,completed,google_pay
OL00003752,ORD0003863,APT0003863,CLT00213,BIZ009,2025-10-03,Nails,Gel Manicure,PRV0003,45.11,1,2.38,6.41,49.14,completed,debit_card
OL00003753,ORD0003865,APT0003865,CLT00213,BIZ009,2025-12-14,Nails,Manicure,PRV0011,38.89,1,3.59,7.06,42.36,completed,cash
OL00003754,ORD0003866,APT0003866,CLT00213,BIZ009,2026-01-21,Nails,Dip Powder Nails,PRV0001,73.38,1,0.0,13.21,86.59,completed,google_pay
OL00003755,ORD0003867,APT0003867,CLT00213,BIZ009,2026-03-03,Nails,Manicure,PRV0003,38.43,1,0.0,9.61,48.04,completed,debit_card
OL00003756,ORD0003868,APT0003868,CLT00213,BIZ009,2026-04-03,Nails,Nail Art Add-On,PRV0009,22.56,1,0.0,4.51,27.07,completed,cash
OL00003757,ORD0003869,APT0003869,CLT00214,BIZ008,2024-04-28,Massage,Deep Tissue 60min,PRV0011,142.11,1,0.0,35.53,177.64,completed,credit_card
OL00003758,ORD0003870,APT0003870,CLT00214,BIZ008,2024-05-14,Massage,Hot Stone Massage,PRV0007,159.77,1,1.84,28.43,186.36,completed,apple_pay
OL00003759,ORD0003871,APT0003871,CLT00214,BIZ008,2024-06-08,Nails,Nail Art Add-On,PRV0001,18.08,1,0.37,3.54,21.25,completed,debit_card
OL00003760,ORD0003872,APT0003872,CLT00214,BIZ008,2024-07-06,Massage,Deep Tissue 60min,PRV0015,122.1,1,0.0,0.0,122.1,completed,gift_card
OL00003761,ORD0003874,APT0003874,CLT00214,BIZ008,2024-08-18,Massage,Swedish Massage 60min,PRV0015,103.8,1,0.0,18.68,122.48,completed,gift_card
OL00003762,ORD0003875,APT0003875,CLT00214,BIZ008,2024-09-03,Nails,Gel Manicure,PRV0016,57.3,1,0.0,14.32,71.62,completed,apple_pay
OL00003763,ORD0003876,APT0003876,CLT00214,BIZ008,2024-09-17,Nails,Gel Manicure,PRV0012,50.77,1,0.0,7.62,58.39,completed,gift_card
OL00003764,ORD0003877,APT0003877,CLT00214,BIZ008,2024-10-06,Nails,Manicure,PRV0006,39.45,1,0.0,5.92,45.37,completed,debit_card
OL00003765,ORD0003878,APT0003878,CLT00214,BIZ008,2024-10-25,Nails,Dip Powder Nails,PRV0005,72.5,1,0.0,14.5,87.0,completed,apple_pay
OL00003766,ORD0003879,APT0003879,CLT00214,BIZ008,2024-11-14,Nails,Gel Manicure,PRV0001,46.94,1,1.41,6.83,52.36,completed,apple_pay
OL00003767,ORD0003880,APT0003880,CLT00214,BIZ008,2024-12-07,Nails,Gel Manicure,PRV0007,57.25,1,0.0,14.31,71.56,completed,gift_card
OL00003768,ORD0003881,APT0003881,CLT00214,BIZ008,2025-01-03,Massage,Deep Tissue 60min,PRV0017,142.6,1,0.0,28.52,171.12,completed,google_pay
OL00003769,ORD0003882,APT0003882,CLT00214,BIZ008,2025-01-29,Nails,Gel Manicure,PRV0020,45.01,1,0.0,9.0,54.01,completed,google_pay
OL00003770,ORD0003883,APT0003883,CLT00214,BIZ008,2025-02-16,Nails,Manicure,PRV0016,32.37,1,0.0,0.0,32.37,completed,credit_card
OL00003771,ORD0003884,APT0003884,CLT00214,BIZ008,2025-03-15,Nails,Nail Art Add-On,PRV0003,19.22,1,0.0,3.46,22.68,completed,credit_card
OL00003772,ORD0003885,APT0003885,CLT00214,BIZ008,2025-04-02,Nails,Nail Art Add-On,PRV0002,21.88,1,0.0,4.38,26.26,completed,google_pay
OL00003773,ORD0003886,APT0003886,CLT00214,BIZ008,2025-04-21,Nails,Manicure,PRV0004,32.06,1,0.0,5.77,37.83,completed,credit_card
OL00003774,ORD0003887,APT0003887,CLT00214,BIZ008,2025-05-18,Massage,Swedish Massage 60min,PRV0001,102.83,1,0.0,0.0,102.83,completed,credit_card
OL00003775,ORD0003888,APT0003888,CLT00214,BIZ008,2025-06-03,Nails,Gel Manicure,PRV0007,45.11,1,0.0,0.0,45.11,completed,debit_card
OL00003776,ORD0003889,APT0003889,CLT00214,BIZ008,2025-06-29,Massage,Prenatal Massage,PRV0003,105.78,1,0.0,19.04,124.82,completed,debit_card
OL00003777,ORD0003890,APT0003890,CLT00214,BIZ008,2025-07-26,Nails,Manicure,PRV0010,36.68,1,1.38,8.82,44.12,completed,apple_pay
OL00003778,ORD0003891,APT0003891,CLT00214,BIZ008,2025-08-09,Nails,Manicure,PRV0014,34.13,1,0.0,6.14,40.27,completed,gift_card
OL00003779,ORD0003892,APT0003892,CLT00214,BIZ008,2025-08-30,Nails,Gel Manicure,PRV0009,51.97,1,0.0,9.35,61.32,completed,apple_pay
OL00003780,ORD0003893,APT0003893,CLT00214,BIZ008,2025-09-26,Massage,Prenatal Massage,PRV0020,124.09,1,0.0,22.34,146.43,completed,debit_card
OL00003781,ORD0003894,APT0003894,CLT00214,BIZ008,2025-10-24,Massage,Hot Stone Massage,PRV0005,126.75,1,8.06,21.36,140.05,completed,credit_card
OL00003782,ORD0003895,APT0003895,CLT00214,BIZ008,2025-11-08,Massage,Prenatal Massage,PRV0007,119.32,1,0.0,21.48,140.8,completed,google_pay
OL00003783,ORD0003896,APT0003896,CLT00214,BIZ008,2025-11-23,Nails,Dip Powder Nails,PRV0007,67.71,1,0.0,13.54,81.25,completed,gift_card
OL00003784,ORD0003897,APT0003897,CLT00214,BIZ008,2025-12-09,Massage,Swedish Massage 60min,PRV0012,115.36,1,0.0,0.0,115.36,completed,gift_card
OL00003785,ORD0003898,APT0003898,CLT00214,BIZ008,2025-12-30,Nails,Dip Powder Nails,PRV0004,71.78,1,2.6,12.45,81.63,completed,google_pay
OL00003786,ORD0003899,APT0003899,CLT00214,BIZ008,2026-01-19,Massage,Swedish Massage 60min,PRV0015,102.35,1,0.0,15.35,117.7,completed,cash
OL00003787,ORD0003900,APT0003900,CLT00214,BIZ008,2026-02-03,Massage,Prenatal Massage,PRV0004,101.38,1,0.0,15.21,116.59,completed,debit_card
OL00003788,ORD0003901,APT0003901,CLT00214,BIZ008,2026-02-23,Nails,Nail Art Add-On,PRV0011,19.08,1,0.0,3.43,22.51,completed,gift_card
OL00003789,ORD0003902,APT0003902,CLT00214,BIZ008,2026-03-19,Massage,Swedish Massage 60min,PRV0011,103.37,1,0.0,15.51,118.88,completed,google_pay
OL00003790,ORD0003903,APT0003903,CLT00215,BIZ002,2024-05-10,Hair,Haircut & Style,PRV0018,69.24,1,0.0,12.46,81.7,completed,cash
OL00003791,ORD0003903,APT0003903,CLT00215,BIZ002,2024-05-10,Nails,Dip Powder Nails,PRV0018,64.88,1,0.0,0.0,64.88,completed,apple_pay
OL00003792,ORD0003904,APT0003904,CLT00215,BIZ002,2024-08-14,Skin,Microdermabrasion,PRV0012,143.87,1,0.0,25.9,169.77,completed,gift_card
OL00003793,ORD0003905,APT0003905,CLT00215,BIZ002,2024-11-08,Skin,LED Light Therapy,PRV0019,82.69,1,0.0,16.54,99.23,completed,debit_card
OL00003794,ORD0003905,APT0003905,CLT00215,BIZ002,2024-11-08,Nails,Manicure,PRV0019,33.56,1,0.0,6.71,40.27,completed,gift_card
OL00003795,ORD0003906,APT0003906,CLT00215,BIZ002,2025-02-11,Hair,Color - Highlights,PRV0017,164.72,1,0.0,32.94,197.66,completed,gift_card
OL00003796,ORD0003906,APT0003906,CLT00215,BIZ002,2025-02-11,Nails,Dip Powder Nails,PRV0017,63.37,1,0.0,9.51,72.88,completed,gift_card
OL00003797,ORD0003907,APT0003907,CLT00215,BIZ002,2025-05-15,Hair,Balayage,PRV0020,221.51,1,0.0,0.0,221.51,completed,gift_card
OL00003798,ORD0003908,APT0003908,CLT00215,BIZ002,2025-08-09,Hair,Balayage,PRV0003,226.11,1,0.0,56.53,282.64,completed,apple_pay
OL00003799,ORD0003910,APT0003910,CLT00215,BIZ002,2026-02-07,Skin,Chemical Peel,PRV0017,134.02,1,0.0,26.8,160.82,completed,apple_pay
OL00003800,ORD0003910,APT0003910,CLT00215,BIZ002,2026-02-07,Nails,Pedicure,PRV0017,56.13,1,0.0,8.42,64.55,completed,credit_card
OL00003801,ORD0003911,APT0003911,CLT00216,BIZ004,2024-06-17,Massage,Prenatal Massage,PRV0011,111.55,1,0.0,16.73,128.28,completed,credit_card
OL00003802,ORD0003913,APT0003913,CLT00216,BIZ004,2024-12-19,Massage,Hot Stone Massage,PRV0013,143.38,1,0.0,25.81,169.19,completed,apple_pay
OL00003803,ORD0003914,APT0003914,CLT00216,BIZ004,2025-03-19,Massage,Deep Tissue 60min,PRV0019,128.76,1,0.0,19.31,148.07,completed,cash
OL00003804,ORD0003916,APT0003916,CLT00216,BIZ004,2025-09-17,Massage,Prenatal Massage,PRV0019,118.55,1,0.0,21.34,139.89,completed,google_pay
OL00003805,ORD0003917,APT0003917,CLT00216,BIZ004,2025-12-16,Massage,Swedish Massage 60min,PRV0020,112.14,1,0.0,0.0,112.14,completed,apple_pay
OL00003806,ORD0003918,APT0003918,CLT00216,BIZ004,2026-03-14,Massage,Swedish Massage 60min,PRV0015,119.47,1,0.38,21.44,140.53,completed,gift_card
OL00003807,ORD0003919,APT0003919,CLT00217,BIZ004,2024-05-03,Hair,Balayage,PRV0013,216.53,1,0.0,38.98,255.51,completed,google_pay
OL00003808,ORD0003920,APT0003920,CLT00217,BIZ004,2024-06-01,Hair,Haircut & Style,PRV0019,60.38,1,0.0,10.87,71.25,completed,gift_card
OL00003809,ORD0003921,APT0003921,CLT00217,BIZ004,2024-07-11,Hair,Balayage,PRV0020,250.38,1,0.0,37.56,287.94,completed,credit_card
OL00003810,ORD0003922,APT0003922,CLT00217,BIZ004,2024-08-17,Hair,Color - Highlights,PRV0013,173.09,1,0.0,31.16,204.25,completed,apple_pay
OL00003811,ORD0003923,APT0003923,CLT00217,BIZ004,2024-09-18,Hair,Keratin Treatment,PRV0007,255.85,1,0.0,0.0,255.85,completed,debit_card
OL00003812,ORD0003925,APT0003925,CLT00217,BIZ004,2024-11-21,Hair,Blowout,PRV0010,51.74,1,4.38,9.47,56.83,completed,google_pay
OL00003813,ORD0003926,APT0003926,CLT00217,BIZ004,2024-12-21,Hair,Keratin Treatment,PRV0011,282.57,1,0.0,70.64,353.21,completed,apple_pay
OL00003814,ORD0003927,APT0003927,CLT00217,BIZ004,2025-01-20,Hair,Root Touch-Up,PRV0003,83.09,1,0.0,12.46,95.55,completed,cash
OL00003815,ORD0003928,APT0003928,CLT00217,BIZ004,2025-02-28,Hair,Color - Highlights,PRV0018,181.05,1,0.0,36.21,217.26,completed,credit_card
OL00003816,ORD0003930,APT0003930,CLT00217,BIZ004,2025-05-13,Hair,Blowout,PRV0014,49.58,1,0.0,9.92,59.5,completed,credit_card
OL00003817,ORD0003931,APT0003931,CLT00217,BIZ004,2025-06-20,Hair,Root Touch-Up,PRV0007,85.86,1,0.0,15.45,101.31,completed,apple_pay
OL00003818,ORD0003932,APT0003932,CLT00217,BIZ004,2025-07-25,Hair,Haircut & Style,PRV0007,66.12,1,5.1,0.0,61.02,completed,debit_card
OL00003819,ORD0003933,APT0003933,CLT00218,BIZ006,2024-04-19,Skin,Microdermabrasion,PRV0007,138.59,1,0.0,20.79,159.38,completed,google_pay
OL00003820,ORD0003934,APT0003934,CLT00218,BIZ006,2024-05-28,Hair,Haircut & Style,PRV0017,66.6,1,0.0,11.99,78.59,completed,cash
OL00003821,ORD0003935,APT0003935,CLT00218,BIZ006,2024-07-02,Hair,Color - Highlights,PRV0015,168.18,1,14.7,0.0,153.48,completed,cash
OL00003822,ORD0003938,APT0003938,CLT00218,BIZ006,2024-10-16,Hair,Keratin Treatment,PRV0005,248.94,1,9.59,47.87,287.22,completed,credit_card
OL00003823,ORD0003939,APT0003939,CLT00218,BIZ006,2024-11-24,Skin,Classic Facial,PRV0004,103.43,1,4.58,14.83,113.68,completed,credit_card
OL00003824,ORD0003940,APT0003940,CLT00218,BIZ006,2024-12-27,Skin,Deep Cleansing Facial,PRV0016,109.59,1,0.0,19.73,129.32,completed,cash
OL00003825,ORD0003941,APT0003941,CLT00218,BIZ006,2025-01-27,Hair,Root Touch-Up,PRV0019,92.55,1,0.0,0.0,92.55,completed,apple_pay
OL00003826,ORD0003942,APT0003942,CLT00218,BIZ006,2025-03-07,Skin,LED Light Therapy,PRV0005,86.03,1,0.0,0.0,86.03,completed,gift_card
OL00003827,ORD0003943,APT0003943,CLT00218,BIZ006,2025-04-13,Skin,Chemical Peel,PRV0008,142.99,1,9.51,24.03,157.51,completed,debit_card
OL00003828,ORD0003944,APT0003944,CLT00218,BIZ006,2025-05-11,Hair,Keratin Treatment,PRV0008,259.75,1,0.0,0.0,259.75,completed,cash
OL00003829,ORD0003945,APT0003945,CLT00218,BIZ006,2025-06-12,Hair,Keratin Treatment,PRV0009,314.67,1,0.0,47.2,361.87,completed,gift_card
OL00003830,ORD0003946,APT0003946,CLT00218,BIZ006,2025-07-24,Hair,Color - Single Process,PRV0003,107.22,1,0.0,16.08,123.3,completed,apple_pay
OL00003831,ORD0003947,APT0003947,CLT00218,BIZ006,2025-09-04,Hair,Haircut & Style,PRV0006,70.84,1,0.0,12.75,83.59,completed,gift_card
OL00003832,ORD0003948,APT0003948,CLT00218,BIZ006,2025-10-12,Hair,Balayage,PRV0004,242.86,1,0.0,43.71,286.57,completed,apple_pay
OL00003833,ORD0003949,APT0003949,CLT00218,BIZ006,2025-11-12,Skin,Classic Facial,PRV0001,101.74,1,0.0,0.0,101.74,completed,debit_card
OL00003834,ORD0003951,APT0003951,CLT00218,BIZ006,2026-01-21,Hair,Blowout,PRV0002,48.96,1,0.0,9.79,58.75,completed,google_pay
OL00003835,ORD0003952,APT0003952,CLT00218,BIZ006,2026-02-18,Hair,Color - Single Process,PRV0017,118.15,1,0.0,0.0,118.15,completed,google_pay
OL00003836,ORD0003954,APT0003954,CLT00219,BIZ008,2024-04-23,Hair,Keratin Treatment,PRV0011,268.64,1,0.0,48.36,317.0,completed,cash
OL00003837,ORD0003955,APT0003955,CLT00219,BIZ008,2024-05-07,Hair,Keratin Treatment,PRV0009,296.33,1,0.0,0.0,296.33,completed,gift_card
OL00003838,ORD0003956,APT0003956,CLT00219,BIZ008,2024-06-01,Nails,Pedicure,PRV0001,55.97,1,0.0,13.99,69.96,completed,google_pay
OL00003839,ORD0003957,APT0003957,CLT00219,BIZ008,2024-06-15,Hair,Root Touch-Up,PRV0007,88.82,1,0.0,22.2,111.02,completed,apple_pay
OL00003840,ORD0003958,APT0003958,CLT00219,BIZ008,2024-07-02,Nails,Manicure,PRV0006,40.06,1,0.0,6.01,46.07,completed,debit_card
OL00003841,ORD0003959,APT0003959,CLT00219,BIZ008,2024-07-20,Nails,Dip Powder Nails,PRV0019,72.12,1,0.0,18.03,90.15,completed,gift_card
OL00003842,ORD0003961,APT0003961,CLT00219,BIZ008,2024-09-07,Hair,Blowout,PRV0017,51.02,1,0.25,7.62,58.39,completed,cash
OL00003843,ORD0003962,APT0003962,CLT00219,BIZ008,2024-09-28,Hair,Color - Highlights,PRV0020,183.07,1,0.0,32.95,216.02,completed,gift_card
OL00003844,ORD0003963,APT0003963,CLT00219,BIZ008,2024-10-14,Nails,Nail Art Add-On,PRV0017,22.09,1,0.0,3.31,25.4,completed,gift_card
OL00003845,ORD0003964,APT0003964,CLT00219,BIZ008,2024-11-02,Hair,Keratin Treatment,PRV0015,285.81,1,0.0,71.45,357.26,completed,credit_card
OL00003846,ORD0003965,APT0003965,CLT00219,BIZ008,2024-11-20,Hair,Color - Highlights,PRV0016,182.89,1,0.0,27.43,210.32,completed,cash
OL00003847,ORD0003966,APT0003966,CLT00219,BIZ008,2024-12-08,Hair,Color - Single Process,PRV0013,106.03,1,0.0,15.9,121.93,completed,gift_card
OL00003848,ORD0003967,APT0003967,CLT00219,BIZ008,2025-01-02,Nails,Pedicure,PRV0002,54.93,1,3.95,7.65,58.63,completed,gift_card
OL00003849,ORD0003968,APT0003968,CLT00219,BIZ008,2025-01-18,Hair,Color - Single Process,PRV0015,119.38,1,0.0,23.88,143.26,completed,google_pay
OL00003850,ORD0003969,APT0003969,CLT00219,BIZ008,2025-02-13,Hair,Balayage,PRV0018,252.08,1,16.44,35.35,270.99,completed,google_pay
OL00003851,ORD0003971,APT0003971,CLT00219,BIZ008,2025-04-01,Hair,Color - Single Process,PRV0005,126.06,1,0.0,22.69,148.75,completed,google_pay
OL00003852,ORD0003972,APT0003972,CLT00219,BIZ008,2025-04-24,Hair,Haircut & Style,PRV0020,71.89,1,0.0,0.0,71.89,completed,debit_card
OL00003853,ORD0003973,APT0003973,CLT00219,BIZ008,2025-05-15,Hair,Haircut & Style,PRV0009,65.05,1,0.0,11.71,76.76,completed,google_pay
OL00003854,ORD0003974,APT0003974,CLT00219,BIZ008,2025-06-08,Nails,Dip Powder Nails,PRV0015,67.48,1,0.0,10.12,77.6,completed,debit_card
OL00003855,ORD0003975,APT0003975,CLT00219,BIZ008,2025-06-24,Hair,Keratin Treatment,PRV0014,258.57,1,0.0,38.79,297.36,completed,apple_pay
OL00003856,ORD0003977,APT0003977,CLT00219,BIZ008,2025-07-24,Hair,Color - Highlights,PRV0013,174.02,1,0.0,31.32,205.34,completed,google_pay
OL00003857,ORD0003978,APT0003978,CLT00219,BIZ008,2025-08-07,Hair,Balayage,PRV0005,206.84,1,0.0,31.03,237.87,completed,google_pay
OL00003858,ORD0003979,APT0003979,CLT00219,BIZ008,2025-08-31,Nails,Gel Manicure,PRV0005,45.14,1,0.0,6.77,51.91,completed,credit_card
OL00003859,ORD0003980,APT0003980,CLT00219,BIZ008,2025-09-21,Hair,Root Touch-Up,PRV0014,81.67,1,0.0,0.0,81.67,completed,apple_pay
OL00003860,ORD0003981,APT0003981,CLT00219,BIZ008,2025-10-17,Nails,Gel Manicure,PRV0004,51.45,1,0.0,0.0,51.45,completed,credit_card
OL00003861,ORD0003982,APT0003982,CLT00219,BIZ008,2025-11-13,Hair,Color - Highlights,PRV0012,170.35,1,0.0,34.07,204.42,completed,debit_card
OL00003862,ORD0003983,APT0003983,CLT00219,BIZ008,2025-12-07,Nails,Pedicure,PRV0011,52.42,1,1.59,12.71,63.54,completed,cash
OL00003863,ORD0003984,APT0003984,CLT00219,BIZ008,2025-12-21,Hair,Color - Highlights,PRV0003,165.08,1,0.0,24.76,189.84,completed,credit_card
OL00003864,ORD0003986,APT0003986,CLT00219,BIZ008,2026-02-05,Hair,Balayage,PRV0003,244.17,1,0.0,36.63,280.8,completed,credit_card
OL00003865,ORD0003987,APT0003987,CLT00219,BIZ008,2026-03-02,Nails,Pedicure,PRV0003,60.88,1,0.0,10.96,71.84,completed,cash
OL00003866,ORD0003988,APT0003988,CLT00220,BIZ010,2024-04-12,Hair,Color - Single Process,PRV0006,106.89,1,0.0,0.0,106.89,completed,apple_pay
OL00003867,ORD0003989,APT0003989,CLT00220,BIZ010,2024-05-18,Nails,Gel Manicure,PRV0019,46.87,1,0.0,7.03,53.9,completed,gift_card
OL00003868,ORD0003990,APT0003990,CLT00220,BIZ010,2024-06-27,Hair,Balayage,PRV0020,201.74,1,0.0,30.26,232.0,completed,credit_card
OL00003869,ORD0003991,APT0003991,CLT00220,BIZ010,2024-08-08,Nails,Nail Art Add-On,PRV0015,21.11,1,1.05,4.01,24.07,completed,credit_card
OL00003870,ORD0003992,APT0003992,CLT00220,BIZ010,2024-09-12,Hair,Color - Highlights,PRV0011,164.2,1,0.0,32.84,197.04,completed,gift_card
OL00003871,ORD0003993,APT0003993,CLT00220,BIZ010,2024-10-18,Nails,Gel Manicure,PRV0013,49.51,1,0.0,0.0,49.51,completed,gift_card
OL00003872,ORD0003995,APT0003995,CLT00220,BIZ010,2024-12-20,Nails,Gel Manicure,PRV0015,49.12,1,0.0,8.84,57.96,completed,google_pay
OL00003873,ORD0003997,APT0003997,CLT00220,BIZ010,2025-02-19,Nails,Pedicure,PRV0001,51.22,1,2.16,9.81,58.87,completed,google_pay
OL00003874,ORD0003998,APT0003998,CLT00220,BIZ010,2025-03-21,Nails,Gel Manicure,PRV0003,45.93,1,0.0,0.0,45.93,completed,google_pay
OL00003875,ORD0003999,APT0003999,CLT00220,BIZ010,2025-04-26,Hair,Root Touch-Up,PRV0018,93.13,1,0.0,18.63,111.76,completed,credit_card
OL00003876,ORD0004000,APT0004000,CLT00220,BIZ010,2025-06-06,Nails,Manicure,PRV0016,39.56,1,0.0,5.93,45.49,completed,google_pay
OL00003877,ORD0004001,APT0004001,CLT00220,BIZ010,2025-07-07,Nails,Pedicure,PRV0005,55.23,1,0.0,11.05,66.28,completed,cash
OL00003878,ORD0004002,APT0004002,CLT00220,BIZ010,2025-08-13,Hair,Blowout,PRV0002,53.94,1,0.0,9.71,63.65,completed,apple_pay
OL00003879,ORD0004004,APT0004004,CLT00221,BIZ010,2024-05-28,Hair,Blowout,PRV0015,57.08,1,0.0,8.56,65.64,completed,gift_card
OL00003880,ORD0004005,APT0004005,CLT00221,BIZ010,2024-08-30,Nails,Gel Manicure,PRV0004,48.39,1,0.0,9.68,58.07,completed,gift_card
OL00003881,ORD0004006,APT0004006,CLT00221,BIZ010,2024-12-02,Hair,Color - Highlights,PRV0012,183.29,1,0.0,27.49,210.78,completed,cash
OL00003882,ORD0004007,APT0004007,CLT00221,BIZ010,2025-03-03,Hair,Color - Highlights,PRV0013,169.03,1,0.0,25.35,194.38,completed,apple_pay
OL00003883,ORD0004008,APT0004008,CLT00221,BIZ010,2025-06-04,Hair,Keratin Treatment,PRV0010,263.52,1,0.0,0.0,263.52,completed,google_pay
OL00003884,ORD0004011,APT0004011,CLT00222,BIZ010,2024-06-09,Hair,Haircut & Style,PRV0016,63.2,1,1.94,15.32,76.58,completed,cash
OL00003885,ORD0004012,APT0004012,CLT00222,BIZ010,2024-07-07,Hair,Blowout,PRV0016,45.95,1,0.0,9.19,55.14,completed,cash
OL00003886,ORD0004013,APT0004013,CLT00222,BIZ010,2024-08-12,Hair,Color - Single Process,PRV0007,104.93,1,0.0,15.74,120.67,completed,gift_card
OL00003887,ORD0004015,APT0004015,CLT00222,BIZ010,2024-10-23,Hair,Color - Single Process,PRV0014,111.08,1,0.0,22.22,133.3,completed,credit_card
OL00003888,ORD0004016,APT0004016,CLT00222,BIZ010,2024-11-23,Hair,Haircut & Style,PRV0005,60.52,1,0.0,10.89,71.41,completed,apple_pay
OL00003889,ORD0004018,APT0004018,CLT00222,BIZ010,2025-01-27,Hair,Color - Highlights,PRV0015,185.24,1,0.0,27.79,213.03,completed,cash
OL00003890,ORD0004019,APT0004019,CLT00222,BIZ010,2025-03-04,Hair,Color - Highlights,PRV0012,149.33,1,0.0,22.4,171.73,completed,credit_card
OL00003891,ORD0004020,APT0004020,CLT00222,BIZ010,2025-04-09,Hair,Blowout,PRV0012,47.85,1,0.0,9.57,57.42,completed,cash
OL00003892,ORD0004021,APT0004021,CLT00222,BIZ010,2025-05-09,Hair,Haircut & Style,PRV0016,59.62,1,0.0,10.73,70.35,completed,cash
OL00003893,ORD0004022,APT0004022,CLT00222,BIZ010,2025-06-20,Hair,Blowout,PRV0004,52.29,1,3.05,8.86,58.1,completed,apple_pay
OL00003894,ORD0004023,APT0004023,CLT00222,BIZ010,2025-07-24,Hair,Keratin Treatment,PRV0018,313.2,1,0.0,56.38,369.58,completed,google_pay
OL00003895,ORD0004024,APT0004024,CLT00222,BIZ010,2025-08-25,Hair,Root Touch-Up,PRV0017,95.3,1,0.0,17.15,112.45,completed,cash
OL00003896,ORD0004028,APT0004028,CLT00223,BIZ003,2024-11-28,Hair,Balayage,PRV0006,209.37,1,0.0,41.87,251.24,completed,cash
OL00003897,ORD0004029,APT0004029,CLT00223,BIZ003,2025-02-25,Skin,Chemical Peel,PRV0011,132.24,1,0.0,19.84,152.08,completed,apple_pay
OL00003898,ORD0004030,APT0004030,CLT00223,BIZ003,2025-06-02,Skin,Microdermabrasion,PRV0019,118.7,1,0.0,23.74,142.44,completed,debit_card
OL00003899,ORD0004031,APT0004031,CLT00223,BIZ003,2025-09-04,Hair,Color - Single Process,PRV0012,115.15,1,0.0,17.27,132.42,completed,gift_card
OL00003900,ORD0004031,APT0004031,CLT00223,BIZ003,2025-09-04,Nails,Manicure,PRV0012,35.75,1,0.0,7.15,42.9,completed,debit_card
OL00003901,ORD0004032,APT0004032,CLT00223,BIZ003,2025-11-30,Hair,Color - Highlights,PRV0008,186.32,1,0.0,0.0,186.32,completed,credit_card
OL00003902,ORD0004033,APT0004033,CLT00223,BIZ003,2026-03-05,Skin,Deep Cleansing Facial,PRV0012,134.56,1,0.55,20.1,154.11,completed,cash
OL00003903,ORD0004034,APT0004034,CLT00224,BIZ009,2024-05-19,Hair,Keratin Treatment,PRV0005,251.89,1,0.0,50.38,302.27,completed,apple_pay
OL00003904,ORD0004035,APT0004035,CLT00224,BIZ009,2024-06-29,Nails,Nail Art Add-On,PRV0012,18.51,1,0.0,3.7,22.21,completed,cash
OL00003905,ORD0004036,APT0004036,CLT00224,BIZ009,2024-08-15,Hair,Blowout,PRV0014,54.66,1,0.44,0.0,54.22,completed,debit_card
OL00003906,ORD0004037,APT0004037,CLT00224,BIZ009,2024-10-06,Nails,Manicure,PRV0012,37.11,1,0.0,5.57,42.68,completed,credit_card
OL00003907,ORD0004038,APT0004038,CLT00224,BIZ009,2024-11-22,Hair,Color - Highlights,PRV0011,160.4,1,0.0,28.87,189.27,completed,debit_card
OL00003908,ORD0004039,APT0004039,CLT00224,BIZ009,2025-01-06,Hair,Keratin Treatment,PRV0005,307.15,1,0.0,55.29,362.44,completed,debit_card
OL00003909,ORD0004040,APT0004040,CLT00224,BIZ009,2025-02-26,Hair,Balayage,PRV0012,224.96,1,0.0,33.74,258.7,completed,google_pay
OL00003910,ORD0004042,APT0004042,CLT00224,BIZ009,2025-05-21,Nails,Gel Manicure,PRV0018,53.31,1,4.27,9.81,58.85,completed,debit_card
OL00003911,ORD0004043,APT0004043,CLT00224,BIZ009,2025-07-02,Nails,Manicure,PRV0004,32.34,1,0.0,5.82,38.16,completed,debit_card
OL00003912,ORD0004044,APT0004044,CLT00224,BIZ009,2025-08-17,Nails,Pedicure,PRV0009,62.36,1,0.0,9.35,71.71,completed,debit_card
OL00003913,ORD0004045,APT0004045,CLT00224,BIZ009,2025-09-27,Hair,Balayage,PRV0011,247.97,1,16.02,34.79,266.74,completed,credit_card
OL00003914,ORD0004046,APT0004046,CLT00224,BIZ009,2025-11-06,Hair,Blowout,PRV0003,52.99,1,0.0,0.0,52.99,completed,debit_card
OL00003915,ORD0004047,APT0004047,CLT00224,BIZ009,2025-12-16,Hair,Keratin Treatment,PRV0007,271.93,1,0.0,48.95,320.88,completed,credit_card
OL00003916,ORD0004048,APT0004048,CLT00224,BIZ009,2026-02-02,Nails,Pedicure,PRV0003,61.55,1,0.0,9.23,70.78,completed,cash
OL00003917,ORD0004049,APT0004049,CLT00224,BIZ009,2026-03-21,Hair,Color - Single Process,PRV0010,108.31,1,0.0,27.08,135.39,completed,cash
OL00003918,ORD0004051,APT0004051,CLT00225,BIZ001,2024-06-08,Hair,Keratin Treatment,PRV0016,315.65,1,0.0,56.82,372.47,completed,debit_card
OL00003919,ORD0004052,APT0004052,CLT00225,BIZ001,2024-07-20,Hair,Keratin Treatment,PRV0018,266.26,1,6.24,46.8,306.82,completed,cash
OL00003920,ORD0004053,APT0004053,CLT00225,BIZ001,2024-08-19,Hair,Haircut & Style,PRV0016,66.95,1,0.0,10.04,76.99,completed,google_pay
OL00003921,ORD0004054,APT0004054,CLT00225,BIZ001,2024-09-30,Hair,Color - Highlights,PRV0005,180.48,1,0.0,27.07,207.55,completed,google_pay
OL00003922,ORD0004055,APT0004055,CLT00225,BIZ001,2024-10-28,Hair,Root Touch-Up,PRV0007,78.39,1,0.53,14.01,91.87,completed,gift_card
OL00003923,ORD0004056,APT0004056,CLT00225,BIZ001,2024-12-01,Hair,Color - Highlights,PRV0015,180.97,1,0.0,32.57,213.54,completed,gift_card
OL00003924,ORD0004057,APT0004057,CLT00225,BIZ001,2025-01-08,Hair,Balayage,PRV0016,234.47,1,0.0,42.2,276.67,completed,gift_card
OL00003925,ORD0004058,APT0004058,CLT00225,BIZ001,2025-02-07,Hair,Blowout,PRV0018,52.62,1,0.0,13.15,65.77,completed,cash
OL00003926,ORD0004059,APT0004059,CLT00225,BIZ001,2025-03-19,Hair,Color - Single Process,PRV0019,120.15,1,1.22,17.84,136.77,completed,cash
OL00003927,ORD0004060,APT0004060,CLT00225,BIZ001,2025-04-26,Hair,Haircut & Style,PRV0018,69.58,1,4.0,13.12,78.7,completed,gift_card
OL00003928,ORD0004061,APT0004061,CLT00225,BIZ001,2025-05-30,Hair,Color - Highlights,PRV0001,180.99,1,0.0,0.0,180.99,completed,credit_card
OL00003929,ORD0004062,APT0004062,CLT00225,BIZ001,2025-07-04,Hair,Balayage,PRV0008,212.01,1,0.0,0.0,212.01,completed,google_pay
OL00003930,ORD0004064,APT0004064,CLT00226,BIZ006,2024-04-15,Hair,Keratin Treatment,PRV0006,302.05,1,0.0,45.31,347.36,completed,debit_card
OL00003931,ORD0004066,APT0004066,CLT00226,BIZ006,2024-06-17,Hair,Color - Highlights,PRV0020,148.57,1,11.32,24.7,161.95,completed,gift_card
OL00003932,ORD0004067,APT0004067,CLT00226,BIZ006,2024-07-19,Hair,Keratin Treatment,PRV0020,252.64,1,0.0,37.9,290.54,completed,credit_card
OL00003933,ORD0004068,APT0004068,CLT00226,BIZ006,2024-08-26,Hair,Haircut & Style,PRV0016,66.2,1,0.0,0.0,66.2,completed,gift_card
OL00003934,ORD0004069,APT0004069,CLT00226,BIZ006,2024-10-04,Hair,Blowout,PRV0006,47.48,1,0.66,8.43,55.25,completed,apple_pay
OL00003935,ORD0004070,APT0004070,CLT00226,BIZ006,2024-11-05,Hair,Color - Single Process,PRV0013,124.1,1,0.0,18.61,142.71,completed,apple_pay
OL00003936,ORD0004071,APT0004071,CLT00226,BIZ006,2024-12-10,Hair,Color - Single Process,PRV0003,110.4,1,0.0,16.56,126.96,completed,cash
OL00003937,ORD0004072,APT0004072,CLT00226,BIZ006,2025-01-08,Hair,Color - Single Process,PRV0012,123.29,1,10.86,20.24,132.67,completed,debit_card
OL00003938,ORD0004073,APT0004073,CLT00226,BIZ006,2025-02-13,Hair,Balayage,PRV0011,245.24,1,0.0,36.79,282.03,completed,credit_card
OL00003939,ORD0004074,APT0004074,CLT00226,BIZ006,2025-03-13,Hair,Blowout,PRV0003,49.06,1,3.7,0.0,45.36,completed,debit_card
OL00003940,ORD0004075,APT0004075,CLT00226,BIZ006,2025-04-14,Hair,Balayage,PRV0020,239.92,1,0.0,43.19,283.11,completed,cash
OL00003941,ORD0004076,APT0004076,CLT00226,BIZ006,2025-05-14,Hair,Color - Highlights,PRV0008,155.77,1,0.0,28.04,183.81,completed,gift_card
OL00003942,ORD0004078,APT0004078,CLT00226,BIZ006,2025-07-26,Hair,Haircut & Style,PRV0001,72.96,1,2.92,0.0,70.04,completed,gift_card
OL00003943,ORD0004079,APT0004079,CLT00226,BIZ006,2025-08-23,Hair,Color - Single Process,PRV0001,102.45,1,0.0,18.44,120.89,completed,debit_card
OL00003944,ORD0004080,APT0004080,CLT00226,BIZ006,2025-09-26,Hair,Color - Highlights,PRV0013,176.72,1,0.0,26.51,203.23,completed,google_pay
OL00003945,ORD0004081,APT0004081,CLT00226,BIZ006,2025-11-04,Hair,Keratin Treatment,PRV0016,274.3,1,0.0,54.86,329.16,completed,google_pay
OL00003946,ORD0004082,APT0004082,CLT00226,BIZ006,2025-12-16,Hair,Balayage,PRV0007,205.29,1,0.0,36.95,242.24,completed,gift_card
OL00003947,ORD0004084,APT0004084,CLT00226,BIZ006,2026-02-22,Hair,Haircut & Style,PRV0018,60.44,1,0.0,9.07,69.51,completed,credit_card
OL00003948,ORD0004085,APT0004085,CLT00227,BIZ008,2024-04-12,Nails,Nail Art Add-On,PRV0001,22.57,1,0.0,4.06,26.63,completed,apple_pay
OL00003949,ORD0004086,APT0004086,CLT00227,BIZ008,2024-05-12,Waxing,Full Leg Wax,PRV0018,73.78,1,0.0,11.07,84.85,completed,credit_card
OL00003950,ORD0004086,APT0004086,CLT00227,BIZ008,2024-05-12,Nails,Pedicure,PRV0018,53.82,1,0.0,10.76,64.58,completed,gift_card
OL00003951,ORD0004087,APT0004087,CLT00227,BIZ008,2024-06-22,Waxing,Brow Wax & Shape,PRV0005,27.96,1,0.0,6.99,34.95,completed,gift_card
OL00003952,ORD0004088,APT0004088,CLT00227,BIZ008,2024-07-22,Nails,Manicure,PRV0015,32.79,1,0.67,4.82,36.94,completed,cash
OL00003953,ORD0004088,APT0004088,CLT00227,BIZ008,2024-07-22,Waxing,Full Leg Wax,PRV0015,75.57,1,0.0,13.6,89.17,completed,credit_card
OL00003954,ORD0004089,APT0004089,CLT00227,BIZ008,2024-09-02,Waxing,Brow Wax & Shape,PRV0016,25.88,1,0.0,4.66,30.54,completed,google_pay
OL00003955,ORD0004090,APT0004090,CLT00227,BIZ008,2024-10-08,Nails,Dip Powder Nails,PRV0013,68.82,1,0.0,0.0,68.82,completed,cash
OL00003956,ORD0004091,APT0004091,CLT00227,BIZ008,2024-11-11,Nails,Gel Manicure,PRV0011,48.38,1,1.95,9.29,55.72,completed,google_pay
OL00003957,ORD0004092,APT0004092,CLT00227,BIZ008,2024-12-22,Nails,Nail Art Add-On,PRV0019,21.52,1,0.37,3.81,24.96,completed,credit_card
OL00003958,ORD0004092,APT0004092,CLT00227,BIZ008,2024-12-22,Waxing,Brow Wax & Shape,PRV0019,25.65,1,0.0,4.62,30.27,completed,debit_card
OL00003959,ORD0004093,APT0004093,CLT00227,BIZ008,2025-01-19,Waxing,Brow Wax & Shape,PRV0003,26.19,1,0.0,0.0,26.19,completed,gift_card
OL00003960,ORD0004093,APT0004093,CLT00227,BIZ008,2025-01-19,Nails,Manicure,PRV0003,36.75,1,0.0,6.61,43.36,completed,cash
OL00003961,ORD0004094,APT0004094,CLT00227,BIZ008,2025-02-22,Nails,Manicure,PRV0004,32.95,1,0.0,5.93,38.88,completed,credit_card
OL00003962,ORD0004094,APT0004094,CLT00227,BIZ008,2025-02-22,Waxing,Brazilian Wax,PRV0004,68.1,1,0.0,12.26,80.36,completed,credit_card
OL00003963,ORD0004095,APT0004095,CLT00227,BIZ008,2025-03-24,Nails,Manicure,PRV0009,36.05,1,0.0,5.41,41.46,completed,credit_card
OL00003964,ORD0004096,APT0004096,CLT00227,BIZ008,2025-05-02,Nails,Pedicure,PRV0001,56.14,1,0.0,0.0,56.14,completed,debit_card
OL00003965,ORD0004097,APT0004097,CLT00227,BIZ008,2025-06-04,Waxing,Full Leg Wax,PRV0004,69.91,1,0.0,13.98,83.89,completed,debit_card
OL00003966,ORD0004098,APT0004098,CLT00227,BIZ008,2025-07-11,Waxing,Lip & Chin Wax,PRV0014,21.94,1,0.0,3.29,25.23,completed,cash
OL00003967,ORD0004098,APT0004098,CLT00227,BIZ008,2025-07-11,Nails,Dip Powder Nails,PRV0014,62.44,1,0.0,9.37,71.81,completed,debit_card
OL00003968,ORD0004099,APT0004099,CLT00227,BIZ008,2025-08-12,Waxing,Brow Wax & Shape,PRV0011,27.33,1,0.0,4.92,32.25,completed,apple_pay
OL00003969,ORD0004100,APT0004100,CLT00227,BIZ008,2025-09-17,Waxing,Brazilian Wax,PRV0010,59.24,1,4.42,8.22,63.04,completed,apple_pay
OL00003970,ORD0004101,APT0004101,CLT00227,BIZ008,2025-10-18,Nails,Nail Art Add-On,PRV0002,18.57,1,0.45,2.72,20.84,completed,credit_card
OL00003971,ORD0004101,APT0004101,CLT00227,BIZ008,2025-10-18,Waxing,Lip & Chin Wax,PRV0002,19.79,1,0.0,2.97,22.76,completed,google_pay
OL00003972,ORD0004102,APT0004102,CLT00227,BIZ008,2025-11-27,Waxing,Lip & Chin Wax,PRV0015,21.86,1,0.0,5.46,27.32,completed,cash
OL00003973,ORD0004102,APT0004102,CLT00227,BIZ008,2025-11-27,Nails,Nail Art Add-On,PRV0015,19.4,1,0.0,2.91,22.31,completed,apple_pay
OL00003974,ORD0004103,APT0004103,CLT00227,BIZ008,2025-12-25,Nails,Dip Powder Nails,PRV0009,62.28,1,3.91,0.0,58.37,completed,cash
OL00003975,ORD0004103,APT0004103,CLT00227,BIZ008,2025-12-25,Waxing,Brow Wax & Shape,PRV0009,24.29,1,0.0,0.0,24.29,completed,gift_card
OL00003976,ORD0004104,APT0004104,CLT00227,BIZ008,2026-02-02,Nails,Nail Art Add-On,PRV0008,19.37,1,0.0,2.91,22.28,completed,google_pay
OL00003977,ORD0004105,APT0004105,CLT00227,BIZ008,2026-03-08,Nails,Pedicure,PRV0019,59.96,1,0.0,10.79,70.75,completed,google_pay
OL00003978,ORD0004106,APT0004106,CLT00228,BIZ001,2024-04-27,Hair,Root Touch-Up,PRV0013,88.32,1,0.0,13.25,101.57,completed,gift_card
OL00003979,ORD0004107,APT0004107,CLT00228,BIZ001,2024-06-01,Hair,Root Touch-Up,PRV0005,83.08,1,0.0,16.62,99.7,completed,credit_card
OL00003980,ORD0004108,APT0004108,CLT00228,BIZ001,2024-06-29,Hair,Keratin Treatment,PRV0009,269.95,1,0.0,53.99,323.94,completed,apple_pay
OL00003981,ORD0004110,APT0004110,CLT00228,BIZ001,2024-08-27,Hair,Balayage,PRV0019,250.37,1,0.0,45.07,295.44,completed,debit_card
OL00003982,ORD0004110,APT0004110,CLT00228,BIZ001,2024-08-27,Nails,Nail Art Add-On,PRV0019,19.06,1,0.0,3.81,22.87,completed,credit_card
OL00003983,ORD0004111,APT0004111,CLT00228,BIZ001,2024-10-04,Hair,Blowout,PRV0015,46.25,1,0.0,6.94,53.19,completed,cash
OL00003984,ORD0004112,APT0004112,CLT00228,BIZ001,2024-11-04,Hair,Keratin Treatment,PRV0016,301.06,1,0.0,54.19,355.25,completed,credit_card
OL00003985,ORD0004113,APT0004113,CLT00228,BIZ001,2024-12-03,Hair,Root Touch-Up,PRV0009,90.96,1,0.0,13.64,104.6,completed,google_pay
OL00003986,ORD0004113,APT0004113,CLT00228,BIZ001,2024-12-03,Nails,Dip Powder Nails,PRV0009,66.77,1,0.0,0.0,66.77,completed,credit_card
OL00003987,ORD0004115,APT0004115,CLT00228,BIZ001,2025-02-08,Hair,Root Touch-Up,PRV0014,84.18,1,0.0,0.0,84.18,completed,google_pay
OL00003988,ORD0004116,APT0004116,CLT00228,BIZ001,2025-03-13,Hair,Haircut & Style,PRV0012,71.47,1,0.0,10.72,82.19,completed,credit_card
OL00003989,ORD0004117,APT0004117,CLT00228,BIZ001,2025-04-19,Hair,Haircut & Style,PRV0001,61.82,1,0.0,0.0,61.82,completed,cash
OL00003990,ORD0004118,APT0004118,CLT00228,BIZ001,2025-05-18,Hair,Keratin Treatment,PRV0003,262.56,1,0.0,47.26,309.82,completed,debit_card
OL00003991,ORD0004118,APT0004118,CLT00228,BIZ001,2025-05-18,Nails,Manicure,PRV0003,34.23,1,0.0,0.0,34.23,completed,debit_card
OL00003992,ORD0004119,APT0004119,CLT00228,BIZ001,2025-06-19,Hair,Root Touch-Up,PRV0004,77.4,1,0.0,11.61,89.01,completed,credit_card
OL00003993,ORD0004119,APT0004119,CLT00228,BIZ001,2025-06-19,Nails,Gel Manicure,PRV0004,49.75,1,0.0,9.95,59.7,completed,credit_card
OL00003994,ORD0004120,APT0004120,CLT00228,BIZ001,2025-07-17,Hair,Keratin Treatment,PRV0009,260.76,1,0.0,0.0,260.76,completed,cash
OL00003995,ORD0004121,APT0004121,CLT00228,BIZ001,2025-08-14,Hair,Keratin Treatment,PRV0017,260.4,1,15.28,49.02,294.14,completed,credit_card
OL00003996,ORD0004122,APT0004122,CLT00228,BIZ001,2025-09-16,Hair,Blowout,PRV0015,48.98,1,0.0,8.82,57.8,completed,gift_card
OL00003997,ORD0004123,APT0004123,CLT00228,BIZ001,2025-10-18,Hair,Balayage,PRV0012,236.9,1,0.0,42.64,279.54,completed,cash
OL00003998,ORD0004124,APT0004124,CLT00228,BIZ001,2025-11-18,Hair,Balayage,PRV0011,241.72,1,0.0,43.51,285.23,completed,apple_pay
OL00003999,ORD0004124,APT0004124,CLT00228,BIZ001,2025-11-18,Nails,Nail Art Add-On,PRV0011,20.61,1,0.0,4.12,24.73,completed,apple_pay
OL00004000,ORD0004125,APT0004125,CLT00228,BIZ001,2025-12-19,Hair,Haircut & Style,PRV0018,67.16,1,0.0,10.07,77.23,completed,cash
OL00004001,ORD0004127,APT0004127,CLT00228,BIZ001,2026-03-05,Hair,Blowout,PRV0006,46.27,1,0.0,8.33,54.6,completed,gift_card
OL00004002,ORD0004128,APT0004128,CLT00229,BIZ007,2024-05-06,Waxing,Brazilian Wax,PRV0007,72.16,1,0.0,0.0,72.16,completed,google_pay
OL00004003,ORD0004129,APT0004129,CLT00229,BIZ007,2024-06-17,Waxing,Lip & Chin Wax,PRV0008,19.59,1,0.0,2.94,22.53,completed,cash
OL00004004,ORD0004130,APT0004130,CLT00229,BIZ007,2024-07-29,Nails,Pedicure,PRV0020,53.57,1,0.0,9.64,63.21,completed,credit_card
OL00004005,ORD0004131,APT0004131,CLT00229,BIZ007,2024-08-27,Nails,Dip Powder Nails,PRV0019,67.81,1,5.9,11.14,73.05,completed,gift_card
OL00004006,ORD0004132,APT0004132,CLT00229,BIZ007,2024-10-08,Nails,Dip Powder Nails,PRV0004,70.73,1,0.0,14.15,84.88,completed,google_pay
OL00004007,ORD0004133,APT0004133,CLT00229,BIZ007,2024-11-17,Waxing,Brazilian Wax,PRV0020,60.82,1,2.76,11.61,69.67,completed,cash
OL00004008,ORD0004135,APT0004135,CLT00229,BIZ007,2025-01-30,Nails,Dip Powder Nails,PRV0006,64.56,1,5.71,11.77,70.62,completed,credit_card
OL00004009,ORD0004136,APT0004136,CLT00229,BIZ007,2025-03-01,Waxing,Brow Wax & Shape,PRV0019,24.5,1,0.0,0.0,24.5,completed,debit_card
OL00004010,ORD0004137,APT0004137,CLT00229,BIZ007,2025-04-09,Nails,Dip Powder Nails,PRV0001,60.98,1,0.0,10.98,71.96,completed,cash
OL00004011,ORD0004138,APT0004138,CLT00229,BIZ007,2025-05-21,Waxing,Full Leg Wax,PRV0014,76.42,1,0.0,15.28,91.7,completed,google_pay
OL00004012,ORD0004139,APT0004139,CLT00229,BIZ007,2025-06-26,Nails,Pedicure,PRV0005,58.43,1,0.0,10.52,68.95,completed,cash
OL00004013,ORD0004140,APT0004140,CLT00229,BIZ007,2025-07-27,Waxing,Lip & Chin Wax,PRV0012,19.69,1,0.0,3.54,23.23,completed,google_pay
OL00004014,ORD0004143,APT0004143,CLT00230,BIZ001,2024-04-22,Hair,Balayage,PRV0003,227.53,1,0.0,56.88,284.41,completed,debit_card
OL00004015,ORD0004144,APT0004144,CLT00230,BIZ001,2024-05-09,Hair,Blowout,PRV0018,54.93,1,0.0,8.24,63.17,completed,gift_card
OL00004016,ORD0004145,APT0004145,CLT00230,BIZ001,2024-06-04,Hair,Balayage,PRV0011,227.42,1,0.0,0.0,227.42,completed,credit_card
OL00004017,ORD0004146,APT0004146,CLT00230,BIZ001,2024-06-24,Hair,Color - Single Process,PRV0011,108.52,1,0.69,21.57,129.4,completed,gift_card
OL00004018,ORD0004147,APT0004147,CLT00230,BIZ001,2024-07-15,Massage,Deep Tissue 60min,PRV0018,133.15,1,0.0,26.63,159.78,completed,gift_card
OL00004019,ORD0004148,APT0004148,CLT00230,BIZ001,2024-08-02,Hair,Blowout,PRV0001,52.08,1,0.0,9.37,61.45,completed,credit_card
OL00004020,ORD0004149,APT0004149,CLT00230,BIZ001,2024-08-23,Hair,Color - Highlights,PRV0003,159.35,1,0.0,31.87,191.22,completed,apple_pay
OL00004021,ORD0004150,APT0004150,CLT00230,BIZ001,2024-09-13,Massage,Hot Stone Massage,PRV0004,145.0,1,13.64,0.0,131.36,completed,google_pay
OL00004022,ORD0004151,APT0004151,CLT00230,BIZ001,2024-10-07,Massage,Swedish Massage 60min,PRV0005,119.53,1,0.0,0.0,119.53,completed,gift_card
OL00004023,ORD0004152,APT0004152,CLT00230,BIZ001,2024-10-28,Hair,Blowout,PRV0015,48.08,1,0.0,7.21,55.29,completed,cash
OL00004024,ORD0004153,APT0004153,CLT00230,BIZ001,2024-11-25,Massage,Deep Tissue 60min,PRV0018,125.5,1,0.0,22.59,148.09,completed,apple_pay
OL00004025,ORD0004154,APT0004154,CLT00230,BIZ001,2024-12-17,Massage,Hot Stone Massage,PRV0013,144.06,1,0.0,21.61,165.67,completed,cash
OL00004026,ORD0004155,APT0004155,CLT00230,BIZ001,2025-01-04,Hair,Color - Highlights,PRV0016,185.65,1,0.99,0.0,184.66,completed,apple_pay
OL00004027,ORD0004156,APT0004156,CLT00230,BIZ001,2025-01-22,Hair,Root Touch-Up,PRV0020,84.57,1,0.0,0.0,84.57,completed,apple_pay
OL00004028,ORD0004157,APT0004157,CLT00230,BIZ001,2025-02-06,Hair,Keratin Treatment,PRV0014,275.38,1,0.0,49.57,324.95,completed,cash
OL00004029,ORD0004158,APT0004158,CLT00230,BIZ001,2025-03-02,Hair,Color - Single Process,PRV0008,102.91,1,0.0,15.44,118.35,completed,debit_card
OL00004030,ORD0004159,APT0004159,CLT00230,BIZ001,2025-03-20,Massage,Deep Tissue 60min,PRV0019,115.38,1,1.6,0.0,113.78,completed,credit_card
OL00004031,ORD0004161,APT0004161,CLT00230,BIZ001,2025-04-26,Hair,Keratin Treatment,PRV0011,315.99,1,0.0,0.0,315.99,completed,cash
OL00004032,ORD0004162,APT0004162,CLT00230,BIZ001,2025-05-18,Hair,Blowout,PRV0007,46.98,1,0.0,0.0,46.98,completed,debit_card
OL00004033,ORD0004163,APT0004163,CLT00230,BIZ001,2025-06-08,Hair,Root Touch-Up,PRV0006,86.44,1,0.0,15.56,102.0,completed,google_pay
OL00004034,ORD0004164,APT0004164,CLT00230,BIZ001,2025-06-29,Hair,Balayage,PRV0007,227.96,1,0.0,34.19,262.15,completed,apple_pay
OL00004035,ORD0004165,APT0004165,CLT00230,BIZ001,2025-07-21,Massage,Prenatal Massage,PRV0002,114.07,1,0.0,0.0,114.07,completed,google_pay
OL00004036,ORD0004166,APT0004166,CLT00230,BIZ001,2025-08-05,Hair,Root Touch-Up,PRV0005,80.88,1,0.0,14.56,95.44,completed,credit_card
OL00004037,ORD0004167,APT0004167,CLT00230,BIZ001,2025-08-20,Massage,Hot Stone Massage,PRV0020,150.13,1,8.16,21.3,163.27,completed,debit_card
OL00004038,ORD0004169,APT0004169,CLT00230,BIZ001,2025-09-25,Massage,Hot Stone Massage,PRV0016,148.89,1,0.0,0.0,148.89,completed,debit_card
OL00004039,ORD0004170,APT0004170,CLT00230,BIZ001,2025-10-23,Massage,Hot Stone Massage,PRV0007,149.58,1,2.35,29.45,176.68,completed,apple_pay
OL00004040,ORD0004171,APT0004171,CLT00230,BIZ001,2025-11-13,Hair,Color - Single Process,PRV0012,104.88,1,0.13,18.86,123.61,completed,debit_card
OL00004041,ORD0004172,APT0004172,CLT00230,BIZ001,2025-12-05,Hair,Keratin Treatment,PRV0013,294.34,1,0.0,52.98,347.32,completed,credit_card
OL00004042,ORD0004173,APT0004173,CLT00230,BIZ001,2025-12-29,Massage,Prenatal Massage,PRV0006,119.51,1,6.57,16.94,129.88,completed,debit_card
OL00004043,ORD0004174,APT0004174,CLT00230,BIZ001,2026-01-14,Massage,Prenatal Massage,PRV0002,116.84,1,0.0,21.03,137.87,completed,cash
OL00004044,ORD0004175,APT0004175,CLT00230,BIZ001,2026-01-30,Massage,Swedish Massage 60min,PRV0008,110.39,1,3.68,0.0,106.71,completed,credit_card
OL00004045,ORD0004176,APT0004176,CLT00230,BIZ001,2026-02-18,Massage,Swedish Massage 60min,PRV0002,100.1,1,0.0,0.0,100.1,completed,credit_card
OL00004046,ORD0004177,APT0004177,CLT00231,BIZ008,2024-06-04,Massage,Hot Stone Massage,PRV0010,139.4,1,0.0,0.0,139.4,completed,credit_card
OL00004047,ORD0004178,APT0004178,CLT00231,BIZ008,2024-09-03,Massage,Hot Stone Massage,PRV0012,147.48,1,1.8,26.22,171.9,completed,cash
OL00004048,ORD0004179,APT0004179,CLT00231,BIZ008,2024-11-25,Massage,Prenatal Massage,PRV0015,120.42,1,11.42,0.0,109.0,completed,google_pay
OL00004049,ORD0004180,APT0004180,CLT00231,BIZ008,2025-02-18,Massage,Deep Tissue 60min,PRV0011,124.81,1,0.0,0.0,124.81,completed,gift_card
OL00004050,ORD0004181,APT0004181,CLT00231,BIZ008,2025-05-23,Hair,Root Touch-Up,PRV0009,90.55,1,0.0,16.3,106.85,completed,apple_pay
OL00004051,ORD0004182,APT0004182,CLT00231,BIZ008,2025-08-16,Hair,Blowout,PRV0015,54.67,1,0.0,9.84,64.51,completed,apple_pay
OL00004052,ORD0004183,APT0004183,CLT00231,BIZ008,2025-11-10,Hair,Keratin Treatment,PRV0001,247.85,1,0.0,0.0,247.85,completed,gift_card
OL00004053,ORD0004184,APT0004184,CLT00231,BIZ008,2026-02-06,Massage,Deep Tissue 60min,PRV0015,120.98,1,0.0,0.0,120.98,completed,google_pay
OL00004054,ORD0004185,APT0004185,CLT00232,BIZ009,2024-04-22,Hair,Balayage,PRV0009,200.44,1,0.0,0.0,200.44,completed,google_pay
OL00004055,ORD0004186,APT0004186,CLT00232,BIZ009,2024-06-01,Hair,Color - Highlights,PRV0002,149.97,1,0.0,26.99,176.96,completed,credit_card
OL00004056,ORD0004187,APT0004187,CLT00232,BIZ009,2024-07-11,Hair,Color - Single Process,PRV0020,116.2,1,0.0,17.43,133.63,completed,gift_card
OL00004057,ORD0004189,APT0004189,CLT00232,BIZ009,2024-09-18,Hair,Balayage,PRV0012,240.48,1,0.0,0.0,240.48,completed,gift_card
OL00004058,ORD0004190,APT0004190,CLT00232,BIZ009,2024-10-19,Hair,Haircut & Style,PRV0007,59.38,1,0.0,8.91,68.29,completed,apple_pay
OL00004059,ORD0004191,APT0004191,CLT00232,BIZ009,2024-11-19,Hair,Keratin Treatment,PRV0018,264.31,1,0.0,66.08,330.39,completed,gift_card
OL00004060,ORD0004192,APT0004192,CLT00232,BIZ009,2024-12-28,Hair,Root Touch-Up,PRV0006,92.22,1,0.0,16.6,108.82,completed,credit_card
OL00004061,ORD0004193,APT0004193,CLT00232,BIZ009,2025-02-02,Hair,Root Touch-Up,PRV0008,90.55,1,3.82,0.0,86.73,completed,credit_card
OL00004062,ORD0004194,APT0004194,CLT00232,BIZ009,2025-03-12,Hair,Color - Highlights,PRV0006,172.33,1,0.66,0.0,171.67,completed,google_pay
OL00004063,ORD0004195,APT0004195,CLT00232,BIZ009,2025-04-19,Hair,Balayage,PRV0014,214.54,1,0.0,38.62,253.16,completed,google_pay
OL00004064,ORD0004196,APT0004196,CLT00232,BIZ009,2025-05-28,Hair,Keratin Treatment,PRV0018,285.36,1,2.48,0.0,282.88,completed,google_pay
OL00004065,ORD0004197,APT0004197,CLT00232,BIZ009,2025-07-08,Hair,Keratin Treatment,PRV0001,281.4,1,0.0,0.0,281.4,completed,google_pay
OL00004066,ORD0004198,APT0004198,CLT00232,BIZ009,2025-08-10,Hair,Haircut & Style,PRV0019,66.89,1,0.0,12.04,78.93,completed,apple_pay
OL00004067,ORD0004199,APT0004199,CLT00232,BIZ009,2025-09-09,Hair,Keratin Treatment,PRV0019,311.87,1,0.0,0.0,311.87,completed,credit_card
OL00004068,ORD0004200,APT0004200,CLT00232,BIZ009,2025-10-09,Hair,Root Touch-Up,PRV0011,87.74,1,0.0,0.0,87.74,completed,apple_pay
OL00004069,ORD0004201,APT0004201,CLT00232,BIZ009,2025-11-09,Hair,Balayage,PRV0013,211.97,1,0.0,0.0,211.97,completed,credit_card
OL00004070,ORD0004202,APT0004202,CLT00232,BIZ009,2025-12-09,Hair,Root Touch-Up,PRV0003,94.22,1,0.0,14.13,108.35,completed,debit_card
OL00004071,ORD0004203,APT0004203,CLT00232,BIZ009,2026-01-18,Hair,Root Touch-Up,PRV0010,87.05,1,0.0,15.67,102.72,completed,debit_card
OL00004072,ORD0004207,APT0004207,CLT00233,BIZ009,2024-05-19,Hair,Color - Highlights,PRV0004,175.75,1,0.0,31.63,207.38,completed,credit_card
OL00004073,ORD0004208,APT0004208,CLT00233,BIZ009,2024-06-28,Hair,Blowout,PRV0008,53.88,1,0.0,8.08,61.96,completed,credit_card
OL00004074,ORD0004209,APT0004209,CLT00233,BIZ009,2024-07-26,Hair,Blowout,PRV0007,56.8,1,0.0,8.52,65.32,completed,google_pay
OL00004075,ORD0004210,APT0004210,CLT00233,BIZ009,2024-08-23,Hair,Balayage,PRV0004,208.18,1,0.0,41.64,249.82,completed,cash
OL00004076,ORD0004211,APT0004211,CLT00233,BIZ009,2024-09-28,Hair,Color - Single Process,PRV0014,114.58,1,0.0,22.92,137.5,completed,cash
OL00004077,ORD0004212,APT0004212,CLT00233,BIZ009,2024-11-05,Hair,Keratin Treatment,PRV0020,255.62,1,0.0,46.01,301.63,completed,cash
OL00004078,ORD0004213,APT0004213,CLT00233,BIZ009,2024-12-07,Hair,Balayage,PRV0017,236.28,1,0.0,42.53,278.81,completed,apple_pay
OL00004079,ORD0004214,APT0004214,CLT00233,BIZ009,2025-01-12,Hair,Color - Highlights,PRV0016,168.4,1,0.0,33.68,202.08,completed,gift_card
OL00004080,ORD0004215,APT0004215,CLT00233,BIZ009,2025-02-10,Hair,Haircut & Style,PRV0007,71.18,1,0.0,14.24,85.42,completed,cash
OL00004081,ORD0004216,APT0004216,CLT00233,BIZ009,2025-03-19,Hair,Color - Highlights,PRV0014,171.7,1,0.0,25.75,197.45,completed,credit_card
OL00004082,ORD0004217,APT0004217,CLT00233,BIZ009,2025-04-26,Hair,Color - Single Process,PRV0013,119.46,1,0.0,0.0,119.46,completed,google_pay
OL00004083,ORD0004219,APT0004219,CLT00233,BIZ009,2025-06-29,Hair,Root Touch-Up,PRV0006,90.45,1,0.0,18.09,108.54,completed,google_pay
OL00004084,ORD0004220,APT0004220,CLT00233,BIZ009,2025-07-31,Hair,Keratin Treatment,PRV0016,277.66,1,0.0,49.98,327.64,completed,gift_card
OL00004085,ORD0004221,APT0004221,CLT00233,BIZ009,2025-09-09,Hair,Blowout,PRV0010,54.66,1,0.0,0.0,54.66,completed,google_pay
OL00004086,ORD0004222,APT0004222,CLT00233,BIZ009,2025-10-14,Hair,Root Touch-Up,PRV0016,78.88,1,0.0,15.78,94.66,completed,apple_pay
OL00004087,ORD0004223,APT0004223,CLT00233,BIZ009,2025-11-16,Hair,Root Touch-Up,PRV0012,97.11,1,0.0,14.57,111.68,completed,debit_card
OL00004088,ORD0004224,APT0004224,CLT00233,BIZ009,2025-12-18,Hair,Blowout,PRV0006,53.31,1,4.75,7.28,55.84,completed,credit_card
OL00004089,ORD0004225,APT0004225,CLT00233,BIZ009,2026-01-22,Hair,Root Touch-Up,PRV0020,87.35,1,0.97,12.96,99.34,completed,apple_pay
OL00004090,ORD0004226,APT0004226,CLT00233,BIZ009,2026-02-20,Hair,Balayage,PRV0005,202.33,1,11.23,34.4,225.5,completed,credit_card
OL00004091,ORD0004227,APT0004227,CLT00234,BIZ007,2024-05-13,Hair,Color - Highlights,PRV0011,181.77,1,4.5,26.59,203.86,completed,apple_pay
OL00004092,ORD0004229,APT0004229,CLT00234,BIZ007,2024-07-23,Hair,Haircut & Style,PRV0010,64.99,1,2.9,9.31,71.4,completed,debit_card
OL00004093,ORD0004230,APT0004230,CLT00234,BIZ007,2024-09-03,Nails,Pedicure,PRV0019,55.18,1,0.0,8.28,63.46,completed,credit_card
OL00004094,ORD0004231,APT0004231,CLT00234,BIZ007,2024-10-08,Nails,Dip Powder Nails,PRV0017,71.86,1,0.0,0.0,71.86,completed,apple_pay
OL00004095,ORD0004232,APT0004232,CLT00234,BIZ007,2024-11-06,Hair,Color - Highlights,PRV0019,176.76,1,0.0,26.51,203.27,completed,credit_card
OL00004096,ORD0004233,APT0004233,CLT00234,BIZ007,2024-12-08,Hair,Balayage,PRV0002,249.6,1,0.0,44.93,294.53,completed,apple_pay
OL00004097,ORD0004235,APT0004235,CLT00234,BIZ007,2025-02-12,Nails,Nail Art Add-On,PRV0009,22.83,1,0.0,4.11,26.94,completed,credit_card
OL00004098,ORD0004236,APT0004236,CLT00234,BIZ007,2025-03-13,Hair,Keratin Treatment,PRV0020,315.83,1,0.0,47.37,363.2,completed,gift_card
OL00004099,ORD0004237,APT0004237,CLT00234,BIZ007,2025-04-20,Hair,Balayage,PRV0011,252.82,1,13.97,35.83,274.68,completed,gift_card
OL00004100,ORD0004238,APT0004238,CLT00234,BIZ007,2025-06-01,Hair,Haircut & Style,PRV0010,70.58,1,5.43,13.03,78.18,completed,debit_card
OL00004101,ORD0004239,APT0004239,CLT00234,BIZ007,2025-07-12,Hair,Haircut & Style,PRV0017,73.31,1,0.0,13.2,86.51,completed,apple_pay
OL00004102,ORD0004240,APT0004240,CLT00234,BIZ007,2025-08-10,Nails,Manicure,PRV0013,37.47,1,0.0,0.0,37.47,completed,cash
OL00004103,ORD0004241,APT0004241,CLT00234,BIZ007,2025-09-13,Hair,Haircut & Style,PRV0008,67.68,1,0.0,10.15,77.83,completed,debit_card
OL00004104,ORD0004242,APT0004242,CLT00234,BIZ007,2025-10-15,Hair,Color - Highlights,PRV0005,188.99,1,0.0,34.02,223.01,completed,apple_pay
OL00004105,ORD0004243,APT0004243,CLT00234,BIZ007,2025-11-26,Hair,Keratin Treatment,PRV0003,285.35,1,0.0,51.36,336.71,completed,debit_card
OL00004106,ORD0004244,APT0004244,CLT00234,BIZ007,2025-12-27,Hair,Keratin Treatment,PRV0004,260.88,1,12.74,37.22,285.36,completed,google_pay
OL00004107,ORD0004245,APT0004245,CLT00234,BIZ007,2026-01-24,Nails,Dip Powder Nails,PRV0005,62.6,1,0.0,0.0,62.6,completed,cash
OL00004108,ORD0004246,APT0004246,CLT00234,BIZ007,2026-02-26,Hair,Blowout,PRV0004,49.28,1,2.57,8.41,55.12,completed,cash
OL00004109,ORD0004247,APT0004247,CLT00235,BIZ007,2024-04-09,Hair,Blowout,PRV0001,50.73,1,0.0,9.13,59.86,completed,google_pay
OL00004110,ORD0004248,APT0004248,CLT00235,BIZ007,2024-07-08,Hair,Root Touch-Up,PRV0009,94.26,1,0.0,18.85,113.11,completed,apple_pay
OL00004111,ORD0004249,APT0004249,CLT00235,BIZ007,2024-10-03,Hair,Keratin Treatment,PRV0016,310.89,1,0.0,0.0,310.89,completed,cash
OL00004112,ORD0004252,APT0004252,CLT00235,BIZ007,2025-06-22,Waxing,Lip & Chin Wax,PRV0014,19.74,1,0.0,3.95,23.69,completed,gift_card
OL00004113,ORD0004253,APT0004253,CLT00235,BIZ007,2025-09-18,Hair,Haircut & Style,PRV0018,66.77,1,3.16,11.45,75.06,completed,credit_card
OL00004114,ORD0004254,APT0004254,CLT00235,BIZ007,2025-12-17,Hair,Color - Single Process,PRV0006,99.11,1,0.0,17.84,116.95,completed,debit_card
OL00004115,ORD0004254,APT0004254,CLT00235,BIZ007,2025-12-17,Nails,Gel Manicure,PRV0006,50.89,1,0.0,10.18,61.07,completed,cash
OL00004116,ORD0004256,APT0004256,CLT00236,BIZ009,2024-06-24,Massage,Deep Tissue 60min,PRV0015,142.99,1,0.0,25.74,168.73,completed,cash
OL00004117,ORD0004256,APT0004256,CLT00236,BIZ009,2024-06-24,Nails,Nail Art Add-On,PRV0015,20.38,1,0.0,3.67,24.05,completed,debit_card
OL00004118,ORD0004257,APT0004257,CLT00236,BIZ009,2024-09-27,Massage,Prenatal Massage,PRV0002,99.12,1,0.0,17.84,116.96,completed,credit_card
OL00004119,ORD0004257,APT0004257,CLT00236,BIZ009,2024-09-27,Nails,Dip Powder Nails,PRV0002,66.77,1,0.0,0.0,66.77,completed,google_pay
OL00004120,ORD0004259,APT0004259,CLT00236,BIZ009,2025-03-12,Skin,LED Light Therapy,PRV0004,78.29,1,5.06,13.18,86.41,completed,google_pay
OL00004121,ORD0004260,APT0004260,CLT00236,BIZ009,2025-06-04,Massage,Prenatal Massage,PRV0004,102.02,1,0.0,20.4,122.42,completed,debit_card
OL00004122,ORD0004261,APT0004261,CLT00236,BIZ009,2025-08-31,Skin,Deep Cleansing Facial,PRV0004,117.48,1,0.0,21.15,138.63,completed,cash
OL00004123,ORD0004262,APT0004262,CLT00236,BIZ009,2025-11-24,Skin,Deep Cleansing Facial,PRV0016,118.06,1,0.0,29.52,147.58,completed,debit_card
OL00004124,ORD0004263,APT0004263,CLT00236,BIZ009,2026-02-15,Skin,LED Light Therapy,PRV0003,82.92,1,0.0,14.93,97.85,completed,credit_card
OL00004125,ORD0004263,APT0004263,CLT00236,BIZ009,2026-02-15,Nails,Manicure,PRV0003,35.35,1,0.0,0.0,35.35,completed,gift_card
OL00004126,ORD0004264,APT0004264,CLT00237,BIZ008,2024-05-08,Hair,Keratin Treatment,PRV0007,248.26,1,0.0,44.69,292.95,completed,apple_pay
OL00004127,ORD0004265,APT0004265,CLT00237,BIZ008,2024-07-13,Hair,Keratin Treatment,PRV0008,315.11,1,0.0,56.72,371.83,completed,cash
OL00004128,ORD0004266,APT0004266,CLT00237,BIZ008,2024-09-10,Hair,Haircut & Style,PRV0004,72.22,1,0.0,14.44,86.66,completed,cash
OL00004129,ORD0004267,APT0004267,CLT00237,BIZ008,2024-11-05,Hair,Keratin Treatment,PRV0013,293.66,1,0.0,52.86,346.52,completed,debit_card
OL00004130,ORD0004268,APT0004268,CLT00237,BIZ008,2024-12-31,Hair,Balayage,PRV0008,209.99,1,0.0,31.5,241.49,completed,gift_card
OL00004131,ORD0004270,APT0004270,CLT00237,BIZ008,2025-04-24,Hair,Keratin Treatment,PRV0006,271.38,1,0.0,54.28,325.66,completed,gift_card
OL00004132,ORD0004271,APT0004271,CLT00237,BIZ008,2025-06-16,Hair,Haircut & Style,PRV0019,66.63,1,0.0,13.33,79.96,completed,credit_card
OL00004133,ORD0004272,APT0004272,CLT00237,BIZ008,2025-08-22,Hair,Keratin Treatment,PRV0019,309.58,1,19.86,43.46,333.18,completed,apple_pay
OL00004134,ORD0004273,APT0004273,CLT00237,BIZ008,2025-10-25,Hair,Keratin Treatment,PRV0002,250.71,1,0.0,0.0,250.71,completed,credit_card
OL00004135,ORD0004274,APT0004274,CLT00237,BIZ008,2025-12-28,Hair,Keratin Treatment,PRV0007,253.4,1,0.0,63.35,316.75,completed,debit_card
OL00004136,ORD0004275,APT0004275,CLT00237,BIZ008,2026-03-01,Hair,Root Touch-Up,PRV0015,76.56,1,0.0,13.78,90.34,completed,credit_card
OL00004137,ORD0004277,APT0004277,CLT00238,BIZ001,2024-09-20,Skin,LED Light Therapy,PRV0011,91.89,1,0.0,13.78,105.67,completed,gift_card
OL00004138,ORD0004278,APT0004278,CLT00238,BIZ001,2024-12-13,Skin,LED Light Therapy,PRV0014,92.07,1,0.0,18.41,110.48,completed,debit_card
OL00004139,ORD0004279,APT0004279,CLT00238,BIZ001,2025-03-14,Skin,Microdermabrasion,PRV0017,133.7,1,6.27,25.49,152.92,completed,gift_card
OL00004140,ORD0004280,APT0004280,CLT00238,BIZ001,2025-06-05,Skin,Deep Cleansing Facial,PRV0007,122.72,1,0.0,0.0,122.72,completed,gift_card
OL00004141,ORD0004281,APT0004281,CLT00238,BIZ001,2025-08-31,Skin,Deep Cleansing Facial,PRV0017,111.42,1,0.0,20.06,131.48,completed,cash
OL00004142,ORD0004282,APT0004282,CLT00238,BIZ001,2025-11-28,Skin,Deep Cleansing Facial,PRV0004,108.88,1,0.0,21.78,130.66,completed,apple_pay
OL00004143,ORD0004283,APT0004283,CLT00238,BIZ001,2026-03-01,Skin,Chemical Peel,PRV0009,159.66,1,0.0,23.95,183.61,completed,google_pay
OL00004144,ORD0004284,APT0004284,CLT00239,BIZ003,2024-04-29,Hair,Haircut & Style,PRV0003,58.96,1,0.0,14.74,73.7,completed,apple_pay
OL00004145,ORD0004284,APT0004284,CLT00239,BIZ003,2024-04-29,Nails,Gel Manicure,PRV0003,49.06,1,0.0,9.81,58.87,completed,debit_card
OL00004146,ORD0004285,APT0004285,CLT00239,BIZ003,2024-06-13,Hair,Color - Single Process,PRV0007,125.84,1,0.0,22.65,148.49,completed,google_pay
OL00004147,ORD0004286,APT0004286,CLT00239,BIZ003,2024-08-02,Hair,Balayage,PRV0010,198.78,1,0.0,0.0,198.78,completed,apple_pay
OL00004148,ORD0004287,APT0004287,CLT00239,BIZ003,2024-09-13,Hair,Haircut & Style,PRV0004,63.01,1,0.0,12.6,75.61,completed,google_pay
OL00004149,ORD0004288,APT0004288,CLT00239,BIZ003,2024-10-29,Hair,Color - Single Process,PRV0017,123.05,1,0.0,30.76,153.81,completed,google_pay
OL00004150,ORD0004288,APT0004288,CLT00239,BIZ003,2024-10-29,Nails,Dip Powder Nails,PRV0017,64.45,1,0.0,9.67,74.12,completed,cash
OL00004151,ORD0004289,APT0004289,CLT00239,BIZ003,2024-12-11,Nails,Gel Manicure,PRV0015,55.74,1,0.0,10.03,65.77,completed,debit_card
OL00004152,ORD0004289,APT0004289,CLT00239,BIZ003,2024-12-11,Waxing,Lip & Chin Wax,PRV0015,19.2,1,0.0,3.46,22.66,completed,gift_card
OL00004153,ORD0004290,APT0004290,CLT00239,BIZ003,2025-01-31,Hair,Color - Single Process,PRV0018,104.88,1,0.0,20.98,125.86,completed,gift_card
OL00004154,ORD0004291,APT0004291,CLT00239,BIZ003,2025-03-14,Nails,Manicure,PRV0009,35.62,1,0.0,7.12,42.74,completed,credit_card
OL00004155,ORD0004292,APT0004292,CLT00239,BIZ003,2025-04-25,Hair,Color - Single Process,PRV0010,105.05,1,0.0,0.0,105.05,completed,gift_card
OL00004156,ORD0004293,APT0004293,CLT00239,BIZ003,2025-06-07,Hair,Color - Highlights,PRV0018,158.31,1,0.0,0.0,158.31,completed,apple_pay
OL00004157,ORD0004293,APT0004293,CLT00239,BIZ003,2025-06-07,Nails,Nail Art Add-On,PRV0018,19.83,1,0.0,3.57,23.4,completed,cash
OL00004158,ORD0004296,APT0004296,CLT00239,BIZ003,2025-10-09,Nails,Nail Art Add-On,PRV0016,22.84,1,0.0,0.0,22.84,completed,debit_card
OL00004159,ORD0004299,APT0004299,CLT00240,BIZ008,2024-05-11,Waxing,Lip & Chin Wax,PRV0007,18.24,1,0.53,0.0,17.71,completed,debit_card
OL00004160,ORD0004300,APT0004300,CLT00240,BIZ008,2024-05-26,Waxing,Brow Wax & Shape,PRV0007,28.23,1,0.0,5.08,33.31,completed,google_pay
OL00004161,ORD0004302,APT0004302,CLT00240,BIZ008,2024-07-13,Nails,Manicure,PRV0002,37.87,1,3.48,6.88,41.27,completed,debit_card
OL00004162,ORD0004304,APT0004304,CLT00240,BIZ008,2024-08-19,Nails,Gel Manicure,PRV0013,51.69,1,0.0,7.75,59.44,completed,credit_card
OL00004163,ORD0004305,APT0004305,CLT00240,BIZ008,2024-09-07,Nails,Nail Art Add-On,PRV0005,21.86,1,0.0,3.28,25.14,completed,cash
OL00004164,ORD0004307,APT0004307,CLT00240,BIZ008,2024-10-13,Nails,Dip Powder Nails,PRV0015,71.41,1,0.0,10.71,82.12,completed,apple_pay
OL00004165,ORD0004308,APT0004308,CLT00240,BIZ008,2024-11-07,Nails,Nail Art Add-On,PRV0006,19.71,1,0.0,3.55,23.26,completed,cash
OL00004166,ORD0004309,APT0004309,CLT00240,BIZ008,2024-12-03,Nails,Manicure,PRV0018,36.38,1,0.78,6.41,42.01,completed,gift_card
OL00004167,ORD0004310,APT0004310,CLT00240,BIZ008,2024-12-26,Waxing,Brazilian Wax,PRV0017,71.26,1,0.0,12.83,84.09,completed,gift_card
OL00004168,ORD0004311,APT0004311,CLT00240,BIZ008,2025-01-23,Waxing,Brazilian Wax,PRV0004,66.03,1,0.0,11.89,77.92,completed,apple_pay
OL00004169,ORD0004312,APT0004312,CLT00240,BIZ008,2025-02-12,Nails,Dip Powder Nails,PRV0019,62.88,1,0.0,0.0,62.88,completed,google_pay
OL00004170,ORD0004313,APT0004313,CLT00240,BIZ008,2025-03-09,Waxing,Lip & Chin Wax,PRV0011,19.83,1,0.0,3.57,23.4,completed,debit_card
OL00004171,ORD0004314,APT0004314,CLT00240,BIZ008,2025-03-29,Waxing,Brow Wax & Shape,PRV0015,26.49,1,0.0,0.0,26.49,completed,cash
OL00004172,ORD0004315,APT0004315,CLT00240,BIZ008,2025-04-26,Waxing,Brow Wax & Shape,PRV0013,24.97,1,1.2,5.94,29.71,completed,debit_card
OL00004173,ORD0004317,APT0004317,CLT00240,BIZ008,2025-06-14,Nails,Nail Art Add-On,PRV0015,21.11,1,0.0,3.8,24.91,completed,apple_pay
OL00004174,ORD0004318,APT0004318,CLT00240,BIZ008,2025-07-03,Waxing,Brow Wax & Shape,PRV0004,24.16,1,2.34,3.27,25.09,completed,gift_card
OL00004175,ORD0004320,APT0004320,CLT00240,BIZ008,2025-08-15,Nails,Gel Manicure,PRV0009,52.53,1,0.0,9.46,61.99,completed,credit_card
OL00004176,ORD0004321,APT0004321,CLT00240,BIZ008,2025-09-09,Waxing,Brazilian Wax,PRV0011,63.11,1,0.0,0.0,63.11,completed,gift_card
OL00004177,ORD0004323,APT0004323,CLT00240,BIZ008,2025-10-22,Nails,Manicure,PRV0002,36.52,1,0.0,5.48,42.0,completed,cash
OL00004178,ORD0004324,APT0004324,CLT00240,BIZ008,2025-11-09,Nails,Pedicure,PRV0016,55.1,1,0.0,8.27,63.37,completed,gift_card
OL00004179,ORD0004325,APT0004325,CLT00240,BIZ008,2025-12-07,Waxing,Full Leg Wax,PRV0014,72.93,1,0.0,0.0,72.93,completed,credit_card
OL00004180,ORD0004326,APT0004326,CLT00240,BIZ008,2025-12-30,Waxing,Lip & Chin Wax,PRV0006,21.33,1,0.0,3.84,25.17,completed,gift_card
OL00004181,ORD0004328,APT0004328,CLT00240,BIZ008,2026-02-08,Waxing,Full Leg Wax,PRV0013,78.4,1,0.0,11.76,90.16,completed,gift_card
OL00004182,ORD0004329,APT0004329,CLT00240,BIZ008,2026-03-03,Waxing,Lip & Chin Wax,PRV0017,18.92,1,1.38,3.51,21.05,completed,apple_pay
OL00004183,ORD0004331,APT0004331,CLT00241,BIZ010,2024-04-13,Waxing,Brow Wax & Shape,PRV0012,24.7,1,0.0,3.7,28.4,completed,google_pay
OL00004184,ORD0004331,APT0004331,CLT00241,BIZ010,2024-04-13,Nails,Pedicure,PRV0012,53.07,1,0.0,9.55,62.62,completed,cash
OL00004185,ORD0004332,APT0004332,CLT00241,BIZ010,2024-06-03,Hair,Keratin Treatment,PRV0013,287.27,1,0.89,51.55,337.93,completed,apple_pay
OL00004186,ORD0004333,APT0004333,CLT00241,BIZ010,2024-07-25,Hair,Keratin Treatment,PRV0011,292.89,1,0.0,43.93,336.82,completed,apple_pay
OL00004187,ORD0004334,APT0004334,CLT00241,BIZ010,2024-09-06,Hair,Blowout,PRV0001,52.97,1,0.0,7.95,60.92,completed,debit_card
OL00004188,ORD0004335,APT0004335,CLT00241,BIZ010,2024-10-27,Hair,Root Touch-Up,PRV0006,82.74,1,0.0,16.55,99.29,completed,google_pay
OL00004189,ORD0004336,APT0004336,CLT00241,BIZ010,2024-12-12,Hair,Keratin Treatment,PRV0002,282.41,1,0.0,56.48,338.89,completed,cash
OL00004190,ORD0004336,APT0004336,CLT00241,BIZ010,2024-12-12,Nails,Gel Manicure,PRV0002,51.82,1,0.0,7.77,59.59,completed,apple_pay
OL00004191,ORD0004337,APT0004337,CLT00241,BIZ010,2025-02-02,Waxing,Brazilian Wax,PRV0004,58.6,1,0.0,11.72,70.32,completed,cash
OL00004192,ORD0004338,APT0004338,CLT00241,BIZ010,2025-03-24,Waxing,Brow Wax & Shape,PRV0005,23.22,1,0.0,4.18,27.4,completed,cash
OL00004193,ORD0004338,APT0004338,CLT00241,BIZ010,2025-03-24,Nails,Manicure,PRV0005,34.64,1,0.0,6.24,40.88,completed,gift_card
OL00004194,ORD0004339,APT0004339,CLT00241,BIZ010,2025-05-13,Hair,Color - Highlights,PRV0001,177.03,1,0.0,26.55,203.58,completed,gift_card
OL00004195,ORD0004340,APT0004340,CLT00241,BIZ010,2025-07-04,Waxing,Brow Wax & Shape,PRV0017,23.37,1,0.0,5.84,29.21,completed,google_pay
OL00004196,ORD0004341,APT0004341,CLT00241,BIZ010,2025-08-21,Waxing,Brazilian Wax,PRV0014,70.9,1,0.0,10.63,81.53,completed,google_pay
OL00004197,ORD0004341,APT0004341,CLT00241,BIZ010,2025-08-21,Nails,Dip Powder Nails,PRV0014,62.41,1,0.0,11.23,73.64,completed,debit_card
OL00004198,ORD0004342,APT0004342,CLT00241,BIZ010,2025-10-09,Waxing,Brow Wax & Shape,PRV0017,26.17,1,0.0,5.23,31.4,completed,apple_pay
OL00004199,ORD0004342,APT0004342,CLT00241,BIZ010,2025-10-09,Nails,Dip Powder Nails,PRV0017,62.51,1,0.0,12.5,75.01,completed,apple_pay
OL00004200,ORD0004343,APT0004343,CLT00241,BIZ010,2025-11-27,Waxing,Full Leg Wax,PRV0006,69.15,1,0.57,0.0,68.58,completed,cash
OL00004201,ORD0004344,APT0004344,CLT00241,BIZ010,2026-01-18,Hair,Root Touch-Up,PRV0003,78.3,1,0.0,0.0,78.3,completed,credit_card
OL00004202,ORD0004345,APT0004345,CLT00241,BIZ010,2026-03-09,Waxing,Lip & Chin Wax,PRV0019,18.48,1,0.0,3.7,22.18,completed,debit_card
OL00004203,ORD0004345,APT0004345,CLT00241,BIZ010,2026-03-09,Nails,Nail Art Add-On,PRV0019,19.11,1,0.0,0.0,19.11,completed,debit_card
OL00004204,ORD0004347,APT0004347,CLT00242,BIZ003,2024-05-03,Nails,Dip Powder Nails,PRV0006,65.96,1,4.97,9.15,70.14,completed,credit_card
OL00004205,ORD0004348,APT0004348,CLT00242,BIZ003,2024-05-22,Nails,Manicure,PRV0010,34.57,1,0.0,6.91,41.48,completed,credit_card
OL00004206,ORD0004349,APT0004349,CLT00242,BIZ003,2024-06-07,Massage,Swedish Massage 60min,PRV0020,100.26,1,3.04,0.0,97.22,completed,debit_card
OL00004207,ORD0004350,APT0004350,CLT00242,BIZ003,2024-06-25,Nails,Nail Art Add-On,PRV0020,18.54,1,0.0,3.71,22.25,completed,google_pay
OL00004208,ORD0004351,APT0004351,CLT00242,BIZ003,2024-07-20,Massage,Hot Stone Massage,PRV0016,131.84,1,0.0,0.0,131.84,completed,google_pay
OL00004209,ORD0004352,APT0004352,CLT00242,BIZ003,2024-08-09,Massage,Deep Tissue 60min,PRV0001,131.06,1,0.0,19.66,150.72,completed,google_pay
OL00004210,ORD0004353,APT0004353,CLT00242,BIZ003,2024-08-26,Massage,Hot Stone Massage,PRV0020,131.22,1,0.0,0.0,131.22,completed,cash
OL00004211,ORD0004354,APT0004354,CLT00242,BIZ003,2024-09-20,Massage,Prenatal Massage,PRV0006,105.26,1,0.0,15.79,121.05,completed,apple_pay
OL00004212,ORD0004356,APT0004356,CLT00242,BIZ003,2024-10-29,Massage,Hot Stone Massage,PRV0018,160.68,1,11.02,0.0,149.66,completed,debit_card
OL00004213,ORD0004357,APT0004357,CLT00242,BIZ003,2024-11-17,Nails,Dip Powder Nails,PRV0003,66.76,1,3.4,0.0,63.36,completed,credit_card
OL00004214,ORD0004358,APT0004358,CLT00242,BIZ003,2024-12-13,Massage,Deep Tissue 60min,PRV0003,123.27,1,0.0,18.49,141.76,completed,google_pay
OL00004215,ORD0004359,APT0004359,CLT00242,BIZ003,2025-01-06,Massage,Deep Tissue 60min,PRV0009,117.67,1,4.04,20.45,134.08,completed,google_pay
OL00004216,ORD0004360,APT0004360,CLT00242,BIZ003,2025-01-28,Massage,Swedish Massage 60min,PRV0017,120.54,1,0.0,18.08,138.62,completed,debit_card
OL00004217,ORD0004361,APT0004361,CLT00242,BIZ003,2025-02-18,Massage,Swedish Massage 60min,PRV0001,105.78,1,0.0,19.04,124.82,completed,debit_card
OL00004218,ORD0004362,APT0004362,CLT00242,BIZ003,2025-03-06,Nails,Dip Powder Nails,PRV0019,65.68,1,0.0,0.0,65.68,completed,gift_card
OL00004219,ORD0004363,APT0004363,CLT00242,BIZ003,2025-03-29,Nails,Dip Powder Nails,PRV0017,66.61,1,0.0,16.65,83.26,completed,debit_card
OL00004220,ORD0004364,APT0004364,CLT00242,BIZ003,2025-04-12,Massage,Hot Stone Massage,PRV0015,152.67,1,0.0,0.0,152.67,completed,gift_card
OL00004221,ORD0004365,APT0004365,CLT00242,BIZ003,2025-05-03,Massage,Deep Tissue 60min,PRV0005,129.41,1,0.0,25.88,155.29,completed,apple_pay
OL00004222,ORD0004366,APT0004366,CLT00242,BIZ003,2025-05-28,Massage,Deep Tissue 60min,PRV0014,139.69,1,0.0,27.94,167.63,completed,google_pay
OL00004223,ORD0004368,APT0004368,CLT00242,BIZ003,2025-07-03,Nails,Dip Powder Nails,PRV0004,72.96,1,0.0,10.94,83.9,completed,apple_pay
OL00004224,ORD0004369,APT0004369,CLT00242,BIZ003,2025-07-17,Nails,Nail Art Add-On,PRV0016,21.5,1,0.0,3.87,25.37,completed,gift_card
OL00004225,ORD0004371,APT0004371,CLT00242,BIZ003,2025-09-01,Massage,Deep Tissue 60min,PRV0004,134.59,1,0.0,0.0,134.59,completed,debit_card
OL00004226,ORD0004372,APT0004372,CLT00242,BIZ003,2025-09-27,Massage,Swedish Massage 60min,PRV0012,104.66,1,0.0,15.7,120.36,completed,gift_card
OL00004227,ORD0004373,APT0004373,CLT00242,BIZ003,2025-10-24,Massage,Swedish Massage 60min,PRV0009,123.73,1,0.0,30.93,154.66,completed,gift_card
OL00004228,ORD0004374,APT0004374,CLT00242,BIZ003,2025-11-11,Massage,Prenatal Massage,PRV0008,118.09,1,0.0,0.0,118.09,completed,google_pay
OL00004229,ORD0004375,APT0004375,CLT00242,BIZ003,2025-11-27,Massage,Deep Tissue 60min,PRV0007,115.44,1,2.06,17.01,130.39,completed,google_pay
OL00004230,ORD0004376,APT0004376,CLT00242,BIZ003,2025-12-19,Nails,Nail Art Add-On,PRV0018,22.26,1,0.0,4.45,26.71,completed,apple_pay
OL00004231,ORD0004379,APT0004379,CLT00242,BIZ003,2026-02-27,Massage,Prenatal Massage,PRV0008,119.25,1,0.0,21.46,140.71,completed,cash
OL00004232,ORD0004380,APT0004380,CLT00242,BIZ003,2026-03-17,Nails,Pedicure,PRV0005,58.31,1,0.0,14.58,72.89,completed,debit_card
OL00004233,ORD0004382,APT0004382,CLT00243,BIZ006,2024-06-16,Nails,Pedicure,PRV0019,51.31,1,0.0,0.0,51.31,completed,cash
OL00004234,ORD0004384,APT0004384,CLT00243,BIZ006,2024-08-26,Nails,Manicure,PRV0018,38.34,1,0.0,6.9,45.24,completed,google_pay
OL00004235,ORD0004385,APT0004385,CLT00243,BIZ006,2024-09-28,Nails,Dip Powder Nails,PRV0016,70.72,1,0.0,0.0,70.72,completed,debit_card
OL00004236,ORD0004386,APT0004386,CLT00243,BIZ006,2024-11-05,Skin,LED Light Therapy,PRV0002,94.55,1,0.0,14.18,108.73,completed,credit_card
OL00004237,ORD0004387,APT0004387,CLT00243,BIZ006,2024-12-04,Skin,Microdermabrasion,PRV0002,146.63,1,0.83,26.24,172.04,completed,cash
OL00004238,ORD0004388,APT0004388,CLT00243,BIZ006,2025-01-03,Skin,Deep Cleansing Facial,PRV0010,115.95,1,0.0,20.87,136.82,completed,apple_pay
OL00004239,ORD0004389,APT0004389,CLT00243,BIZ006,2025-02-05,Nails,Dip Powder Nails,PRV0010,71.45,1,0.0,12.86,84.31,completed,google_pay
OL00004240,ORD0004390,APT0004390,CLT00243,BIZ006,2025-03-18,Skin,Microdermabrasion,PRV0015,142.05,1,0.0,0.0,142.05,completed,credit_card
OL00004241,ORD0004391,APT0004391,CLT00243,BIZ006,2025-04-29,Nails,Manicure,PRV0007,34.79,1,0.0,0.0,34.79,completed,gift_card
OL00004242,ORD0004392,APT0004392,CLT00243,BIZ006,2025-06-07,Skin,Classic Facial,PRV0020,89.7,1,0.0,0.0,89.7,completed,credit_card
OL00004243,ORD0004394,APT0004394,CLT00244,BIZ003,2024-04-22,Skin,LED Light Therapy,PRV0004,84.04,1,0.0,0.0,84.04,completed,apple_pay
OL00004244,ORD0004394,APT0004394,CLT00244,BIZ003,2024-04-22,Nails,Manicure,PRV0004,35.22,1,0.0,0.0,35.22,completed,cash
OL00004245,ORD0004395,APT0004395,CLT00244,BIZ003,2024-05-09,Skin,LED Light Therapy,PRV0020,90.49,1,0.0,18.1,108.59,completed,google_pay
OL00004246,ORD0004396,APT0004396,CLT00244,BIZ003,2024-05-27,Skin,Deep Cleansing Facial,PRV0002,126.28,1,0.0,22.73,149.01,completed,credit_card
OL00004247,ORD0004396,APT0004396,CLT00244,BIZ003,2024-05-27,Nails,Dip Powder Nails,PRV0002,67.51,1,0.0,12.15,79.66,completed,cash
OL00004248,ORD0004397,APT0004397,CLT00244,BIZ003,2024-06-14,Skin,Chemical Peel,PRV0016,152.78,1,0.0,0.0,152.78,completed,apple_pay
OL00004249,ORD0004398,APT0004398,CLT00244,BIZ003,2024-07-11,Skin,LED Light Therapy,PRV0012,93.27,1,0.0,18.65,111.92,completed,apple_pay
OL00004250,ORD0004398,APT0004398,CLT00244,BIZ003,2024-07-11,Nails,Dip Powder Nails,PRV0012,65.26,1,0.0,11.75,77.01,completed,gift_card
OL00004251,ORD0004400,APT0004400,CLT00244,BIZ003,2024-08-28,Nails,Nail Art Add-On,PRV0011,18.64,1,1.15,3.5,20.99,completed,credit_card
OL00004252,ORD0004401,APT0004401,CLT00244,BIZ003,2024-09-23,Skin,Microdermabrasion,PRV0011,125.04,1,7.21,21.21,139.04,completed,apple_pay
OL00004253,ORD0004401,APT0004401,CLT00244,BIZ003,2024-09-23,Nails,Dip Powder Nails,PRV0011,64.8,1,0.0,12.96,77.76,completed,debit_card
OL00004254,ORD0004402,APT0004402,CLT00244,BIZ003,2024-10-09,Skin,LED Light Therapy,PRV0019,96.9,1,0.0,0.0,96.9,completed,debit_card
OL00004255,ORD0004403,APT0004403,CLT00244,BIZ003,2024-10-29,Nails,Dip Powder Nails,PRV0001,69.79,1,0.0,17.45,87.24,completed,google_pay
OL00004256,ORD0004403,APT0004403,CLT00244,BIZ003,2024-10-29,Waxing,Full Leg Wax,PRV0001,72.52,1,0.0,0.0,72.52,completed,google_pay
OL00004257,ORD0004404,APT0004404,CLT00244,BIZ003,2024-11-17,Nails,Gel Manicure,PRV0012,48.14,1,0.0,0.0,48.14,completed,credit_card
OL00004258,ORD0004405,APT0004405,CLT00244,BIZ003,2024-12-04,Nails,Dip Powder Nails,PRV0018,59.65,1,0.0,10.74,70.39,completed,debit_card
OL00004259,ORD0004407,APT0004407,CLT00244,BIZ003,2025-01-13,Skin,Microdermabrasion,PRV0007,137.2,1,0.0,24.7,161.9,completed,apple_pay
OL00004260,ORD0004408,APT0004408,CLT00244,BIZ003,2025-01-28,Nails,Manicure,PRV0011,35.76,1,0.0,0.0,35.76,completed,debit_card
OL00004261,ORD0004409,APT0004409,CLT00244,BIZ003,2025-02-22,Skin,Classic Facial,PRV0007,103.44,1,0.0,18.62,122.06,completed,google_pay
OL00004262,ORD0004409,APT0004409,CLT00244,BIZ003,2025-02-22,Nails,Pedicure,PRV0007,54.57,1,0.0,0.0,54.57,completed,cash
OL00004263,ORD0004410,APT0004410,CLT00244,BIZ003,2025-03-21,Nails,Gel Manicure,PRV0016,52.51,1,0.0,9.45,61.96,completed,cash
OL00004264,ORD0004411,APT0004411,CLT00244,BIZ003,2025-04-16,Nails,Dip Powder Nails,PRV0003,67.83,1,0.0,13.57,81.4,completed,cash
OL00004265,ORD0004412,APT0004412,CLT00244,BIZ003,2025-05-05,Nails,Dip Powder Nails,PRV0017,63.27,1,0.0,12.65,75.92,completed,gift_card
OL00004266,ORD0004413,APT0004413,CLT00244,BIZ003,2025-05-30,Nails,Manicure,PRV0018,37.36,1,0.0,7.47,44.83,completed,google_pay
OL00004267,ORD0004413,APT0004413,CLT00244,BIZ003,2025-05-30,Waxing,Full Leg Wax,PRV0018,78.22,1,0.0,15.64,93.86,completed,gift_card
OL00004268,ORD0004416,APT0004416,CLT00244,BIZ003,2025-07-21,Nails,Nail Art Add-On,PRV0005,22.94,1,0.0,0.0,22.94,completed,cash
OL00004269,ORD0004416,APT0004416,CLT00244,BIZ003,2025-07-21,Waxing,Lip & Chin Wax,PRV0005,19.48,1,0.0,0.0,19.48,completed,google_pay
OL00004270,ORD0004419,APT0004419,CLT00245,BIZ001,2024-05-13,Hair,Keratin Treatment,PRV0013,277.39,1,0.0,49.93,327.32,completed,google_pay
OL00004271,ORD0004420,APT0004420,CLT00245,BIZ001,2024-07-04,Hair,Haircut & Style,PRV0001,58.82,1,0.0,10.59,69.41,completed,google_pay
OL00004272,ORD0004421,APT0004421,CLT00245,BIZ001,2024-08-16,Nails,Manicure,PRV0009,37.57,1,0.0,6.76,44.33,completed,credit_card
OL00004273,ORD0004422,APT0004422,CLT00245,BIZ001,2024-10-01,Nails,Pedicure,PRV0001,61.37,1,0.0,9.21,70.58,completed,debit_card
OL00004274,ORD0004423,APT0004423,CLT00245,BIZ001,2024-11-12,Nails,Manicure,PRV0012,34.72,1,0.0,8.68,43.4,completed,debit_card
OL00004275,ORD0004424,APT0004424,CLT00245,BIZ001,2025-01-02,Nails,Manicure,PRV0004,32.96,1,2.48,0.0,30.48,completed,cash
OL00004276,ORD0004425,APT0004425,CLT00245,BIZ001,2025-02-14,Hair,Haircut & Style,PRV0004,65.99,1,0.0,9.9,75.89,completed,google_pay
OL00004277,ORD0004426,APT0004426,CLT00245,BIZ001,2025-03-26,Hair,Keratin Treatment,PRV0019,281.01,1,0.0,50.58,331.59,completed,debit_card
OL00004278,ORD0004427,APT0004427,CLT00245,BIZ001,2025-05-13,Hair,Color - Single Process,PRV0009,112.71,1,9.43,15.49,118.77,completed,gift_card
OL00004279,ORD0004428,APT0004428,CLT00245,BIZ001,2025-06-23,Hair,Root Touch-Up,PRV0004,78.76,1,0.0,14.18,92.94,completed,google_pay
OL00004280,ORD0004429,APT0004429,CLT00245,BIZ001,2025-08-09,Nails,Nail Art Add-On,PRV0007,20.23,1,0.0,0.0,20.23,completed,cash
OL00004281,ORD0004430,APT0004430,CLT00245,BIZ001,2025-09-20,Nails,Nail Art Add-On,PRV0012,22.61,1,0.0,5.65,28.26,completed,credit_card
OL00004282,ORD0004431,APT0004431,CLT00245,BIZ001,2025-10-29,Hair,Haircut & Style,PRV0009,70.12,1,0.0,10.52,80.64,completed,apple_pay
OL00004283,ORD0004432,APT0004432,CLT00245,BIZ001,2025-12-16,Nails,Pedicure,PRV0012,57.33,1,0.0,8.6,65.93,completed,cash
OL00004284,ORD0004433,APT0004433,CLT00246,BIZ002,2024-04-27,Hair,Haircut & Style,PRV0001,59.68,1,0.0,10.74,70.42,completed,credit_card
OL00004285,ORD0004435,APT0004435,CLT00246,BIZ002,2024-08-20,Waxing,Lip & Chin Wax,PRV0018,19.57,1,1.33,2.74,20.98,completed,google_pay
OL00004286,ORD0004436,APT0004436,CLT00246,BIZ002,2024-10-13,Waxing,Full Leg Wax,PRV0010,76.12,1,7.33,10.32,79.11,completed,debit_card
OL00004287,ORD0004437,APT0004437,CLT00246,BIZ002,2024-12-14,Hair,Keratin Treatment,PRV0015,304.78,1,0.0,54.86,359.64,completed,google_pay
OL00004288,ORD0004438,APT0004438,CLT00246,BIZ002,2025-02-14,Hair,Balayage,PRV0003,246.21,1,0.0,0.0,246.21,completed,google_pay
OL00004289,ORD0004440,APT0004440,CLT00246,BIZ002,2025-06-20,Waxing,Full Leg Wax,PRV0015,71.55,1,0.0,12.88,84.43,completed,google_pay
OL00004290,ORD0004441,APT0004441,CLT00246,BIZ002,2025-08-17,Hair,Root Touch-Up,PRV0017,86.18,1,0.0,15.51,101.69,completed,debit_card
OL00004291,ORD0004443,APT0004443,CLT00246,BIZ002,2025-12-09,Waxing,Brow Wax & Shape,PRV0010,25.88,1,0.0,0.0,25.88,completed,cash
OL00004292,ORD0004444,APT0004444,CLT00246,BIZ002,2026-02-13,Waxing,Brow Wax & Shape,PRV0009,23.85,1,1.82,3.97,26.0,completed,credit_card
OL00004293,ORD0004445,APT0004445,CLT00247,BIZ010,2024-04-18,Waxing,Lip & Chin Wax,PRV0011,21.35,1,0.75,4.12,24.72,completed,google_pay
OL00004294,ORD0004446,APT0004446,CLT00247,BIZ010,2024-05-26,Waxing,Brazilian Wax,PRV0010,67.95,1,0.0,10.19,78.14,completed,credit_card
OL00004295,ORD0004447,APT0004447,CLT00247,BIZ010,2024-07-14,Hair,Color - Single Process,PRV0010,106.68,1,0.0,21.34,128.02,completed,debit_card
OL00004296,ORD0004448,APT0004448,CLT00247,BIZ010,2024-08-27,Hair,Blowout,PRV0007,54.9,1,0.0,9.88,64.78,completed,google_pay
OL00004297,ORD0004449,APT0004449,CLT00247,BIZ010,2024-10-17,Hair,Balayage,PRV0015,222.72,1,0.0,0.0,222.72,completed,credit_card
OL00004298,ORD0004450,APT0004450,CLT00247,BIZ010,2024-12-03,Waxing,Full Leg Wax,PRV0005,86.15,1,0.0,12.92,99.07,completed,apple_pay
OL00004299,ORD0004451,APT0004451,CLT00247,BIZ010,2025-01-20,Hair,Color - Single Process,PRV0015,104.99,1,0.0,18.9,123.89,completed,google_pay
OL00004300,ORD0004452,APT0004452,CLT00247,BIZ010,2025-02-27,Waxing,Brazilian Wax,PRV0010,72.42,1,0.0,13.04,85.46,completed,credit_card
OL00004301,ORD0004453,APT0004453,CLT00247,BIZ010,2025-04-10,Waxing,Lip & Chin Wax,PRV0017,23.0,1,0.0,4.6,27.6,completed,gift_card
OL00004302,ORD0004454,APT0004454,CLT00247,BIZ010,2025-05-31,Waxing,Full Leg Wax,PRV0018,75.18,1,0.0,13.53,88.71,completed,credit_card
OL00004303,ORD0004456,APT0004456,CLT00247,BIZ010,2025-08-30,Waxing,Brazilian Wax,PRV0020,72.89,1,4.04,12.39,81.24,completed,credit_card
OL00004304,ORD0004457,APT0004457,CLT00247,BIZ010,2025-10-21,Waxing,Brow Wax & Shape,PRV0001,27.06,1,0.0,4.87,31.93,completed,gift_card
OL00004305,ORD0004458,APT0004458,CLT00247,BIZ010,2025-12-07,Hair,Color - Highlights,PRV0002,150.5,1,0.0,37.62,188.12,completed,credit_card
OL00004306,ORD0004459,APT0004459,CLT00247,BIZ010,2026-01-23,Waxing,Lip & Chin Wax,PRV0011,22.27,1,0.0,4.45,26.72,completed,gift_card
OL00004307,ORD0004460,APT0004460,CLT00247,BIZ010,2026-03-15,Hair,Keratin Treatment,PRV0019,295.11,1,0.0,0.0,295.11,completed,gift_card
OL00004308,ORD0004461,APT0004461,CLT00248,BIZ003,2024-04-08,Massage,Deep Tissue 60min,PRV0011,134.78,1,0.0,20.22,155.0,completed,credit_card
OL00004309,ORD0004462,APT0004462,CLT00248,BIZ003,2024-05-18,Massage,Swedish Massage 60min,PRV0003,113.44,1,0.0,22.69,136.13,completed,google_pay
OL00004310,ORD0004463,APT0004463,CLT00248,BIZ003,2024-06-26,Massage,Prenatal Massage,PRV0011,124.36,1,0.0,0.0,124.36,completed,cash
OL00004311,ORD0004463,APT0004463,CLT00248,BIZ003,2024-06-26,Nails,Manicure,PRV0011,33.77,1,0.0,6.08,39.85,completed,google_pay
OL00004312,ORD0004464,APT0004464,CLT00248,BIZ003,2024-08-05,Massage,Prenatal Massage,PRV0001,106.65,1,9.58,14.56,111.63,completed,google_pay
OL00004313,ORD0004464,APT0004464,CLT00248,BIZ003,2024-08-05,Nails,Nail Art Add-On,PRV0001,20.67,1,0.0,4.13,24.8,completed,gift_card
OL00004314,ORD0004465,APT0004465,CLT00248,BIZ003,2024-09-25,Massage,Hot Stone Massage,PRV0003,156.72,1,0.0,31.34,188.06,completed,cash
OL00004315,ORD0004465,APT0004465,CLT00248,BIZ003,2024-09-25,Nails,Manicure,PRV0003,35.98,1,0.0,5.4,41.38,completed,credit_card
OL00004316,ORD0004466,APT0004466,CLT00248,BIZ003,2024-11-11,Skin,LED Light Therapy,PRV0011,82.9,1,1.34,14.68,96.24,completed,google_pay
OL00004317,ORD0004467,APT0004467,CLT00248,BIZ003,2024-12-24,Massage,Swedish Massage 60min,PRV0005,103.86,1,0.0,20.77,124.63,completed,gift_card
OL00004318,ORD0004468,APT0004468,CLT00248,BIZ003,2025-02-07,Skin,Chemical Peel,PRV0013,148.22,1,0.0,0.0,148.22,completed,credit_card
OL00004319,ORD0004469,APT0004469,CLT00248,BIZ003,2025-03-22,Massage,Swedish Massage 60min,PRV0016,99.53,1,0.0,14.93,114.46,completed,apple_pay
OL00004320,ORD0004470,APT0004470,CLT00248,BIZ003,2025-05-01,Skin,Chemical Peel,PRV0007,151.0,1,0.0,37.75,188.75,completed,cash
OL00004321,ORD0004471,APT0004471,CLT00248,BIZ003,2025-06-11,Massage,Deep Tissue 60min,PRV0001,142.41,1,13.3,19.37,148.48,completed,google_pay
OL00004322,ORD0004472,APT0004472,CLT00248,BIZ003,2025-07-31,Massage,Deep Tissue 60min,PRV0016,123.11,1,0.0,24.62,147.73,completed,gift_card
OL00004323,ORD0004473,APT0004473,CLT00248,BIZ003,2025-09-14,Skin,Deep Cleansing Facial,PRV0002,108.37,1,7.17,15.18,116.38,completed,credit_card
OL00004324,ORD0004473,APT0004473,CLT00248,BIZ003,2025-09-14,Nails,Nail Art Add-On,PRV0002,19.96,1,0.0,2.99,22.95,completed,cash
OL00004325,ORD0004474,APT0004474,CLT00248,BIZ003,2025-11-02,Skin,Chemical Peel,PRV0002,134.02,1,0.0,20.1,154.12,completed,cash
OL00004326,ORD0004474,APT0004474,CLT00248,BIZ003,2025-11-02,Nails,Dip Powder Nails,PRV0002,64.45,1,0.0,11.6,76.05,completed,gift_card
OL00004327,ORD0004475,APT0004475,CLT00248,BIZ003,2025-12-23,Massage,Prenatal Massage,PRV0020,115.66,1,0.0,20.82,136.48,completed,apple_pay
OL00004328,ORD0004476,APT0004476,CLT00248,BIZ003,2026-01-30,Massage,Deep Tissue 60min,PRV0011,134.26,1,0.0,24.17,158.43,completed,debit_card
OL00004329,ORD0004477,APT0004477,CLT00248,BIZ003,2026-03-10,Skin,LED Light Therapy,PRV0003,90.26,1,0.0,13.54,103.8,completed,google_pay
OL00004330,ORD0004478,APT0004478,CLT00249,BIZ009,2024-04-25,Hair,Balayage,PRV0014,233.36,1,0.0,35.0,268.36,completed,credit_card
OL00004331,ORD0004479,APT0004479,CLT00249,BIZ009,2024-05-21,Hair,Blowout,PRV0015,55.04,1,0.0,8.26,63.3,completed,debit_card
OL00004332,ORD0004479,APT0004479,CLT00249,BIZ009,2024-05-21,Nails,Gel Manicure,PRV0015,49.57,1,0.0,7.44,57.01,completed,debit_card
OL00004333,ORD0004480,APT0004480,CLT00249,BIZ009,2024-06-04,Hair,Balayage,PRV0011,206.44,1,0.0,41.29,247.73,completed,credit_card
OL00004334,ORD0004481,APT0004481,CLT00249,BIZ009,2024-06-25,Hair,Blowout,PRV0014,53.37,1,0.0,0.0,53.37,completed,cash
OL00004335,ORD0004482,APT0004482,CLT00249,BIZ009,2024-07-16,Waxing,Full Leg Wax,PRV0013,82.48,1,0.0,14.85,97.33,completed,gift_card
OL00004336,ORD0004483,APT0004483,CLT00249,BIZ009,2024-08-11,Waxing,Brazilian Wax,PRV0020,73.54,1,0.0,14.71,88.25,completed,gift_card
OL00004337,ORD0004484,APT0004484,CLT00249,BIZ009,2024-09-03,Waxing,Brow Wax & Shape,PRV0017,25.3,1,0.0,5.06,30.36,completed,google_pay
OL00004338,ORD0004485,APT0004485,CLT00249,BIZ009,2024-09-21,Hair,Root Touch-Up,PRV0015,87.8,1,0.0,13.17,100.97,completed,apple_pay
OL00004339,ORD0004485,APT0004485,CLT00249,BIZ009,2024-09-21,Nails,Manicure,PRV0015,35.57,1,0.0,5.34,40.91,completed,google_pay
OL00004340,ORD0004487,APT0004487,CLT00249,BIZ009,2024-10-29,Hair,Color - Highlights,PRV0019,172.55,1,0.0,31.06,203.61,completed,apple_pay
OL00004341,ORD0004488,APT0004488,CLT00249,BIZ009,2024-11-18,Hair,Balayage,PRV0006,202.39,1,18.09,27.64,211.94,completed,apple_pay
OL00004342,ORD0004488,APT0004488,CLT00249,BIZ009,2024-11-18,Nails,Pedicure,PRV0006,56.84,1,0.0,10.23,67.07,completed,cash
OL00004343,ORD0004490,APT0004490,CLT00249,BIZ009,2024-12-28,Waxing,Brow Wax & Shape,PRV0010,28.31,1,0.0,0.0,28.31,completed,credit_card
OL00004344,ORD0004491,APT0004491,CLT00249,BIZ009,2025-01-15,Waxing,Brazilian Wax,PRV0006,71.09,1,0.0,12.8,83.89,completed,credit_card
OL00004345,ORD0004492,APT0004492,CLT00249,BIZ009,2025-02-03,Waxing,Lip & Chin Wax,PRV0019,22.13,1,0.0,0.0,22.13,completed,debit_card
OL00004346,ORD0004492,APT0004492,CLT00249,BIZ009,2025-02-03,Nails,Manicure,PRV0019,36.16,1,0.0,7.23,43.39,completed,apple_pay
OL00004347,ORD0004493,APT0004493,CLT00249,BIZ009,2025-02-18,Waxing,Full Leg Wax,PRV0018,84.57,1,0.0,15.22,99.79,completed,credit_card
OL00004348,ORD0004494,APT0004494,CLT00249,BIZ009,2025-03-05,Hair,Color - Highlights,PRV0006,154.63,1,0.0,23.19,177.82,completed,apple_pay
OL00004349,ORD0004496,APT0004496,CLT00249,BIZ009,2025-04-11,Hair,Color - Highlights,PRV0004,183.4,1,0.0,36.68,220.08,completed,cash
OL00004350,ORD0004497,APT0004497,CLT00249,BIZ009,2025-05-07,Hair,Blowout,PRV0016,56.45,1,0.0,14.11,70.56,completed,gift_card
OL00004351,ORD0004498,APT0004498,CLT00249,BIZ009,2025-05-29,Hair,Color - Highlights,PRV0017,189.09,1,0.0,37.82,226.91,completed,gift_card
OL00004352,ORD0004498,APT0004498,CLT00249,BIZ009,2025-05-29,Nails,Manicure,PRV0017,33.68,1,0.0,6.74,40.42,completed,cash
OL00004353,ORD0004499,APT0004499,CLT00249,BIZ009,2025-06-24,Hair,Keratin Treatment,PRV0008,268.6,1,0.0,40.29,308.89,completed,debit_card
OL00004354,ORD0004500,APT0004500,CLT00249,BIZ009,2025-07-10,Waxing,Full Leg Wax,PRV0005,81.22,1,0.0,14.62,95.84,completed,gift_card
OL00004355,ORD0004501,APT0004501,CLT00249,BIZ009,2025-07-28,Waxing,Brazilian Wax,PRV0007,67.19,1,0.0,12.09,79.28,completed,gift_card
OL00004356,ORD0004501,APT0004501,CLT00249,BIZ009,2025-07-28,Nails,Manicure,PRV0007,34.89,1,0.0,6.98,41.87,completed,apple_pay
OL00004357,ORD0004502,APT0004502,CLT00249,BIZ009,2025-08-24,Waxing,Lip & Chin Wax,PRV0002,22.18,1,0.0,3.33,25.51,completed,apple_pay
OL00004358,ORD0004503,APT0004503,CLT00249,BIZ009,2025-09-10,Waxing,Lip & Chin Wax,PRV0007,18.71,1,0.0,0.0,18.71,completed,debit_card
OL00004359,ORD0004503,APT0004503,CLT00249,BIZ009,2025-09-10,Nails,Manicure,PRV0007,36.42,1,0.0,5.46,41.88,completed,credit_card
OL00004360,ORD0004504,APT0004504,CLT00249,BIZ009,2025-09-27,Waxing,Full Leg Wax,PRV0001,79.55,1,0.0,15.91,95.46,completed,gift_card
OL00004361,ORD0004504,APT0004504,CLT00249,BIZ009,2025-09-27,Nails,Manicure,PRV0001,36.45,1,0.0,0.0,36.45,completed,debit_card
OL00004362,ORD0004506,APT0004506,CLT00250,BIZ004,2024-04-13,Hair,Keratin Treatment,PRV0015,298.66,1,0.0,53.76,352.42,completed,apple_pay
OL00004363,ORD0004507,APT0004507,CLT00250,BIZ004,2024-06-14,Hair,Balayage,PRV0020,248.89,1,5.62,0.0,243.27,completed,debit_card
OL00004364,ORD0004508,APT0004508,CLT00250,BIZ004,2024-08-08,Hair,Root Touch-Up,PRV0018,92.93,1,0.0,0.0,92.93,completed,cash
OL00004365,ORD0004510,APT0004510,CLT00250,BIZ004,2024-11-23,Waxing,Full Leg Wax,PRV0010,80.12,1,2.31,11.67,89.48,completed,google_pay
OL00004366,ORD0004511,APT0004511,CLT00250,BIZ004,2025-01-24,Hair,Balayage,PRV0003,219.89,1,0.0,39.58,259.47,completed,gift_card
OL00004367,ORD0004512,APT0004512,CLT00250,BIZ004,2025-03-23,Hair,Root Touch-Up,PRV0008,92.28,1,0.0,16.61,108.89,completed,gift_card
OL00004368,ORD0004513,APT0004513,CLT00250,BIZ004,2025-05-26,Waxing,Full Leg Wax,PRV0018,82.38,1,0.0,16.48,98.86,completed,google_pay
