appointment_id,order_id,client_id,business_id,business_name,location_city,provider_id,appointment_date,appointment_time,service_duration_mins,appointment_status,booking_source,booked_at,days_booked_in_advance,cancellation_reason,is_first_visit,service_category
APT0000001,ORD0000001,CLT00001,BIZ002,Bloom Salon & Spa,Los Angeles,PRV0002,2024-04-15,09:00:00,60,completed,referral,2024-04-15,0,,True,Hair
APT0000002,ORD0000002,CLT00001,BIZ002,Bloom Salon & Spa,Los Angeles,PRV0008,2024-05-27,13:45:00,45,completed,walk_in,2024-05-20,7,,False,Hair
APT0000003,ORD0000003,CLT00001,BIZ002,Bloom Salon & Spa,Los Angeles,PRV0013,2024-07-05,14:30:00,60,completed,app,2024-07-04,1,,False,Hair
APT0000004,ORD0000004,CLT00001,BIZ002,Bloom Salon & Spa,Los Angeles,PRV0010,2024-08-11,10:00:00,30,completed,walk_in,2024-08-08,3,,False,Hair
APT0000005,ORD0000005,CLT00001,BIZ002,Bloom Salon & Spa,Los Angeles,PRV0017,2024-09-18,11:45:00,120,completed,walk_in,2024-09-17,1,,False,Hair
APT0000006,ORD0000006,CLT00001,BIZ002,Bloom Salon & Spa,Los Angeles,PRV0016,2024-10-18,09:30:00,60,completed,referral,2024-10-15,3,,False,Hair
APT0000007,ORD0000007,CLT00001,BIZ002,Bloom Salon & Spa,Los Angeles,PRV0013,2024-11-17,13:30:00,60,completed,phone,2024-11-16,1,,False,Hair
APT0000008,ORD0000008,CLT00001,BIZ002,Bloom Salon & Spa,Los Angeles,PRV0005,2024-12-24,13:00:00,45,completed,online_booking,2024-12-10,14,,False,Hair
APT0000009,ORD0000009,CLT00001,BIZ002,Bloom Salon & Spa,Los Angeles,PRV0002,2025-01-30,09:00:00,60,completed,app,2025-01-27,3,,False,Hair
APT0000010,ORD0000010,CLT00001,BIZ002,Bloom Salon & Spa,Los Angeles,PRV0019,2025-03-01,15:30:00,120,completed,phone,2025-02-26,3,,False,Hair
APT0000011,ORD0000011,CLT00001,BIZ002,Bloom Salon & Spa,Los Angeles,PRV0019,2025-04-08,10:45:00,45,completed,phone,2025-04-05,3,,False,Hair
APT0000012,ORD0000012,CLT00001,BIZ002,Bloom Salon & Spa,Los Angeles,PRV0002,2025-05-14,18:15:00,120,completed,referral,2025-04-30,14,,False,Hair
APT0000013,ORD0000013,CLT00001,BIZ002,Bloom Salon & Spa,Los Angeles,PRV0001,2025-06-12,10:15:00,60,completed,walk_in,2025-06-12,0,,False,Hair
APT0000014,ORD0000014,CLT00001,BIZ002,Bloom Salon & Spa,Los Angeles,PRV0018,2025-07-18,11:15:00,60,completed,phone,2025-07-11,7,,False,Hair
APT0000015,ORD0000015,CLT00001,BIZ002,Bloom Salon & Spa,Los Angeles,PRV0007,2025-08-24,13:45:00,120,completed,app,2025-08-21,3,,False,Hair
APT0000016,ORD0000016,CLT00001,BIZ002,Bloom Salon & Spa,Los Angeles,PRV0012,2025-09-25,14:45:00,150,completed,referral,2025-09-18,7,,False,Hair
APT0000017,ORD0000017,CLT00001,BIZ002,Bloom Salon & Spa,Los Angeles,PRV0002,2025-11-02,11:30:00,45,completed,phone,2025-10-12,21,,False,Hair
APT0000018,ORD0000018,CLT00001,BIZ002,Bloom Salon & Spa,Los Angeles,PRV0005,2025-12-02,17:30:00,60,completed,online_booking,2025-11-25,7,,False,Hair
APT0000019,ORD0000019,CLT00001,BIZ002,Bloom Salon & Spa,Los Angeles,PRV0004,2026-01-03,14:45:00,150,completed,app,2026-01-02,1,,False,Hair
APT0000020,ORD0000020,CLT00001,BIZ002,Bloom Salon & Spa,Los Angeles,PRV0010,2026-02-08,13:30:00,45,completed,online_booking,2026-01-25,14,,False,Hair
APT0000021,ORD0000021,CLT00002,BIZ009,Glow Studio,Boston,PRV0009,2024-04-15,11:45:00,15,completed,app,2024-04-01,14,,True,Nails
APT0000022,ORD0000022,CLT00002,BIZ009,Glow Studio,Boston,PRV0017,2024-05-04,15:45:00,60,completed,phone,2024-04-27,7,,False,Hair
APT0000023,ORD0000023,CLT00002,BIZ009,Glow Studio,Boston,PRV0010,2024-06-01,13:30:00,30,completed,referral,2024-05-29,3,,False,Hair
APT0000024,ORD0000024,CLT00002,BIZ009,Glow Studio,Boston,PRV0010,2024-06-16,13:00:00,45,completed,phone,2024-06-09,7,,False,Nails
APT0000025,ORD0000025,CLT00002,BIZ009,Glow Studio,Boston,PRV0008,2024-07-09,17:15:00,60,completed,referral,2024-06-18,21,,False,Nails
APT0000026,ORD0000026,CLT00002,BIZ009,Glow Studio,Boston,PRV0006,2024-08-01,12:15:00,30,completed,phone,2024-07-11,21,,False,Hair
APT0000027,ORD0000027,CLT00002,BIZ009,Glow Studio,Boston,PRV0015,2024-08-19,11:45:00,120,completed,referral,2024-08-18,1,,False,Hair
APT0000028,ORD0000028,CLT00002,BIZ009,Glow Studio,Boston,PRV0003,2024-09-02,17:00:00,30,completed,walk_in,2024-08-26,7,,False,Hair
APT0000029,ORD0000029,CLT00002,BIZ009,Glow Studio,Boston,PRV0003,2024-09-16,15:45:00,45,completed,referral,2024-09-13,3,,False,Nails
APT0000030,ORD0000030,CLT00002,BIZ009,Glow Studio,Boston,PRV0008,2024-10-14,15:45:00,120,completed,app,2024-10-07,7,,False,Hair
APT0000031,ORD0000031,CLT00002,BIZ009,Glow Studio,Boston,PRV0008,2024-11-01,18:00:00,30,completed,online_booking,2024-11-01,0,,False,Hair
APT0000032,ORD0000032,CLT00002,BIZ009,Glow Studio,Boston,PRV0014,2024-11-29,17:15:00,45,completed,phone,2024-11-28,1,,False,Nails
APT0000033,ORD0000033,CLT00002,BIZ009,Glow Studio,Boston,PRV0014,2024-12-26,15:30:00,15,completed,walk_in,2024-12-05,21,,False,Nails
APT0000034,ORD0000034,CLT00002,BIZ009,Glow Studio,Boston,PRV0013,2025-01-20,17:15:00,120,completed,app,2025-01-17,3,,False,Hair
APT0000035,ORD0000035,CLT00002,BIZ009,Glow Studio,Boston,PRV0020,2025-02-17,13:45:00,120,completed,referral,2025-02-16,1,,False,Hair
APT0000036,ORD0000036,CLT00002,BIZ009,Glow Studio,Boston,PRV0007,2025-03-05,09:15:00,45,completed,online_booking,2025-03-02,3,,False,Nails
APT0000037,ORD0000037,CLT00002,BIZ009,Glow Studio,Boston,PRV0015,2025-03-26,13:45:00,45,completed,referral,2025-03-19,7,,False,Hair
APT0000038,ORD0000038,CLT00002,BIZ009,Glow Studio,Boston,PRV0019,2025-04-21,15:00:00,45,completed,app,2025-04-18,3,,False,Nails
APT0000039,ORD0000039,CLT00002,BIZ009,Glow Studio,Boston,PRV0018,2025-05-11,12:45:00,60,completed,phone,2025-05-08,3,,False,Hair
APT0000040,ORD0000040,CLT00002,BIZ009,Glow Studio,Boston,PRV0006,2025-06-07,11:45:00,45,completed,referral,2025-06-04,3,,False,Nails
APT0000041,ORD0000041,CLT00002,BIZ009,Glow Studio,Boston,PRV0005,2025-06-21,12:00:00,60,cancelled,online_booking,2025-06-07,14,forgot,False,Hair
APT0000042,ORD0000042,CLT00002,BIZ009,Glow Studio,Boston,PRV0016,2025-07-19,18:45:00,120,completed,online_booking,2025-07-18,1,,False,Hair
APT0000043,ORD0000043,CLT00002,BIZ009,Glow Studio,Boston,PRV0004,2025-08-16,15:15:00,30,completed,online_booking,2025-08-09,7,,False,Nails
APT0000044,ORD0000044,CLT00002,BIZ009,Glow Studio,Boston,PRV0010,2025-09-01,12:15:00,60,no_show,online_booking,2025-08-25,7,personal_emergency,False,Nails
APT0000045,ORD0000045,CLT00002,BIZ009,Glow Studio,Boston,PRV0001,2025-09-28,16:00:00,30,completed,app,2025-09-25,3,,False,Hair
APT0000046,ORD0000046,CLT00002,BIZ009,Glow Studio,Boston,PRV0009,2025-10-26,18:45:00,120,completed,online_booking,2025-10-23,3,,False,Hair
APT0000047,ORD0000047,CLT00002,BIZ009,Glow Studio,Boston,PRV0013,2025-11-15,12:15:00,60,completed,online_booking,2025-11-12,3,,False,Hair
APT0000048,ORD0000048,CLT00002,BIZ009,Glow Studio,Boston,PRV0002,2025-12-01,10:30:00,60,completed,online_booking,2025-11-30,1,,False,Nails
APT0000049,ORD0000049,CLT00002,BIZ009,Glow Studio,Boston,PRV0008,2025-12-29,16:45:00,45,cancelled,phone,2025-12-15,14,no_reason_given,False,Nails
APT0000050,ORD0000050,CLT00002,BIZ009,Glow Studio,Boston,PRV0020,2026-01-26,15:00:00,60,completed,phone,2026-01-19,7,,False,Nails
APT0000051,ORD0000051,CLT00002,BIZ009,Glow Studio,Boston,PRV0005,2026-02-09,13:00:00,30,cancelled,online_booking,2026-02-06,3,no_reason_given,False,Hair
APT0000052,ORD0000052,CLT00002,BIZ009,Glow Studio,Boston,PRV0001,2026-03-09,15:00:00,45,completed,online_booking,2026-03-02,7,,False,Hair
APT0000053,ORD0000053,CLT00002,BIZ009,Glow Studio,Boston,PRV0009,2026-04-05,11:15:00,120,completed,phone,2026-03-29,7,,False,Hair
APT0000054,ORD0000054,CLT00003,BIZ009,Glow Studio,Boston,PRV0014,2024-05-09,16:30:00,45,completed,referral,2024-04-25,14,,True,Skin
APT0000055,ORD0000055,CLT00003,BIZ009,Glow Studio,Boston,PRV0011,2024-06-16,16:15:00,45,completed,walk_in,2024-06-13,3,,False,Hair
APT0000056,ORD0000056,CLT00003,BIZ009,Glow Studio,Boston,PRV0016,2024-07-28,10:45:00,75,completed,app,2024-07-25,3,,False,Skin
APT0000057,ORD0000057,CLT00003,BIZ009,Glow Studio,Boston,PRV0018,2024-09-06,18:45:00,60,completed,referral,2024-08-30,7,,False,Skin
APT0000058,ORD0000058,CLT00003,BIZ009,Glow Studio,Boston,PRV0012,2024-10-15,10:15:00,45,completed,app,2024-09-24,21,,False,Skin
APT0000059,ORD0000059,CLT00003,BIZ009,Glow Studio,Boston,PRV0015,2024-11-29,12:15:00,60,completed,phone,2024-11-28,1,,False,Skin
APT0000060,ORD0000060,CLT00003,BIZ009,Glow Studio,Boston,PRV0011,2025-01-09,14:30:00,30,completed,walk_in,2025-01-02,7,,False,Hair
APT0000061,ORD0000061,CLT00003,BIZ009,Glow Studio,Boston,PRV0011,2025-02-25,10:00:00,60,cancelled,online_booking,2025-02-11,14,schedule_conflict,False,Skin
APT0000062,ORD0000062,CLT00003,BIZ009,Glow Studio,Boston,PRV0018,2025-04-13,11:30:00,150,completed,walk_in,2025-04-12,1,,False,Hair
APT0000063,ORD0000063,CLT00003,BIZ009,Glow Studio,Boston,PRV0018,2025-05-28,10:00:00,60,cancelled,app,2025-05-25,3,weather,False,Skin
APT0000064,ORD0000064,CLT00003,BIZ009,Glow Studio,Boston,PRV0020,2025-07-15,16:30:00,60,completed,walk_in,2025-07-14,1,,False,Skin
APT0000065,ORD0000065,CLT00003,BIZ009,Glow Studio,Boston,PRV0008,2025-09-02,14:00:00,45,completed,phone,2025-08-26,7,,False,Skin
APT0000066,ORD0000066,CLT00003,BIZ009,Glow Studio,Boston,PRV0018,2025-10-13,17:15:00,120,completed,app,2025-10-12,1,,False,Hair
APT0000067,ORD0000067,CLT00003,BIZ009,Glow Studio,Boston,PRV0014,2025-11-24,17:45:00,45,completed,walk_in,2025-11-10,14,,False,Hair
APT0000068,ORD0000068,CLT00003,BIZ009,Glow Studio,Boston,PRV0019,2026-01-06,11:45:00,120,cancelled,walk_in,2025-12-30,7,weather,False,Hair
APT0000069,ORD0000069,CLT00003,BIZ009,Glow Studio,Boston,PRV0015,2026-02-14,14:00:00,120,completed,referral,2026-01-31,14,,False,Hair
APT0000070,ORD0000070,CLT00004,BIZ001,Luxe Hair Studio,San Francisco,PRV0007,2024-05-03,11:15:00,60,completed,app,2024-04-26,7,,True,Hair
APT0000071,ORD0000071,CLT00004,BIZ001,Luxe Hair Studio,San Francisco,PRV0017,2024-06-03,18:30:00,60,completed,online_booking,2024-05-31,3,,False,Skin
APT0000072,ORD0000072,CLT00004,BIZ001,Luxe Hair Studio,San Francisco,PRV0005,2024-07-13,11:15:00,60,completed,phone,2024-07-06,7,,False,Hair
APT0000073,ORD0000073,CLT00004,BIZ001,Luxe Hair Studio,San Francisco,PRV0003,2024-08-22,15:45:00,45,completed,online_booking,2024-08-15,7,,False,Skin
APT0000074,ORD0000074,CLT00004,BIZ001,Luxe Hair Studio,San Francisco,PRV0012,2024-09-20,10:45:00,45,completed,online_booking,2024-09-20,0,,False,Hair
APT0000075,ORD0000075,CLT00004,BIZ001,Luxe Hair Studio,San Francisco,PRV0019,2024-10-31,17:15:00,120,completed,walk_in,2024-10-28,3,,False,Hair
APT0000076,ORD0000076,CLT00004,BIZ001,Luxe Hair Studio,San Francisco,PRV0007,2024-12-05,09:45:00,60,cancelled,app,2024-12-02,3,forgot,False,Skin
APT0000077,ORD0000077,CLT00004,BIZ001,Luxe Hair Studio,San Francisco,PRV0009,2025-01-03,10:30:00,60,completed,online_booking,2024-12-20,14,,False,Hair
APT0000078,ORD0000078,CLT00004,BIZ001,Luxe Hair Studio,San Francisco,PRV0001,2025-02-13,10:00:00,150,completed,app,2025-02-10,3,,False,Hair
APT0000079,ORD0000079,CLT00004,BIZ001,Luxe Hair Studio,San Francisco,PRV0016,2025-03-26,15:15:00,60,completed,online_booking,2025-03-05,21,,False,Skin
APT0000080,ORD0000080,CLT00004,BIZ001,Luxe Hair Studio,San Francisco,PRV0003,2025-04-28,11:15:00,60,completed,referral,2025-04-14,14,,False,Hair
APT0000081,ORD0000081,CLT00004,BIZ001,Luxe Hair Studio,San Francisco,PRV0003,2025-05-30,16:15:00,75,completed,online_booking,2025-05-23,7,,False,Skin
APT0000082,ORD0000082,CLT00004,BIZ001,Luxe Hair Studio,San Francisco,PRV0018,2025-07-04,10:15:00,60,completed,referral,2025-07-01,3,,False,Hair
APT0000083,ORD0000083,CLT00004,BIZ001,Luxe Hair Studio,San Francisco,PRV0010,2025-08-01,12:45:00,60,completed,online_booking,2025-07-25,7,,False,Skin
APT0000084,ORD0000084,CLT00004,BIZ001,Luxe Hair Studio,San Francisco,PRV0012,2025-09-11,17:00:00,75,completed,phone,2025-09-04,7,,False,Skin
APT0000085,ORD0000085,CLT00004,BIZ001,Luxe Hair Studio,San Francisco,PRV0001,2025-10-13,09:00:00,60,completed,phone,2025-09-29,14,,False,Skin
APT0000086,ORD0000086,CLT00005,BIZ002,Bloom Salon & Spa,Los Angeles,PRV0018,2024-04-24,12:15:00,120,no_show,phone,2024-04-17,7,illness,True,Hair
APT0000087,ORD0000087,CLT00005,BIZ002,Bloom Salon & Spa,Los Angeles,PRV0014,2024-06-17,10:30:00,120,completed,app,2024-06-03,14,,False,Hair
APT0000088,ORD0000088,CLT00005,BIZ002,Bloom Salon & Spa,Los Angeles,PRV0001,2024-08-15,11:00:00,120,completed,app,2024-08-08,7,,False,Hair
APT0000089,ORD0000089,CLT00005,BIZ002,Bloom Salon & Spa,Los Angeles,PRV0001,2024-10-18,13:00:00,60,completed,phone,2024-10-11,7,,False,Hair
APT0000090,ORD0000090,CLT00005,BIZ002,Bloom Salon & Spa,Los Angeles,PRV0012,2024-12-16,16:15:00,45,completed,app,2024-12-13,3,,False,Hair
APT0000091,ORD0000091,CLT00005,BIZ002,Bloom Salon & Spa,Los Angeles,PRV0012,2025-02-13,09:45:00,30,completed,walk_in,2025-02-13,0,,False,Hair
APT0000092,ORD0000092,CLT00005,BIZ002,Bloom Salon & Spa,Los Angeles,PRV0003,2025-04-19,14:30:00,60,completed,referral,2025-04-16,3,,False,Hair
APT0000093,ORD0000093,CLT00005,BIZ002,Bloom Salon & Spa,Los Angeles,PRV0015,2025-06-19,15:00:00,60,completed,phone,2025-06-19,0,,False,Hair
APT0000094,ORD0000094,CLT00005,BIZ002,Bloom Salon & Spa,Los Angeles,PRV0015,2025-08-22,13:15:00,120,completed,phone,2025-08-15,7,,False,Hair
APT0000095,ORD0000095,CLT00005,BIZ002,Bloom Salon & Spa,Los Angeles,PRV0001,2025-10-24,17:30:00,60,cancelled,phone,2025-10-24,0,personal_emergency,False,Hair
APT0000096,ORD0000096,CLT00005,BIZ002,Bloom Salon & Spa,Los Angeles,PRV0007,2025-12-20,13:00:00,60,completed,referral,2025-12-06,14,,False,Hair
APT0000097,ORD0000097,CLT00005,BIZ002,Bloom Salon & Spa,Los Angeles,PRV0012,2026-02-19,17:45:00,30,cancelled,walk_in,2026-02-05,14,weather,False,Hair
APT0000098,ORD0000098,CLT00006,BIZ008,Posh Nails & Spa,Denver,PRV0005,2024-04-15,10:15:00,30,completed,referral,2024-04-12,3,,True,Waxing
APT0000099,ORD0000099,CLT00006,BIZ008,Posh Nails & Spa,Denver,PRV0006,2024-05-26,10:00:00,45,completed,phone,2024-05-19,7,,False,Waxing
APT0000100,ORD0000100,CLT00006,BIZ008,Posh Nails & Spa,Denver,PRV0010,2024-06-27,15:00:00,30,completed,phone,2024-06-06,21,,False,Nails
APT0000101,ORD0000101,CLT00006,BIZ008,Posh Nails & Spa,Denver,PRV0001,2024-07-29,11:00:00,30,completed,online_booking,2024-07-15,14,,False,Nails
APT0000102,ORD0000102,CLT00006,BIZ008,Posh Nails & Spa,Denver,PRV0003,2024-08-29,10:00:00,15,completed,app,2024-08-26,3,,False,Waxing
APT0000103,ORD0000103,CLT00006,BIZ008,Posh Nails & Spa,Denver,PRV0013,2024-09-28,18:45:00,30,completed,walk_in,2024-09-27,1,,False,Nails
APT0000104,ORD0000104,CLT00006,BIZ008,Posh Nails & Spa,Denver,PRV0010,2024-11-05,09:15:00,45,completed,walk_in,2024-10-22,14,,False,Nails
APT0000105,ORD0000105,CLT00006,BIZ008,Posh Nails & Spa,Denver,PRV0018,2024-12-09,17:15:00,45,completed,online_booking,2024-12-02,7,,False,Waxing
APT0000106,ORD0000106,CLT00006,BIZ008,Posh Nails & Spa,Denver,PRV0006,2025-01-06,15:30:00,30,completed,online_booking,2024-12-30,7,,False,Waxing
APT0000107,ORD0000107,CLT00006,BIZ008,Posh Nails & Spa,Denver,PRV0004,2025-02-12,12:15:00,60,completed,app,2025-01-29,14,,False,Nails
APT0000108,ORD0000108,CLT00006,BIZ008,Posh Nails & Spa,Denver,PRV0006,2025-03-21,15:30:00,45,completed,app,2025-02-28,21,,False,Nails
APT0000109,ORD0000109,CLT00006,BIZ008,Posh Nails & Spa,Denver,PRV0016,2025-04-19,18:15:00,45,completed,referral,2025-04-12,7,,False,Nails
APT0000110,ORD0000110,CLT00006,BIZ008,Posh Nails & Spa,Denver,PRV0005,2025-05-23,18:15:00,30,completed,phone,2025-05-23,0,,False,Nails
APT0000111,ORD0000111,CLT00006,BIZ008,Posh Nails & Spa,Denver,PRV0017,2025-07-03,11:00:00,30,completed,phone,2025-06-26,7,,False,Nails
APT0000112,ORD0000112,CLT00006,BIZ008,Posh Nails & Spa,Denver,PRV0016,2025-08-10,11:45:00,45,completed,phone,2025-08-09,1,,False,Nails
APT0000113,ORD0000113,CLT00006,BIZ008,Posh Nails & Spa,Denver,PRV0010,2025-09-09,15:30:00,45,completed,app,2025-08-26,14,,False,Waxing
APT0000114,ORD0000114,CLT00006,BIZ008,Posh Nails & Spa,Denver,PRV0019,2025-10-15,18:15:00,45,completed,online_booking,2025-09-24,21,,False,Nails
APT0000115,ORD0000115,CLT00006,BIZ008,Posh Nails & Spa,Denver,PRV0001,2025-11-13,14:45:00,30,completed,phone,2025-11-06,7,,False,Nails
APT0000116,ORD0000116,CLT00006,BIZ008,Posh Nails & Spa,Denver,PRV0016,2025-12-20,11:45:00,30,completed,walk_in,2025-12-13,7,,False,Nails
APT0000117,ORD0000117,CLT00006,BIZ008,Posh Nails & Spa,Denver,PRV0001,2026-01-18,09:30:00,45,completed,phone,2026-01-04,14,,False,Nails
APT0000118,ORD0000118,CLT00006,BIZ008,Posh Nails & Spa,Denver,PRV0001,2026-02-26,14:45:00,15,completed,walk_in,2026-02-05,21,,False,Nails
APT0000119,ORD0000119,CLT00007,BIZ006,Radiance Salon,Seattle,PRV0016,2024-04-27,13:00:00,75,no_show,online_booking,2024-04-26,1,weather,True,Skin
APT0000120,ORD0000120,CLT00007,BIZ006,Radiance Salon,Seattle,PRV0018,2024-05-24,13:00:00,60,completed,walk_in,2024-05-10,14,,False,Skin
APT0000121,ORD0000121,CLT00007,BIZ006,Radiance Salon,Seattle,PRV0018,2024-06-11,10:30:00,45,completed,walk_in,2024-06-04,7,,False,Nails
APT0000122,ORD0000122,CLT00007,BIZ006,Radiance Salon,Seattle,PRV0016,2024-06-26,18:15:00,45,completed,phone,2024-06-05,21,,False,Skin
APT0000123,ORD0000123,CLT00007,BIZ006,Radiance Salon,Seattle,PRV0007,2024-07-16,11:15:00,30,completed,app,2024-07-13,3,,False,Nails
APT0000124,ORD0000124,CLT00007,BIZ006,Radiance Salon,Seattle,PRV0001,2024-07-30,13:45:00,45,completed,referral,2024-07-27,3,,False,Skin
APT0000125,ORD0000125,CLT00007,BIZ006,Radiance Salon,Seattle,PRV0013,2024-08-18,15:30:00,45,completed,walk_in,2024-08-04,14,,False,Nails
APT0000126,ORD0000126,CLT00007,BIZ006,Radiance Salon,Seattle,PRV0011,2024-09-01,14:00:00,30,completed,phone,2024-08-11,21,,False,Nails
APT0000127,ORD0000127,CLT00007,BIZ006,Radiance Salon,Seattle,PRV0014,2024-09-17,16:15:00,60,completed,walk_in,2024-09-16,1,,False,Skin
APT0000128,ORD0000128,CLT00007,BIZ006,Radiance Salon,Seattle,PRV0006,2024-10-08,17:00:00,45,completed,app,2024-10-05,3,,False,Nails
APT0000129,ORD0000129,CLT00007,BIZ006,Radiance Salon,Seattle,PRV0004,2024-11-04,17:45:00,75,completed,online_booking,2024-10-21,14,,False,Skin
APT0000130,ORD0000130,CLT00007,BIZ006,Radiance Salon,Seattle,PRV0001,2024-11-26,10:30:00,60,completed,walk_in,2024-11-12,14,,False,Skin
APT0000131,ORD0000131,CLT00007,BIZ006,Radiance Salon,Seattle,PRV0016,2024-12-19,09:00:00,45,completed,app,2024-12-16,3,,False,Nails
APT0000132,ORD0000132,CLT00007,BIZ006,Radiance Salon,Seattle,PRV0009,2025-01-08,14:45:00,60,completed,app,2025-01-05,3,,False,Skin
APT0000133,ORD0000133,CLT00007,BIZ006,Radiance Salon,Seattle,PRV0010,2025-01-22,14:30:00,15,completed,online_booking,2025-01-01,21,,False,Nails
APT0000134,ORD0000134,CLT00007,BIZ006,Radiance Salon,Seattle,PRV0020,2025-02-06,12:00:00,60,completed,walk_in,2025-01-30,7,,False,Skin
APT0000135,ORD0000135,CLT00007,BIZ006,Radiance Salon,Seattle,PRV0011,2025-02-23,09:15:00,60,completed,app,2025-02-20,3,,False,Skin
APT0000136,ORD0000136,CLT00007,BIZ006,Radiance Salon,Seattle,PRV0011,2025-03-13,17:15:00,60,completed,online_booking,2025-03-10,3,,False,Nails
APT0000137,ORD0000137,CLT00007,BIZ006,Radiance Salon,Seattle,PRV0002,2025-03-31,10:45:00,60,completed,referral,2025-03-28,3,,False,Skin
APT0000138,ORD0000138,CLT00007,BIZ006,Radiance Salon,Seattle,PRV0007,2025-04-24,11:15:00,45,completed,phone,2025-04-23,1,,False,Skin
APT0000139,ORD0000139,CLT00007,BIZ006,Radiance Salon,Seattle,PRV0006,2025-05-12,13:15:00,45,completed,referral,2025-05-12,0,,False,Nails
APT0000140,ORD0000140,CLT00007,BIZ006,Radiance Salon,Seattle,PRV0011,2025-06-03,14:00:00,60,cancelled,referral,2025-06-02,1,,False,Skin
APT0000141,ORD0000141,CLT00007,BIZ006,Radiance Salon,Seattle,PRV0012,2025-06-28,12:15:00,30,completed,phone,2025-06-21,7,,False,Nails
APT0000142,ORD0000142,CLT00007,BIZ006,Radiance Salon,Seattle,PRV0012,2025-07-26,14:45:00,60,completed,app,2025-07-05,21,,False,Skin
APT0000143,ORD0000143,CLT00007,BIZ006,Radiance Salon,Seattle,PRV0009,2025-08-20,09:45:00,30,completed,referral,2025-08-13,7,,False,Nails
APT0000144,ORD0000144,CLT00007,BIZ006,Radiance Salon,Seattle,PRV0018,2025-09-11,15:00:00,30,completed,phone,2025-09-08,3,,False,Nails
APT0000145,ORD0000145,CLT00007,BIZ006,Radiance Salon,Seattle,PRV0004,2025-10-06,11:45:00,15,completed,referral,2025-09-29,7,,False,Nails
APT0000146,ORD0000146,CLT00007,BIZ006,Radiance Salon,Seattle,PRV0006,2025-10-26,15:30:00,45,completed,online_booking,2025-10-23,3,,False,Skin
APT0000147,ORD0000147,CLT00007,BIZ006,Radiance Salon,Seattle,PRV0009,2025-11-12,10:00:00,75,completed,app,2025-10-29,14,,False,Skin
APT0000148,ORD0000148,CLT00007,BIZ006,Radiance Salon,Seattle,PRV0005,2025-11-29,09:00:00,60,completed,app,2025-11-28,1,,False,Skin
APT0000149,ORD0000149,CLT00007,BIZ006,Radiance Salon,Seattle,PRV0015,2025-12-18,15:45:00,45,completed,phone,2025-12-17,1,,False,Nails
APT0000150,ORD0000150,CLT00008,BIZ004,Serenity Spa,Chicago,PRV0012,2024-04-26,18:45:00,60,completed,referral,2024-04-23,3,,True,Hair
APT0000151,ORD0000151,CLT00008,BIZ004,Serenity Spa,Chicago,PRV0009,2024-06-17,09:00:00,45,completed,phone,2024-06-14,3,,False,Hair
APT0000152,ORD0000152,CLT00008,BIZ004,Serenity Spa,Chicago,PRV0014,2024-07-31,18:00:00,75,completed,app,2024-07-24,7,,False,Massage
APT0000153,ORD0000153,CLT00008,BIZ004,Serenity Spa,Chicago,PRV0006,2024-09-08,16:45:00,60,completed,online_booking,2024-09-07,1,,False,Massage
APT0000154,ORD0000154,CLT00008,BIZ004,Serenity Spa,Chicago,PRV0015,2024-10-18,12:00:00,60,completed,walk_in,2024-10-15,3,,False,Massage
APT0000155,ORD0000155,CLT00008,BIZ004,Serenity Spa,Chicago,PRV0013,2024-12-08,09:00:00,30,completed,walk_in,2024-12-01,7,,False,Hair
APT0000156,ORD0000156,CLT00008,BIZ004,Serenity Spa,Chicago,PRV0012,2025-01-15,16:30:00,120,completed,online_booking,2025-01-08,7,,False,Hair
APT0000157,ORD0000157,CLT00008,BIZ004,Serenity Spa,Chicago,PRV0008,2025-03-05,10:00:00,150,completed,online_booking,2025-02-26,7,,False,Hair
APT0000158,ORD0000158,CLT00008,BIZ004,Serenity Spa,Chicago,PRV0014,2025-04-23,16:15:00,150,completed,online_booking,2025-04-09,14,,False,Hair
APT0000159,ORD0000159,CLT00008,BIZ004,Serenity Spa,Chicago,PRV0002,2025-06-02,10:45:00,60,completed,referral,2025-05-26,7,,False,Hair
APT0000160,ORD0000160,CLT00008,BIZ004,Serenity Spa,Chicago,PRV0017,2025-07-11,15:45:00,60,cancelled,app,2025-07-04,7,schedule_conflict,False,Massage
APT0000161,ORD0000161,CLT00008,BIZ004,Serenity Spa,Chicago,PRV0017,2025-08-20,18:30:00,60,completed,walk_in,2025-08-13,7,,False,Massage
APT0000162,ORD0000162,CLT00008,BIZ004,Serenity Spa,Chicago,PRV0005,2025-10-09,16:15:00,45,completed,walk_in,2025-09-18,21,,False,Hair
APT0000163,ORD0000163,CLT00009,BIZ004,Serenity Spa,Chicago,PRV0012,2024-04-09,14:00:00,75,completed,referral,2024-04-02,7,,True,Skin
APT0000164,ORD0000164,CLT00009,BIZ004,Serenity Spa,Chicago,PRV0005,2024-05-27,09:45:00,60,completed,online_booking,2024-05-20,7,,False,Skin
APT0000165,ORD0000165,CLT00009,BIZ004,Serenity Spa,Chicago,PRV0012,2024-07-08,17:00:00,60,completed,walk_in,2024-07-05,3,,False,Skin
APT0000166,ORD0000166,CLT00009,BIZ004,Serenity Spa,Chicago,PRV0013,2024-08-26,13:00:00,75,completed,walk_in,2024-08-12,14,,False,Skin
APT0000167,ORD0000167,CLT00009,BIZ004,Serenity Spa,Chicago,PRV0015,2024-10-12,12:30:00,45,completed,app,2024-10-05,7,,False,Skin
APT0000168,ORD0000168,CLT00009,BIZ004,Serenity Spa,Chicago,PRV0002,2024-11-22,16:15:00,45,completed,app,2024-11-22,0,,False,Skin
APT0000169,ORD0000169,CLT00009,BIZ004,Serenity Spa,Chicago,PRV0017,2025-01-02,10:30:00,60,completed,app,2024-12-26,7,,False,Skin
APT0000170,ORD0000170,CLT00009,BIZ004,Serenity Spa,Chicago,PRV0012,2025-02-12,14:30:00,60,completed,phone,2025-01-29,14,,False,Skin
APT0000171,ORD0000171,CLT00009,BIZ004,Serenity Spa,Chicago,PRV0002,2025-04-01,18:15:00,60,completed,phone,2025-03-29,3,,False,Skin
APT0000172,ORD0000172,CLT00009,BIZ004,Serenity Spa,Chicago,PRV0016,2025-05-17,14:45:00,60,completed,online_booking,2025-05-03,14,,False,Skin
APT0000173,ORD0000173,CLT00009,BIZ004,Serenity Spa,Chicago,PRV0014,2025-07-08,12:15:00,45,completed,online_booking,2025-07-01,7,,False,Skin
APT0000174,ORD0000174,CLT00009,BIZ004,Serenity Spa,Chicago,PRV0006,2025-08-26,10:00:00,75,cancelled,phone,2025-08-26,0,rescheduled,False,Skin
APT0000175,ORD0000175,CLT00009,BIZ004,Serenity Spa,Chicago,PRV0015,2025-10-14,15:45:00,45,completed,walk_in,2025-09-23,21,,False,Skin
APT0000176,ORD0000176,CLT00009,BIZ004,Serenity Spa,Chicago,PRV0010,2025-11-26,17:00:00,45,cancelled,phone,2025-11-23,3,illness,False,Skin
APT0000177,ORD0000177,CLT00009,BIZ004,Serenity Spa,Chicago,PRV0016,2026-01-16,15:00:00,60,completed,app,2026-01-13,3,,False,Skin
APT0000178,ORD0000178,CLT00009,BIZ004,Serenity Spa,Chicago,PRV0010,2026-03-03,17:00:00,60,cancelled,app,2026-02-24,7,,False,Skin
APT0000179,ORD0000179,CLT00010,BIZ004,Serenity Spa,Chicago,PRV0004,2024-05-21,13:15:00,60,completed,app,2024-05-14,7,,True,Hair
APT0000180,ORD0000180,CLT00010,BIZ004,Serenity Spa,Chicago,PRV0004,2024-08-18,10:30:00,150,completed,app,2024-08-15,3,,False,Hair
APT0000181,ORD0000181,CLT00010,BIZ004,Serenity Spa,Chicago,PRV0016,2024-11-12,12:30:00,30,completed,walk_in,2024-11-11,1,,False,Hair
APT0000182,ORD0000182,CLT00010,BIZ004,Serenity Spa,Chicago,PRV0008,2025-02-08,09:30:00,60,completed,app,2025-02-05,3,,False,Hair
APT0000183,ORD0000183,CLT00010,BIZ004,Serenity Spa,Chicago,PRV0012,2025-05-13,16:45:00,150,completed,phone,2025-04-29,14,,False,Hair
APT0000184,ORD0000184,CLT00010,BIZ004,Serenity Spa,Chicago,PRV0001,2025-08-18,10:00:00,120,completed,referral,2025-08-11,7,,False,Hair
APT0000185,ORD0000185,CLT00010,BIZ004,Serenity Spa,Chicago,PRV0005,2025-11-20,17:45:00,30,completed,phone,2025-11-13,7,,False,Hair
APT0000186,ORD0000186,CLT00010,BIZ004,Serenity Spa,Chicago,PRV0008,2026-02-22,14:00:00,45,completed,referral,2026-02-21,1,,False,Hair
APT0000187,ORD0000187,CLT00011,BIZ006,Radiance Salon,Seattle,PRV0011,2024-05-12,09:00:00,75,completed,online_booking,2024-04-21,21,,True,Massage
APT0000188,ORD0000188,CLT00011,BIZ006,Radiance Salon,Seattle,PRV0013,2024-06-09,10:30:00,60,completed,app,2024-05-26,14,,False,Skin
APT0000189,ORD0000189,CLT00011,BIZ006,Radiance Salon,Seattle,PRV0007,2024-07-10,17:30:00,60,completed,app,2024-07-07,3,,False,Massage
APT0000190,ORD0000190,CLT00011,BIZ006,Radiance Salon,Seattle,PRV0007,2024-08-12,16:45:00,60,completed,referral,2024-08-05,7,,False,Skin
APT0000191,ORD0000191,CLT00011,BIZ006,Radiance Salon,Seattle,PRV0020,2024-09-13,17:45:00,60,completed,referral,2024-08-23,21,,False,Massage
APT0000192,ORD0000192,CLT00011,BIZ006,Radiance Salon,Seattle,PRV0008,2024-10-12,16:15:00,60,completed,walk_in,2024-10-05,7,,False,Massage
APT0000193,ORD0000193,CLT00011,BIZ006,Radiance Salon,Seattle,PRV0008,2024-11-12,16:00:00,75,completed,walk_in,2024-11-09,3,,False,Skin
APT0000194,ORD0000194,CLT00011,BIZ006,Radiance Salon,Seattle,PRV0018,2024-12-17,18:00:00,60,completed,referral,2024-11-26,21,,False,Massage
APT0000195,ORD0000195,CLT00011,BIZ006,Radiance Salon,Seattle,PRV0008,2025-01-26,17:45:00,45,completed,walk_in,2025-01-12,14,,False,Skin
APT0000196,ORD0000196,CLT00011,BIZ006,Radiance Salon,Seattle,PRV0010,2025-02-26,12:00:00,60,completed,referral,2025-02-19,7,,False,Massage
APT0000197,ORD0000197,CLT00011,BIZ006,Radiance Salon,Seattle,PRV0014,2025-03-26,12:30:00,60,completed,phone,2025-03-23,3,,False,Massage
APT0000198,ORD0000198,CLT00011,BIZ006,Radiance Salon,Seattle,PRV0014,2025-04-28,15:15:00,45,completed,referral,2025-04-25,3,,False,Skin
APT0000199,ORD0000199,CLT00011,BIZ006,Radiance Salon,Seattle,PRV0008,2025-06-02,11:00:00,45,completed,walk_in,2025-05-26,7,,False,Skin
APT0000200,ORD0000200,CLT00011,BIZ006,Radiance Salon,Seattle,PRV0013,2025-07-11,09:15:00,45,completed,online_booking,2025-07-04,7,,False,Skin
APT0000201,ORD0000201,CLT00011,BIZ006,Radiance Salon,Seattle,PRV0013,2025-08-19,09:45:00,75,completed,referral,2025-08-18,1,,False,Massage
APT0000202,ORD0000202,CLT00011,BIZ006,Radiance Salon,Seattle,PRV0007,2025-09-18,17:30:00,60,completed,online_booking,2025-09-15,3,,False,Massage
APT0000203,ORD0000203,CLT00011,BIZ006,Radiance Salon,Seattle,PRV0019,2025-10-29,15:45:00,75,completed,app,2025-10-26,3,,False,Massage
APT0000204,ORD0000204,CLT00011,BIZ006,Radiance Salon,Seattle,PRV0015,2025-12-06,18:15:00,60,completed,walk_in,2025-12-03,3,,False,Skin
APT0000205,ORD0000205,CLT00011,BIZ006,Radiance Salon,Seattle,PRV0015,2026-01-12,13:30:00,60,completed,walk_in,2025-12-29,14,,False,Skin
APT0000206,ORD0000206,CLT00011,BIZ006,Radiance Salon,Seattle,PRV0011,2026-02-18,12:15:00,60,completed,walk_in,2026-02-17,1,,False,Massage
APT0000207,ORD0000207,CLT00011,BIZ006,Radiance Salon,Seattle,PRV0006,2026-03-20,18:30:00,60,completed,app,2026-03-17,3,,False,Massage
APT0000208,ORD0000208,CLT00012,BIZ002,Bloom Salon & Spa,Los Angeles,PRV0016,2024-05-21,16:30:00,60,completed,app,2024-05-14,7,,True,Hair
APT0000209,ORD0000209,CLT00012,BIZ002,Bloom Salon & Spa,Los Angeles,PRV0017,2024-07-25,17:00:00,30,completed,phone,2024-07-22,3,,False,Hair
APT0000210,ORD0000210,CLT00012,BIZ002,Bloom Salon & Spa,Los Angeles,PRV0019,2024-09-16,12:45:00,30,completed,online_booking,2024-09-16,0,,False,Waxing
APT0000211,ORD0000211,CLT00012,BIZ002,Bloom Salon & Spa,Los Angeles,PRV0006,2024-11-17,14:30:00,45,completed,walk_in,2024-10-27,21,,False,Waxing
APT0000212,ORD0000212,CLT00012,BIZ002,Bloom Salon & Spa,Los Angeles,PRV0004,2025-01-16,18:15:00,30,completed,phone,2025-01-09,7,,False,Waxing
APT0000213,ORD0000213,CLT00012,BIZ002,Bloom Salon & Spa,Los Angeles,PRV0014,2025-03-20,09:15:00,60,completed,walk_in,2025-03-19,1,,False,Hair
APT0000214,ORD0000214,CLT00012,BIZ002,Bloom Salon & Spa,Los Angeles,PRV0013,2025-05-22,18:00:00,15,completed,online_booking,2025-05-15,7,,False,Waxing
APT0000215,ORD0000215,CLT00012,BIZ002,Bloom Salon & Spa,Los Angeles,PRV0012,2025-07-15,14:30:00,45,completed,online_booking,2025-07-12,3,,False,Hair
APT0000216,ORD0000216,CLT00012,BIZ002,Bloom Salon & Spa,Los Angeles,PRV0012,2025-09-20,11:30:00,120,completed,phone,2025-09-13,7,,False,Hair
APT0000217,ORD0000217,CLT00012,BIZ002,Bloom Salon & Spa,Los Angeles,PRV0014,2025-11-13,11:30:00,30,completed,referral,2025-10-23,21,,False,Waxing
APT0000218,ORD0000218,CLT00012,BIZ002,Bloom Salon & Spa,Los Angeles,PRV0009,2026-01-06,13:45:00,45,completed,walk_in,2025-12-30,7,,False,Waxing
APT0000219,ORD0000219,CLT00012,BIZ002,Bloom Salon & Spa,Los Angeles,PRV0009,2026-03-12,11:15:00,15,completed,online_booking,2026-02-26,14,,False,Waxing
APT0000220,ORD0000220,CLT00013,BIZ008,Posh Nails & Spa,Denver,PRV0005,2024-04-10,16:15:00,120,completed,referral,2024-04-03,7,,True,Hair
APT0000221,ORD0000221,CLT00013,BIZ008,Posh Nails & Spa,Denver,PRV0005,2024-06-04,13:45:00,45,completed,referral,2024-05-28,7,,False,Hair
APT0000222,ORD0000222,CLT00013,BIZ008,Posh Nails & Spa,Denver,PRV0018,2024-08-05,14:45:00,120,completed,app,2024-07-29,7,,False,Hair
APT0000223,ORD0000223,CLT00013,BIZ008,Posh Nails & Spa,Denver,PRV0010,2024-10-01,11:30:00,120,cancelled,walk_in,2024-09-17,14,,False,Hair
APT0000224,ORD0000224,CLT00013,BIZ008,Posh Nails & Spa,Denver,PRV0001,2024-11-24,16:30:00,150,completed,walk_in,2024-11-03,21,,False,Hair
APT0000225,ORD0000225,CLT00013,BIZ008,Posh Nails & Spa,Denver,PRV0006,2025-01-17,15:15:00,60,completed,walk_in,2025-01-10,7,,False,Hair
APT0000226,ORD0000226,CLT00013,BIZ008,Posh Nails & Spa,Denver,PRV0018,2025-03-23,13:30:00,120,completed,phone,2025-03-02,21,,False,Hair
APT0000227,ORD0000227,CLT00013,BIZ008,Posh Nails & Spa,Denver,PRV0007,2025-05-23,18:45:00,150,completed,phone,2025-05-16,7,,False,Hair
APT0000228,ORD0000228,CLT00013,BIZ008,Posh Nails & Spa,Denver,PRV0003,2025-07-21,09:15:00,120,completed,app,2025-07-18,3,,False,Hair
APT0000229,ORD0000229,CLT00013,BIZ008,Posh Nails & Spa,Denver,PRV0002,2025-09-24,10:15:00,45,completed,phone,2025-09-24,0,,False,Hair
APT0000230,ORD0000230,CLT00013,BIZ008,Posh Nails & Spa,Denver,PRV0002,2025-11-16,16:15:00,60,cancelled,app,2025-11-13,3,weather,False,Hair
APT0000231,ORD0000231,CLT00013,BIZ008,Posh Nails & Spa,Denver,PRV0013,2026-01-08,12:45:00,150,completed,phone,2026-01-01,7,,False,Hair
APT0000232,ORD0000232,CLT00013,BIZ008,Posh Nails & Spa,Denver,PRV0007,2026-03-10,14:00:00,120,completed,online_booking,2026-03-07,3,,False,Hair
APT0000233,ORD0000233,CLT00014,BIZ010,Elevate Salon,Nashville,PRV0006,2024-04-23,10:15:00,150,completed,walk_in,2024-04-20,3,,True,Hair
APT0000234,ORD0000234,CLT00014,BIZ010,Elevate Salon,Nashville,PRV0005,2024-07-15,17:00:00,30,completed,walk_in,2024-07-14,1,,False,Hair
APT0000235,ORD0000235,CLT00014,BIZ010,Elevate Salon,Nashville,PRV0009,2024-10-06,14:15:00,150,completed,online_booking,2024-09-29,7,,False,Hair
APT0000236,ORD0000236,CLT00014,BIZ010,Elevate Salon,Nashville,PRV0009,2024-12-31,14:45:00,60,completed,referral,2024-12-24,7,,False,Hair
APT0000237,ORD0000237,CLT00014,BIZ010,Elevate Salon,Nashville,PRV0017,2025-04-05,16:00:00,120,completed,walk_in,2025-03-29,7,,False,Hair
APT0000238,ORD0000238,CLT00014,BIZ010,Elevate Salon,Nashville,PRV0007,2025-07-03,17:45:00,120,completed,referral,2025-06-26,7,,False,Hair
APT0000239,ORD0000239,CLT00014,BIZ010,Elevate Salon,Nashville,PRV0002,2025-09-25,17:00:00,45,completed,app,2025-09-24,1,,False,Hair
APT0000240,ORD0000240,CLT00014,BIZ010,Elevate Salon,Nashville,PRV0012,2025-12-26,13:00:00,150,late_cancel,app,2025-12-19,7,,False,Hair
APT0000241,ORD0000241,CLT00015,BIZ002,Bloom Salon & Spa,Los Angeles,PRV0002,2024-05-18,15:30:00,120,completed,referral,2024-04-27,21,,True,Hair
APT0000242,ORD0000242,CLT00015,BIZ002,Bloom Salon & Spa,Los Angeles,PRV0017,2024-07-02,12:15:00,30,completed,app,2024-06-25,7,,False,Hair
APT0000243,ORD0000243,CLT00015,BIZ002,Bloom Salon & Spa,Los Angeles,PRV0014,2024-08-10,14:45:00,150,completed,online_booking,2024-08-03,7,,False,Hair
APT0000244,ORD0000244,CLT00015,BIZ002,Bloom Salon & Spa,Los Angeles,PRV0014,2024-09-30,14:30:00,120,completed,walk_in,2024-09-23,7,,False,Hair
APT0000245,ORD0000245,CLT00015,BIZ002,Bloom Salon & Spa,Los Angeles,PRV0015,2024-11-21,13:30:00,45,completed,walk_in,2024-10-31,21,,False,Hair
APT0000246,ORD0000246,CLT00015,BIZ002,Bloom Salon & Spa,Los Angeles,PRV0009,2025-01-12,14:00:00,120,cancelled,referral,2025-01-09,3,weather,False,Hair
APT0000247,ORD0000247,CLT00015,BIZ002,Bloom Salon & Spa,Los Angeles,PRV0019,2025-02-26,13:30:00,30,cancelled,app,2025-02-25,1,rescheduled,False,Hair
APT0000248,ORD0000248,CLT00015,BIZ002,Bloom Salon & Spa,Los Angeles,PRV0003,2025-04-15,15:15:00,120,completed,phone,2025-04-14,1,,False,Hair
APT0000249,ORD0000249,CLT00015,BIZ002,Bloom Salon & Spa,Los Angeles,PRV0003,2025-05-26,18:45:00,120,completed,online_booking,2025-05-26,0,,False,Hair
APT0000250,ORD0000250,CLT00015,BIZ002,Bloom Salon & Spa,Los Angeles,PRV0013,2025-07-17,18:00:00,60,completed,online_booking,2025-07-03,14,,False,Hair
APT0000251,ORD0000251,CLT00015,BIZ002,Bloom Salon & Spa,Los Angeles,PRV0008,2025-09-07,18:00:00,60,cancelled,walk_in,2025-08-17,21,personal_emergency,False,Hair
APT0000252,ORD0000252,CLT00015,BIZ002,Bloom Salon & Spa,Los Angeles,PRV0019,2025-10-15,10:45:00,60,completed,online_booking,2025-10-14,1,,False,Hair
APT0000253,ORD0000253,CLT00015,BIZ002,Bloom Salon & Spa,Los Angeles,PRV0019,2025-11-23,16:45:00,60,completed,app,2025-11-16,7,,False,Hair
APT0000254,ORD0000254,CLT00015,BIZ002,Bloom Salon & Spa,Los Angeles,PRV0004,2026-01-11,18:00:00,120,completed,walk_in,2026-01-08,3,,False,Hair
APT0000255,ORD0000255,CLT00015,BIZ002,Bloom Salon & Spa,Los Angeles,PRV0020,2026-02-27,18:45:00,60,completed,app,2026-02-06,21,,False,Hair
APT0000256,ORD0000256,CLT00016,BIZ008,Posh Nails & Spa,Denver,PRV0011,2024-05-12,16:00:00,45,cancelled,app,2024-05-09,3,illness,True,Nails
APT0000257,ORD0000257,CLT00016,BIZ008,Posh Nails & Spa,Denver,PRV0020,2024-07-13,17:45:00,45,completed,app,2024-06-29,14,,False,Nails
APT0000258,ORD0000258,CLT00016,BIZ008,Posh Nails & Spa,Denver,PRV0002,2024-09-07,18:30:00,45,cancelled,walk_in,2024-08-24,14,weather,False,Waxing
APT0000259,ORD0000259,CLT00016,BIZ008,Posh Nails & Spa,Denver,PRV0001,2024-10-30,14:00:00,30,completed,phone,2024-10-27,3,,False,Nails
APT0000260,ORD0000260,CLT00016,BIZ008,Posh Nails & Spa,Denver,PRV0007,2025-01-02,10:15:00,45,completed,referral,2024-12-26,7,,False,Nails
APT0000261,ORD0000261,CLT00016,BIZ008,Posh Nails & Spa,Denver,PRV0017,2025-02-25,13:15:00,30,completed,phone,2025-02-22,3,,False,Nails
APT0000262,ORD0000262,CLT00016,BIZ008,Posh Nails & Spa,Denver,PRV0013,2025-04-20,11:00:00,45,completed,referral,2025-04-06,14,,False,Waxing
APT0000263,ORD0000263,CLT00016,BIZ008,Posh Nails & Spa,Denver,PRV0018,2025-06-25,14:45:00,60,completed,app,2025-06-04,21,,False,Nails
APT0000264,ORD0000264,CLT00016,BIZ008,Posh Nails & Spa,Denver,PRV0011,2025-08-28,10:15:00,45,cancelled,app,2025-08-07,21,,False,Nails
APT0000265,ORD0000265,CLT00016,BIZ008,Posh Nails & Spa,Denver,PRV0015,2025-11-01,15:30:00,45,completed,phone,2025-10-29,3,,False,Nails
APT0000266,ORD0000266,CLT00016,BIZ008,Posh Nails & Spa,Denver,PRV0016,2025-12-26,14:00:00,15,completed,app,2025-12-19,7,,False,Nails
APT0000267,ORD0000267,CLT00016,BIZ008,Posh Nails & Spa,Denver,PRV0007,2026-02-22,15:15:00,45,cancelled,app,2026-02-01,21,schedule_conflict,False,Nails
APT0000268,ORD0000268,CLT00017,BIZ009,Glow Studio,Boston,PRV0017,2024-05-11,18:00:00,60,completed,online_booking,2024-04-20,21,,True,Skin
APT0000269,ORD0000269,CLT00017,BIZ009,Glow Studio,Boston,PRV0010,2024-06-08,09:15:00,60,completed,walk_in,2024-06-01,7,,False,Skin
APT0000270,ORD0000270,CLT00017,BIZ009,Glow Studio,Boston,PRV0015,2024-07-18,17:15:00,60,completed,walk_in,2024-06-27,21,,False,Skin
APT0000271,ORD0000271,CLT00017,BIZ009,Glow Studio,Boston,PRV0019,2024-08-21,11:45:00,60,completed,app,2024-08-14,7,,False,Skin
APT0000272,ORD0000272,CLT00017,BIZ009,Glow Studio,Boston,PRV0017,2024-09-24,10:45:00,60,no_show,referral,2024-09-17,7,,False,Skin
APT0000273,ORD0000273,CLT00017,BIZ009,Glow Studio,Boston,PRV0019,2024-10-25,11:30:00,60,completed,app,2024-10-25,0,,False,Skin
APT0000274,ORD0000274,CLT00017,BIZ009,Glow Studio,Boston,PRV0001,2024-12-06,11:15:00,60,completed,referral,2024-12-05,1,,False,Skin
APT0000275,ORD0000275,CLT00017,BIZ009,Glow Studio,Boston,PRV0015,2025-01-10,16:45:00,75,completed,online_booking,2025-01-03,7,,False,Skin
APT0000276,ORD0000276,CLT00017,BIZ009,Glow Studio,Boston,PRV0005,2025-02-20,14:00:00,60,completed,online_booking,2025-02-19,1,,False,Skin
APT0000277,ORD0000277,CLT00017,BIZ009,Glow Studio,Boston,PRV0015,2025-03-25,13:15:00,60,completed,referral,2025-03-24,1,,False,Skin
APT0000278,ORD0000278,CLT00017,BIZ009,Glow Studio,Boston,PRV0004,2025-05-03,16:15:00,60,completed,phone,2025-05-02,1,,False,Skin
APT0000279,ORD0000279,CLT00017,BIZ009,Glow Studio,Boston,PRV0016,2025-06-07,17:00:00,60,completed,referral,2025-05-17,21,,False,Skin
APT0000280,ORD0000280,CLT00017,BIZ009,Glow Studio,Boston,PRV0020,2025-07-14,14:15:00,60,completed,referral,2025-06-23,21,,False,Skin
APT0000281,ORD0000281,CLT00017,BIZ009,Glow Studio,Boston,PRV0004,2025-08-24,09:45:00,60,completed,app,2025-08-24,0,,False,Skin
APT0000282,ORD0000282,CLT00017,BIZ009,Glow Studio,Boston,PRV0009,2025-09-28,12:30:00,45,completed,online_booking,2025-09-25,3,,False,Skin
APT0000283,ORD0000283,CLT00017,BIZ009,Glow Studio,Boston,PRV0006,2025-11-09,18:00:00,60,completed,app,2025-11-02,7,,False,Skin
APT0000284,ORD0000284,CLT00017,BIZ009,Glow Studio,Boston,PRV0015,2025-12-09,17:30:00,75,completed,walk_in,2025-12-02,7,,False,Skin
APT0000285,ORD0000285,CLT00017,BIZ009,Glow Studio,Boston,PRV0003,2026-01-07,14:30:00,45,late_cancel,app,2025-12-31,7,weather,False,Skin
APT0000286,ORD0000286,CLT00018,BIZ005,Revive Beauty Bar,Austin,PRV0008,2024-04-16,10:45:00,60,completed,phone,2024-04-13,3,,True,Skin
APT0000287,ORD0000287,CLT00018,BIZ005,Revive Beauty Bar,Austin,PRV0011,2024-05-25,11:15:00,45,cancelled,walk_in,2024-05-04,21,,False,Skin
APT0000288,ORD0000288,CLT00018,BIZ005,Revive Beauty Bar,Austin,PRV0007,2024-07-11,17:15:00,60,completed,online_booking,2024-06-27,14,,False,Skin
APT0000289,ORD0000289,CLT00018,BIZ005,Revive Beauty Bar,Austin,PRV0019,2024-08-20,13:00:00,60,completed,phone,2024-08-06,14,,False,Skin
APT0000290,ORD0000290,CLT00018,BIZ005,Revive Beauty Bar,Austin,PRV0007,2024-10-03,18:00:00,45,completed,referral,2024-10-03,0,,False,Waxing
APT0000291,ORD0000291,CLT00018,BIZ005,Revive Beauty Bar,Austin,PRV0002,2024-11-19,17:45:00,45,no_show,app,2024-11-05,14,,False,Waxing
APT0000292,ORD0000292,CLT00018,BIZ005,Revive Beauty Bar,Austin,PRV0003,2025-01-05,15:00:00,15,completed,walk_in,2025-01-04,1,,False,Waxing
APT0000293,ORD0000293,CLT00018,BIZ005,Revive Beauty Bar,Austin,PRV0015,2025-02-14,12:00:00,45,completed,referral,2025-02-11,3,,False,Skin
APT0000294,ORD0000294,CLT00018,BIZ005,Revive Beauty Bar,Austin,PRV0013,2025-04-06,13:30:00,45,completed,app,2025-03-23,14,,False,Waxing
APT0000295,ORD0000295,CLT00018,BIZ005,Revive Beauty Bar,Austin,PRV0010,2025-05-22,16:15:00,15,completed,phone,2025-05-19,3,,False,Waxing
APT0000296,ORD0000296,CLT00018,BIZ005,Revive Beauty Bar,Austin,PRV0003,2025-07-09,16:45:00,75,completed,phone,2025-07-02,7,,False,Skin
APT0000297,ORD0000297,CLT00018,BIZ005,Revive Beauty Bar,Austin,PRV0004,2025-08-22,10:45:00,45,completed,referral,2025-08-21,1,,False,Skin
APT0000298,ORD0000298,CLT00018,BIZ005,Revive Beauty Bar,Austin,PRV0005,2025-10-04,10:15:00,60,completed,referral,2025-09-27,7,,False,Skin
APT0000299,ORD0000299,CLT00018,BIZ005,Revive Beauty Bar,Austin,PRV0007,2025-11-11,16:15:00,45,completed,phone,2025-11-04,7,,False,Skin
APT0000300,ORD0000300,CLT00018,BIZ005,Revive Beauty Bar,Austin,PRV0005,2026-01-01,17:45:00,60,completed,phone,2025-12-25,7,,False,Skin
APT0000301,ORD0000301,CLT00018,BIZ005,Revive Beauty Bar,Austin,PRV0019,2026-02-12,12:45:00,60,completed,walk_in,2026-01-29,14,,False,Skin
APT0000302,ORD0000302,CLT00019,BIZ009,Glow Studio,Boston,PRV0003,2024-05-07,11:00:00,60,completed,online_booking,2024-04-30,7,,True,Skin
APT0000303,ORD0000303,CLT00019,BIZ009,Glow Studio,Boston,PRV0020,2024-07-12,16:45:00,75,completed,app,2024-07-09,3,,False,Skin
APT0000304,ORD0000304,CLT00019,BIZ009,Glow Studio,Boston,PRV0008,2024-09-08,18:45:00,60,completed,referral,2024-09-01,7,,False,Hair
APT0000305,ORD0000305,CLT00019,BIZ009,Glow Studio,Boston,PRV0003,2024-11-14,18:45:00,45,completed,app,2024-11-11,3,,False,Skin
APT0000306,ORD0000306,CLT00019,BIZ009,Glow Studio,Boston,PRV0018,2025-01-19,16:00:00,120,no_show,referral,2025-01-18,1,,False,Hair
APT0000307,ORD0000307,CLT00019,BIZ009,Glow Studio,Boston,PRV0015,2025-03-19,09:45:00,120,cancelled,referral,2025-03-12,7,rescheduled,False,Hair
APT0000308,ORD0000308,CLT00019,BIZ009,Glow Studio,Boston,PRV0006,2025-05-19,13:30:00,120,completed,online_booking,2025-05-16,3,,False,Hair
APT0000309,ORD0000309,CLT00019,BIZ009,Glow Studio,Boston,PRV0010,2025-07-14,18:00:00,30,completed,referral,2025-07-07,7,,False,Hair
APT0000310,ORD0000310,CLT00019,BIZ009,Glow Studio,Boston,PRV0004,2025-09-07,13:00:00,120,completed,referral,2025-09-04,3,,False,Hair
APT0000311,ORD0000311,CLT00019,BIZ009,Glow Studio,Boston,PRV0006,2025-11-06,12:45:00,60,completed,referral,2025-10-23,14,,False,Hair
APT0000312,ORD0000312,CLT00019,BIZ009,Glow Studio,Boston,PRV0015,2025-12-31,15:15:00,60,completed,app,2025-12-28,3,,False,Skin
APT0000313,ORD0000313,CLT00019,BIZ009,Glow Studio,Boston,PRV0016,2026-03-04,16:45:00,60,completed,phone,2026-03-03,1,,False,Hair
APT0000314,ORD0000314,CLT00020,BIZ001,Luxe Hair Studio,San Francisco,PRV0015,2024-04-12,13:45:00,45,completed,app,2024-03-29,14,,True,Nails
APT0000315,ORD0000315,CLT00020,BIZ001,Luxe Hair Studio,San Francisco,PRV0014,2024-05-06,10:00:00,45,completed,online_booking,2024-04-29,7,,False,Nails
APT0000316,ORD0000316,CLT00020,BIZ001,Luxe Hair Studio,San Francisco,PRV0020,2024-06-03,10:00:00,45,completed,app,2024-06-03,0,,False,Nails
APT0000317,ORD0000317,CLT00020,BIZ001,Luxe Hair Studio,San Francisco,PRV0004,2024-06-26,18:15:00,15,completed,app,2024-06-19,7,,False,Nails
APT0000318,ORD0000318,CLT00020,BIZ001,Luxe Hair Studio,San Francisco,PRV0006,2024-07-16,14:30:00,45,completed,online_booking,2024-07-09,7,,False,Nails
APT0000319,ORD0000319,CLT00020,BIZ001,Luxe Hair Studio,San Francisco,PRV0006,2024-08-12,12:45:00,45,completed,walk_in,2024-08-05,7,,False,Nails
APT0000320,ORD0000320,CLT00020,BIZ001,Luxe Hair Studio,San Francisco,PRV0019,2024-08-31,10:00:00,60,completed,phone,2024-08-30,1,,False,Nails
APT0000321,ORD0000321,CLT00020,BIZ001,Luxe Hair Studio,San Francisco,PRV0017,2024-09-24,15:00:00,60,completed,walk_in,2024-09-17,7,,False,Nails
APT0000322,ORD0000322,CLT00020,BIZ001,Luxe Hair Studio,San Francisco,PRV0019,2024-10-16,16:00:00,30,completed,referral,2024-10-09,7,,False,Nails
APT0000323,ORD0000323,CLT00020,BIZ001,Luxe Hair Studio,San Francisco,PRV0015,2024-11-13,14:00:00,30,completed,phone,2024-10-30,14,,False,Nails
APT0000324,ORD0000324,CLT00020,BIZ001,Luxe Hair Studio,San Francisco,PRV0003,2024-11-28,14:45:00,60,completed,walk_in,2024-11-21,7,,False,Nails
APT0000325,ORD0000325,CLT00020,BIZ001,Luxe Hair Studio,San Francisco,PRV0018,2024-12-12,13:45:00,60,completed,walk_in,2024-11-28,14,,False,Nails
APT0000326,ORD0000326,CLT00020,BIZ001,Luxe Hair Studio,San Francisco,PRV0018,2025-01-05,17:45:00,60,completed,app,2024-12-22,14,,False,Nails
APT0000327,ORD0000327,CLT00020,BIZ001,Luxe Hair Studio,San Francisco,PRV0008,2025-01-27,18:00:00,60,completed,app,2025-01-20,7,,False,Nails
APT0000328,ORD0000328,CLT00020,BIZ001,Luxe Hair Studio,San Francisco,PRV0016,2025-02-15,10:00:00,15,completed,referral,2025-02-08,7,,False,Nails
APT0000329,ORD0000329,CLT00020,BIZ001,Luxe Hair Studio,San Francisco,PRV0011,2025-03-11,18:15:00,60,completed,app,2025-02-18,21,,False,Nails
APT0000330,ORD0000330,CLT00020,BIZ001,Luxe Hair Studio,San Francisco,PRV0015,2025-03-31,14:15:00,45,completed,app,2025-03-30,1,,False,Nails
APT0000331,ORD0000331,CLT00020,BIZ001,Luxe Hair Studio,San Francisco,PRV0003,2025-04-21,09:15:00,45,cancelled,referral,2025-04-20,1,,False,Nails
APT0000332,ORD0000332,CLT00020,BIZ001,Luxe Hair Studio,San Francisco,PRV0007,2025-05-17,16:15:00,60,completed,app,2025-05-03,14,,False,Nails
APT0000333,ORD0000333,CLT00020,BIZ001,Luxe Hair Studio,San Francisco,PRV0012,2025-06-14,10:30:00,15,completed,walk_in,2025-06-07,7,,False,Nails
APT0000334,ORD0000334,CLT00020,BIZ001,Luxe Hair Studio,San Francisco,PRV0015,2025-07-02,17:15:00,15,completed,app,2025-06-18,14,,False,Nails
APT0000335,ORD0000335,CLT00020,BIZ001,Luxe Hair Studio,San Francisco,PRV0010,2025-07-16,09:30:00,45,completed,app,2025-06-25,21,,False,Nails
APT0000336,ORD0000336,CLT00020,BIZ001,Luxe Hair Studio,San Francisco,PRV0001,2025-08-05,11:15:00,30,completed,walk_in,2025-07-15,21,,False,Nails
APT0000337,ORD0000337,CLT00020,BIZ001,Luxe Hair Studio,San Francisco,PRV0004,2025-09-01,14:15:00,60,completed,phone,2025-08-25,7,,False,Nails
APT0000338,ORD0000338,CLT00020,BIZ001,Luxe Hair Studio,San Francisco,PRV0007,2025-09-23,15:15:00,45,no_show,referral,2025-09-16,7,,False,Nails
APT0000339,ORD0000339,CLT00020,BIZ001,Luxe Hair Studio,San Francisco,PRV0009,2025-10-09,12:30:00,45,completed,app,2025-10-08,1,,False,Nails
APT0000340,ORD0000340,CLT00020,BIZ001,Luxe Hair Studio,San Francisco,PRV0020,2025-10-27,12:30:00,60,completed,app,2025-10-13,14,,False,Nails
APT0000341,ORD0000341,CLT00020,BIZ001,Luxe Hair Studio,San Francisco,PRV0015,2025-11-17,12:45:00,30,completed,phone,2025-11-10,7,,False,Nails
APT0000342,ORD0000342,CLT00020,BIZ001,Luxe Hair Studio,San Francisco,PRV0019,2025-12-07,18:15:00,60,completed,online_booking,2025-11-23,14,,False,Nails
APT0000343,ORD0000343,CLT00020,BIZ001,Luxe Hair Studio,San Francisco,PRV0016,2026-01-01,10:45:00,60,completed,app,2025-12-25,7,,False,Nails
APT0000344,ORD0000344,CLT00020,BIZ001,Luxe Hair Studio,San Francisco,PRV0016,2026-01-25,10:00:00,45,completed,phone,2026-01-22,3,,False,Nails
APT0000345,ORD0000345,CLT00020,BIZ001,Luxe Hair Studio,San Francisco,PRV0012,2026-02-14,15:15:00,60,completed,walk_in,2026-02-13,1,,False,Nails
APT0000346,ORD0000346,CLT00021,BIZ005,Revive Beauty Bar,Austin,PRV0002,2024-05-19,09:30:00,120,completed,online_booking,2024-05-12,7,,True,Hair
APT0000347,ORD0000347,CLT00021,BIZ005,Revive Beauty Bar,Austin,PRV0008,2024-07-08,18:15:00,60,completed,phone,2024-07-01,7,,False,Hair
APT0000348,ORD0000348,CLT00021,BIZ005,Revive Beauty Bar,Austin,PRV0015,2024-08-18,17:30:00,45,completed,referral,2024-08-11,7,,False,Hair
APT0000349,ORD0000349,CLT00021,BIZ005,Revive Beauty Bar,Austin,PRV0005,2024-10-07,11:45:00,30,completed,app,2024-10-04,3,,False,Hair
APT0000350,ORD0000350,CLT00021,BIZ005,Revive Beauty Bar,Austin,PRV0007,2024-11-23,09:30:00,45,completed,online_booking,2024-11-20,3,,False,Hair
APT0000351,ORD0000351,CLT00021,BIZ005,Revive Beauty Bar,Austin,PRV0019,2025-01-08,14:45:00,120,completed,referral,2025-01-01,7,,False,Hair
APT0000352,ORD0000352,CLT00021,BIZ005,Revive Beauty Bar,Austin,PRV0002,2025-02-24,14:30:00,60,completed,app,2025-02-21,3,,False,Hair
APT0000353,ORD0000353,CLT00021,BIZ005,Revive Beauty Bar,Austin,PRV0008,2025-04-14,11:15:00,60,completed,online_booking,2025-03-31,14,,False,Hair
APT0000354,ORD0000354,CLT00021,BIZ005,Revive Beauty Bar,Austin,PRV0004,2025-05-26,11:30:00,120,completed,online_booking,2025-05-23,3,,False,Hair
APT0000355,ORD0000355,CLT00021,BIZ005,Revive Beauty Bar,Austin,PRV0010,2025-07-15,17:30:00,30,completed,walk_in,2025-07-08,7,,False,Hair
APT0000356,ORD0000356,CLT00021,BIZ005,Revive Beauty Bar,Austin,PRV0018,2025-08-28,09:15:00,120,completed,online_booking,2025-08-21,7,,False,Hair
APT0000357,ORD0000357,CLT00021,BIZ005,Revive Beauty Bar,Austin,PRV0018,2025-10-09,09:00:00,60,completed,walk_in,2025-10-06,3,,False,Hair
APT0000358,ORD0000358,CLT00021,BIZ005,Revive Beauty Bar,Austin,PRV0012,2025-11-16,14:45:00,45,completed,online_booking,2025-11-02,14,,False,Hair
APT0000359,ORD0000359,CLT00021,BIZ005,Revive Beauty Bar,Austin,PRV0005,2026-01-01,15:45:00,60,completed,referral,2025-12-11,21,,False,Hair
APT0000360,ORD0000360,CLT00021,BIZ005,Revive Beauty Bar,Austin,PRV0014,2026-02-13,15:30:00,120,completed,app,2026-02-12,1,,False,Hair
APT0000361,ORD0000361,CLT00022,BIZ002,Bloom Salon & Spa,Los Angeles,PRV0019,2024-04-18,18:30:00,30,completed,walk_in,2024-03-28,21,,True,Waxing
APT0000362,ORD0000362,CLT00022,BIZ002,Bloom Salon & Spa,Los Angeles,PRV0019,2024-05-05,13:15:00,30,completed,online_booking,2024-04-28,7,,False,Waxing
APT0000363,ORD0000363,CLT00022,BIZ002,Bloom Salon & Spa,Los Angeles,PRV0010,2024-05-29,14:00:00,15,completed,phone,2024-05-26,3,,False,Waxing
APT0000364,ORD0000364,CLT00022,BIZ002,Bloom Salon & Spa,Los Angeles,PRV0010,2024-06-23,14:30:00,15,completed,phone,2024-06-22,1,,False,Waxing
APT0000365,ORD0000365,CLT00022,BIZ002,Bloom Salon & Spa,Los Angeles,PRV0011,2024-07-21,16:45:00,45,cancelled,app,2024-07-18,3,,False,Nails
APT0000366,ORD0000366,CLT00022,BIZ002,Bloom Salon & Spa,Los Angeles,PRV0014,2024-08-11,12:00:00,45,completed,walk_in,2024-08-08,3,,False,Waxing
APT0000367,ORD0000367,CLT00022,BIZ002,Bloom Salon & Spa,Los Angeles,PRV0006,2024-08-27,18:30:00,45,completed,phone,2024-08-24,3,,False,Nails
APT0000368,ORD0000368,CLT00022,BIZ002,Bloom Salon & Spa,Los Angeles,PRV0004,2024-09-16,10:45:00,45,completed,online_booking,2024-09-13,3,,False,Waxing
APT0000369,ORD0000369,CLT00022,BIZ002,Bloom Salon & Spa,Los Angeles,PRV0004,2024-10-04,09:45:00,15,completed,phone,2024-09-27,7,,False,Waxing
APT0000370,ORD0000370,CLT00022,BIZ002,Bloom Salon & Spa,Los Angeles,PRV0003,2024-11-01,14:00:00,45,completed,app,2024-10-29,3,,False,Waxing
APT0000371,ORD0000371,CLT00022,BIZ002,Bloom Salon & Spa,Los Angeles,PRV0017,2024-11-25,18:15:00,45,completed,referral,2024-11-11,14,,False,Nails
APT0000372,ORD0000372,CLT00022,BIZ002,Bloom Salon & Spa,Los Angeles,PRV0004,2024-12-19,17:00:00,45,completed,app,2024-12-18,1,,False,Waxing
APT0000373,ORD0000373,CLT00022,BIZ002,Bloom Salon & Spa,Los Angeles,PRV0014,2025-01-03,14:45:00,15,completed,app,2025-01-02,1,,False,Waxing
APT0000374,ORD0000374,CLT00022,BIZ002,Bloom Salon & Spa,Los Angeles,PRV0018,2025-01-24,14:30:00,15,completed,online_booking,2025-01-23,1,,False,Waxing
APT0000375,ORD0000375,CLT00022,BIZ002,Bloom Salon & Spa,Los Angeles,PRV0003,2025-02-17,15:15:00,60,completed,walk_in,2025-02-14,3,,False,Nails
APT0000376,ORD0000376,CLT00022,BIZ002,Bloom Salon & Spa,Los Angeles,PRV0005,2025-03-16,10:00:00,30,completed,walk_in,2025-03-09,7,,False,Nails
APT0000377,ORD0000377,CLT00022,BIZ002,Bloom Salon & Spa,Los Angeles,PRV0004,2025-04-09,18:45:00,30,completed,app,2025-04-06,3,,False,Waxing
APT0000378,ORD0000378,CLT00022,BIZ002,Bloom Salon & Spa,Los Angeles,PRV0017,2025-04-27,15:45:00,60,completed,phone,2025-04-20,7,,False,Nails
APT0000379,ORD0000379,CLT00022,BIZ002,Bloom Salon & Spa,Los Angeles,PRV0003,2025-05-15,10:00:00,45,completed,walk_in,2025-05-14,1,,False,Nails
APT0000380,ORD0000380,CLT00022,BIZ002,Bloom Salon & Spa,Los Angeles,PRV0015,2025-05-31,10:45:00,45,completed,app,2025-05-24,7,,False,Nails
APT0000381,ORD0000381,CLT00022,BIZ002,Bloom Salon & Spa,Los Angeles,PRV0004,2025-06-14,09:45:00,15,completed,walk_in,2025-05-24,21,,False,Nails
APT0000382,ORD0000382,CLT00022,BIZ002,Bloom Salon & Spa,Los Angeles,PRV0016,2025-07-10,13:15:00,45,completed,walk_in,2025-06-26,14,,False,Waxing
APT0000383,ORD0000383,CLT00022,BIZ002,Bloom Salon & Spa,Los Angeles,PRV0017,2025-07-24,16:15:00,15,completed,online_booking,2025-07-17,7,,False,Nails
APT0000384,ORD0000384,CLT00022,BIZ002,Bloom Salon & Spa,Los Angeles,PRV0012,2025-08-10,09:15:00,45,completed,phone,2025-08-10,0,,False,Nails
APT0000385,ORD0000385,CLT00022,BIZ002,Bloom Salon & Spa,Los Angeles,PRV0002,2025-08-31,15:30:00,60,no_show,app,2025-08-10,21,rescheduled,False,Nails
APT0000386,ORD0000386,CLT00022,BIZ002,Bloom Salon & Spa,Los Angeles,PRV0004,2025-09-25,10:30:00,45,completed,phone,2025-09-18,7,,False,Waxing
APT0000387,ORD0000387,CLT00022,BIZ002,Bloom Salon & Spa,Los Angeles,PRV0019,2025-10-17,09:45:00,15,completed,online_booking,2025-10-14,3,,False,Nails
APT0000388,ORD0000388,CLT00022,BIZ002,Bloom Salon & Spa,Los Angeles,PRV0017,2025-11-07,14:45:00,15,completed,phone,2025-10-31,7,,False,Waxing
APT0000389,ORD0000389,CLT00022,BIZ002,Bloom Salon & Spa,Los Angeles,PRV0002,2025-11-25,13:30:00,30,completed,phone,2025-11-18,7,,False,Nails
APT0000390,ORD0000390,CLT00022,BIZ002,Bloom Salon & Spa,Los Angeles,PRV0014,2025-12-18,18:45:00,15,completed,app,2025-12-15,3,,False,Waxing
APT0000391,ORD0000391,CLT00022,BIZ002,Bloom Salon & Spa,Los Angeles,PRV0018,2026-01-14,13:45:00,15,completed,app,2026-01-11,3,,False,Nails
APT0000392,ORD0000392,CLT00022,BIZ002,Bloom Salon & Spa,Los Angeles,PRV0018,2026-02-01,16:30:00,45,completed,referral,2026-01-18,14,,False,Nails
APT0000393,ORD0000393,CLT00022,BIZ002,Bloom Salon & Spa,Los Angeles,PRV0014,2026-02-28,11:30:00,45,completed,walk_in,2026-02-27,1,,False,Waxing
APT0000394,ORD0000394,CLT00022,BIZ002,Bloom Salon & Spa,Los Angeles,PRV0013,2026-03-27,13:15:00,45,completed,app,2026-03-20,7,,False,Nails
APT0000395,ORD0000395,CLT00023,BIZ005,Revive Beauty Bar,Austin,PRV0002,2024-05-30,13:15:00,45,completed,walk_in,2024-05-27,3,,True,Nails
APT0000396,ORD0000396,CLT00023,BIZ005,Revive Beauty Bar,Austin,PRV0005,2024-08-21,10:45:00,60,completed,app,2024-08-14,7,,False,Nails
APT0000397,ORD0000397,CLT00023,BIZ005,Revive Beauty Bar,Austin,PRV0011,2024-11-26,10:30:00,60,completed,referral,2024-11-23,3,,False,Skin
APT0000398,ORD0000398,CLT00023,BIZ005,Revive Beauty Bar,Austin,PRV0014,2025-02-27,13:45:00,45,completed,phone,2025-02-24,3,,False,Nails
APT0000399,ORD0000399,CLT00023,BIZ005,Revive Beauty Bar,Austin,PRV0012,2025-05-27,13:15:00,45,completed,walk_in,2025-05-20,7,,False,Skin
APT0000400,ORD0000400,CLT00023,BIZ005,Revive Beauty Bar,Austin,PRV0018,2025-08-24,12:30:00,30,completed,walk_in,2025-08-10,14,,False,Nails
APT0000401,ORD0000401,CLT00023,BIZ005,Revive Beauty Bar,Austin,PRV0013,2025-11-23,15:00:00,15,completed,phone,2025-11-09,14,,False,Nails
APT0000402,ORD0000402,CLT00023,BIZ005,Revive Beauty Bar,Austin,PRV0009,2026-02-21,15:00:00,45,completed,online_booking,2026-02-14,7,,False,Nails
APT0000403,ORD0000403,CLT00024,BIZ004,Serenity Spa,Chicago,PRV0001,2024-04-08,14:45:00,120,completed,online_booking,2024-04-01,7,,True,Hair
APT0000404,ORD0000404,CLT00024,BIZ004,Serenity Spa,Chicago,PRV0006,2024-05-17,10:00:00,60,completed,app,2024-05-14,3,,False,Hair
APT0000405,ORD0000405,CLT00024,BIZ004,Serenity Spa,Chicago,PRV0006,2024-07-02,11:30:00,60,completed,referral,2024-06-25,7,,False,Hair
APT0000406,ORD0000406,CLT00024,BIZ004,Serenity Spa,Chicago,PRV0001,2024-08-13,18:15:00,60,completed,online_booking,2024-08-10,3,,False,Hair
APT0000407,ORD0000407,CLT00024,BIZ004,Serenity Spa,Chicago,PRV0020,2024-10-01,09:45:00,60,completed,walk_in,2024-09-17,14,,False,Hair
APT0000408,ORD0000408,CLT00024,BIZ004,Serenity Spa,Chicago,PRV0004,2024-11-10,16:45:00,60,completed,app,2024-11-07,3,,False,Skin
APT0000409,ORD0000409,CLT00024,BIZ004,Serenity Spa,Chicago,PRV0010,2024-12-31,18:15:00,45,completed,app,2024-12-17,14,,False,Hair
APT0000410,ORD0000410,CLT00024,BIZ004,Serenity Spa,Chicago,PRV0003,2025-02-08,14:45:00,60,completed,online_booking,2025-01-18,21,,False,Hair
APT0000411,ORD0000411,CLT00024,BIZ004,Serenity Spa,Chicago,PRV0004,2025-03-31,13:00:00,60,completed,referral,2025-03-24,7,,False,Skin
APT0000412,ORD0000412,CLT00024,BIZ004,Serenity Spa,Chicago,PRV0012,2025-05-22,13:45:00,60,completed,app,2025-05-15,7,,False,Skin
APT0000413,ORD0000413,CLT00024,BIZ004,Serenity Spa,Chicago,PRV0003,2025-07-13,16:15:00,45,completed,phone,2025-07-10,3,,False,Skin
APT0000414,ORD0000414,CLT00024,BIZ004,Serenity Spa,Chicago,PRV0014,2025-08-26,13:30:00,75,completed,phone,2025-08-05,21,,False,Skin
APT0000415,ORD0000415,CLT00024,BIZ004,Serenity Spa,Chicago,PRV0018,2025-10-14,16:15:00,45,completed,walk_in,2025-10-11,3,,False,Hair
APT0000416,ORD0000416,CLT00024,BIZ004,Serenity Spa,Chicago,PRV0015,2025-11-26,16:00:00,60,completed,phone,2025-11-05,21,,False,Skin
APT0000417,ORD0000417,CLT00024,BIZ004,Serenity Spa,Chicago,PRV0006,2026-01-16,13:15:00,60,completed,referral,2026-01-13,3,,False,Skin
APT0000418,ORD0000418,CLT00024,BIZ004,Serenity Spa,Chicago,PRV0016,2026-03-09,10:15:00,45,completed,online_booking,2026-03-08,1,,False,Skin
APT0000419,ORD0000419,CLT00025,BIZ002,Bloom Salon & Spa,Los Angeles,PRV0003,2024-04-11,17:45:00,120,completed,walk_in,2024-04-04,7,,True,Hair
APT0000420,ORD0000420,CLT00025,BIZ002,Bloom Salon & Spa,Los Angeles,PRV0005,2024-05-08,15:30:00,30,completed,online_booking,2024-05-07,1,,False,Hair
APT0000421,ORD0000421,CLT00025,BIZ002,Bloom Salon & Spa,Los Angeles,PRV0016,2024-05-25,17:15:00,120,completed,walk_in,2024-05-11,14,,False,Hair
APT0000422,ORD0000422,CLT00025,BIZ002,Bloom Salon & Spa,Los Angeles,PRV0014,2024-06-10,11:45:00,60,completed,online_booking,2024-06-07,3,,False,Hair
APT0000423,ORD0000423,CLT00025,BIZ002,Bloom Salon & Spa,Los Angeles,PRV0015,2024-07-03,10:30:00,45,completed,walk_in,2024-06-26,7,,False,Hair
APT0000424,ORD0000424,CLT00025,BIZ002,Bloom Salon & Spa,Los Angeles,PRV0018,2024-07-29,18:00:00,60,completed,online_booking,2024-07-26,3,,False,Hair
APT0000425,ORD0000425,CLT00025,BIZ002,Bloom Salon & Spa,Los Angeles,PRV0009,2024-08-26,13:30:00,45,completed,referral,2024-08-19,7,,False,Hair
APT0000426,ORD0000426,CLT00025,BIZ002,Bloom Salon & Spa,Los Angeles,PRV0014,2024-09-20,09:00:00,60,completed,phone,2024-09-06,14,,False,Hair
APT0000427,ORD0000427,CLT00025,BIZ002,Bloom Salon & Spa,Los Angeles,PRV0006,2024-10-15,11:15:00,120,completed,online_booking,2024-10-01,14,,False,Hair
APT0000428,ORD0000428,CLT00025,BIZ002,Bloom Salon & Spa,Los Angeles,PRV0015,2024-11-03,11:45:00,120,cancelled,walk_in,2024-11-02,1,personal_emergency,False,Hair
APT0000429,ORD0000429,CLT00025,BIZ002,Bloom Salon & Spa,Los Angeles,PRV0010,2024-11-24,14:45:00,120,completed,online_booking,2024-11-03,21,,False,Hair
APT0000430,ORD0000430,CLT00025,BIZ002,Bloom Salon & Spa,Los Angeles,PRV0018,2024-12-17,12:45:00,60,completed,app,2024-12-16,1,,False,Hair
APT0000431,ORD0000431,CLT00025,BIZ002,Bloom Salon & Spa,Los Angeles,PRV0016,2025-01-10,16:45:00,30,completed,online_booking,2025-01-09,1,,False,Hair
APT0000432,ORD0000432,CLT00025,BIZ002,Bloom Salon & Spa,Los Angeles,PRV0016,2025-01-24,15:45:00,30,completed,referral,2025-01-23,1,,False,Hair
APT0000433,ORD0000433,CLT00025,BIZ002,Bloom Salon & Spa,Los Angeles,PRV0002,2025-02-12,16:15:00,45,completed,referral,2025-02-05,7,,False,Hair
APT0000434,ORD0000434,CLT00025,BIZ002,Bloom Salon & Spa,Los Angeles,PRV0014,2025-02-26,14:45:00,45,completed,online_booking,2025-02-19,7,,False,Hair
APT0000435,ORD0000435,CLT00025,BIZ002,Bloom Salon & Spa,Los Angeles,PRV0005,2025-03-22,14:45:00,120,completed,phone,2025-03-01,21,,False,Hair
APT0000436,ORD0000436,CLT00025,BIZ002,Bloom Salon & Spa,Los Angeles,PRV0010,2025-04-14,11:15:00,60,completed,online_booking,2025-03-24,21,,False,Hair
APT0000437,ORD0000437,CLT00025,BIZ002,Bloom Salon & Spa,Los Angeles,PRV0012,2025-05-02,09:00:00,45,completed,phone,2025-04-29,3,,False,Hair
APT0000438,ORD0000438,CLT00025,BIZ002,Bloom Salon & Spa,Los Angeles,PRV0016,2025-05-26,10:15:00,120,completed,phone,2025-05-19,7,,False,Hair
APT0000439,ORD0000439,CLT00025,BIZ002,Bloom Salon & Spa,Los Angeles,PRV0002,2025-06-16,18:00:00,60,completed,walk_in,2025-06-02,14,,False,Hair
APT0000440,ORD0000440,CLT00025,BIZ002,Bloom Salon & Spa,Los Angeles,PRV0007,2025-07-07,11:00:00,60,completed,phone,2025-06-30,7,,False,Hair
APT0000441,ORD0000441,CLT00025,BIZ002,Bloom Salon & Spa,Los Angeles,PRV0005,2025-07-31,14:30:00,150,completed,online_booking,2025-07-30,1,,False,Hair
APT0000442,ORD0000442,CLT00025,BIZ002,Bloom Salon & Spa,Los Angeles,PRV0003,2025-08-25,17:15:00,60,completed,phone,2025-08-22,3,,False,Hair
APT0000443,ORD0000443,CLT00025,BIZ002,Bloom Salon & Spa,Los Angeles,PRV0014,2025-09-21,12:15:00,60,completed,walk_in,2025-09-14,7,,False,Hair
APT0000444,ORD0000444,CLT00025,BIZ002,Bloom Salon & Spa,Los Angeles,PRV0003,2025-10-12,17:00:00,30,completed,phone,2025-09-28,14,,False,Hair
APT0000445,ORD0000445,CLT00025,BIZ002,Bloom Salon & Spa,Los Angeles,PRV0014,2025-10-27,09:30:00,60,cancelled,walk_in,2025-10-06,21,forgot,False,Hair
APT0000446,ORD0000446,CLT00025,BIZ002,Bloom Salon & Spa,Los Angeles,PRV0017,2025-11-10,09:30:00,150,completed,referral,2025-10-20,21,,False,Hair
APT0000447,ORD0000447,CLT00025,BIZ002,Bloom Salon & Spa,Los Angeles,PRV0010,2025-11-26,15:15:00,150,completed,online_booking,2025-11-12,14,,False,Hair
APT0000448,ORD0000448,CLT00025,BIZ002,Bloom Salon & Spa,Los Angeles,PRV0017,2025-12-15,10:30:00,120,completed,phone,2025-12-12,3,,False,Hair
APT0000449,ORD0000449,CLT00025,BIZ002,Bloom Salon & Spa,Los Angeles,PRV0002,2026-01-11,15:00:00,60,completed,phone,2026-01-08,3,,False,Hair
APT0000450,ORD0000450,CLT00025,BIZ002,Bloom Salon & Spa,Los Angeles,PRV0008,2026-01-26,16:30:00,45,completed,referral,2026-01-19,7,,False,Hair
APT0000451,ORD0000451,CLT00025,BIZ002,Bloom Salon & Spa,Los Angeles,PRV0013,2026-02-23,18:15:00,120,completed,referral,2026-02-16,7,,False,Hair
APT0000452,ORD0000452,CLT00025,BIZ002,Bloom Salon & Spa,Los Angeles,PRV0003,2026-03-18,15:00:00,30,completed,online_booking,2026-03-15,3,,False,Hair
APT0000453,ORD0000453,CLT00025,BIZ002,Bloom Salon & Spa,Los Angeles,PRV0014,2026-04-06,13:45:00,120,completed,walk_in,2026-03-23,14,,False,Hair
APT0000454,ORD0000454,CLT00026,BIZ002,Bloom Salon & Spa,Los Angeles,PRV0016,2024-04-16,13:30:00,60,completed,online_booking,2024-03-26,21,,True,Skin
APT0000455,ORD0000455,CLT00026,BIZ002,Bloom Salon & Spa,Los Angeles,PRV0003,2024-04-30,10:30:00,75,completed,online_booking,2024-04-23,7,,False,Skin
APT0000456,ORD0000456,CLT00026,BIZ002,Bloom Salon & Spa,Los Angeles,PRV0015,2024-05-18,11:45:00,60,completed,walk_in,2024-05-11,7,,False,Hair
APT0000457,ORD0000457,CLT00026,BIZ002,Bloom Salon & Spa,Los Angeles,PRV0015,2024-06-10,17:00:00,45,completed,phone,2024-06-07,3,,False,Hair
APT0000458,ORD0000458,CLT00026,BIZ002,Bloom Salon & Spa,Los Angeles,PRV0020,2024-06-29,10:15:00,120,completed,referral,2024-06-22,7,,False,Hair
APT0000459,ORD0000459,CLT00026,BIZ002,Bloom Salon & Spa,Los Angeles,PRV0007,2024-07-14,09:30:00,60,completed,app,2024-07-07,7,,False,Skin
APT0000460,ORD0000460,CLT00026,BIZ002,Bloom Salon & Spa,Los Angeles,PRV0014,2024-07-29,09:30:00,45,completed,app,2024-07-22,7,,False,Hair
APT0000461,ORD0000461,CLT00026,BIZ002,Bloom Salon & Spa,Los Angeles,PRV0002,2024-08-18,15:15:00,60,completed,referral,2024-08-17,1,,False,Skin
APT0000462,ORD0000462,CLT00026,BIZ002,Bloom Salon & Spa,Los Angeles,PRV0016,2024-09-14,18:15:00,60,completed,referral,2024-08-31,14,,False,Skin
APT0000463,ORD0000463,CLT00026,BIZ002,Bloom Salon & Spa,Los Angeles,PRV0008,2024-10-07,13:00:00,150,completed,referral,2024-09-23,14,,False,Hair
APT0000464,ORD0000464,CLT00026,BIZ002,Bloom Salon & Spa,Los Angeles,PRV0018,2024-10-22,12:45:00,60,completed,walk_in,2024-10-21,1,,False,Skin
APT0000465,ORD0000465,CLT00026,BIZ002,Bloom Salon & Spa,Los Angeles,PRV0002,2024-11-19,12:30:00,60,completed,app,2024-10-29,21,,False,Hair
APT0000466,ORD0000466,CLT00026,BIZ002,Bloom Salon & Spa,Los Angeles,PRV0011,2024-12-08,12:30:00,45,completed,phone,2024-11-24,14,,False,Skin
APT0000467,ORD0000467,CLT00026,BIZ002,Bloom Salon & Spa,Los Angeles,PRV0001,2024-12-30,09:15:00,60,completed,referral,2024-12-23,7,,False,Hair
APT0000468,ORD0000468,CLT00026,BIZ002,Bloom Salon & Spa,Los Angeles,PRV0015,2025-01-15,10:00:00,60,completed,online_booking,2025-01-14,1,,False,Hair
APT0000469,ORD0000469,CLT00026,BIZ002,Bloom Salon & Spa,Los Angeles,PRV0007,2025-02-09,13:30:00,30,completed,online_booking,2025-02-09,0,,False,Hair
APT0000470,ORD0000470,CLT00026,BIZ002,Bloom Salon & Spa,Los Angeles,PRV0004,2025-02-23,12:45:00,150,completed,phone,2025-02-20,3,,False,Hair
APT0000471,ORD0000471,CLT00026,BIZ002,Bloom Salon & Spa,Los Angeles,PRV0019,2025-03-16,11:30:00,60,completed,app,2025-03-09,7,,False,Skin
APT0000472,ORD0000472,CLT00026,BIZ002,Bloom Salon & Spa,Los Angeles,PRV0014,2025-04-06,14:45:00,150,completed,phone,2025-03-30,7,,False,Hair
APT0000473,ORD0000473,CLT00026,BIZ002,Bloom Salon & Spa,Los Angeles,PRV0001,2025-04-23,16:30:00,60,completed,walk_in,2025-04-20,3,,False,Skin
APT0000474,ORD0000474,CLT00026,BIZ002,Bloom Salon & Spa,Los Angeles,PRV0016,2025-05-18,10:00:00,60,completed,walk_in,2025-05-11,7,,False,Skin
APT0000475,ORD0000475,CLT00026,BIZ002,Bloom Salon & Spa,Los Angeles,PRV0017,2025-06-02,09:30:00,60,completed,app,2025-05-12,21,,False,Skin
APT0000476,ORD0000476,CLT00026,BIZ002,Bloom Salon & Spa,Los Angeles,PRV0003,2025-06-24,15:30:00,60,completed,app,2025-06-03,21,,False,Skin
APT0000477,ORD0000477,CLT00026,BIZ002,Bloom Salon & Spa,Los Angeles,PRV0013,2025-07-21,13:45:00,60,completed,online_booking,2025-07-14,7,,False,Skin
APT0000478,ORD0000478,CLT00026,BIZ002,Bloom Salon & Spa,Los Angeles,PRV0011,2025-08-12,18:00:00,45,completed,online_booking,2025-08-09,3,,False,Hair
APT0000479,ORD0000479,CLT00026,BIZ002,Bloom Salon & Spa,Los Angeles,PRV0006,2025-09-06,18:45:00,45,completed,app,2025-09-03,3,,False,Skin
APT0000480,ORD0000480,CLT00026,BIZ002,Bloom Salon & Spa,Los Angeles,PRV0016,2025-09-22,11:15:00,120,completed,phone,2025-09-15,7,,False,Hair
APT0000481,ORD0000481,CLT00026,BIZ002,Bloom Salon & Spa,Los Angeles,PRV0014,2025-10-13,17:00:00,60,completed,phone,2025-09-29,14,,False,Skin
APT0000482,ORD0000482,CLT00026,BIZ002,Bloom Salon & Spa,Los Angeles,PRV0014,2025-11-07,18:30:00,60,completed,phone,2025-10-17,21,,False,Hair
APT0000483,ORD0000483,CLT00026,BIZ002,Bloom Salon & Spa,Los Angeles,PRV0016,2025-11-28,12:15:00,75,completed,phone,2025-11-21,7,,False,Skin
APT0000484,ORD0000484,CLT00026,BIZ002,Bloom Salon & Spa,Los Angeles,PRV0001,2025-12-14,14:00:00,45,completed,app,2025-12-07,7,,False,Hair
APT0000485,ORD0000485,CLT00026,BIZ002,Bloom Salon & Spa,Los Angeles,PRV0001,2026-01-05,13:00:00,75,completed,app,2026-01-04,1,,False,Skin
APT0000486,ORD0000486,CLT00026,BIZ002,Bloom Salon & Spa,Los Angeles,PRV0004,2026-01-21,15:00:00,45,completed,app,2025-12-31,21,,False,Skin
APT0000487,ORD0000487,CLT00026,BIZ002,Bloom Salon & Spa,Los Angeles,PRV0009,2026-02-06,12:00:00,45,completed,app,2026-02-05,1,,False,Skin
APT0000488,ORD0000488,CLT00026,BIZ002,Bloom Salon & Spa,Los Angeles,PRV0017,2026-03-05,17:45:00,60,completed,phone,2026-03-04,1,,False,Hair
APT0000489,ORD0000489,CLT00027,BIZ004,Serenity Spa,Chicago,PRV0013,2024-04-18,13:45:00,45,completed,referral,2024-04-15,3,,True,Hair
APT0000490,ORD0000490,CLT00027,BIZ004,Serenity Spa,Chicago,PRV0015,2024-05-29,12:00:00,60,no_show,referral,2024-05-22,7,,False,Hair
APT0000491,ORD0000491,CLT00027,BIZ004,Serenity Spa,Chicago,PRV0011,2024-07-09,14:45:00,60,completed,phone,2024-07-06,3,,False,Nails
APT0000492,ORD0000492,CLT00027,BIZ004,Serenity Spa,Chicago,PRV0008,2024-08-16,10:30:00,120,completed,online_booking,2024-08-09,7,,False,Hair
APT0000493,ORD0000493,CLT00027,BIZ004,Serenity Spa,Chicago,PRV0020,2024-10-03,13:15:00,150,completed,app,2024-09-30,3,,False,Hair
APT0000494,ORD0000494,CLT00027,BIZ004,Serenity Spa,Chicago,PRV0019,2024-11-19,15:45:00,60,completed,online_booking,2024-11-05,14,,False,Hair
APT0000495,ORD0000495,CLT00027,BIZ004,Serenity Spa,Chicago,PRV0017,2025-01-08,16:15:00,45,completed,referral,2025-01-01,7,,False,Nails
APT0000496,ORD0000496,CLT00027,BIZ004,Serenity Spa,Chicago,PRV0015,2025-03-01,15:15:00,30,completed,walk_in,2025-02-28,1,,False,Nails
APT0000497,ORD0000497,CLT00027,BIZ004,Serenity Spa,Chicago,PRV0014,2025-04-18,14:15:00,45,completed,walk_in,2025-04-04,14,,False,Hair
APT0000498,ORD0000498,CLT00027,BIZ004,Serenity Spa,Chicago,PRV0005,2025-06-01,09:15:00,45,completed,phone,2025-05-25,7,,False,Nails
APT0000499,ORD0000499,CLT00027,BIZ004,Serenity Spa,Chicago,PRV0007,2025-07-18,17:45:00,60,completed,walk_in,2025-07-15,3,,False,Nails
APT0000500,ORD0000500,CLT00027,BIZ004,Serenity Spa,Chicago,PRV0001,2025-08-29,09:45:00,60,completed,app,2025-08-22,7,,False,Hair
APT0000501,ORD0000501,CLT00027,BIZ004,Serenity Spa,Chicago,PRV0017,2025-10-13,09:30:00,120,completed,online_booking,2025-10-12,1,,False,Hair
APT0000502,ORD0000502,CLT00027,BIZ004,Serenity Spa,Chicago,PRV0007,2025-11-27,10:45:00,60,completed,app,2025-11-20,7,,False,Hair
APT0000503,ORD0000503,CLT00027,BIZ004,Serenity Spa,Chicago,PRV0017,2026-01-15,18:15:00,45,completed,walk_in,2025-12-25,21,,False,Nails
APT0000504,ORD0000504,CLT00027,BIZ004,Serenity Spa,Chicago,PRV0015,2026-03-01,16:45:00,120,completed,referral,2026-02-22,7,,False,Hair
APT0000505,ORD0000505,CLT00028,BIZ008,Posh Nails & Spa,Denver,PRV0006,2024-04-18,09:15:00,150,completed,phone,2024-04-15,3,,True,Hair
APT0000506,ORD0000506,CLT00028,BIZ008,Posh Nails & Spa,Denver,PRV0003,2024-05-23,10:30:00,45,completed,online_booking,2024-05-09,14,,False,Hair
APT0000507,ORD0000507,CLT00028,BIZ008,Posh Nails & Spa,Denver,PRV0002,2024-06-26,12:45:00,60,completed,online_booking,2024-06-23,3,,False,Nails
APT0000508,ORD0000508,CLT00028,BIZ008,Posh Nails & Spa,Denver,PRV0016,2024-08-04,16:15:00,60,cancelled,phone,2024-07-28,7,,False,Nails
APT0000509,ORD0000509,CLT00028,BIZ008,Posh Nails & Spa,Denver,PRV0004,2024-09-10,11:30:00,60,completed,referral,2024-09-03,7,,False,Hair
APT0000510,ORD0000510,CLT00028,BIZ008,Posh Nails & Spa,Denver,PRV0013,2024-10-22,17:00:00,45,completed,phone,2024-10-08,14,,False,Hair
APT0000511,ORD0000511,CLT00028,BIZ008,Posh Nails & Spa,Denver,PRV0001,2024-11-21,09:45:00,120,completed,online_booking,2024-11-20,1,,False,Hair
APT0000512,ORD0000512,CLT00028,BIZ008,Posh Nails & Spa,Denver,PRV0011,2024-12-22,10:30:00,150,completed,referral,2024-12-19,3,,False,Hair
APT0000513,ORD0000513,CLT00028,BIZ008,Posh Nails & Spa,Denver,PRV0013,2025-01-25,11:00:00,60,completed,phone,2025-01-22,3,,False,Hair
APT0000514,ORD0000514,CLT00028,BIZ008,Posh Nails & Spa,Denver,PRV0004,2025-02-24,18:45:00,30,cancelled,referral,2025-02-21,3,weather,False,Nails
APT0000515,ORD0000515,CLT00028,BIZ008,Posh Nails & Spa,Denver,PRV0011,2025-04-06,15:15:00,120,completed,app,2025-03-30,7,,False,Hair
APT0000516,ORD0000516,CLT00028,BIZ008,Posh Nails & Spa,Denver,PRV0017,2025-05-16,15:15:00,30,completed,referral,2025-05-09,7,,False,Nails
APT0000517,ORD0000517,CLT00028,BIZ008,Posh Nails & Spa,Denver,PRV0002,2025-06-26,15:15:00,120,completed,app,2025-06-23,3,,False,Hair
APT0000518,ORD0000518,CLT00028,BIZ008,Posh Nails & Spa,Denver,PRV0010,2025-08-02,09:45:00,120,completed,online_booking,2025-07-19,14,,False,Hair
APT0000519,ORD0000519,CLT00028,BIZ008,Posh Nails & Spa,Denver,PRV0017,2025-09-05,18:45:00,60,completed,phone,2025-08-29,7,,False,Hair
APT0000520,ORD0000520,CLT00028,BIZ008,Posh Nails & Spa,Denver,PRV0017,2025-10-07,12:15:00,30,completed,online_booking,2025-09-30,7,,False,Hair
APT0000521,ORD0000521,CLT00028,BIZ008,Posh Nails & Spa,Denver,PRV0013,2025-11-16,10:30:00,45,completed,walk_in,2025-11-02,14,,False,Nails
APT0000522,ORD0000522,CLT00028,BIZ008,Posh Nails & Spa,Denver,PRV0003,2025-12-25,15:45:00,60,completed,phone,2025-12-18,7,,False,Hair
APT0000523,ORD0000523,CLT00028,BIZ008,Posh Nails & Spa,Denver,PRV0001,2026-02-04,12:00:00,45,completed,referral,2026-02-03,1,,False,Nails
APT0000524,ORD0000524,CLT00028,BIZ008,Posh Nails & Spa,Denver,PRV0014,2026-03-15,18:00:00,60,completed,online_booking,2026-03-08,7,,False,Nails
APT0000525,ORD0000525,CLT00029,BIZ007,The Beauty Loft,Miami,PRV0001,2024-04-14,12:15:00,60,completed,online_booking,2024-04-13,1,,True,Massage
APT0000526,ORD0000526,CLT00029,BIZ007,The Beauty Loft,Miami,PRV0009,2024-05-08,11:45:00,15,completed,phone,2024-04-24,14,,False,Nails
APT0000527,ORD0000527,CLT00029,BIZ007,The Beauty Loft,Miami,PRV0019,2024-06-01,10:00:00,60,completed,phone,2024-05-11,21,,False,Massage
APT0000528,ORD0000528,CLT00029,BIZ007,The Beauty Loft,Miami,PRV0003,2024-06-26,09:00:00,75,cancelled,walk_in,2024-06-12,14,forgot,False,Massage
APT0000529,ORD0000529,CLT00029,BIZ007,The Beauty Loft,Miami,PRV0005,2024-07-10,14:15:00,75,completed,app,2024-07-09,1,,False,Massage
APT0000530,ORD0000530,CLT00029,BIZ007,The Beauty Loft,Miami,PRV0014,2024-08-03,12:30:00,45,completed,walk_in,2024-07-27,7,,False,Nails
APT0000531,ORD0000531,CLT00029,BIZ007,The Beauty Loft,Miami,PRV0019,2024-08-28,14:00:00,45,no_show,app,2024-08-25,3,illness,False,Nails
APT0000532,ORD0000532,CLT00029,BIZ007,The Beauty Loft,Miami,PRV0001,2024-09-21,09:30:00,60,completed,referral,2024-09-20,1,,False,Massage
APT0000533,ORD0000533,CLT00029,BIZ007,The Beauty Loft,Miami,PRV0012,2024-10-10,15:30:00,60,completed,phone,2024-10-07,3,,False,Massage
APT0000534,ORD0000534,CLT00029,BIZ007,The Beauty Loft,Miami,PRV0001,2024-11-06,14:00:00,60,completed,walk_in,2024-10-16,21,,False,Massage
APT0000535,ORD0000535,CLT00029,BIZ007,The Beauty Loft,Miami,PRV0015,2024-12-04,12:30:00,15,completed,referral,2024-11-27,7,,False,Nails
APT0000536,ORD0000536,CLT00029,BIZ007,The Beauty Loft,Miami,PRV0012,2024-12-18,14:00:00,30,completed,online_booking,2024-11-27,21,,False,Nails
APT0000537,ORD0000537,CLT00029,BIZ007,The Beauty Loft,Miami,PRV0016,2025-01-08,14:45:00,60,completed,online_booking,2024-12-25,14,,False,Massage
APT0000538,ORD0000538,CLT00029,BIZ007,The Beauty Loft,Miami,PRV0006,2025-01-25,17:45:00,45,completed,walk_in,2025-01-24,1,,False,Nails
APT0000539,ORD0000539,CLT00029,BIZ007,The Beauty Loft,Miami,PRV0014,2025-02-11,10:00:00,45,completed,online_booking,2025-02-04,7,,False,Nails
APT0000540,ORD0000540,CLT00029,BIZ007,The Beauty Loft,Miami,PRV0018,2025-03-08,10:15:00,45,completed,walk_in,2025-02-15,21,,False,Nails
APT0000541,ORD0000541,CLT00029,BIZ007,The Beauty Loft,Miami,PRV0008,2025-03-28,15:45:00,45,completed,app,2025-03-21,7,,False,Nails
APT0000542,ORD0000542,CLT00029,BIZ007,The Beauty Loft,Miami,PRV0019,2025-04-25,14:45:00,30,completed,online_booking,2025-04-24,1,,False,Nails
APT0000543,ORD0000543,CLT00029,BIZ007,The Beauty Loft,Miami,PRV0004,2025-05-15,11:15:00,75,completed,walk_in,2025-05-01,14,,False,Massage
APT0000544,ORD0000544,CLT00029,BIZ007,The Beauty Loft,Miami,PRV0002,2025-06-08,13:15:00,60,completed,referral,2025-06-07,1,,False,Nails
APT0000545,ORD0000545,CLT00029,BIZ007,The Beauty Loft,Miami,PRV0011,2025-06-22,15:00:00,60,completed,app,2025-06-15,7,,False,Massage
APT0000546,ORD0000546,CLT00029,BIZ007,The Beauty Loft,Miami,PRV0001,2025-07-17,13:15:00,45,completed,referral,2025-07-10,7,,False,Nails
APT0000547,ORD0000547,CLT00029,BIZ007,The Beauty Loft,Miami,PRV0004,2025-08-05,12:45:00,60,no_show,app,2025-08-02,3,no_reason_given,False,Massage
APT0000548,ORD0000548,CLT00029,BIZ007,The Beauty Loft,Miami,PRV0019,2025-08-30,16:15:00,60,completed,app,2025-08-23,7,,False,Massage
APT0000549,ORD0000549,CLT00029,BIZ007,The Beauty Loft,Miami,PRV0005,2025-09-23,18:00:00,45,completed,walk_in,2025-09-23,0,,False,Nails
APT0000550,ORD0000550,CLT00029,BIZ007,The Beauty Loft,Miami,PRV0017,2025-10-14,09:00:00,45,completed,phone,2025-10-13,1,,False,Nails
APT0000551,ORD0000551,CLT00029,BIZ007,The Beauty Loft,Miami,PRV0013,2025-11-08,13:15:00,30,completed,online_booking,2025-11-05,3,,False,Nails
APT0000552,ORD0000552,CLT00029,BIZ007,The Beauty Loft,Miami,PRV0001,2025-11-30,16:15:00,75,cancelled,referral,2025-11-29,1,illness,False,Massage
APT0000553,ORD0000553,CLT00029,BIZ007,The Beauty Loft,Miami,PRV0013,2025-12-19,18:15:00,75,completed,walk_in,2025-12-18,1,,False,Massage
APT0000554,ORD0000554,CLT00029,BIZ007,The Beauty Loft,Miami,PRV0018,2026-01-13,09:45:00,45,cancelled,referral,2026-01-12,1,,False,Nails
APT0000555,ORD0000555,CLT00029,BIZ007,The Beauty Loft,Miami,PRV0004,2026-02-08,10:15:00,60,completed,app,2026-02-01,7,,False,Massage
APT0000556,ORD0000556,CLT00029,BIZ007,The Beauty Loft,Miami,PRV0018,2026-03-08,11:00:00,60,cancelled,phone,2026-03-05,3,,False,Massage
APT0000557,ORD0000557,CLT00029,BIZ007,The Beauty Loft,Miami,PRV0014,2026-04-03,14:15:00,30,completed,online_booking,2026-03-27,7,,False,Nails
APT0000558,ORD0000558,CLT00030,BIZ007,The Beauty Loft,Miami,PRV0015,2024-04-08,11:45:00,60,completed,online_booking,2024-04-05,3,,True,Massage
APT0000559,ORD0000559,CLT00030,BIZ007,The Beauty Loft,Miami,PRV0019,2024-04-26,12:30:00,60,completed,referral,2024-04-19,7,,False,Skin
APT0000560,ORD0000560,CLT00030,BIZ007,The Beauty Loft,Miami,PRV0011,2024-05-15,10:30:00,45,completed,phone,2024-05-12,3,,False,Skin
APT0000561,ORD0000561,CLT00030,BIZ007,The Beauty Loft,Miami,PRV0017,2024-06-07,16:00:00,45,completed,phone,2024-06-04,3,,False,Skin
APT0000562,ORD0000562,CLT00030,BIZ007,The Beauty Loft,Miami,PRV0005,2024-06-24,09:15:00,60,completed,app,2024-06-23,1,,False,Massage
APT0000563,ORD0000563,CLT00030,BIZ007,The Beauty Loft,Miami,PRV0015,2024-07-16,16:15:00,60,completed,phone,2024-07-13,3,,False,Massage
APT0000564,ORD0000564,CLT00030,BIZ007,The Beauty Loft,Miami,PRV0011,2024-08-08,13:45:00,60,completed,online_booking,2024-08-07,1,,False,Skin
APT0000565,ORD0000565,CLT00030,BIZ007,The Beauty Loft,Miami,PRV0013,2024-08-24,17:00:00,60,completed,online_booking,2024-08-17,7,,False,Massage
APT0000566,ORD0000566,CLT00030,BIZ007,The Beauty Loft,Miami,PRV0020,2024-09-10,17:00:00,60,completed,walk_in,2024-09-03,7,,False,Massage
APT0000567,ORD0000567,CLT00030,BIZ007,The Beauty Loft,Miami,PRV0014,2024-10-07,14:00:00,60,completed,walk_in,2024-10-06,1,,False,Skin
APT0000568,ORD0000568,CLT00030,BIZ007,The Beauty Loft,Miami,PRV0007,2024-11-03,18:45:00,60,completed,phone,2024-10-31,3,,False,Massage
APT0000569,ORD0000569,CLT00030,BIZ007,The Beauty Loft,Miami,PRV0012,2024-11-21,14:30:00,60,completed,online_booking,2024-11-14,7,,False,Massage
APT0000570,ORD0000570,CLT00030,BIZ007,The Beauty Loft,Miami,PRV0008,2024-12-07,11:30:00,60,completed,walk_in,2024-11-30,7,,False,Skin
APT0000571,ORD0000571,CLT00030,BIZ007,The Beauty Loft,Miami,PRV0005,2024-12-24,16:15:00,60,completed,phone,2024-12-17,7,,False,Massage
APT0000572,ORD0000572,CLT00030,BIZ007,The Beauty Loft,Miami,PRV0004,2025-01-07,16:30:00,60,completed,walk_in,2025-01-06,1,,False,Massage
APT0000573,ORD0000573,CLT00030,BIZ007,The Beauty Loft,Miami,PRV0008,2025-01-24,14:00:00,60,completed,online_booking,2025-01-23,1,,False,Skin
APT0000574,ORD0000574,CLT00030,BIZ007,The Beauty Loft,Miami,PRV0009,2025-02-07,11:15:00,60,completed,online_booking,2025-01-31,7,,False,Massage
APT0000575,ORD0000575,CLT00030,BIZ007,The Beauty Loft,Miami,PRV0005,2025-03-06,13:15:00,75,completed,walk_in,2025-03-03,3,,False,Skin
APT0000576,ORD0000576,CLT00030,BIZ007,The Beauty Loft,Miami,PRV0012,2025-03-30,10:30:00,45,completed,phone,2025-03-29,1,,False,Skin
APT0000577,ORD0000577,CLT00030,BIZ007,The Beauty Loft,Miami,PRV0009,2025-04-14,15:15:00,60,completed,walk_in,2025-04-07,7,,False,Massage
APT0000578,ORD0000578,CLT00030,BIZ007,The Beauty Loft,Miami,PRV0008,2025-05-09,18:30:00,60,completed,phone,2025-04-25,14,,False,Skin
APT0000579,ORD0000579,CLT00030,BIZ007,The Beauty Loft,Miami,PRV0015,2025-05-26,12:15:00,60,completed,online_booking,2025-05-05,21,,False,Skin
APT0000580,ORD0000580,CLT00030,BIZ007,The Beauty Loft,Miami,PRV0018,2025-06-17,12:45:00,45,completed,phone,2025-06-17,0,,False,Skin
APT0000581,ORD0000581,CLT00030,BIZ007,The Beauty Loft,Miami,PRV0016,2025-07-09,15:00:00,60,completed,walk_in,2025-07-08,1,,False,Massage
APT0000582,ORD0000582,CLT00030,BIZ007,The Beauty Loft,Miami,PRV0016,2025-08-01,12:45:00,60,cancelled,referral,2025-07-31,1,,False,Skin
APT0000583,ORD0000583,CLT00030,BIZ007,The Beauty Loft,Miami,PRV0013,2025-08-20,17:45:00,75,completed,referral,2025-08-13,7,,False,Skin
APT0000584,ORD0000584,CLT00030,BIZ007,The Beauty Loft,Miami,PRV0002,2025-09-17,11:15:00,60,completed,referral,2025-09-10,7,,False,Skin
APT0000585,ORD0000585,CLT00030,BIZ007,The Beauty Loft,Miami,PRV0003,2025-10-09,14:30:00,60,completed,referral,2025-10-02,7,,False,Skin
APT0000586,ORD0000586,CLT00030,BIZ007,The Beauty Loft,Miami,PRV0001,2025-10-28,11:30:00,60,completed,referral,2025-10-07,21,,False,Skin
APT0000587,ORD0000587,CLT00030,BIZ007,The Beauty Loft,Miami,PRV0005,2025-11-22,18:45:00,60,completed,walk_in,2025-11-19,3,,False,Skin
APT0000588,ORD0000588,CLT00030,BIZ007,The Beauty Loft,Miami,PRV0013,2025-12-13,11:15:00,60,completed,referral,2025-12-13,0,,False,Massage
APT0000589,ORD0000589,CLT00030,BIZ007,The Beauty Loft,Miami,PRV0013,2026-01-05,09:00:00,45,completed,walk_in,2025-12-22,14,,False,Skin
APT0000590,ORD0000590,CLT00030,BIZ007,The Beauty Loft,Miami,PRV0001,2026-01-21,18:00:00,75,completed,online_booking,2026-01-18,3,,False,Skin
APT0000591,ORD0000591,CLT00030,BIZ007,The Beauty Loft,Miami,PRV0018,2026-02-11,17:30:00,75,completed,online_booking,2026-02-08,3,,False,Massage
APT0000592,ORD0000592,CLT00030,BIZ007,The Beauty Loft,Miami,PRV0016,2026-03-05,15:00:00,60,completed,app,2026-03-02,3,,False,Skin
APT0000593,ORD0000593,CLT00030,BIZ007,The Beauty Loft,Miami,PRV0014,2026-03-29,14:15:00,45,completed,app,2026-03-26,3,,False,Skin
APT0000594,ORD0000594,CLT00031,BIZ007,The Beauty Loft,Miami,PRV0016,2024-06-06,15:45:00,60,completed,online_booking,2024-06-03,3,,True,Hair
APT0000595,ORD0000595,CLT00031,BIZ007,The Beauty Loft,Miami,PRV0005,2024-07-29,15:30:00,60,completed,app,2024-07-22,7,,False,Nails
APT0000596,ORD0000596,CLT00031,BIZ007,The Beauty Loft,Miami,PRV0008,2024-10-02,12:00:00,45,no_show,phone,2024-09-25,7,personal_emergency,False,Hair
APT0000597,ORD0000597,CLT00031,BIZ007,The Beauty Loft,Miami,PRV0005,2024-11-25,17:45:00,60,completed,online_booking,2024-11-25,0,,False,Hair
APT0000598,ORD0000598,CLT00031,BIZ007,The Beauty Loft,Miami,PRV0013,2025-01-29,10:15:00,60,completed,online_booking,2025-01-22,7,,False,Hair
APT0000599,ORD0000599,CLT00031,BIZ007,The Beauty Loft,Miami,PRV0012,2025-04-03,09:15:00,45,completed,app,2025-03-20,14,,False,Hair
APT0000600,ORD0000600,CLT00031,BIZ007,The Beauty Loft,Miami,PRV0014,2025-06-09,13:45:00,45,completed,phone,2025-06-02,7,,False,Nails
APT0000601,ORD0000601,CLT00031,BIZ007,The Beauty Loft,Miami,PRV0019,2025-08-13,16:30:00,30,completed,referral,2025-08-10,3,,False,Hair
APT0000602,ORD0000602,CLT00031,BIZ007,The Beauty Loft,Miami,PRV0013,2025-10-09,09:15:00,45,completed,app,2025-10-06,3,,False,Nails
APT0000603,ORD0000603,CLT00031,BIZ007,The Beauty Loft,Miami,PRV0002,2025-12-15,15:15:00,60,completed,phone,2025-12-08,7,,False,Nails
APT0000604,ORD0000604,CLT00031,BIZ007,The Beauty Loft,Miami,PRV0007,2026-02-11,10:00:00,30,completed,referral,2026-02-10,1,,False,Nails
APT0000605,ORD0000605,CLT00032,BIZ009,Glow Studio,Boston,PRV0011,2024-05-04,15:15:00,60,completed,walk_in,2024-04-20,14,,True,Skin
APT0000606,ORD0000606,CLT00032,BIZ009,Glow Studio,Boston,PRV0005,2024-06-16,13:15:00,60,completed,walk_in,2024-06-02,14,,False,Skin
APT0000607,ORD0000607,CLT00032,BIZ009,Glow Studio,Boston,PRV0015,2024-07-24,17:30:00,60,completed,app,2024-07-03,21,,False,Hair
APT0000608,ORD0000608,CLT00032,BIZ009,Glow Studio,Boston,PRV0016,2024-08-31,13:00:00,60,completed,online_booking,2024-08-30,1,,False,Skin
APT0000609,ORD0000609,CLT00032,BIZ009,Glow Studio,Boston,PRV0019,2024-10-15,11:00:00,60,completed,walk_in,2024-10-12,3,,False,Skin
APT0000610,ORD0000610,CLT00032,BIZ009,Glow Studio,Boston,PRV0003,2024-12-04,14:30:00,45,completed,walk_in,2024-11-20,14,,False,Hair
APT0000611,ORD0000611,CLT00032,BIZ009,Glow Studio,Boston,PRV0003,2025-01-20,11:45:00,60,completed,app,2025-01-17,3,,False,Hair
APT0000612,ORD0000612,CLT00032,BIZ009,Glow Studio,Boston,PRV0007,2025-02-27,15:45:00,60,no_show,walk_in,2025-02-06,21,illness,False,Skin
APT0000613,ORD0000613,CLT00032,BIZ009,Glow Studio,Boston,PRV0016,2025-04-15,16:15:00,60,completed,online_booking,2025-03-25,21,,False,Skin
APT0000614,ORD0000614,CLT00032,BIZ009,Glow Studio,Boston,PRV0014,2025-06-01,12:00:00,60,completed,phone,2025-05-29,3,,False,Skin
APT0000615,ORD0000615,CLT00032,BIZ009,Glow Studio,Boston,PRV0010,2025-07-10,15:30:00,75,completed,app,2025-07-09,1,,False,Skin
APT0000616,ORD0000616,CLT00032,BIZ009,Glow Studio,Boston,PRV0001,2025-08-21,18:45:00,150,completed,referral,2025-07-31,21,,False,Hair
APT0000617,ORD0000617,CLT00032,BIZ009,Glow Studio,Boston,PRV0005,2025-10-01,14:00:00,120,completed,walk_in,2025-09-17,14,,False,Hair
APT0000618,ORD0000618,CLT00032,BIZ009,Glow Studio,Boston,PRV0002,2025-11-08,16:00:00,45,completed,app,2025-10-25,14,,False,Hair
APT0000619,ORD0000619,CLT00033,BIZ003,The Glam Room,New York,PRV0012,2024-05-25,15:30:00,60,completed,referral,2024-05-18,7,,True,Nails
APT0000620,ORD0000620,CLT00033,BIZ003,The Glam Room,New York,PRV0013,2024-07-25,11:45:00,60,completed,phone,2024-07-18,7,,False,Nails
APT0000621,ORD0000621,CLT00033,BIZ003,The Glam Room,New York,PRV0004,2024-09-20,09:45:00,30,completed,walk_in,2024-09-19,1,,False,Nails
APT0000622,ORD0000622,CLT00033,BIZ003,The Glam Room,New York,PRV0007,2024-11-26,13:45:00,15,completed,app,2024-11-26,0,,False,Nails
APT0000623,ORD0000623,CLT00033,BIZ003,The Glam Room,New York,PRV0001,2025-01-22,15:45:00,45,completed,phone,2025-01-01,21,,False,Nails
APT0000624,ORD0000624,CLT00033,BIZ003,The Glam Room,New York,PRV0001,2025-03-16,15:15:00,45,completed,walk_in,2025-03-02,14,,False,Nails
APT0000625,ORD0000625,CLT00033,BIZ003,The Glam Room,New York,PRV0018,2025-05-13,15:15:00,45,completed,walk_in,2025-05-06,7,,False,Nails
APT0000626,ORD0000626,CLT00033,BIZ003,The Glam Room,New York,PRV0011,2025-07-18,11:45:00,45,completed,referral,2025-07-15,3,,False,Nails
APT0000627,ORD0000627,CLT00033,BIZ003,The Glam Room,New York,PRV0011,2025-09-14,13:15:00,15,completed,app,2025-08-31,14,,False,Nails
APT0000628,ORD0000628,CLT00033,BIZ003,The Glam Room,New York,PRV0001,2025-11-06,10:45:00,15,completed,app,2025-10-16,21,,False,Nails
APT0000629,ORD0000629,CLT00033,BIZ003,The Glam Room,New York,PRV0002,2026-01-07,15:30:00,45,no_show,phone,2025-12-24,14,,False,Nails
APT0000630,ORD0000630,CLT00034,BIZ007,The Beauty Loft,Miami,PRV0007,2024-04-23,16:30:00,60,completed,walk_in,2024-04-22,1,,True,Skin
APT0000631,ORD0000631,CLT00034,BIZ007,The Beauty Loft,Miami,PRV0006,2024-06-01,14:45:00,60,completed,app,2024-05-29,3,,False,Hair
APT0000632,ORD0000632,CLT00034,BIZ007,The Beauty Loft,Miami,PRV0006,2024-07-10,16:00:00,30,completed,referral,2024-06-19,21,,False,Hair
APT0000633,ORD0000633,CLT00034,BIZ007,The Beauty Loft,Miami,PRV0007,2024-08-26,14:00:00,120,completed,online_booking,2024-08-25,1,,False,Hair
APT0000634,ORD0000634,CLT00034,BIZ007,The Beauty Loft,Miami,PRV0015,2024-10-17,14:30:00,60,completed,walk_in,2024-09-26,21,,False,Skin
APT0000635,ORD0000635,CLT00034,BIZ007,The Beauty Loft,Miami,PRV0004,2024-12-01,13:45:00,60,completed,referral,2024-11-17,14,,False,Hair
APT0000636,ORD0000636,CLT00034,BIZ007,The Beauty Loft,Miami,PRV0020,2025-01-09,13:30:00,60,completed,online_booking,2025-01-06,3,,False,Skin
APT0000637,ORD0000637,CLT00034,BIZ007,The Beauty Loft,Miami,PRV0019,2025-02-17,17:30:00,45,completed,walk_in,2025-02-17,0,,False,Hair
APT0000638,ORD0000638,CLT00034,BIZ007,The Beauty Loft,Miami,PRV0012,2025-04-09,15:15:00,60,cancelled,app,2025-03-26,14,forgot,False,Skin
APT0000639,ORD0000639,CLT00034,BIZ007,The Beauty Loft,Miami,PRV0001,2025-05-26,14:00:00,60,completed,phone,2025-05-23,3,,False,Hair
APT0000640,ORD0000640,CLT00034,BIZ007,The Beauty Loft,Miami,PRV0017,2025-07-13,18:15:00,75,completed,app,2025-07-10,3,,False,Skin
APT0000641,ORD0000641,CLT00034,BIZ007,The Beauty Loft,Miami,PRV0011,2025-08-20,15:30:00,120,completed,app,2025-08-17,3,,False,Hair
APT0000642,ORD0000642,CLT00034,BIZ007,The Beauty Loft,Miami,PRV0008,2025-10-07,14:45:00,60,completed,referral,2025-10-06,1,,False,Skin
APT0000643,ORD0000643,CLT00034,BIZ007,The Beauty Loft,Miami,PRV0011,2025-11-16,09:00:00,60,completed,online_booking,2025-10-26,21,,False,Skin
APT0000644,ORD0000644,CLT00034,BIZ007,The Beauty Loft,Miami,PRV0020,2026-01-07,14:45:00,60,completed,online_booking,2025-12-31,7,,False,Skin
APT0000645,ORD0000645,CLT00034,BIZ007,The Beauty Loft,Miami,PRV0002,2026-02-15,09:15:00,60,completed,online_booking,2026-02-08,7,,False,Hair
APT0000646,ORD0000646,CLT00035,BIZ009,Glow Studio,Boston,PRV0003,2024-04-11,09:30:00,60,completed,phone,2024-04-11,0,,True,Skin
APT0000647,ORD0000647,CLT00035,BIZ009,Glow Studio,Boston,PRV0015,2024-05-23,11:45:00,45,completed,online_booking,2024-05-22,1,,False,Skin
APT0000648,ORD0000648,CLT00035,BIZ009,Glow Studio,Boston,PRV0012,2024-06-20,13:00:00,60,completed,referral,2024-06-17,3,,False,Nails
APT0000649,ORD0000649,CLT00035,BIZ009,Glow Studio,Boston,PRV0007,2024-07-26,16:45:00,60,cancelled,walk_in,2024-07-19,7,schedule_conflict,False,Skin
APT0000650,ORD0000650,CLT00035,BIZ009,Glow Studio,Boston,PRV0010,2024-09-06,17:30:00,60,completed,walk_in,2024-08-30,7,,False,Skin
APT0000651,ORD0000651,CLT00035,BIZ009,Glow Studio,Boston,PRV0019,2024-10-17,11:30:00,60,completed,online_booking,2024-10-14,3,,False,Skin
APT0000652,ORD0000652,CLT00035,BIZ009,Glow Studio,Boston,PRV0014,2024-11-19,10:30:00,45,completed,app,2024-10-29,21,,False,Nails
APT0000653,ORD0000653,CLT00035,BIZ009,Glow Studio,Boston,PRV0010,2024-12-29,15:15:00,30,cancelled,app,2024-12-22,7,personal_emergency,False,Nails
APT0000654,ORD0000654,CLT00035,BIZ009,Glow Studio,Boston,PRV0004,2025-02-09,16:45:00,45,completed,online_booking,2025-02-02,7,,False,Nails
APT0000655,ORD0000655,CLT00035,BIZ009,Glow Studio,Boston,PRV0013,2025-03-20,18:45:00,45,cancelled,walk_in,2025-03-17,3,illness,False,Nails
APT0000656,ORD0000656,CLT00035,BIZ009,Glow Studio,Boston,PRV0007,2025-04-20,13:45:00,75,completed,app,2025-04-06,14,,False,Skin
APT0000657,ORD0000657,CLT00035,BIZ009,Glow Studio,Boston,PRV0011,2025-05-19,11:15:00,45,completed,walk_in,2025-05-12,7,,False,Nails
APT0000658,ORD0000658,CLT00035,BIZ009,Glow Studio,Boston,PRV0016,2025-06-18,18:30:00,75,completed,referral,2025-06-04,14,,False,Skin
APT0000659,ORD0000659,CLT00035,BIZ009,Glow Studio,Boston,PRV0004,2025-07-19,11:00:00,45,completed,phone,2025-07-18,1,,False,Nails
APT0000660,ORD0000660,CLT00035,BIZ009,Glow Studio,Boston,PRV0011,2025-08-22,14:30:00,60,no_show,referral,2025-08-22,0,,False,Nails
APT0000661,ORD0000661,CLT00036,BIZ001,Luxe Hair Studio,San Francisco,PRV0001,2024-04-21,14:45:00,60,completed,app,2024-03-31,21,,True,Hair
APT0000662,ORD0000662,CLT00036,BIZ001,Luxe Hair Studio,San Francisco,PRV0018,2024-05-29,10:30:00,75,completed,walk_in,2024-05-26,3,,False,Skin
APT0000663,ORD0000663,CLT00036,BIZ001,Luxe Hair Studio,San Francisco,PRV0007,2024-07-16,13:30:00,120,completed,online_booking,2024-07-13,3,,False,Hair
APT0000664,ORD0000664,CLT00036,BIZ001,Luxe Hair Studio,San Francisco,PRV0004,2024-09-03,14:30:00,60,completed,online_booking,2024-08-13,21,,False,Hair
APT0000665,ORD0000665,CLT00036,BIZ001,Luxe Hair Studio,San Francisco,PRV0003,2024-10-19,16:30:00,120,completed,phone,2024-10-18,1,,False,Hair
APT0000666,ORD0000666,CLT00036,BIZ001,Luxe Hair Studio,San Francisco,PRV0009,2024-12-06,09:00:00,120,cancelled,app,2024-11-29,7,rescheduled,False,Hair
APT0000667,ORD0000667,CLT00036,BIZ001,Luxe Hair Studio,San Francisco,PRV0003,2025-01-17,17:15:00,120,completed,phone,2025-01-10,7,,False,Hair
APT0000668,ORD0000668,CLT00036,BIZ001,Luxe Hair Studio,San Francisco,PRV0013,2025-02-25,15:45:00,60,cancelled,online_booking,2025-02-22,3,rescheduled,False,Hair
APT0000669,ORD0000669,CLT00036,BIZ001,Luxe Hair Studio,San Francisco,PRV0019,2025-04-11,15:30:00,120,completed,app,2025-04-10,1,,False,Hair
APT0000670,ORD0000670,CLT00036,BIZ001,Luxe Hair Studio,San Francisco,PRV0013,2025-05-28,16:15:00,30,completed,walk_in,2025-05-07,21,,False,Hair
APT0000671,ORD0000671,CLT00036,BIZ001,Luxe Hair Studio,San Francisco,PRV0001,2025-07-18,15:45:00,45,completed,referral,2025-07-11,7,,False,Hair
APT0000672,ORD0000672,CLT00036,BIZ001,Luxe Hair Studio,San Francisco,PRV0002,2025-09-08,11:30:00,60,completed,walk_in,2025-09-01,7,,False,Hair
APT0000673,ORD0000673,CLT00036,BIZ001,Luxe Hair Studio,San Francisco,PRV0020,2025-10-29,10:30:00,60,cancelled,online_booking,2025-10-26,3,schedule_conflict,False,Hair
APT0000674,ORD0000674,CLT00036,BIZ001,Luxe Hair Studio,San Francisco,PRV0019,2025-12-19,09:00:00,120,completed,referral,2025-12-16,3,,False,Hair
APT0000675,ORD0000675,CLT00036,BIZ001,Luxe Hair Studio,San Francisco,PRV0010,2026-02-05,11:30:00,60,completed,online_booking,2026-01-29,7,,False,Hair
APT0000676,ORD0000676,CLT00036,BIZ001,Luxe Hair Studio,San Francisco,PRV0007,2026-03-27,10:15:00,75,completed,online_booking,2026-03-26,1,,False,Skin
APT0000677,ORD0000677,CLT00037,BIZ001,Luxe Hair Studio,San Francisco,PRV0017,2024-04-30,12:15:00,60,completed,referral,2024-04-29,1,,True,Hair
APT0000678,ORD0000678,CLT00037,BIZ001,Luxe Hair Studio,San Francisco,PRV0014,2024-06-06,10:45:00,120,completed,walk_in,2024-06-03,3,,False,Hair
APT0000679,ORD0000679,CLT00037,BIZ001,Luxe Hair Studio,San Francisco,PRV0015,2024-07-14,14:15:00,30,cancelled,walk_in,2024-07-11,3,,False,Waxing
APT0000680,ORD0000680,CLT00037,BIZ001,Luxe Hair Studio,San Francisco,PRV0012,2024-08-24,17:15:00,30,completed,referral,2024-08-21,3,,False,Hair
APT0000681,ORD0000681,CLT00037,BIZ001,Luxe Hair Studio,San Francisco,PRV0013,2024-09-28,13:30:00,45,completed,online_booking,2024-09-14,14,,False,Hair
APT0000682,ORD0000682,CLT00037,BIZ001,Luxe Hair Studio,San Francisco,PRV0019,2024-11-05,18:30:00,30,completed,referral,2024-11-02,3,,False,Waxing
APT0000683,ORD0000683,CLT00037,BIZ001,Luxe Hair Studio,San Francisco,PRV0008,2024-12-12,14:15:00,15,completed,online_booking,2024-12-05,7,,False,Waxing
APT0000684,ORD0000684,CLT00037,BIZ001,Luxe Hair Studio,San Francisco,PRV0012,2025-01-22,10:45:00,15,completed,referral,2025-01-21,1,,False,Waxing
APT0000685,ORD0000685,CLT00037,BIZ001,Luxe Hair Studio,San Francisco,PRV0009,2025-02-23,12:15:00,60,completed,walk_in,2025-02-16,7,,False,Hair
APT0000686,ORD0000686,CLT00037,BIZ001,Luxe Hair Studio,San Francisco,PRV0004,2025-03-31,10:00:00,60,completed,app,2025-03-17,14,,False,Hair
APT0000687,ORD0000687,CLT00037,BIZ001,Luxe Hair Studio,San Francisco,PRV0007,2025-05-11,17:45:00,30,completed,app,2025-05-04,7,,False,Waxing
APT0000688,ORD0000688,CLT00037,BIZ001,Luxe Hair Studio,San Francisco,PRV0005,2025-06-21,10:00:00,15,completed,referral,2025-06-14,7,,False,Waxing
APT0000689,ORD0000689,CLT00037,BIZ001,Luxe Hair Studio,San Francisco,PRV0012,2025-07-22,13:45:00,45,completed,online_booking,2025-07-19,3,,False,Waxing
APT0000690,ORD0000690,CLT00037,BIZ001,Luxe Hair Studio,San Francisco,PRV0009,2025-09-01,10:45:00,45,completed,online_booking,2025-08-25,7,,False,Hair
APT0000691,ORD0000691,CLT00037,BIZ001,Luxe Hair Studio,San Francisco,PRV0016,2025-10-01,09:15:00,45,completed,online_booking,2025-09-24,7,,False,Waxing
APT0000692,ORD0000692,CLT00037,BIZ001,Luxe Hair Studio,San Francisco,PRV0018,2025-11-05,18:00:00,30,completed,walk_in,2025-10-29,7,,False,Hair
APT0000693,ORD0000693,CLT00037,BIZ001,Luxe Hair Studio,San Francisco,PRV0008,2025-12-09,16:30:00,120,completed,online_booking,2025-12-06,3,,False,Hair
APT0000694,ORD0000694,CLT00037,BIZ001,Luxe Hair Studio,San Francisco,PRV0013,2026-01-10,16:00:00,150,completed,walk_in,2026-01-10,0,,False,Hair
APT0000695,ORD0000695,CLT00037,BIZ001,Luxe Hair Studio,San Francisco,PRV0007,2026-02-08,14:30:00,15,completed,phone,2026-02-01,7,,False,Waxing
APT0000696,ORD0000696,CLT00037,BIZ001,Luxe Hair Studio,San Francisco,PRV0001,2026-03-22,17:00:00,150,completed,app,2026-03-08,14,,False,Hair
APT0000697,ORD0000697,CLT00038,BIZ007,The Beauty Loft,Miami,PRV0008,2024-05-01,14:30:00,60,completed,referral,2024-04-28,3,,True,Massage
APT0000698,ORD0000698,CLT00038,BIZ007,The Beauty Loft,Miami,PRV0009,2024-06-05,18:45:00,120,completed,online_booking,2024-05-29,7,,False,Hair
APT0000699,ORD0000699,CLT00038,BIZ007,The Beauty Loft,Miami,PRV0008,2024-07-06,11:00:00,30,completed,walk_in,2024-06-22,14,,False,Hair
APT0000700,ORD0000700,CLT00038,BIZ007,The Beauty Loft,Miami,PRV0009,2024-08-11,10:00:00,120,completed,referral,2024-08-08,3,,False,Hair
APT0000701,ORD0000701,CLT00038,BIZ007,The Beauty Loft,Miami,PRV0002,2024-09-12,09:30:00,45,completed,referral,2024-09-09,3,,False,Hair
APT0000702,ORD0000702,CLT00038,BIZ007,The Beauty Loft,Miami,PRV0014,2024-10-11,18:45:00,60,completed,online_booking,2024-10-08,3,,False,Massage
APT0000703,ORD0000703,CLT00038,BIZ007,The Beauty Loft,Miami,PRV0006,2024-11-09,17:30:00,60,completed,walk_in,2024-11-02,7,,False,Massage
APT0000704,ORD0000704,CLT00038,BIZ007,The Beauty Loft,Miami,PRV0019,2024-12-17,13:30:00,75,no_show,walk_in,2024-12-03,14,weather,False,Massage
APT0000705,ORD0000705,CLT00038,BIZ007,The Beauty Loft,Miami,PRV0004,2025-01-15,13:00:00,120,completed,phone,2025-01-12,3,,False,Hair
APT0000706,ORD0000706,CLT00038,BIZ007,The Beauty Loft,Miami,PRV0018,2025-02-22,14:45:00,60,cancelled,app,2025-02-15,7,schedule_conflict,False,Massage
APT0000707,ORD0000707,CLT00038,BIZ007,The Beauty Loft,Miami,PRV0003,2025-03-29,18:30:00,60,completed,walk_in,2025-03-28,1,,False,Massage
APT0000708,ORD0000708,CLT00038,BIZ007,The Beauty Loft,Miami,PRV0008,2025-05-02,18:00:00,60,completed,online_booking,2025-05-01,1,,False,Hair
APT0000709,ORD0000709,CLT00038,BIZ007,The Beauty Loft,Miami,PRV0001,2025-06-08,13:30:00,120,completed,phone,2025-06-07,1,,False,Hair
APT0000710,ORD0000710,CLT00038,BIZ007,The Beauty Loft,Miami,PRV0014,2025-07-08,14:30:00,60,completed,online_booking,2025-07-05,3,,False,Massage
APT0000711,ORD0000711,CLT00038,BIZ007,The Beauty Loft,Miami,PRV0010,2025-08-09,14:45:00,75,completed,referral,2025-07-26,14,,False,Massage
APT0000712,ORD0000712,CLT00038,BIZ007,The Beauty Loft,Miami,PRV0007,2025-09-09,17:30:00,30,completed,walk_in,2025-08-26,14,,False,Hair
APT0000713,ORD0000713,CLT00038,BIZ007,The Beauty Loft,Miami,PRV0018,2025-10-21,18:45:00,30,completed,online_booking,2025-09-30,21,,False,Hair
APT0000714,ORD0000714,CLT00038,BIZ007,The Beauty Loft,Miami,PRV0011,2025-11-28,13:15:00,75,completed,app,2025-11-14,14,,False,Massage
APT0000715,ORD0000715,CLT00038,BIZ007,The Beauty Loft,Miami,PRV0003,2026-01-04,15:30:00,150,completed,phone,2025-12-28,7,,False,Hair
APT0000716,ORD0000716,CLT00038,BIZ007,The Beauty Loft,Miami,PRV0014,2026-02-06,11:15:00,60,completed,referral,2026-01-23,14,,False,Massage
APT0000717,ORD0000717,CLT00038,BIZ007,The Beauty Loft,Miami,PRV0007,2026-03-11,11:45:00,60,no_show,app,2026-03-04,7,personal_emergency,False,Massage
APT0000718,ORD0000718,CLT00039,BIZ010,Elevate Salon,Nashville,PRV0012,2024-04-28,15:45:00,30,completed,app,2024-04-14,14,,True,Nails
APT0000719,ORD0000719,CLT00039,BIZ010,Elevate Salon,Nashville,PRV0002,2024-05-26,18:00:00,60,completed,online_booking,2024-05-19,7,,False,Hair
APT0000720,ORD0000720,CLT00039,BIZ010,Elevate Salon,Nashville,PRV0006,2024-06-29,16:15:00,150,completed,referral,2024-06-26,3,,False,Hair
APT0000721,ORD0000721,CLT00039,BIZ010,Elevate Salon,Nashville,PRV0017,2024-08-09,16:15:00,150,completed,referral,2024-08-06,3,,False,Hair
APT0000722,ORD0000722,CLT00039,BIZ010,Elevate Salon,Nashville,PRV0010,2024-09-06,18:45:00,30,completed,phone,2024-08-23,14,,False,Hair
APT0000723,ORD0000723,CLT00039,BIZ010,Elevate Salon,Nashville,PRV0004,2024-10-17,18:30:00,60,completed,phone,2024-10-10,7,,False,Nails
APT0000724,ORD0000724,CLT00039,BIZ010,Elevate Salon,Nashville,PRV0005,2024-11-16,12:30:00,120,completed,online_booking,2024-11-02,14,,False,Hair
APT0000725,ORD0000725,CLT00039,BIZ010,Elevate Salon,Nashville,PRV0012,2024-12-15,16:00:00,15,completed,app,2024-12-14,1,,False,Nails
APT0000726,ORD0000726,CLT00039,BIZ010,Elevate Salon,Nashville,PRV0014,2025-01-23,10:45:00,60,completed,walk_in,2025-01-22,1,,False,Nails
APT0000727,ORD0000727,CLT00039,BIZ010,Elevate Salon,Nashville,PRV0011,2025-02-27,12:00:00,45,completed,app,2025-02-20,7,,False,Nails
APT0000728,ORD0000728,CLT00039,BIZ010,Elevate Salon,Nashville,PRV0007,2025-04-10,10:30:00,45,completed,referral,2025-04-10,0,,False,Nails
APT0000729,ORD0000729,CLT00039,BIZ010,Elevate Salon,Nashville,PRV0009,2025-05-19,12:15:00,45,completed,walk_in,2025-05-16,3,,False,Nails
APT0000730,ORD0000730,CLT00039,BIZ010,Elevate Salon,Nashville,PRV0001,2025-06-24,17:15:00,45,completed,walk_in,2025-06-23,1,,False,Nails
APT0000731,ORD0000731,CLT00039,BIZ010,Elevate Salon,Nashville,PRV0012,2025-08-03,18:15:00,60,completed,walk_in,2025-07-27,7,,False,Nails
APT0000732,ORD0000732,CLT00039,BIZ010,Elevate Salon,Nashville,PRV0018,2025-09-04,15:30:00,150,completed,walk_in,2025-08-21,14,,False,Hair
APT0000733,ORD0000733,CLT00039,BIZ010,Elevate Salon,Nashville,PRV0015,2025-10-08,10:15:00,45,completed,phone,2025-10-01,7,,False,Hair
APT0000734,ORD0000734,CLT00039,BIZ010,Elevate Salon,Nashville,PRV0001,2025-11-06,15:15:00,60,completed,phone,2025-10-30,7,,False,Hair
APT0000735,ORD0000735,CLT00039,BIZ010,Elevate Salon,Nashville,PRV0013,2025-12-06,14:45:00,15,completed,walk_in,2025-12-03,3,,False,Nails
APT0000736,ORD0000736,CLT00039,BIZ010,Elevate Salon,Nashville,PRV0008,2026-01-03,16:45:00,45,completed,referral,2026-01-03,0,,False,Nails
APT0000737,ORD0000737,CLT00039,BIZ010,Elevate Salon,Nashville,PRV0003,2026-02-07,09:45:00,60,completed,phone,2026-02-07,0,,False,Hair
APT0000738,ORD0000738,CLT00039,BIZ010,Elevate Salon,Nashville,PRV0008,2026-03-21,11:45:00,15,completed,phone,2026-03-14,7,,False,Nails
APT0000739,ORD0000739,CLT00040,BIZ007,The Beauty Loft,Miami,PRV0009,2024-05-07,12:00:00,60,completed,online_booking,2024-04-23,14,,True,Skin
APT0000740,ORD0000740,CLT00040,BIZ007,The Beauty Loft,Miami,PRV0001,2024-06-16,15:00:00,60,no_show,referral,2024-06-09,7,,False,Skin
APT0000741,ORD0000741,CLT00040,BIZ007,The Beauty Loft,Miami,PRV0011,2024-07-24,12:30:00,30,completed,walk_in,2024-07-10,14,,False,Hair
APT0000742,ORD0000742,CLT00040,BIZ007,The Beauty Loft,Miami,PRV0016,2024-09-07,15:30:00,60,completed,phone,2024-09-06,1,,False,Skin
APT0000743,ORD0000743,CLT00040,BIZ007,The Beauty Loft,Miami,PRV0008,2024-10-27,10:45:00,60,completed,referral,2024-10-13,14,,False,Skin
APT0000744,ORD0000744,CLT00040,BIZ007,The Beauty Loft,Miami,PRV0004,2024-12-10,11:00:00,45,completed,referral,2024-12-07,3,,False,Skin
APT0000745,ORD0000745,CLT00040,BIZ007,The Beauty Loft,Miami,PRV0002,2025-01-25,17:15:00,60,completed,walk_in,2025-01-11,14,,False,Hair
APT0000746,ORD0000746,CLT00040,BIZ007,The Beauty Loft,Miami,PRV0007,2025-03-05,09:30:00,120,completed,referral,2025-02-26,7,,False,Hair
APT0000747,ORD0000747,CLT00040,BIZ007,The Beauty Loft,Miami,PRV0004,2025-04-20,17:00:00,120,completed,walk_in,2025-04-13,7,,False,Hair
APT0000748,ORD0000748,CLT00040,BIZ007,The Beauty Loft,Miami,PRV0014,2025-06-09,10:00:00,60,completed,walk_in,2025-05-26,14,,False,Hair
APT0000749,ORD0000749,CLT00040,BIZ007,The Beauty Loft,Miami,PRV0017,2025-07-17,13:30:00,60,cancelled,phone,2025-07-14,3,illness,False,Skin
APT0000750,ORD0000750,CLT00040,BIZ007,The Beauty Loft,Miami,PRV0020,2025-09-06,17:15:00,45,completed,phone,2025-09-05,1,,False,Skin
APT0000751,ORD0000751,CLT00040,BIZ007,The Beauty Loft,Miami,PRV0014,2025-10-14,09:30:00,60,completed,app,2025-09-30,14,,False,Hair
APT0000752,ORD0000752,CLT00040,BIZ007,The Beauty Loft,Miami,PRV0020,2025-11-21,09:45:00,150,no_show,app,2025-11-18,3,,False,Hair
APT0000753,ORD0000753,CLT00040,BIZ007,The Beauty Loft,Miami,PRV0007,2026-01-01,14:00:00,120,completed,phone,2025-12-18,14,,False,Hair
APT0000754,ORD0000754,CLT00040,BIZ007,The Beauty Loft,Miami,PRV0003,2026-02-19,13:15:00,60,completed,referral,2026-02-16,3,,False,Skin
APT0000755,ORD0000755,CLT00040,BIZ007,The Beauty Loft,Miami,PRV0019,2026-04-06,15:30:00,60,completed,referral,2026-03-30,7,,False,Hair
APT0000756,ORD0000756,CLT00041,BIZ008,Posh Nails & Spa,Denver,PRV0017,2024-04-20,14:30:00,60,completed,phone,2024-04-13,7,,True,Nails
APT0000757,ORD0000757,CLT00041,BIZ008,Posh Nails & Spa,Denver,PRV0004,2024-05-05,16:30:00,45,completed,referral,2024-04-28,7,,False,Nails
APT0000758,ORD0000758,CLT00041,BIZ008,Posh Nails & Spa,Denver,PRV0013,2024-05-31,17:15:00,45,completed,phone,2024-05-28,3,,False,Nails
APT0000759,ORD0000759,CLT00041,BIZ008,Posh Nails & Spa,Denver,PRV0012,2024-06-22,14:00:00,15,completed,phone,2024-06-15,7,,False,Nails
APT0000760,ORD0000760,CLT00041,BIZ008,Posh Nails & Spa,Denver,PRV0016,2024-07-10,09:00:00,60,cancelled,referral,2024-07-07,3,no_reason_given,False,Nails
APT0000761,ORD0000761,CLT00041,BIZ008,Posh Nails & Spa,Denver,PRV0002,2024-07-29,17:00:00,60,completed,phone,2024-07-22,7,,False,Nails
APT0000762,ORD0000762,CLT00041,BIZ008,Posh Nails & Spa,Denver,PRV0004,2024-08-19,09:30:00,75,no_show,referral,2024-08-18,1,illness,False,Skin
APT0000763,ORD0000763,CLT00041,BIZ008,Posh Nails & Spa,Denver,PRV0006,2024-09-12,14:30:00,45,completed,referral,2024-09-05,7,,False,Nails
APT0000764,ORD0000764,CLT00041,BIZ008,Posh Nails & Spa,Denver,PRV0017,2024-10-02,10:15:00,60,completed,app,2024-09-25,7,,False,Nails
APT0000765,ORD0000765,CLT00041,BIZ008,Posh Nails & Spa,Denver,PRV0009,2024-10-23,09:30:00,45,completed,referral,2024-10-09,14,,False,Nails
APT0000766,ORD0000766,CLT00041,BIZ008,Posh Nails & Spa,Denver,PRV0003,2024-11-18,10:15:00,45,completed,app,2024-11-17,1,,False,Skin
APT0000767,ORD0000767,CLT00041,BIZ008,Posh Nails & Spa,Denver,PRV0007,2024-12-10,12:30:00,75,completed,app,2024-12-03,7,,False,Skin
APT0000768,ORD0000768,CLT00041,BIZ008,Posh Nails & Spa,Denver,PRV0007,2024-12-26,12:30:00,45,completed,app,2024-12-23,3,,False,Skin
APT0000769,ORD0000769,CLT00041,BIZ008,Posh Nails & Spa,Denver,PRV0006,2025-01-09,17:45:00,45,completed,online_booking,2025-01-06,3,,False,Nails
APT0000770,ORD0000770,CLT00041,BIZ008,Posh Nails & Spa,Denver,PRV0011,2025-02-06,13:15:00,60,completed,referral,2025-01-23,14,,False,Skin
APT0000771,ORD0000771,CLT00041,BIZ008,Posh Nails & Spa,Denver,PRV0016,2025-02-21,10:15:00,60,completed,app,2025-02-18,3,,False,Skin
APT0000772,ORD0000772,CLT00041,BIZ008,Posh Nails & Spa,Denver,PRV0014,2025-03-12,09:15:00,60,completed,walk_in,2025-03-05,7,,False,Skin
APT0000773,ORD0000773,CLT00041,BIZ008,Posh Nails & Spa,Denver,PRV0020,2025-03-26,09:45:00,45,completed,walk_in,2025-03-25,1,,False,Nails
APT0000774,ORD0000774,CLT00041,BIZ008,Posh Nails & Spa,Denver,PRV0010,2025-04-22,16:45:00,60,completed,online_booking,2025-04-15,7,,False,Skin
APT0000775,ORD0000775,CLT00041,BIZ008,Posh Nails & Spa,Denver,PRV0019,2025-05-13,18:45:00,60,completed,online_booking,2025-05-10,3,,False,Skin
APT0000776,ORD0000776,CLT00041,BIZ008,Posh Nails & Spa,Denver,PRV0003,2025-05-29,14:00:00,45,completed,phone,2025-05-28,1,,False,Skin
APT0000777,ORD0000777,CLT00041,BIZ008,Posh Nails & Spa,Denver,PRV0006,2025-06-14,13:00:00,75,completed,app,2025-06-13,1,,False,Skin
APT0000778,ORD0000778,CLT00041,BIZ008,Posh Nails & Spa,Denver,PRV0007,2025-06-30,16:45:00,30,completed,walk_in,2025-06-27,3,,False,Nails
APT0000779,ORD0000779,CLT00041,BIZ008,Posh Nails & Spa,Denver,PRV0010,2025-07-23,15:30:00,45,completed,walk_in,2025-07-02,21,,False,Nails
APT0000780,ORD0000780,CLT00041,BIZ008,Posh Nails & Spa,Denver,PRV0012,2025-08-18,12:30:00,75,completed,phone,2025-08-17,1,,False,Skin
APT0000781,ORD0000781,CLT00041,BIZ008,Posh Nails & Spa,Denver,PRV0003,2025-09-15,13:45:00,75,completed,phone,2025-09-15,0,,False,Skin
APT0000782,ORD0000782,CLT00041,BIZ008,Posh Nails & Spa,Denver,PRV0013,2025-09-30,11:15:00,30,completed,referral,2025-09-09,21,,False,Nails
APT0000783,ORD0000783,CLT00041,BIZ008,Posh Nails & Spa,Denver,PRV0019,2025-10-17,14:15:00,60,completed,referral,2025-10-17,0,,False,Skin
APT0000784,ORD0000784,CLT00041,BIZ008,Posh Nails & Spa,Denver,PRV0020,2025-11-03,13:00:00,60,completed,walk_in,2025-10-31,3,,False,Nails
APT0000785,ORD0000785,CLT00041,BIZ008,Posh Nails & Spa,Denver,PRV0003,2025-11-29,17:45:00,30,completed,app,2025-11-08,21,,False,Nails
APT0000786,ORD0000786,CLT00041,BIZ008,Posh Nails & Spa,Denver,PRV0002,2025-12-13,16:45:00,45,completed,walk_in,2025-12-06,7,,False,Skin
APT0000787,ORD0000787,CLT00041,BIZ008,Posh Nails & Spa,Denver,PRV0006,2025-12-29,09:30:00,45,completed,phone,2025-12-22,7,,False,Nails
APT0000788,ORD0000788,CLT00041,BIZ008,Posh Nails & Spa,Denver,PRV0006,2026-01-15,15:15:00,60,completed,online_booking,2026-01-08,7,,False,Skin
APT0000789,ORD0000789,CLT00041,BIZ008,Posh Nails & Spa,Denver,PRV0002,2026-02-05,17:45:00,60,completed,online_booking,2026-02-02,3,,False,Nails
APT0000790,ORD0000790,CLT00041,BIZ008,Posh Nails & Spa,Denver,PRV0013,2026-03-05,13:45:00,15,completed,online_booking,2026-03-04,1,,False,Nails
APT0000791,ORD0000791,CLT00041,BIZ008,Posh Nails & Spa,Denver,PRV0010,2026-03-29,18:30:00,60,completed,referral,2026-03-15,14,,False,Skin
APT0000792,ORD0000792,CLT00042,BIZ006,Radiance Salon,Seattle,PRV0009,2024-04-12,15:15:00,75,cancelled,phone,2024-04-12,0,weather,True,Massage
APT0000793,ORD0000793,CLT00042,BIZ006,Radiance Salon,Seattle,PRV0003,2024-05-24,14:15:00,75,no_show,referral,2024-05-24,0,weather,False,Massage
APT0000794,ORD0000794,CLT00042,BIZ006,Radiance Salon,Seattle,PRV0016,2024-06-27,14:45:00,60,completed,referral,2024-06-20,7,,False,Massage
APT0000795,ORD0000795,CLT00042,BIZ006,Radiance Salon,Seattle,PRV0016,2024-08-03,18:00:00,75,completed,referral,2024-07-27,7,,False,Massage
APT0000796,ORD0000796,CLT00042,BIZ006,Radiance Salon,Seattle,PRV0010,2024-08-31,15:00:00,60,completed,referral,2024-08-24,7,,False,Massage
APT0000797,ORD0000797,CLT00042,BIZ006,Radiance Salon,Seattle,PRV0006,2024-10-08,13:15:00,60,completed,walk_in,2024-10-07,1,,False,Massage
APT0000798,ORD0000798,CLT00042,BIZ006,Radiance Salon,Seattle,PRV0015,2024-11-13,16:30:00,60,completed,app,2024-11-06,7,,False,Massage
APT0000799,ORD0000799,CLT00042,BIZ006,Radiance Salon,Seattle,PRV0007,2024-12-15,15:45:00,60,completed,online_booking,2024-12-08,7,,False,Massage
APT0000800,ORD0000800,CLT00042,BIZ006,Radiance Salon,Seattle,PRV0003,2025-01-14,18:45:00,60,completed,phone,2025-01-11,3,,False,Massage
APT0000801,ORD0000801,CLT00042,BIZ006,Radiance Salon,Seattle,PRV0016,2025-02-23,12:15:00,60,completed,app,2025-02-16,7,,False,Massage
APT0000802,ORD0000802,CLT00042,BIZ006,Radiance Salon,Seattle,PRV0015,2025-04-03,12:15:00,60,completed,referral,2025-03-31,3,,False,Massage
APT0000803,ORD0000803,CLT00042,BIZ006,Radiance Salon,Seattle,PRV0018,2025-05-12,15:30:00,60,completed,online_booking,2025-05-11,1,,False,Massage
APT0000804,ORD0000804,CLT00042,BIZ006,Radiance Salon,Seattle,PRV0014,2025-06-13,17:45:00,60,completed,online_booking,2025-06-06,7,,False,Massage
APT0000805,ORD0000805,CLT00042,BIZ006,Radiance Salon,Seattle,PRV0016,2025-07-17,11:15:00,60,completed,app,2025-07-10,7,,False,Massage
APT0000806,ORD0000806,CLT00042,BIZ006,Radiance Salon,Seattle,PRV0015,2025-08-28,16:30:00,60,completed,phone,2025-08-25,3,,False,Massage
APT0000807,ORD0000807,CLT00042,BIZ006,Radiance Salon,Seattle,PRV0006,2025-10-07,13:30:00,60,completed,referral,2025-09-30,7,,False,Massage
APT0000808,ORD0000808,CLT00042,BIZ006,Radiance Salon,Seattle,PRV0009,2025-11-07,11:00:00,60,cancelled,phone,2025-10-31,7,weather,False,Massage
APT0000809,ORD0000809,CLT00042,BIZ006,Radiance Salon,Seattle,PRV0019,2025-12-12,14:15:00,60,completed,referral,2025-12-11,1,,False,Massage
APT0000810,ORD0000810,CLT00042,BIZ006,Radiance Salon,Seattle,PRV0008,2026-01-18,10:30:00,60,completed,phone,2026-01-15,3,,False,Massage
APT0000811,ORD0000811,CLT00042,BIZ006,Radiance Salon,Seattle,PRV0007,2026-02-20,09:15:00,60,completed,phone,2026-01-30,21,,False,Massage
APT0000812,ORD0000812,CLT00043,BIZ005,Revive Beauty Bar,Austin,PRV0020,2024-05-09,11:00:00,75,completed,phone,2024-05-02,7,,True,Skin
APT0000813,ORD0000813,CLT00043,BIZ005,Revive Beauty Bar,Austin,PRV0015,2024-06-19,12:45:00,45,completed,online_booking,2024-06-16,3,,False,Skin
APT0000814,ORD0000814,CLT00043,BIZ005,Revive Beauty Bar,Austin,PRV0019,2024-07-30,16:30:00,60,completed,online_booking,2024-07-27,3,,False,Skin
APT0000815,ORD0000815,CLT00043,BIZ005,Revive Beauty Bar,Austin,PRV0009,2024-09-14,16:00:00,45,completed,walk_in,2024-09-07,7,,False,Skin
APT0000816,ORD0000816,CLT00043,BIZ005,Revive Beauty Bar,Austin,PRV0018,2024-10-31,14:30:00,30,completed,referral,2024-10-24,7,,False,Waxing
APT0000817,ORD0000817,CLT00043,BIZ005,Revive Beauty Bar,Austin,PRV0004,2024-12-15,15:30:00,15,completed,walk_in,2024-12-14,1,,False,Waxing
APT0000818,ORD0000818,CLT00043,BIZ005,Revive Beauty Bar,Austin,PRV0004,2025-01-22,17:45:00,75,completed,phone,2025-01-19,3,,False,Skin
APT0000819,ORD0000819,CLT00043,BIZ005,Revive Beauty Bar,Austin,PRV0009,2025-03-13,18:45:00,60,completed,app,2025-02-20,21,,False,Skin
APT0000820,ORD0000820,CLT00043,BIZ005,Revive Beauty Bar,Austin,PRV0013,2025-04-21,15:00:00,15,completed,online_booking,2025-04-14,7,,False,Waxing
APT0000821,ORD0000821,CLT00043,BIZ005,Revive Beauty Bar,Austin,PRV0001,2025-06-11,13:30:00,75,completed,phone,2025-06-04,7,,False,Skin
APT0000822,ORD0000822,CLT00043,BIZ005,Revive Beauty Bar,Austin,PRV0002,2025-07-27,16:45:00,60,completed,walk_in,2025-07-24,3,,False,Skin
APT0000823,ORD0000823,CLT00043,BIZ005,Revive Beauty Bar,Austin,PRV0015,2025-09-14,13:30:00,15,completed,phone,2025-09-07,7,,False,Waxing
APT0000824,ORD0000824,CLT00043,BIZ005,Revive Beauty Bar,Austin,PRV0015,2025-11-04,17:00:00,75,completed,app,2025-10-28,7,,False,Skin
APT0000825,ORD0000825,CLT00043,BIZ005,Revive Beauty Bar,Austin,PRV0015,2025-12-20,14:30:00,15,completed,app,2025-12-06,14,,False,Waxing
APT0000826,ORD0000826,CLT00043,BIZ005,Revive Beauty Bar,Austin,PRV0017,2026-02-04,09:00:00,60,completed,phone,2026-01-21,14,,False,Skin
APT0000827,ORD0000827,CLT00043,BIZ005,Revive Beauty Bar,Austin,PRV0019,2026-03-18,10:00:00,15,completed,online_booking,2026-03-15,3,,False,Waxing
APT0000828,ORD0000828,CLT00044,BIZ002,Bloom Salon & Spa,Los Angeles,PRV0001,2024-04-14,18:45:00,30,completed,online_booking,2024-04-11,3,,True,Hair
APT0000829,ORD0000829,CLT00044,BIZ002,Bloom Salon & Spa,Los Angeles,PRV0019,2024-05-09,18:30:00,120,completed,app,2024-05-02,7,,False,Hair
APT0000830,ORD0000830,CLT00044,BIZ002,Bloom Salon & Spa,Los Angeles,PRV0008,2024-06-03,14:30:00,45,completed,app,2024-05-13,21,,False,Waxing
APT0000831,ORD0000831,CLT00044,BIZ002,Bloom Salon & Spa,Los Angeles,PRV0001,2024-06-29,10:45:00,45,completed,walk_in,2024-06-08,21,,False,Waxing
APT0000832,ORD0000832,CLT00044,BIZ002,Bloom Salon & Spa,Los Angeles,PRV0006,2024-07-21,10:00:00,60,completed,referral,2024-07-18,3,,False,Hair
APT0000833,ORD0000833,CLT00044,BIZ002,Bloom Salon & Spa,Los Angeles,PRV0016,2024-08-11,17:30:00,45,completed,phone,2024-07-21,21,,False,Hair
APT0000834,ORD0000834,CLT00044,BIZ002,Bloom Salon & Spa,Los Angeles,PRV0014,2024-08-30,13:00:00,60,completed,phone,2024-08-27,3,,False,Hair
APT0000835,ORD0000835,CLT00044,BIZ002,Bloom Salon & Spa,Los Angeles,PRV0008,2024-09-22,09:15:00,30,completed,app,2024-09-08,14,,False,Waxing
APT0000836,ORD0000836,CLT00044,BIZ002,Bloom Salon & Spa,Los Angeles,PRV0006,2024-10-16,17:15:00,60,completed,phone,2024-10-15,1,,False,Hair
APT0000837,ORD0000837,CLT00044,BIZ002,Bloom Salon & Spa,Los Angeles,PRV0001,2024-11-01,09:30:00,60,completed,walk_in,2024-10-29,3,,False,Hair
APT0000838,ORD0000838,CLT00044,BIZ002,Bloom Salon & Spa,Los Angeles,PRV0014,2024-11-16,12:00:00,45,completed,online_booking,2024-11-13,3,,False,Waxing
APT0000839,ORD0000839,CLT00044,BIZ002,Bloom Salon & Spa,Los Angeles,PRV0011,2024-12-05,13:15:00,30,completed,referral,2024-11-21,14,,False,Waxing
APT0000840,ORD0000840,CLT00044,BIZ002,Bloom Salon & Spa,Los Angeles,PRV0003,2024-12-29,11:15:00,45,completed,online_booking,2024-12-28,1,,False,Waxing
APT0000841,ORD0000841,CLT00044,BIZ002,Bloom Salon & Spa,Los Angeles,PRV0011,2025-01-14,13:15:00,150,completed,walk_in,2025-01-07,7,,False,Hair
APT0000842,ORD0000842,CLT00044,BIZ002,Bloom Salon & Spa,Los Angeles,PRV0002,2025-02-08,09:15:00,150,cancelled,app,2025-01-18,21,weather,False,Hair
APT0000843,ORD0000843,CLT00044,BIZ002,Bloom Salon & Spa,Los Angeles,PRV0007,2025-03-08,16:30:00,15,completed,referral,2025-03-01,7,,False,Waxing
APT0000844,ORD0000844,CLT00044,BIZ002,Bloom Salon & Spa,Los Angeles,PRV0006,2025-04-05,14:30:00,30,completed,phone,2025-03-29,7,,False,Waxing
APT0000845,ORD0000845,CLT00044,BIZ002,Bloom Salon & Spa,Los Angeles,PRV0001,2025-04-26,14:45:00,60,completed,referral,2025-04-25,1,,False,Hair
APT0000846,ORD0000846,CLT00044,BIZ002,Bloom Salon & Spa,Los Angeles,PRV0013,2025-05-17,17:15:00,45,completed,referral,2025-04-26,21,,False,Hair
APT0000847,ORD0000847,CLT00044,BIZ002,Bloom Salon & Spa,Los Angeles,PRV0012,2025-06-04,17:15:00,30,completed,app,2025-05-28,7,,False,Waxing
APT0000848,ORD0000848,CLT00044,BIZ002,Bloom Salon & Spa,Los Angeles,PRV0015,2025-07-01,15:45:00,15,completed,phone,2025-06-10,21,,False,Waxing
APT0000849,ORD0000849,CLT00044,BIZ002,Bloom Salon & Spa,Los Angeles,PRV0014,2025-07-21,10:00:00,60,completed,app,2025-07-14,7,,False,Hair
APT0000850,ORD0000850,CLT00044,BIZ002,Bloom Salon & Spa,Los Angeles,PRV0013,2025-08-14,13:15:00,45,completed,online_booking,2025-08-13,1,,False,Waxing
APT0000851,ORD0000851,CLT00044,BIZ002,Bloom Salon & Spa,Los Angeles,PRV0017,2025-09-09,17:30:00,60,completed,online_booking,2025-09-02,7,,False,Hair
APT0000852,ORD0000852,CLT00044,BIZ002,Bloom Salon & Spa,Los Angeles,PRV0009,2025-09-24,09:45:00,30,completed,online_booking,2025-09-03,21,,False,Waxing
APT0000853,ORD0000853,CLT00044,BIZ002,Bloom Salon & Spa,Los Angeles,PRV0008,2025-10-20,10:30:00,60,completed,walk_in,2025-10-13,7,,False,Hair
APT0000854,ORD0000854,CLT00044,BIZ002,Bloom Salon & Spa,Los Angeles,PRV0001,2025-11-06,14:00:00,45,completed,online_booking,2025-11-03,3,,False,Hair
APT0000855,ORD0000855,CLT00044,BIZ002,Bloom Salon & Spa,Los Angeles,PRV0020,2025-11-30,16:45:00,30,completed,referral,2025-11-16,14,,False,Hair
APT0000856,ORD0000856,CLT00044,BIZ002,Bloom Salon & Spa,Los Angeles,PRV0013,2025-12-23,14:45:00,15,completed,online_booking,2025-12-09,14,,False,Waxing
APT0000857,ORD0000857,CLT00044,BIZ002,Bloom Salon & Spa,Los Angeles,PRV0007,2026-01-13,15:00:00,15,completed,referral,2026-01-06,7,,False,Waxing
APT0000858,ORD0000858,CLT00044,BIZ002,Bloom Salon & Spa,Los Angeles,PRV0008,2026-02-10,14:30:00,15,completed,phone,2026-02-07,3,,False,Waxing
APT0000859,ORD0000859,CLT00044,BIZ002,Bloom Salon & Spa,Los Angeles,PRV0012,2026-03-05,14:45:00,45,completed,app,2026-02-19,14,,False,Waxing
APT0000860,ORD0000860,CLT00044,BIZ002,Bloom Salon & Spa,Los Angeles,PRV0011,2026-03-20,10:45:00,30,completed,referral,2026-03-19,1,,False,Waxing
APT0000861,ORD0000861,CLT00045,BIZ005,Revive Beauty Bar,Austin,PRV0003,2024-05-19,10:15:00,45,completed,online_booking,2024-05-16,3,,True,Skin
APT0000862,ORD0000862,CLT00045,BIZ005,Revive Beauty Bar,Austin,PRV0010,2024-06-20,15:00:00,60,completed,referral,2024-06-17,3,,False,Skin
APT0000863,ORD0000863,CLT00045,BIZ005,Revive Beauty Bar,Austin,PRV0008,2024-07-27,09:45:00,45,completed,app,2024-07-06,21,,False,Skin
APT0000864,ORD0000864,CLT00045,BIZ005,Revive Beauty Bar,Austin,PRV0015,2024-08-27,18:45:00,60,completed,walk_in,2024-08-06,21,,False,Skin
APT0000865,ORD0000865,CLT00045,BIZ005,Revive Beauty Bar,Austin,PRV0009,2024-09-25,13:30:00,45,completed,walk_in,2024-09-04,21,,False,Skin
APT0000866,ORD0000866,CLT00045,BIZ005,Revive Beauty Bar,Austin,PRV0004,2024-10-23,12:15:00,60,completed,referral,2024-10-22,1,,False,Skin
APT0000867,ORD0000867,CLT00045,BIZ005,Revive Beauty Bar,Austin,PRV0015,2024-11-25,17:15:00,60,completed,phone,2024-11-18,7,,False,Skin
APT0000868,ORD0000868,CLT00045,BIZ005,Revive Beauty Bar,Austin,PRV0016,2024-12-25,09:30:00,75,cancelled,app,2024-12-18,7,,False,Skin
APT0000869,ORD0000869,CLT00045,BIZ005,Revive Beauty Bar,Austin,PRV0014,2025-01-24,09:45:00,60,cancelled,app,2025-01-17,7,no_reason_given,False,Skin
APT0000870,ORD0000870,CLT00045,BIZ005,Revive Beauty Bar,Austin,PRV0008,2025-03-05,13:30:00,75,completed,referral,2025-03-02,3,,False,Skin
APT0000871,ORD0000871,CLT00045,BIZ005,Revive Beauty Bar,Austin,PRV0003,2025-04-07,14:00:00,60,completed,referral,2025-04-06,1,,False,Skin
APT0000872,ORD0000872,CLT00045,BIZ005,Revive Beauty Bar,Austin,PRV0016,2025-05-19,11:00:00,45,completed,online_booking,2025-04-28,21,,False,Skin
APT0000873,ORD0000873,CLT00045,BIZ005,Revive Beauty Bar,Austin,PRV0004,2025-06-23,14:15:00,60,completed,phone,2025-06-16,7,,False,Skin
APT0000874,ORD0000874,CLT00045,BIZ005,Revive Beauty Bar,Austin,PRV0011,2025-08-02,14:00:00,75,completed,walk_in,2025-07-30,3,,False,Skin
APT0000875,ORD0000875,CLT00045,BIZ005,Revive Beauty Bar,Austin,PRV0001,2025-09-04,09:00:00,45,no_show,phone,2025-09-03,1,rescheduled,False,Skin
APT0000876,ORD0000876,CLT00046,BIZ005,Revive Beauty Bar,Austin,PRV0018,2024-04-19,18:00:00,45,completed,online_booking,2024-04-16,3,,True,Waxing
APT0000877,ORD0000877,CLT00046,BIZ005,Revive Beauty Bar,Austin,PRV0020,2024-05-10,18:15:00,45,completed,phone,2024-05-03,7,,False,Waxing
APT0000878,ORD0000878,CLT00046,BIZ005,Revive Beauty Bar,Austin,PRV0005,2024-06-07,12:30:00,60,completed,app,2024-06-06,1,,False,Massage
APT0000879,ORD0000879,CLT00046,BIZ005,Revive Beauty Bar,Austin,PRV0017,2024-06-23,18:00:00,60,completed,online_booking,2024-06-02,21,,False,Massage
APT0000880,ORD0000880,CLT00046,BIZ005,Revive Beauty Bar,Austin,PRV0014,2024-07-16,12:30:00,60,completed,walk_in,2024-07-15,1,,False,Massage
APT0000881,ORD0000881,CLT00046,BIZ005,Revive Beauty Bar,Austin,PRV0017,2024-08-04,13:00:00,60,completed,online_booking,2024-07-14,21,,False,Massage
APT0000882,ORD0000882,CLT00046,BIZ005,Revive Beauty Bar,Austin,PRV0013,2024-08-27,09:30:00,30,completed,app,2024-08-20,7,,False,Waxing
APT0000883,ORD0000883,CLT00046,BIZ005,Revive Beauty Bar,Austin,PRV0004,2024-09-12,09:15:00,60,completed,walk_in,2024-09-05,7,,False,Massage
APT0000884,ORD0000884,CLT00046,BIZ005,Revive Beauty Bar,Austin,PRV0013,2024-10-10,09:00:00,15,completed,app,2024-10-03,7,,False,Waxing
APT0000885,ORD0000885,CLT00046,BIZ005,Revive Beauty Bar,Austin,PRV0002,2024-11-03,14:45:00,60,completed,app,2024-10-20,14,,False,Massage
APT0000886,ORD0000886,CLT00046,BIZ005,Revive Beauty Bar,Austin,PRV0001,2024-11-30,13:45:00,60,completed,walk_in,2024-11-23,7,,False,Massage
APT0000887,ORD0000887,CLT00046,BIZ005,Revive Beauty Bar,Austin,PRV0015,2024-12-15,15:00:00,75,completed,app,2024-12-08,7,,False,Massage
APT0000888,ORD0000888,CLT00046,BIZ005,Revive Beauty Bar,Austin,PRV0010,2025-01-03,13:45:00,15,cancelled,referral,2024-12-31,3,,False,Waxing
APT0000889,ORD0000889,CLT00046,BIZ005,Revive Beauty Bar,Austin,PRV0007,2025-01-20,10:45:00,75,completed,online_booking,2025-01-17,3,,False,Massage
APT0000890,ORD0000890,CLT00046,BIZ005,Revive Beauty Bar,Austin,PRV0003,2025-02-11,15:15:00,60,completed,online_booking,2025-02-08,3,,False,Massage
APT0000891,ORD0000891,CLT00046,BIZ005,Revive Beauty Bar,Austin,PRV0011,2025-02-27,12:15:00,60,completed,online_booking,2025-02-20,7,,False,Massage
APT0000892,ORD0000892,CLT00046,BIZ005,Revive Beauty Bar,Austin,PRV0013,2025-03-20,09:45:00,30,completed,app,2025-02-27,21,,False,Waxing
APT0000893,ORD0000893,CLT00046,BIZ005,Revive Beauty Bar,Austin,PRV0008,2025-04-12,16:00:00,30,completed,referral,2025-04-09,3,,False,Waxing
APT0000894,ORD0000894,CLT00046,BIZ005,Revive Beauty Bar,Austin,PRV0020,2025-05-06,17:00:00,15,completed,app,2025-05-03,3,,False,Waxing
APT0000895,ORD0000895,CLT00046,BIZ005,Revive Beauty Bar,Austin,PRV0008,2025-05-23,15:00:00,15,completed,online_booking,2025-05-16,7,,False,Waxing
APT0000896,ORD0000896,CLT00046,BIZ005,Revive Beauty Bar,Austin,PRV0020,2025-06-08,12:45:00,75,completed,phone,2025-06-05,3,,False,Massage
APT0000897,ORD0000897,CLT00046,BIZ005,Revive Beauty Bar,Austin,PRV0009,2025-06-23,11:45:00,75,completed,app,2025-06-20,3,,False,Massage
APT0000898,ORD0000898,CLT00046,BIZ005,Revive Beauty Bar,Austin,PRV0013,2025-07-20,14:15:00,60,completed,walk_in,2025-07-19,1,,False,Massage
APT0000899,ORD0000899,CLT00046,BIZ005,Revive Beauty Bar,Austin,PRV0008,2025-08-08,11:15:00,75,completed,app,2025-08-01,7,,False,Massage
APT0000900,ORD0000900,CLT00046,BIZ005,Revive Beauty Bar,Austin,PRV0010,2025-08-31,15:30:00,60,completed,app,2025-08-17,14,,False,Massage
APT0000901,ORD0000901,CLT00046,BIZ005,Revive Beauty Bar,Austin,PRV0017,2025-09-23,11:45:00,60,cancelled,walk_in,2025-09-20,3,weather,False,Massage
APT0000902,ORD0000902,CLT00046,BIZ005,Revive Beauty Bar,Austin,PRV0019,2025-10-21,11:30:00,15,cancelled,app,2025-10-18,3,weather,False,Waxing
APT0000903,ORD0000903,CLT00046,BIZ005,Revive Beauty Bar,Austin,PRV0016,2025-11-16,12:15:00,60,completed,phone,2025-11-13,3,,False,Massage
APT0000904,ORD0000904,CLT00046,BIZ005,Revive Beauty Bar,Austin,PRV0011,2025-11-30,09:00:00,15,completed,online_booking,2025-11-29,1,,False,Waxing
APT0000905,ORD0000905,CLT00046,BIZ005,Revive Beauty Bar,Austin,PRV0016,2025-12-18,14:45:00,30,completed,phone,2025-12-15,3,,False,Waxing
APT0000906,ORD0000906,CLT00046,BIZ005,Revive Beauty Bar,Austin,PRV0006,2026-01-07,18:45:00,45,no_show,referral,2025-12-31,7,illness,False,Waxing
APT0000907,ORD0000907,CLT00047,BIZ006,Radiance Salon,Seattle,PRV0015,2024-05-03,18:30:00,60,completed,referral,2024-04-19,14,,True,Skin
APT0000908,ORD0000908,CLT00047,BIZ006,Radiance Salon,Seattle,PRV0005,2024-06-14,10:15:00,60,completed,referral,2024-05-31,14,,False,Skin
APT0000909,ORD0000909,CLT00047,BIZ006,Radiance Salon,Seattle,PRV0020,2024-07-14,10:30:00,60,completed,walk_in,2024-06-30,14,,False,Skin
APT0000910,ORD0000910,CLT00047,BIZ006,Radiance Salon,Seattle,PRV0016,2024-08-11,17:00:00,60,completed,phone,2024-08-08,3,,False,Skin
APT0000911,ORD0000911,CLT00047,BIZ006,Radiance Salon,Seattle,PRV0005,2024-09-20,14:00:00,60,cancelled,referral,2024-09-13,7,,False,Skin
APT0000912,ORD0000912,CLT00047,BIZ006,Radiance Salon,Seattle,PRV0013,2024-10-19,16:45:00,45,cancelled,online_booking,2024-10-18,1,personal_emergency,False,Skin
APT0000913,ORD0000913,CLT00047,BIZ006,Radiance Salon,Seattle,PRV0011,2024-11-23,15:45:00,60,completed,app,2024-11-09,14,,False,Skin
APT0000914,ORD0000914,CLT00047,BIZ006,Radiance Salon,Seattle,PRV0017,2025-01-04,10:30:00,60,no_show,online_booking,2024-12-14,21,,False,Skin
APT0000915,ORD0000915,CLT00047,BIZ006,Radiance Salon,Seattle,PRV0012,2025-02-03,10:15:00,75,completed,online_booking,2025-02-02,1,,False,Skin
APT0000916,ORD0000916,CLT00047,BIZ006,Radiance Salon,Seattle,PRV0005,2025-03-13,18:00:00,60,completed,referral,2025-03-10,3,,False,Skin
APT0000917,ORD0000917,CLT00047,BIZ006,Radiance Salon,Seattle,PRV0006,2025-04-11,12:00:00,45,completed,online_booking,2025-04-04,7,,False,Skin
APT0000918,ORD0000918,CLT00047,BIZ006,Radiance Salon,Seattle,PRV0007,2025-05-12,12:45:00,60,completed,walk_in,2025-05-05,7,,False,Skin
APT0000919,ORD0000919,CLT00047,BIZ006,Radiance Salon,Seattle,PRV0005,2025-06-23,12:30:00,75,completed,referral,2025-06-22,1,,False,Skin
APT0000920,ORD0000920,CLT00047,BIZ006,Radiance Salon,Seattle,PRV0020,2025-08-03,15:30:00,60,completed,walk_in,2025-07-31,3,,False,Skin
APT0000921,ORD0000921,CLT00047,BIZ006,Radiance Salon,Seattle,PRV0002,2025-09-11,11:00:00,45,cancelled,online_booking,2025-09-08,3,no_reason_given,False,Skin
APT0000922,ORD0000922,CLT00047,BIZ006,Radiance Salon,Seattle,PRV0015,2025-10-13,15:00:00,60,completed,online_booking,2025-10-12,1,,False,Skin
APT0000923,ORD0000923,CLT00047,BIZ006,Radiance Salon,Seattle,PRV0016,2025-11-21,16:30:00,45,completed,phone,2025-11-07,14,,False,Skin
APT0000924,ORD0000924,CLT00047,BIZ006,Radiance Salon,Seattle,PRV0015,2025-12-26,14:45:00,75,completed,walk_in,2025-12-26,0,,False,Skin
APT0000925,ORD0000925,CLT00047,BIZ006,Radiance Salon,Seattle,PRV0001,2026-02-02,15:45:00,60,completed,app,2026-02-01,1,,False,Skin
APT0000926,ORD0000926,CLT00047,BIZ006,Radiance Salon,Seattle,PRV0004,2026-03-10,11:15:00,60,cancelled,online_booking,2026-03-09,1,forgot,False,Skin
APT0000927,ORD0000927,CLT00048,BIZ009,Glow Studio,Boston,PRV0014,2024-05-24,16:45:00,60,completed,app,2024-05-17,7,,True,Hair
APT0000928,ORD0000928,CLT00048,BIZ009,Glow Studio,Boston,PRV0017,2024-07-20,11:15:00,120,completed,walk_in,2024-07-13,7,,False,Hair
APT0000929,ORD0000929,CLT00048,BIZ009,Glow Studio,Boston,PRV0020,2024-09-13,15:00:00,120,completed,app,2024-09-06,7,,False,Hair
APT0000930,ORD0000930,CLT00048,BIZ009,Glow Studio,Boston,PRV0012,2024-11-11,09:45:00,120,completed,walk_in,2024-11-04,7,,False,Hair
APT0000931,ORD0000931,CLT00048,BIZ009,Glow Studio,Boston,PRV0005,2025-01-10,14:15:00,60,completed,phone,2025-01-07,3,,False,Hair
APT0000932,ORD0000932,CLT00048,BIZ009,Glow Studio,Boston,PRV0011,2025-03-04,16:00:00,60,completed,referral,2025-02-25,7,,False,Hair
APT0000933,ORD0000933,CLT00048,BIZ009,Glow Studio,Boston,PRV0015,2025-04-29,13:00:00,120,completed,walk_in,2025-04-22,7,,False,Hair
APT0000934,ORD0000934,CLT00048,BIZ009,Glow Studio,Boston,PRV0011,2025-06-26,12:00:00,60,completed,phone,2025-06-19,7,,False,Hair
APT0000935,ORD0000935,CLT00048,BIZ009,Glow Studio,Boston,PRV0007,2025-08-22,17:15:00,45,completed,referral,2025-08-15,7,,False,Hair
APT0000936,ORD0000936,CLT00048,BIZ009,Glow Studio,Boston,PRV0009,2025-10-16,09:30:00,60,completed,app,2025-10-13,3,,False,Hair
APT0000937,ORD0000937,CLT00048,BIZ009,Glow Studio,Boston,PRV0018,2025-12-15,16:45:00,45,completed,app,2025-11-24,21,,False,Hair
APT0000938,ORD0000938,CLT00048,BIZ009,Glow Studio,Boston,PRV0019,2026-02-12,13:15:00,120,completed,app,2026-02-05,7,,False,Hair
APT0000939,ORD0000939,CLT00049,BIZ006,Radiance Salon,Seattle,PRV0008,2024-05-01,10:15:00,60,cancelled,online_booking,2024-04-30,1,illness,True,Nails
APT0000940,ORD0000940,CLT00049,BIZ006,Radiance Salon,Seattle,PRV0013,2024-05-26,10:45:00,120,completed,referral,2024-05-23,3,,False,Hair
APT0000941,ORD0000941,CLT00049,BIZ006,Radiance Salon,Seattle,PRV0004,2024-06-20,16:15:00,15,completed,phone,2024-06-06,14,,False,Nails
APT0000942,ORD0000942,CLT00049,BIZ006,Radiance Salon,Seattle,PRV0017,2024-07-04,11:15:00,60,cancelled,phone,2024-06-20,14,weather,False,Nails
APT0000943,ORD0000943,CLT00049,BIZ006,Radiance Salon,Seattle,PRV0016,2024-07-26,09:30:00,45,completed,online_booking,2024-07-19,7,,False,Hair
APT0000944,ORD0000944,CLT00049,BIZ006,Radiance Salon,Seattle,PRV0003,2024-08-23,09:30:00,15,cancelled,referral,2024-08-16,7,weather,False,Nails
APT0000945,ORD0000945,CLT00049,BIZ006,Radiance Salon,Seattle,PRV0018,2024-09-06,12:15:00,120,completed,online_booking,2024-09-05,1,,False,Hair
APT0000946,ORD0000946,CLT00049,BIZ006,Radiance Salon,Seattle,PRV0011,2024-09-29,18:30:00,120,completed,app,2024-09-15,14,,False,Hair
APT0000947,ORD0000947,CLT00049,BIZ006,Radiance Salon,Seattle,PRV0007,2024-10-25,17:45:00,30,completed,app,2024-10-04,21,,False,Hair
APT0000948,ORD0000948,CLT00049,BIZ006,Radiance Salon,Seattle,PRV0012,2024-11-17,12:30:00,15,completed,walk_in,2024-11-14,3,,False,Nails
APT0000949,ORD0000949,CLT00049,BIZ006,Radiance Salon,Seattle,PRV0007,2024-12-06,11:30:00,15,cancelled,walk_in,2024-12-03,3,schedule_conflict,False,Nails
APT0000950,ORD0000950,CLT00049,BIZ006,Radiance Salon,Seattle,PRV0016,2024-12-24,18:15:00,150,completed,walk_in,2024-12-03,21,,False,Hair
APT0000951,ORD0000951,CLT00049,BIZ006,Radiance Salon,Seattle,PRV0001,2025-01-17,09:00:00,15,completed,phone,2025-01-17,0,,False,Nails
APT0000952,ORD0000952,CLT00049,BIZ006,Radiance Salon,Seattle,PRV0003,2025-01-31,15:30:00,30,cancelled,phone,2025-01-24,7,weather,False,Nails
APT0000953,ORD0000953,CLT00049,BIZ006,Radiance Salon,Seattle,PRV0009,2025-02-26,13:15:00,150,cancelled,walk_in,2025-02-12,14,schedule_conflict,False,Hair
APT0000954,ORD0000954,CLT00049,BIZ006,Radiance Salon,Seattle,PRV0006,2025-03-25,09:45:00,30,completed,online_booking,2025-03-18,7,,False,Nails
APT0000955,ORD0000955,CLT00049,BIZ006,Radiance Salon,Seattle,PRV0003,2025-04-17,11:15:00,120,cancelled,walk_in,2025-04-10,7,,False,Hair
APT0000956,ORD0000956,CLT00049,BIZ006,Radiance Salon,Seattle,PRV0001,2025-05-06,15:15:00,30,cancelled,referral,2025-04-22,14,personal_emergency,False,Hair
APT0000957,ORD0000957,CLT00049,BIZ006,Radiance Salon,Seattle,PRV0007,2025-05-22,13:45:00,30,completed,phone,2025-05-08,14,,False,Nails
APT0000958,ORD0000958,CLT00049,BIZ006,Radiance Salon,Seattle,PRV0008,2025-06-11,15:45:00,60,cancelled,online_booking,2025-05-28,14,schedule_conflict,False,Hair
APT0000959,ORD0000959,CLT00049,BIZ006,Radiance Salon,Seattle,PRV0012,2025-06-30,16:15:00,120,no_show,phone,2025-06-23,7,rescheduled,False,Hair
APT0000960,ORD0000960,CLT00049,BIZ006,Radiance Salon,Seattle,PRV0012,2025-07-24,11:45:00,45,completed,walk_in,2025-07-21,3,,False,Nails
APT0000961,ORD0000961,CLT00049,BIZ006,Radiance Salon,Seattle,PRV0020,2025-08-13,15:00:00,150,completed,phone,2025-08-10,3,,False,Hair
APT0000962,ORD0000962,CLT00049,BIZ006,Radiance Salon,Seattle,PRV0017,2025-09-06,09:30:00,60,completed,app,2025-08-30,7,,False,Hair
APT0000963,ORD0000963,CLT00049,BIZ006,Radiance Salon,Seattle,PRV0017,2025-09-20,15:00:00,45,completed,referral,2025-09-17,3,,False,Nails
APT0000964,ORD0000964,CLT00049,BIZ006,Radiance Salon,Seattle,PRV0011,2025-10-12,16:00:00,45,completed,phone,2025-09-28,14,,False,Nails
APT0000965,ORD0000965,CLT00049,BIZ006,Radiance Salon,Seattle,PRV0015,2025-11-01,10:15:00,15,completed,app,2025-10-29,3,,False,Nails
APT0000966,ORD0000966,CLT00049,BIZ006,Radiance Salon,Seattle,PRV0013,2025-11-26,13:15:00,60,completed,phone,2025-11-25,1,,False,Nails
APT0000967,ORD0000967,CLT00049,BIZ006,Radiance Salon,Seattle,PRV0009,2025-12-23,10:00:00,30,cancelled,walk_in,2025-12-20,3,illness,False,Nails
APT0000968,ORD0000968,CLT00049,BIZ006,Radiance Salon,Seattle,PRV0011,2026-01-11,09:30:00,60,completed,walk_in,2026-01-04,7,,False,Nails
APT0000969,ORD0000969,CLT00049,BIZ006,Radiance Salon,Seattle,PRV0009,2026-01-27,14:00:00,60,completed,walk_in,2026-01-20,7,,False,Nails
APT0000970,ORD0000970,CLT00049,BIZ006,Radiance Salon,Seattle,PRV0013,2026-02-15,16:00:00,150,completed,online_booking,2026-02-01,14,,False,Hair
APT0000971,ORD0000971,CLT00050,BIZ001,Luxe Hair Studio,San Francisco,PRV0017,2024-04-22,11:00:00,60,completed,walk_in,2024-04-21,1,,True,Hair
APT0000972,ORD0000972,CLT00050,BIZ001,Luxe Hair Studio,San Francisco,PRV0015,2024-05-25,16:15:00,75,completed,phone,2024-05-18,7,,False,Massage
APT0000973,ORD0000973,CLT00050,BIZ001,Luxe Hair Studio,San Francisco,PRV0002,2024-06-22,11:45:00,60,completed,phone,2024-06-08,14,,False,Massage
APT0000974,ORD0000974,CLT00050,BIZ001,Luxe Hair Studio,San Francisco,PRV0015,2024-07-27,18:00:00,60,completed,walk_in,2024-07-06,21,,False,Massage
APT0000975,ORD0000975,CLT00050,BIZ001,Luxe Hair Studio,San Francisco,PRV0014,2024-09-02,09:30:00,150,completed,referral,2024-08-30,3,,False,Hair
APT0000976,ORD0000976,CLT00050,BIZ001,Luxe Hair Studio,San Francisco,PRV0018,2024-10-03,12:45:00,60,completed,phone,2024-09-26,7,,False,Massage
APT0000977,ORD0000977,CLT00050,BIZ001,Luxe Hair Studio,San Francisco,PRV0012,2024-11-05,15:00:00,60,completed,online_booking,2024-10-29,7,,False,Massage
APT0000978,ORD0000978,CLT00050,BIZ001,Luxe Hair Studio,San Francisco,PRV0006,2024-12-14,12:00:00,60,completed,walk_in,2024-12-07,7,,False,Massage
APT0000979,ORD0000979,CLT00050,BIZ001,Luxe Hair Studio,San Francisco,PRV0014,2025-01-17,11:15:00,120,completed,phone,2025-01-16,1,,False,Hair
APT0000980,ORD0000980,CLT00050,BIZ001,Luxe Hair Studio,San Francisco,PRV0016,2025-02-21,12:15:00,45,completed,referral,2025-02-07,14,,False,Hair
APT0000981,ORD0000981,CLT00050,BIZ001,Luxe Hair Studio,San Francisco,PRV0012,2025-03-22,11:00:00,120,cancelled,phone,2025-03-15,7,illness,False,Hair
APT0000982,ORD0000982,CLT00050,BIZ001,Luxe Hair Studio,San Francisco,PRV0018,2025-05-03,14:30:00,120,completed,referral,2025-04-19,14,,False,Hair
APT0000983,ORD0000983,CLT00050,BIZ001,Luxe Hair Studio,San Francisco,PRV0009,2025-06-10,14:00:00,60,completed,phone,2025-06-03,7,,False,Massage
APT0000984,ORD0000984,CLT00050,BIZ001,Luxe Hair Studio,San Francisco,PRV0009,2025-07-19,15:30:00,60,completed,referral,2025-07-12,7,,False,Hair
APT0000985,ORD0000985,CLT00050,BIZ001,Luxe Hair Studio,San Francisco,PRV0007,2025-08-29,17:30:00,60,completed,walk_in,2025-08-26,3,,False,Hair
APT0000986,ORD0000986,CLT00050,BIZ001,Luxe Hair Studio,San Francisco,PRV0018,2025-10-07,13:45:00,120,completed,phone,2025-09-30,7,,False,Hair
APT0000987,ORD0000987,CLT00050,BIZ001,Luxe Hair Studio,San Francisco,PRV0017,2025-11-07,16:30:00,30,cancelled,referral,2025-10-17,21,no_reason_given,False,Hair
APT0000988,ORD0000988,CLT00050,BIZ001,Luxe Hair Studio,San Francisco,PRV0016,2025-12-06,16:00:00,60,completed,walk_in,2025-11-15,21,,False,Hair
APT0000989,ORD0000989,CLT00050,BIZ001,Luxe Hair Studio,San Francisco,PRV0001,2026-01-04,18:00:00,60,completed,online_booking,2025-12-21,14,,False,Massage
APT0000990,ORD0000990,CLT00050,BIZ001,Luxe Hair Studio,San Francisco,PRV0008,2026-02-09,18:30:00,60,completed,app,2026-02-09,0,,False,Hair
APT0000991,ORD0000991,CLT00051,BIZ007,The Beauty Loft,Miami,PRV0004,2024-06-16,12:30:00,45,completed,online_booking,2024-06-15,1,,True,Skin
APT0000992,ORD0000992,CLT00051,BIZ007,The Beauty Loft,Miami,PRV0015,2024-09-10,15:45:00,75,completed,app,2024-08-27,14,,False,Skin
APT0000993,ORD0000993,CLT00051,BIZ007,The Beauty Loft,Miami,PRV0012,2024-12-08,16:15:00,60,cancelled,app,2024-12-01,7,,False,Skin
APT0000994,ORD0000994,CLT00051,BIZ007,The Beauty Loft,Miami,PRV0012,2025-03-14,12:30:00,15,completed,walk_in,2025-03-11,3,,False,Waxing
APT0000995,ORD0000995,CLT00051,BIZ007,The Beauty Loft,Miami,PRV0001,2025-06-08,10:45:00,60,completed,walk_in,2025-06-01,7,,False,Skin
APT0000996,ORD0000996,CLT00051,BIZ007,The Beauty Loft,Miami,PRV0009,2025-08-31,13:30:00,60,completed,walk_in,2025-08-28,3,,False,Skin
APT0000997,ORD0000997,CLT00051,BIZ007,The Beauty Loft,Miami,PRV0006,2025-11-23,12:00:00,15,completed,online_booking,2025-11-20,3,,False,Waxing
APT0000998,ORD0000998,CLT00052,BIZ007,The Beauty Loft,Miami,PRV0018,2024-05-11,11:30:00,120,completed,walk_in,2024-04-27,14,,True,Hair
APT0000999,ORD0000999,CLT00052,BIZ007,The Beauty Loft,Miami,PRV0015,2024-06-09,11:00:00,30,completed,referral,2024-06-06,3,,False,Hair
APT0001000,ORD0001000,CLT00052,BIZ007,The Beauty Loft,Miami,PRV0017,2024-07-20,17:00:00,60,cancelled,referral,2024-07-06,14,forgot,False,Hair
APT0001001,ORD0001001,CLT00052,BIZ007,The Beauty Loft,Miami,PRV0008,2024-08-20,11:15:00,45,completed,referral,2024-08-20,0,,False,Hair
APT0001002,ORD0001002,CLT00052,BIZ007,The Beauty Loft,Miami,PRV0003,2024-09-18,11:00:00,75,completed,walk_in,2024-09-11,7,,False,Skin
APT0001003,ORD0001003,CLT00052,BIZ007,The Beauty Loft,Miami,PRV0017,2024-10-24,17:45:00,45,completed,phone,2024-10-21,3,,False,Skin
APT0001004,ORD0001004,CLT00052,BIZ007,The Beauty Loft,Miami,PRV0002,2024-11-23,16:15:00,45,completed,app,2024-11-22,1,,False,Skin
APT0001005,ORD0001005,CLT00052,BIZ007,The Beauty Loft,Miami,PRV0007,2024-12-25,14:45:00,60,completed,online_booking,2024-12-22,3,,False,Skin
APT0001006,ORD0001006,CLT00052,BIZ007,The Beauty Loft,Miami,PRV0008,2025-01-28,11:00:00,150,completed,walk_in,2025-01-25,3,,False,Hair
APT0001007,ORD0001007,CLT00052,BIZ007,The Beauty Loft,Miami,PRV0004,2025-02-28,12:15:00,45,completed,phone,2025-02-07,21,,False,Hair
APT0001008,ORD0001008,CLT00052,BIZ007,The Beauty Loft,Miami,PRV0002,2025-03-30,17:45:00,60,completed,walk_in,2025-03-27,3,,False,Skin
APT0001009,ORD0001009,CLT00052,BIZ007,The Beauty Loft,Miami,PRV0002,2025-05-11,17:30:00,30,completed,online_booking,2025-05-10,1,,False,Hair
APT0001010,ORD0001010,CLT00052,BIZ007,The Beauty Loft,Miami,PRV0010,2025-06-21,18:30:00,60,completed,phone,2025-06-14,7,,False,Skin
APT0001011,ORD0001011,CLT00052,BIZ007,The Beauty Loft,Miami,PRV0005,2025-07-23,17:00:00,60,completed,walk_in,2025-07-23,0,,False,Skin
APT0001012,ORD0001012,CLT00052,BIZ007,The Beauty Loft,Miami,PRV0009,2025-08-26,10:45:00,75,completed,walk_in,2025-08-05,21,,False,Skin
APT0001013,ORD0001013,CLT00052,BIZ007,The Beauty Loft,Miami,PRV0007,2025-10-06,15:30:00,45,completed,online_booking,2025-09-22,14,,False,Hair
APT0001014,ORD0001014,CLT00052,BIZ007,The Beauty Loft,Miami,PRV0003,2025-11-05,16:00:00,45,completed,walk_in,2025-11-04,1,,False,Hair
APT0001015,ORD0001015,CLT00052,BIZ007,The Beauty Loft,Miami,PRV0017,2025-12-07,14:30:00,60,completed,app,2025-11-30,7,,False,Skin
APT0001016,ORD0001016,CLT00052,BIZ007,The Beauty Loft,Miami,PRV0016,2026-01-06,09:45:00,45,completed,phone,2026-01-03,3,,False,Skin
APT0001017,ORD0001017,CLT00052,BIZ007,The Beauty Loft,Miami,PRV0005,2026-02-10,13:00:00,60,completed,referral,2026-02-07,3,,False,Skin
APT0001018,ORD0001018,CLT00053,BIZ004,Serenity Spa,Chicago,PRV0010,2024-04-20,14:00:00,60,completed,app,2024-04-17,3,,True,Skin
APT0001019,ORD0001019,CLT00053,BIZ004,Serenity Spa,Chicago,PRV0011,2024-05-10,12:15:00,45,completed,app,2024-05-07,3,,False,Hair
APT0001020,ORD0001020,CLT00053,BIZ004,Serenity Spa,Chicago,PRV0016,2024-06-06,17:45:00,30,completed,online_booking,2024-06-06,0,,False,Hair
APT0001021,ORD0001021,CLT00053,BIZ004,Serenity Spa,Chicago,PRV0012,2024-06-26,13:30:00,30,completed,referral,2024-06-26,0,,False,Hair
APT0001022,ORD0001022,CLT00053,BIZ004,Serenity Spa,Chicago,PRV0013,2024-07-16,12:15:00,30,completed,walk_in,2024-07-02,14,,False,Hair
APT0001023,ORD0001023,CLT00053,BIZ004,Serenity Spa,Chicago,PRV0006,2024-07-30,16:30:00,60,completed,referral,2024-07-29,1,,False,Hair
APT0001024,ORD0001024,CLT00053,BIZ004,Serenity Spa,Chicago,PRV0017,2024-08-27,16:30:00,60,completed,phone,2024-08-20,7,,False,Skin
APT0001025,ORD0001025,CLT00053,BIZ004,Serenity Spa,Chicago,PRV0003,2024-09-24,11:00:00,60,completed,online_booking,2024-09-17,7,,False,Skin
APT0001026,ORD0001026,CLT00053,BIZ004,Serenity Spa,Chicago,PRV0016,2024-10-13,18:15:00,120,completed,walk_in,2024-10-06,7,,False,Hair
APT0001027,ORD0001027,CLT00053,BIZ004,Serenity Spa,Chicago,PRV0013,2024-11-08,14:15:00,75,completed,app,2024-11-01,7,,False,Skin
APT0001028,ORD0001028,CLT00053,BIZ004,Serenity Spa,Chicago,PRV0015,2024-11-23,15:30:00,60,completed,app,2024-11-16,7,,False,Hair
APT0001029,ORD0001029,CLT00053,BIZ004,Serenity Spa,Chicago,PRV0014,2024-12-17,11:30:00,45,completed,online_booking,2024-12-16,1,,False,Skin
APT0001030,ORD0001030,CLT00053,BIZ004,Serenity Spa,Chicago,PRV0014,2025-01-14,12:15:00,120,completed,online_booking,2024-12-24,21,,False,Hair
APT0001031,ORD0001031,CLT00053,BIZ004,Serenity Spa,Chicago,PRV0007,2025-02-04,17:15:00,60,cancelled,app,2025-01-21,14,,False,Skin
APT0001032,ORD0001032,CLT00053,BIZ004,Serenity Spa,Chicago,PRV0014,2025-02-27,17:15:00,45,completed,online_booking,2025-02-24,3,,False,Skin
APT0001033,ORD0001033,CLT00053,BIZ004,Serenity Spa,Chicago,PRV0016,2025-03-15,18:00:00,60,completed,walk_in,2025-03-15,0,,False,Skin
APT0001034,ORD0001034,CLT00053,BIZ004,Serenity Spa,Chicago,PRV0019,2025-04-01,09:15:00,45,completed,phone,2025-03-29,3,,False,Skin
APT0001035,ORD0001035,CLT00053,BIZ004,Serenity Spa,Chicago,PRV0001,2025-04-16,13:45:00,45,cancelled,referral,2025-03-26,21,schedule_conflict,False,Hair
APT0001036,ORD0001036,CLT00053,BIZ004,Serenity Spa,Chicago,PRV0018,2025-05-04,18:15:00,45,completed,referral,2025-04-27,7,,False,Skin
APT0001037,ORD0001037,CLT00053,BIZ004,Serenity Spa,Chicago,PRV0011,2025-05-23,15:00:00,75,completed,app,2025-05-20,3,,False,Skin
APT0001038,ORD0001038,CLT00053,BIZ004,Serenity Spa,Chicago,PRV0007,2025-06-15,11:45:00,150,completed,app,2025-06-12,3,,False,Hair
APT0001039,ORD0001039,CLT00053,BIZ004,Serenity Spa,Chicago,PRV0003,2025-07-05,09:15:00,30,completed,phone,2025-06-21,14,,False,Hair
APT0001040,ORD0001040,CLT00053,BIZ004,Serenity Spa,Chicago,PRV0012,2025-07-25,13:00:00,45,completed,online_booking,2025-07-18,7,,False,Skin
APT0001041,ORD0001041,CLT00053,BIZ004,Serenity Spa,Chicago,PRV0006,2025-08-19,10:00:00,120,completed,app,2025-08-05,14,,False,Hair
APT0001042,ORD0001042,CLT00053,BIZ004,Serenity Spa,Chicago,PRV0017,2025-09-08,15:00:00,60,cancelled,walk_in,2025-08-25,14,personal_emergency,False,Skin
APT0001043,ORD0001043,CLT00053,BIZ004,Serenity Spa,Chicago,PRV0008,2025-09-27,18:00:00,60,completed,walk_in,2025-09-20,7,,False,Hair
APT0001044,ORD0001044,CLT00053,BIZ004,Serenity Spa,Chicago,PRV0012,2025-10-19,14:00:00,30,cancelled,phone,2025-10-19,0,weather,False,Hair
APT0001045,ORD0001045,CLT00053,BIZ004,Serenity Spa,Chicago,PRV0004,2025-11-10,10:15:00,60,completed,referral,2025-10-27,14,,False,Skin
APT0001046,ORD0001046,CLT00053,BIZ004,Serenity Spa,Chicago,PRV0020,2025-12-05,14:00:00,45,completed,online_booking,2025-11-28,7,,False,Skin
APT0001047,ORD0001047,CLT00053,BIZ004,Serenity Spa,Chicago,PRV0009,2025-12-20,13:15:00,60,cancelled,walk_in,2025-12-19,1,illness,False,Skin
APT0001048,ORD0001048,CLT00053,BIZ004,Serenity Spa,Chicago,PRV0003,2026-01-17,10:30:00,120,completed,walk_in,2026-01-14,3,,False,Hair
APT0001049,ORD0001049,CLT00053,BIZ004,Serenity Spa,Chicago,PRV0012,2026-02-02,17:00:00,75,completed,online_booking,2026-01-19,14,,False,Skin
APT0001050,ORD0001050,CLT00053,BIZ004,Serenity Spa,Chicago,PRV0009,2026-03-02,12:00:00,120,completed,phone,2026-02-16,14,,False,Hair
APT0001051,ORD0001051,CLT00053,BIZ004,Serenity Spa,Chicago,PRV0010,2026-03-23,15:00:00,45,completed,walk_in,2026-03-22,1,,False,Skin
APT0001052,ORD0001052,CLT00054,BIZ004,Serenity Spa,Chicago,PRV0001,2024-05-12,18:00:00,60,completed,walk_in,2024-05-11,1,,True,Massage
APT0001053,ORD0001053,CLT00054,BIZ004,Serenity Spa,Chicago,PRV0016,2024-06-17,18:15:00,60,cancelled,referral,2024-06-03,14,,False,Massage
APT0001054,ORD0001054,CLT00054,BIZ004,Serenity Spa,Chicago,PRV0017,2024-07-24,15:15:00,60,completed,phone,2024-07-17,7,,False,Massage
APT0001055,ORD0001055,CLT00054,BIZ004,Serenity Spa,Chicago,PRV0009,2024-08-23,10:45:00,45,completed,referral,2024-08-09,14,,False,Nails
APT0001056,ORD0001056,CLT00054,BIZ004,Serenity Spa,Chicago,PRV0008,2024-09-24,18:00:00,45,completed,app,2024-09-10,14,,False,Nails
APT0001057,ORD0001057,CLT00054,BIZ004,Serenity Spa,Chicago,PRV0007,2024-10-23,10:00:00,60,completed,online_booking,2024-10-20,3,,False,Massage
APT0001058,ORD0001058,CLT00054,BIZ004,Serenity Spa,Chicago,PRV0017,2024-11-28,15:45:00,60,completed,phone,2024-11-25,3,,False,Massage
APT0001059,ORD0001059,CLT00054,BIZ004,Serenity Spa,Chicago,PRV0016,2025-01-01,12:45:00,45,completed,phone,2024-12-25,7,,False,Nails
APT0001060,ORD0001060,CLT00054,BIZ004,Serenity Spa,Chicago,PRV0004,2025-02-03,12:45:00,60,completed,phone,2025-01-27,7,,False,Massage
APT0001061,ORD0001061,CLT00054,BIZ004,Serenity Spa,Chicago,PRV0007,2025-03-15,12:45:00,15,cancelled,phone,2025-03-12,3,,False,Nails
APT0001062,ORD0001062,CLT00054,BIZ004,Serenity Spa,Chicago,PRV0001,2025-04-19,16:15:00,60,completed,app,2025-04-12,7,,False,Nails
APT0001063,ORD0001063,CLT00054,BIZ004,Serenity Spa,Chicago,PRV0009,2025-05-17,13:00:00,60,completed,referral,2025-05-14,3,,False,Massage
APT0001064,ORD0001064,CLT00054,BIZ004,Serenity Spa,Chicago,PRV0016,2025-06-21,12:15:00,60,completed,referral,2025-06-18,3,,False,Massage
APT0001065,ORD0001065,CLT00054,BIZ004,Serenity Spa,Chicago,PRV0010,2025-08-02,11:00:00,15,completed,walk_in,2025-07-26,7,,False,Nails
APT0001066,ORD0001066,CLT00054,BIZ004,Serenity Spa,Chicago,PRV0020,2025-08-31,15:45:00,15,completed,app,2025-08-28,3,,False,Nails
APT0001067,ORD0001067,CLT00054,BIZ004,Serenity Spa,Chicago,PRV0003,2025-09-28,15:00:00,45,completed,online_booking,2025-09-21,7,,False,Nails
APT0001068,ORD0001068,CLT00054,BIZ004,Serenity Spa,Chicago,PRV0005,2025-11-04,17:45:00,15,completed,app,2025-11-03,1,,False,Nails
APT0001069,ORD0001069,CLT00054,BIZ004,Serenity Spa,Chicago,PRV0007,2025-12-03,18:45:00,60,completed,online_booking,2025-11-30,3,,False,Massage
APT0001070,ORD0001070,CLT00054,BIZ004,Serenity Spa,Chicago,PRV0007,2026-01-01,09:45:00,60,late_cancel,walk_in,2025-12-25,7,no_reason_given,False,Massage
APT0001071,ORD0001071,CLT00055,BIZ004,Serenity Spa,Chicago,PRV0010,2024-04-11,12:15:00,150,completed,walk_in,2024-03-28,14,,True,Hair
APT0001072,ORD0001072,CLT00055,BIZ004,Serenity Spa,Chicago,PRV0005,2024-04-28,13:45:00,150,completed,online_booking,2024-04-25,3,,False,Hair
APT0001073,ORD0001073,CLT00055,BIZ004,Serenity Spa,Chicago,PRV0007,2024-05-14,10:15:00,150,completed,online_booking,2024-05-11,3,,False,Hair
APT0001074,ORD0001074,CLT00055,BIZ004,Serenity Spa,Chicago,PRV0015,2024-06-10,17:15:00,45,completed,walk_in,2024-05-20,21,,False,Hair
APT0001075,ORD0001075,CLT00055,BIZ004,Serenity Spa,Chicago,PRV0013,2024-06-26,09:15:00,120,completed,phone,2024-06-19,7,,False,Hair
APT0001076,ORD0001076,CLT00055,BIZ004,Serenity Spa,Chicago,PRV0018,2024-07-13,12:00:00,60,completed,walk_in,2024-06-22,21,,False,Hair
APT0001077,ORD0001077,CLT00055,BIZ004,Serenity Spa,Chicago,PRV0002,2024-07-31,11:15:00,120,completed,referral,2024-07-17,14,,False,Hair
APT0001078,ORD0001078,CLT00055,BIZ004,Serenity Spa,Chicago,PRV0018,2024-08-24,13:30:00,120,completed,app,2024-08-23,1,,False,Hair
APT0001079,ORD0001079,CLT00055,BIZ004,Serenity Spa,Chicago,PRV0003,2024-09-07,18:45:00,150,completed,walk_in,2024-08-31,7,,False,Hair
APT0001080,ORD0001080,CLT00055,BIZ004,Serenity Spa,Chicago,PRV0002,2024-09-30,14:00:00,60,completed,online_booking,2024-09-09,21,,False,Hair
APT0001081,ORD0001081,CLT00055,BIZ004,Serenity Spa,Chicago,PRV0003,2024-10-24,18:00:00,30,completed,app,2024-10-10,14,,False,Hair
APT0001082,ORD0001082,CLT00055,BIZ004,Serenity Spa,Chicago,PRV0005,2024-11-08,18:00:00,30,completed,phone,2024-11-01,7,,False,Hair
APT0001083,ORD0001083,CLT00055,BIZ004,Serenity Spa,Chicago,PRV0020,2024-12-03,17:15:00,60,completed,referral,2024-12-02,1,,False,Hair
APT0001084,ORD0001084,CLT00055,BIZ004,Serenity Spa,Chicago,PRV0011,2024-12-17,18:00:00,60,completed,walk_in,2024-12-14,3,,False,Hair
APT0001085,ORD0001085,CLT00055,BIZ004,Serenity Spa,Chicago,PRV0011,2025-01-02,15:30:00,30,completed,online_booking,2024-12-19,14,,False,Hair
APT0001086,ORD0001086,CLT00055,BIZ004,Serenity Spa,Chicago,PRV0011,2025-01-27,13:15:00,120,completed,phone,2025-01-24,3,,False,Hair
APT0001087,ORD0001087,CLT00055,BIZ004,Serenity Spa,Chicago,PRV0007,2025-02-18,09:45:00,150,cancelled,app,2025-02-11,7,schedule_conflict,False,Hair
APT0001088,ORD0001088,CLT00055,BIZ004,Serenity Spa,Chicago,PRV0001,2025-03-11,18:30:00,120,completed,referral,2025-03-04,7,,False,Hair
APT0001089,ORD0001089,CLT00055,BIZ004,Serenity Spa,Chicago,PRV0009,2025-04-06,10:45:00,60,cancelled,referral,2025-03-23,14,no_reason_given,False,Hair
APT0001090,ORD0001090,CLT00055,BIZ004,Serenity Spa,Chicago,PRV0006,2025-04-25,13:30:00,120,completed,referral,2025-04-18,7,,False,Hair
APT0001091,ORD0001091,CLT00055,BIZ004,Serenity Spa,Chicago,PRV0009,2025-05-23,10:45:00,45,completed,app,2025-05-22,1,,False,Hair
APT0001092,ORD0001092,CLT00055,BIZ004,Serenity Spa,Chicago,PRV0010,2025-06-11,13:45:00,120,completed,app,2025-06-04,7,,False,Hair
APT0001093,ORD0001093,CLT00055,BIZ004,Serenity Spa,Chicago,PRV0010,2025-07-06,12:00:00,150,completed,phone,2025-06-29,7,,False,Hair
APT0001094,ORD0001094,CLT00055,BIZ004,Serenity Spa,Chicago,PRV0006,2025-07-26,13:00:00,60,completed,walk_in,2025-07-12,14,,False,Hair
APT0001095,ORD0001095,CLT00055,BIZ004,Serenity Spa,Chicago,PRV0016,2025-08-09,09:00:00,120,completed,walk_in,2025-07-26,14,,False,Hair
APT0001096,ORD0001096,CLT00055,BIZ004,Serenity Spa,Chicago,PRV0009,2025-08-27,12:15:00,60,completed,phone,2025-08-26,1,,False,Hair
APT0001097,ORD0001097,CLT00055,BIZ004,Serenity Spa,Chicago,PRV0007,2025-09-19,13:15:00,30,completed,app,2025-09-12,7,,False,Hair
APT0001098,ORD0001098,CLT00055,BIZ004,Serenity Spa,Chicago,PRV0005,2025-10-17,15:15:00,120,completed,online_booking,2025-10-10,7,,False,Hair
APT0001099,ORD0001099,CLT00055,BIZ004,Serenity Spa,Chicago,PRV0016,2025-11-03,10:15:00,120,cancelled,app,2025-10-31,3,weather,False,Hair
APT0001100,ORD0001100,CLT00055,BIZ004,Serenity Spa,Chicago,PRV0002,2025-11-26,09:45:00,45,completed,online_booking,2025-11-05,21,,False,Hair
APT0001101,ORD0001101,CLT00055,BIZ004,Serenity Spa,Chicago,PRV0017,2025-12-18,10:45:00,60,completed,walk_in,2025-11-27,21,,False,Hair
APT0001102,ORD0001102,CLT00055,BIZ004,Serenity Spa,Chicago,PRV0011,2026-01-02,09:00:00,60,completed,walk_in,2026-01-02,0,,False,Hair
APT0001103,ORD0001103,CLT00055,BIZ004,Serenity Spa,Chicago,PRV0020,2026-01-17,13:30:00,120,completed,online_booking,2026-01-10,7,,False,Hair
APT0001104,ORD0001104,CLT00055,BIZ004,Serenity Spa,Chicago,PRV0003,2026-02-05,11:00:00,45,completed,phone,2026-01-22,14,,False,Hair
APT0001105,ORD0001105,CLT00055,BIZ004,Serenity Spa,Chicago,PRV0011,2026-03-05,15:45:00,30,completed,online_booking,2026-03-02,3,,False,Hair
APT0001106,ORD0001106,CLT00056,BIZ007,The Beauty Loft,Miami,PRV0001,2024-04-13,09:30:00,60,completed,phone,2024-04-10,3,,True,Massage
APT0001107,ORD0001107,CLT00056,BIZ007,The Beauty Loft,Miami,PRV0012,2024-05-22,09:15:00,60,completed,walk_in,2024-05-08,14,,False,Skin
APT0001108,ORD0001108,CLT00056,BIZ007,The Beauty Loft,Miami,PRV0017,2024-06-19,09:45:00,75,completed,referral,2024-06-16,3,,False,Skin
APT0001109,ORD0001109,CLT00056,BIZ007,The Beauty Loft,Miami,PRV0002,2024-07-31,13:30:00,45,completed,online_booking,2024-07-24,7,,False,Skin
APT0001110,ORD0001110,CLT00056,BIZ007,The Beauty Loft,Miami,PRV0014,2024-09-01,17:15:00,60,completed,online_booking,2024-08-25,7,,False,Skin
APT0001111,ORD0001111,CLT00056,BIZ007,The Beauty Loft,Miami,PRV0010,2024-09-30,10:30:00,45,completed,referral,2024-09-23,7,,False,Skin
APT0001112,ORD0001112,CLT00056,BIZ007,The Beauty Loft,Miami,PRV0018,2024-10-29,15:30:00,60,completed,referral,2024-10-22,7,,False,Massage
APT0001113,ORD0001113,CLT00056,BIZ007,The Beauty Loft,Miami,PRV0017,2024-12-02,13:00:00,60,completed,phone,2024-11-25,7,,False,Massage
APT0001114,ORD0001114,CLT00056,BIZ007,The Beauty Loft,Miami,PRV0005,2025-01-04,12:30:00,75,completed,walk_in,2024-12-21,14,,False,Skin
APT0001115,ORD0001115,CLT00056,BIZ007,The Beauty Loft,Miami,PRV0014,2025-02-06,10:45:00,45,completed,online_booking,2025-02-03,3,,False,Skin
APT0001116,ORD0001116,CLT00056,BIZ007,The Beauty Loft,Miami,PRV0001,2025-03-10,09:30:00,45,completed,phone,2025-02-24,14,,False,Skin
APT0001117,ORD0001117,CLT00056,BIZ007,The Beauty Loft,Miami,PRV0014,2025-04-14,14:15:00,75,cancelled,phone,2025-04-11,3,forgot,False,Massage
APT0001118,ORD0001118,CLT00056,BIZ007,The Beauty Loft,Miami,PRV0007,2025-05-15,15:00:00,45,completed,online_booking,2025-05-12,3,,False,Skin
APT0001119,ORD0001119,CLT00056,BIZ007,The Beauty Loft,Miami,PRV0007,2025-06-13,10:30:00,45,completed,phone,2025-06-10,3,,False,Skin
APT0001120,ORD0001120,CLT00056,BIZ007,The Beauty Loft,Miami,PRV0003,2025-07-13,15:45:00,60,cancelled,online_booking,2025-07-10,3,,False,Skin
APT0001121,ORD0001121,CLT00056,BIZ007,The Beauty Loft,Miami,PRV0001,2025-08-18,12:30:00,60,completed,online_booking,2025-08-17,1,,False,Skin
APT0001122,ORD0001122,CLT00056,BIZ007,The Beauty Loft,Miami,PRV0019,2025-09-24,17:15:00,60,completed,walk_in,2025-09-10,14,,False,Massage
APT0001123,ORD0001123,CLT00056,BIZ007,The Beauty Loft,Miami,PRV0013,2025-10-31,16:15:00,75,completed,walk_in,2025-10-30,1,,False,Massage
APT0001124,ORD0001124,CLT00056,BIZ007,The Beauty Loft,Miami,PRV0009,2025-12-01,11:00:00,60,completed,online_booking,2025-11-10,21,,False,Massage
APT0001125,ORD0001125,CLT00056,BIZ007,The Beauty Loft,Miami,PRV0012,2025-12-31,11:30:00,75,completed,app,2025-12-30,1,,False,Skin
APT0001126,ORD0001126,CLT00056,BIZ007,The Beauty Loft,Miami,PRV0001,2026-02-08,10:15:00,60,cancelled,walk_in,2026-02-01,7,forgot,False,Skin
APT0001127,ORD0001127,CLT00056,BIZ007,The Beauty Loft,Miami,PRV0005,2026-03-21,17:30:00,75,completed,walk_in,2026-03-18,3,,False,Skin
APT0001128,ORD0001128,CLT00057,BIZ003,The Glam Room,New York,PRV0001,2024-04-17,11:00:00,15,completed,app,2024-04-16,1,,True,Waxing
APT0001129,ORD0001129,CLT00057,BIZ003,The Glam Room,New York,PRV0019,2024-05-03,15:15:00,30,completed,referral,2024-04-30,3,,False,Nails
APT0001130,ORD0001130,CLT00057,BIZ003,The Glam Room,New York,PRV0004,2024-05-31,12:15:00,45,completed,referral,2024-05-17,14,,False,Waxing
APT0001131,ORD0001131,CLT00057,BIZ003,The Glam Room,New York,PRV0019,2024-06-15,09:45:00,45,completed,referral,2024-06-12,3,,False,Waxing
APT0001132,ORD0001132,CLT00057,BIZ003,The Glam Room,New York,PRV0013,2024-07-07,16:15:00,15,completed,referral,2024-07-04,3,,False,Waxing
APT0001133,ORD0001133,CLT00057,BIZ003,The Glam Room,New York,PRV0006,2024-07-28,14:30:00,45,no_show,online_booking,2024-07-27,1,forgot,False,Waxing
APT0001134,ORD0001134,CLT00057,BIZ003,The Glam Room,New York,PRV0009,2024-08-17,16:00:00,30,cancelled,walk_in,2024-08-10,7,rescheduled,False,Waxing
APT0001135,ORD0001135,CLT00057,BIZ003,The Glam Room,New York,PRV0019,2024-09-01,11:00:00,30,completed,app,2024-08-18,14,,False,Nails
APT0001136,ORD0001136,CLT00057,BIZ003,The Glam Room,New York,PRV0014,2024-09-28,13:15:00,15,completed,referral,2024-09-14,14,,False,Nails
APT0001137,ORD0001137,CLT00057,BIZ003,The Glam Room,New York,PRV0020,2024-10-16,14:00:00,45,completed,app,2024-10-16,0,,False,Nails
APT0001138,ORD0001138,CLT00057,BIZ003,The Glam Room,New York,PRV0020,2024-11-09,18:30:00,30,completed,referral,2024-11-06,3,,False,Waxing
APT0001139,ORD0001139,CLT00057,BIZ003,The Glam Room,New York,PRV0008,2024-11-26,14:15:00,15,completed,referral,2024-11-23,3,,False,Waxing
APT0001140,ORD0001140,CLT00057,BIZ003,The Glam Room,New York,PRV0020,2024-12-17,15:00:00,30,completed,online_booking,2024-12-10,7,,False,Nails
APT0001141,ORD0001141,CLT00057,BIZ003,The Glam Room,New York,PRV0017,2025-01-03,18:45:00,15,completed,walk_in,2024-12-20,14,,False,Waxing
APT0001142,ORD0001142,CLT00057,BIZ003,The Glam Room,New York,PRV0017,2025-01-17,17:30:00,60,completed,online_booking,2025-01-17,0,,False,Nails
APT0001143,ORD0001143,CLT00057,BIZ003,The Glam Room,New York,PRV0020,2025-02-04,15:45:00,15,completed,phone,2025-01-21,14,,False,Waxing
APT0001144,ORD0001144,CLT00057,BIZ003,The Glam Room,New York,PRV0009,2025-02-22,14:30:00,45,completed,phone,2025-02-21,1,,False,Nails
APT0001145,ORD0001145,CLT00057,BIZ003,The Glam Room,New York,PRV0008,2025-03-14,13:15:00,45,completed,app,2025-02-28,14,,False,Nails
APT0001146,ORD0001146,CLT00057,BIZ003,The Glam Room,New York,PRV0011,2025-03-29,18:00:00,45,completed,walk_in,2025-03-08,21,,False,Nails
APT0001147,ORD0001147,CLT00057,BIZ003,The Glam Room,New York,PRV0019,2025-04-25,15:15:00,15,completed,app,2025-04-04,21,,False,Waxing
APT0001148,ORD0001148,CLT00057,BIZ003,The Glam Room,New York,PRV0018,2025-05-09,17:00:00,30,completed,walk_in,2025-04-25,14,,False,Waxing
APT0001149,ORD0001149,CLT00057,BIZ003,The Glam Room,New York,PRV0008,2025-05-31,13:30:00,15,completed,online_booking,2025-05-17,14,,False,Waxing
APT0001150,ORD0001150,CLT00057,BIZ003,The Glam Room,New York,PRV0007,2025-06-18,11:00:00,30,completed,referral,2025-06-11,7,,False,Nails
APT0001151,ORD0001151,CLT00057,BIZ003,The Glam Room,New York,PRV0015,2025-07-08,14:30:00,45,completed,online_booking,2025-07-05,3,,False,Nails
APT0001152,ORD0001152,CLT00057,BIZ003,The Glam Room,New York,PRV0017,2025-08-04,15:45:00,45,completed,online_booking,2025-08-01,3,,False,Nails
APT0001153,ORD0001153,CLT00057,BIZ003,The Glam Room,New York,PRV0003,2025-08-20,10:30:00,15,completed,online_booking,2025-08-06,14,,False,Nails
APT0001154,ORD0001154,CLT00057,BIZ003,The Glam Room,New York,PRV0009,2025-09-03,16:00:00,15,completed,phone,2025-08-20,14,,False,Waxing
APT0001155,ORD0001155,CLT00057,BIZ003,The Glam Room,New York,PRV0014,2025-09-22,17:45:00,45,completed,online_booking,2025-09-01,21,,False,Waxing
APT0001156,ORD0001156,CLT00057,BIZ003,The Glam Room,New York,PRV0011,2025-10-15,11:45:00,15,completed,referral,2025-10-01,14,,False,Waxing
APT0001157,ORD0001157,CLT00057,BIZ003,The Glam Room,New York,PRV0006,2025-11-11,14:30:00,15,completed,referral,2025-10-28,14,,False,Waxing
APT0001158,ORD0001158,CLT00057,BIZ003,The Glam Room,New York,PRV0010,2025-11-27,09:15:00,30,cancelled,phone,2025-11-13,14,schedule_conflict,False,Waxing
APT0001159,ORD0001159,CLT00057,BIZ003,The Glam Room,New York,PRV0004,2025-12-22,12:15:00,15,completed,phone,2025-12-19,3,,False,Nails
APT0001160,ORD0001160,CLT00057,BIZ003,The Glam Room,New York,PRV0010,2026-01-05,10:30:00,60,completed,phone,2026-01-04,1,,False,Nails
APT0001161,ORD0001161,CLT00057,BIZ003,The Glam Room,New York,PRV0015,2026-01-28,12:45:00,45,completed,walk_in,2026-01-14,14,,False,Waxing
APT0001162,ORD0001162,CLT00057,BIZ003,The Glam Room,New York,PRV0010,2026-02-15,11:30:00,45,completed,app,2026-02-08,7,,False,Nails
APT0001163,ORD0001163,CLT00058,BIZ006,Radiance Salon,Seattle,PRV0016,2024-04-08,09:15:00,45,completed,walk_in,2024-04-01,7,,True,Nails
APT0001164,ORD0001164,CLT00058,BIZ006,Radiance Salon,Seattle,PRV0016,2024-04-26,14:30:00,15,completed,app,2024-04-19,7,,False,Waxing
APT0001165,ORD0001165,CLT00058,BIZ006,Radiance Salon,Seattle,PRV0004,2024-05-16,17:15:00,15,no_show,walk_in,2024-05-13,3,,False,Nails
APT0001166,ORD0001166,CLT00058,BIZ006,Radiance Salon,Seattle,PRV0006,2024-06-02,10:45:00,15,completed,online_booking,2024-05-26,7,,False,Nails
APT0001167,ORD0001167,CLT00058,BIZ006,Radiance Salon,Seattle,PRV0006,2024-06-24,09:30:00,15,completed,app,2024-06-03,21,,False,Nails
APT0001168,ORD0001168,CLT00058,BIZ006,Radiance Salon,Seattle,PRV0010,2024-07-09,14:00:00,45,completed,app,2024-07-02,7,,False,Waxing
APT0001169,ORD0001169,CLT00058,BIZ006,Radiance Salon,Seattle,PRV0009,2024-08-06,14:30:00,15,completed,walk_in,2024-07-30,7,,False,Nails
APT0001170,ORD0001170,CLT00058,BIZ006,Radiance Salon,Seattle,PRV0019,2024-08-20,12:00:00,45,completed,phone,2024-08-17,3,,False,Waxing
APT0001171,ORD0001171,CLT00058,BIZ006,Radiance Salon,Seattle,PRV0001,2024-09-14,18:45:00,45,completed,app,2024-09-07,7,,False,Nails
APT0001172,ORD0001172,CLT00058,BIZ006,Radiance Salon,Seattle,PRV0007,2024-10-04,16:00:00,15,completed,walk_in,2024-09-27,7,,False,Nails
APT0001173,ORD0001173,CLT00058,BIZ006,Radiance Salon,Seattle,PRV0012,2024-10-18,10:15:00,45,completed,walk_in,2024-10-04,14,,False,Nails
APT0001174,ORD0001174,CLT00058,BIZ006,Radiance Salon,Seattle,PRV0020,2024-11-02,17:45:00,30,completed,walk_in,2024-10-30,3,,False,Nails
APT0001175,ORD0001175,CLT00058,BIZ006,Radiance Salon,Seattle,PRV0002,2024-11-25,12:45:00,45,completed,online_booking,2024-11-22,3,,False,Nails
APT0001176,ORD0001176,CLT00058,BIZ006,Radiance Salon,Seattle,PRV0003,2024-12-13,10:45:00,15,completed,phone,2024-12-06,7,,False,Nails
APT0001177,ORD0001177,CLT00058,BIZ006,Radiance Salon,Seattle,PRV0001,2025-01-06,18:30:00,45,completed,online_booking,2025-01-05,1,,False,Nails
APT0001178,ORD0001178,CLT00058,BIZ006,Radiance Salon,Seattle,PRV0016,2025-01-20,09:45:00,30,completed,online_booking,2025-01-19,1,,False,Nails
APT0001179,ORD0001179,CLT00058,BIZ006,Radiance Salon,Seattle,PRV0006,2025-02-13,10:15:00,60,cancelled,online_booking,2025-02-06,7,forgot,False,Nails
APT0001180,ORD0001180,CLT00058,BIZ006,Radiance Salon,Seattle,PRV0020,2025-03-12,09:00:00,15,completed,online_booking,2025-03-05,7,,False,Waxing
APT0001181,ORD0001181,CLT00058,BIZ006,Radiance Salon,Seattle,PRV0017,2025-04-09,11:30:00,30,completed,walk_in,2025-04-09,0,,False,Nails
APT0001182,ORD0001182,CLT00058,BIZ006,Radiance Salon,Seattle,PRV0006,2025-04-25,17:00:00,45,completed,walk_in,2025-04-22,3,,False,Waxing
APT0001183,ORD0001183,CLT00058,BIZ006,Radiance Salon,Seattle,PRV0010,2025-05-18,10:00:00,45,completed,online_booking,2025-05-15,3,,False,Nails
APT0001184,ORD0001184,CLT00058,BIZ006,Radiance Salon,Seattle,PRV0020,2025-06-04,11:15:00,15,completed,phone,2025-06-01,3,,False,Waxing
APT0001185,ORD0001185,CLT00058,BIZ006,Radiance Salon,Seattle,PRV0019,2025-06-20,09:15:00,15,completed,referral,2025-06-19,1,,False,Waxing
APT0001186,ORD0001186,CLT00058,BIZ006,Radiance Salon,Seattle,PRV0014,2025-07-05,13:15:00,45,completed,phone,2025-07-04,1,,False,Nails
APT0001187,ORD0001187,CLT00058,BIZ006,Radiance Salon,Seattle,PRV0005,2025-08-01,11:00:00,30,completed,walk_in,2025-07-31,1,,False,Nails
APT0001188,ORD0001188,CLT00058,BIZ006,Radiance Salon,Seattle,PRV0015,2025-08-18,11:00:00,45,completed,online_booking,2025-08-15,3,,False,Waxing
APT0001189,ORD0001189,CLT00058,BIZ006,Radiance Salon,Seattle,PRV0011,2025-09-03,10:30:00,45,completed,phone,2025-08-27,7,,False,Nails
APT0001190,ORD0001190,CLT00058,BIZ006,Radiance Salon,Seattle,PRV0013,2025-09-28,18:30:00,45,cancelled,walk_in,2025-09-27,1,schedule_conflict,False,Nails
APT0001191,ORD0001191,CLT00058,BIZ006,Radiance Salon,Seattle,PRV0012,2025-10-13,18:00:00,30,completed,walk_in,2025-09-29,14,,False,Waxing
APT0001192,ORD0001192,CLT00058,BIZ006,Radiance Salon,Seattle,PRV0009,2025-11-09,10:15:00,45,completed,walk_in,2025-11-06,3,,False,Waxing
APT0001193,ORD0001193,CLT00058,BIZ006,Radiance Salon,Seattle,PRV0004,2025-12-05,15:15:00,30,completed,walk_in,2025-11-21,14,,False,Nails
APT0001194,ORD0001194,CLT00058,BIZ006,Radiance Salon,Seattle,PRV0004,2025-12-27,14:45:00,15,late_cancel,app,2025-12-26,1,,False,Waxing
APT0001195,ORD0001195,CLT00059,BIZ007,The Beauty Loft,Miami,PRV0010,2024-05-12,10:00:00,30,completed,phone,2024-05-09,3,,True,Hair
APT0001196,ORD0001196,CLT00059,BIZ007,The Beauty Loft,Miami,PRV0006,2024-06-26,09:45:00,45,completed,phone,2024-06-25,1,,False,Waxing
APT0001197,ORD0001197,CLT00059,BIZ007,The Beauty Loft,Miami,PRV0011,2024-08-09,17:00:00,30,completed,app,2024-08-06,3,,False,Waxing
APT0001198,ORD0001198,CLT00059,BIZ007,The Beauty Loft,Miami,PRV0014,2024-09-16,16:30:00,45,completed,walk_in,2024-08-26,21,,False,Waxing
APT0001199,ORD0001199,CLT00059,BIZ007,The Beauty Loft,Miami,PRV0013,2024-11-01,09:30:00,150,completed,walk_in,2024-11-01,0,,False,Hair
APT0001200,ORD0001200,CLT00059,BIZ007,The Beauty Loft,Miami,PRV0015,2024-12-12,18:45:00,60,cancelled,online_booking,2024-12-11,1,illness,False,Hair
APT0001201,ORD0001201,CLT00059,BIZ007,The Beauty Loft,Miami,PRV0019,2025-01-20,17:00:00,15,cancelled,phone,2025-01-13,7,no_reason_given,False,Waxing
APT0001202,ORD0001202,CLT00059,BIZ007,The Beauty Loft,Miami,PRV0006,2025-03-06,10:30:00,120,completed,online_booking,2025-02-13,21,,False,Hair
APT0001203,ORD0001203,CLT00059,BIZ007,The Beauty Loft,Miami,PRV0008,2025-04-13,18:45:00,15,completed,online_booking,2025-04-10,3,,False,Waxing
APT0001204,ORD0001204,CLT00059,BIZ007,The Beauty Loft,Miami,PRV0007,2025-06-01,10:15:00,30,completed,walk_in,2025-05-11,21,,False,Waxing
APT0001205,ORD0001205,CLT00059,BIZ007,The Beauty Loft,Miami,PRV0019,2025-07-14,17:30:00,60,completed,referral,2025-07-13,1,,False,Hair
APT0001206,ORD0001206,CLT00059,BIZ007,The Beauty Loft,Miami,PRV0001,2025-08-22,15:15:00,150,completed,app,2025-08-19,3,,False,Hair
APT0001207,ORD0001207,CLT00059,BIZ007,The Beauty Loft,Miami,PRV0004,2025-10-10,09:30:00,30,no_show,referral,2025-09-26,14,schedule_conflict,False,Hair
APT0001208,ORD0001208,CLT00059,BIZ007,The Beauty Loft,Miami,PRV0005,2025-11-30,18:45:00,60,completed,online_booking,2025-11-23,7,,False,Hair
APT0001209,ORD0001209,CLT00059,BIZ007,The Beauty Loft,Miami,PRV0009,2026-01-07,17:45:00,15,completed,phone,2025-12-24,14,,False,Waxing
APT0001210,ORD0001210,CLT00059,BIZ007,The Beauty Loft,Miami,PRV0001,2026-02-23,14:45:00,120,completed,referral,2026-02-02,21,,False,Hair
APT0001211,ORD0001211,CLT00060,BIZ004,Serenity Spa,Chicago,PRV0019,2024-04-12,11:45:00,30,completed,phone,2024-04-05,7,,True,Hair
APT0001212,ORD0001212,CLT00060,BIZ004,Serenity Spa,Chicago,PRV0009,2024-05-24,16:00:00,45,completed,online_booking,2024-05-21,3,,False,Hair
APT0001213,ORD0001213,CLT00060,BIZ004,Serenity Spa,Chicago,PRV0006,2024-07-02,17:15:00,30,completed,walk_in,2024-07-02,0,,False,Hair
APT0001214,ORD0001214,CLT00060,BIZ004,Serenity Spa,Chicago,PRV0006,2024-08-18,16:45:00,120,completed,phone,2024-08-15,3,,False,Hair
APT0001215,ORD0001215,CLT00060,BIZ004,Serenity Spa,Chicago,PRV0020,2024-10-01,12:30:00,60,completed,walk_in,2024-09-28,3,,False,Hair
APT0001216,ORD0001216,CLT00060,BIZ004,Serenity Spa,Chicago,PRV0006,2024-11-11,15:15:00,30,completed,phone,2024-11-08,3,,False,Hair
APT0001217,ORD0001217,CLT00060,BIZ004,Serenity Spa,Chicago,PRV0018,2025-01-01,12:30:00,30,completed,walk_in,2024-12-25,7,,False,Hair
APT0001218,ORD0001218,CLT00060,BIZ004,Serenity Spa,Chicago,PRV0020,2025-02-10,17:45:00,120,completed,referral,2025-02-09,1,,False,Hair
APT0001219,ORD0001219,CLT00060,BIZ004,Serenity Spa,Chicago,PRV0020,2025-04-02,12:30:00,60,completed,app,2025-03-19,14,,False,Hair
APT0001220,ORD0001220,CLT00060,BIZ004,Serenity Spa,Chicago,PRV0006,2025-05-23,09:30:00,60,completed,app,2025-05-20,3,,False,Hair
APT0001221,ORD0001221,CLT00060,BIZ004,Serenity Spa,Chicago,PRV0009,2025-07-01,11:30:00,120,completed,phone,2025-06-24,7,,False,Hair
APT0001222,ORD0001222,CLT00060,BIZ004,Serenity Spa,Chicago,PRV0019,2025-08-18,13:00:00,150,cancelled,walk_in,2025-08-11,7,weather,False,Hair
APT0001223,ORD0001223,CLT00060,BIZ004,Serenity Spa,Chicago,PRV0009,2025-10-02,10:15:00,60,cancelled,referral,2025-09-18,14,,False,Hair
APT0001224,ORD0001224,CLT00060,BIZ004,Serenity Spa,Chicago,PRV0015,2025-11-14,09:45:00,120,completed,referral,2025-10-24,21,,False,Hair
APT0001225,ORD0001225,CLT00060,BIZ004,Serenity Spa,Chicago,PRV0013,2025-12-29,11:45:00,60,completed,phone,2025-12-26,3,,False,Hair
APT0001226,ORD0001226,CLT00060,BIZ004,Serenity Spa,Chicago,PRV0019,2026-02-11,17:45:00,150,completed,phone,2026-02-08,3,,False,Hair
APT0001227,ORD0001227,CLT00061,BIZ002,Bloom Salon & Spa,Los Angeles,PRV0002,2024-05-02,10:45:00,150,cancelled,app,2024-05-01,1,illness,True,Hair
APT0001228,ORD0001228,CLT00061,BIZ002,Bloom Salon & Spa,Los Angeles,PRV0017,2024-06-02,11:00:00,60,completed,referral,2024-05-30,3,,False,Hair
APT0001229,ORD0001229,CLT00061,BIZ002,Bloom Salon & Spa,Los Angeles,PRV0017,2024-07-05,11:30:00,60,cancelled,referral,2024-07-02,3,,False,Skin
APT0001230,ORD0001230,CLT00061,BIZ002,Bloom Salon & Spa,Los Angeles,PRV0014,2024-08-09,13:45:00,60,cancelled,walk_in,2024-07-19,21,personal_emergency,False,Hair
APT0001231,ORD0001231,CLT00061,BIZ002,Bloom Salon & Spa,Los Angeles,PRV0010,2024-09-18,11:00:00,30,completed,phone,2024-09-15,3,,False,Hair
APT0001232,ORD0001232,CLT00061,BIZ002,Bloom Salon & Spa,Los Angeles,PRV0007,2024-10-26,14:15:00,45,completed,referral,2024-10-05,21,,False,Skin
APT0001233,ORD0001233,CLT00061,BIZ002,Bloom Salon & Spa,Los Angeles,PRV0014,2024-12-06,11:15:00,60,completed,phone,2024-12-03,3,,False,Hair
APT0001234,ORD0001234,CLT00061,BIZ002,Bloom Salon & Spa,Los Angeles,PRV0006,2025-01-03,15:15:00,60,completed,online_booking,2025-01-03,0,,False,Hair
APT0001235,ORD0001235,CLT00061,BIZ002,Bloom Salon & Spa,Los Angeles,PRV0011,2025-02-02,15:15:00,45,completed,referral,2025-01-26,7,,False,Hair
APT0001236,ORD0001236,CLT00061,BIZ002,Bloom Salon & Spa,Los Angeles,PRV0002,2025-03-12,13:45:00,60,completed,online_booking,2025-02-26,14,,False,Skin
APT0001237,ORD0001237,CLT00061,BIZ002,Bloom Salon & Spa,Los Angeles,PRV0003,2025-04-18,11:15:00,45,completed,app,2025-03-28,21,,False,Hair
APT0001238,ORD0001238,CLT00061,BIZ002,Bloom Salon & Spa,Los Angeles,PRV0014,2025-05-27,13:15:00,45,completed,online_booking,2025-05-20,7,,False,Hair
APT0001239,ORD0001239,CLT00061,BIZ002,Bloom Salon & Spa,Los Angeles,PRV0018,2025-06-26,18:45:00,60,completed,online_booking,2025-06-23,3,,False,Skin
APT0001240,ORD0001240,CLT00061,BIZ002,Bloom Salon & Spa,Los Angeles,PRV0018,2025-08-02,11:00:00,120,completed,app,2025-08-01,1,,False,Hair
APT0001241,ORD0001241,CLT00061,BIZ002,Bloom Salon & Spa,Los Angeles,PRV0010,2025-08-31,13:30:00,60,completed,walk_in,2025-08-28,3,,False,Skin
APT0001242,ORD0001242,CLT00061,BIZ002,Bloom Salon & Spa,Los Angeles,PRV0018,2025-09-29,16:30:00,75,completed,referral,2025-09-22,7,,False,Skin
APT0001243,ORD0001243,CLT00061,BIZ002,Bloom Salon & Spa,Los Angeles,PRV0010,2025-10-27,12:15:00,60,completed,app,2025-10-13,14,,False,Skin
APT0001244,ORD0001244,CLT00061,BIZ002,Bloom Salon & Spa,Los Angeles,PRV0003,2025-12-04,09:00:00,60,completed,referral,2025-12-01,3,,False,Skin
APT0001245,ORD0001245,CLT00061,BIZ002,Bloom Salon & Spa,Los Angeles,PRV0011,2026-01-13,18:15:00,150,completed,referral,2026-01-13,0,,False,Hair
APT0001246,ORD0001246,CLT00061,BIZ002,Bloom Salon & Spa,Los Angeles,PRV0016,2026-02-15,15:45:00,30,cancelled,referral,2026-02-08,7,illness,False,Hair
APT0001247,ORD0001247,CLT00061,BIZ002,Bloom Salon & Spa,Los Angeles,PRV0009,2026-03-19,14:15:00,120,completed,phone,2026-03-05,14,,False,Hair
APT0001248,ORD0001248,CLT00062,BIZ009,Glow Studio,Boston,PRV0001,2024-06-04,16:00:00,30,completed,phone,2024-05-28,7,,True,Nails
APT0001249,ORD0001249,CLT00062,BIZ009,Glow Studio,Boston,PRV0019,2024-09-03,18:45:00,15,completed,referral,2024-08-20,14,,False,Nails
APT0001250,ORD0001250,CLT00062,BIZ009,Glow Studio,Boston,PRV0009,2024-12-08,16:00:00,45,completed,walk_in,2024-12-01,7,,False,Nails
APT0001251,ORD0001251,CLT00062,BIZ009,Glow Studio,Boston,PRV0019,2025-03-04,12:15:00,45,completed,walk_in,2025-03-03,1,,False,Nails
APT0001252,ORD0001252,CLT00062,BIZ009,Glow Studio,Boston,PRV0013,2025-06-03,16:00:00,30,completed,app,2025-05-27,7,,False,Hair
APT0001253,ORD0001253,CLT00062,BIZ009,Glow Studio,Boston,PRV0004,2025-09-07,11:15:00,150,completed,online_booking,2025-08-17,21,,False,Hair
APT0001254,ORD0001254,CLT00062,BIZ009,Glow Studio,Boston,PRV0002,2025-11-29,15:00:00,150,completed,online_booking,2025-11-22,7,,False,Hair
APT0001255,ORD0001255,CLT00062,BIZ009,Glow Studio,Boston,PRV0012,2026-02-26,13:15:00,60,completed,walk_in,2026-02-19,7,,False,Nails
APT0001256,ORD0001256,CLT00063,BIZ010,Elevate Salon,Nashville,PRV0001,2024-04-24,15:15:00,30,cancelled,phone,2024-04-17,7,schedule_conflict,True,Hair
APT0001257,ORD0001257,CLT00063,BIZ010,Elevate Salon,Nashville,PRV0011,2024-05-13,16:00:00,45,completed,online_booking,2024-05-06,7,,False,Nails
APT0001258,ORD0001258,CLT00063,BIZ010,Elevate Salon,Nashville,PRV0010,2024-06-05,15:30:00,45,no_show,online_booking,2024-05-15,21,schedule_conflict,False,Nails
APT0001259,ORD0001259,CLT00063,BIZ010,Elevate Salon,Nashville,PRV0001,2024-07-02,12:30:00,150,completed,walk_in,2024-06-11,21,,False,Hair
APT0001260,ORD0001260,CLT00063,BIZ010,Elevate Salon,Nashville,PRV0018,2024-07-22,09:30:00,15,completed,app,2024-07-15,7,,False,Nails
APT0001261,ORD0001261,CLT00063,BIZ010,Elevate Salon,Nashville,PRV0013,2024-08-09,15:15:00,15,completed,referral,2024-08-02,7,,False,Nails
APT0001262,ORD0001262,CLT00063,BIZ010,Elevate Salon,Nashville,PRV0012,2024-08-28,16:00:00,45,completed,online_booking,2024-08-21,7,,False,Hair
APT0001263,ORD0001263,CLT00063,BIZ010,Elevate Salon,Nashville,PRV0005,2024-09-14,18:15:00,120,completed,online_booking,2024-09-11,3,,False,Hair
APT0001264,ORD0001264,CLT00063,BIZ010,Elevate Salon,Nashville,PRV0001,2024-09-30,11:45:00,15,completed,phone,2024-09-16,14,,False,Nails
APT0001265,ORD0001265,CLT00063,BIZ010,Elevate Salon,Nashville,PRV0017,2024-10-24,14:30:00,45,completed,phone,2024-10-10,14,,False,Nails
APT0001266,ORD0001266,CLT00063,BIZ010,Elevate Salon,Nashville,PRV0018,2024-11-15,10:00:00,45,completed,referral,2024-11-08,7,,False,Hair
APT0001267,ORD0001267,CLT00063,BIZ010,Elevate Salon,Nashville,PRV0017,2024-12-12,16:30:00,45,completed,referral,2024-12-11,1,,False,Nails
APT0001268,ORD0001268,CLT00063,BIZ010,Elevate Salon,Nashville,PRV0010,2025-01-07,17:30:00,45,completed,phone,2025-01-06,1,,False,Nails
APT0001269,ORD0001269,CLT00063,BIZ010,Elevate Salon,Nashville,PRV0001,2025-02-02,14:45:00,30,completed,referral,2025-02-01,1,,False,Hair
APT0001270,ORD0001270,CLT00063,BIZ010,Elevate Salon,Nashville,PRV0006,2025-02-28,09:45:00,150,completed,app,2025-02-25,3,,False,Hair
APT0001271,ORD0001271,CLT00063,BIZ010,Elevate Salon,Nashville,PRV0002,2025-03-20,13:00:00,120,completed,online_booking,2025-03-06,14,,False,Hair
APT0001272,ORD0001272,CLT00063,BIZ010,Elevate Salon,Nashville,PRV0005,2025-04-07,12:00:00,60,completed,walk_in,2025-03-31,7,,False,Hair
APT0001273,ORD0001273,CLT00063,BIZ010,Elevate Salon,Nashville,PRV0004,2025-04-28,09:00:00,45,cancelled,referral,2025-04-07,21,rescheduled,False,Hair
APT0001274,ORD0001274,CLT00063,BIZ010,Elevate Salon,Nashville,PRV0011,2025-05-24,10:00:00,30,completed,app,2025-05-10,14,,False,Nails
APT0001275,ORD0001275,CLT00063,BIZ010,Elevate Salon,Nashville,PRV0007,2025-06-07,18:15:00,60,completed,online_booking,2025-06-04,3,,False,Hair
APT0001276,ORD0001276,CLT00063,BIZ010,Elevate Salon,Nashville,PRV0018,2025-07-03,10:30:00,45,completed,phone,2025-06-26,7,,False,Hair
APT0001277,ORD0001277,CLT00063,BIZ010,Elevate Salon,Nashville,PRV0005,2025-07-25,15:30:00,60,completed,referral,2025-07-18,7,,False,Nails
APT0001278,ORD0001278,CLT00063,BIZ010,Elevate Salon,Nashville,PRV0007,2025-08-17,11:45:00,120,completed,phone,2025-08-10,7,,False,Hair
APT0001279,ORD0001279,CLT00063,BIZ010,Elevate Salon,Nashville,PRV0008,2025-09-01,17:45:00,120,completed,app,2025-08-31,1,,False,Hair
APT0001280,ORD0001280,CLT00063,BIZ010,Elevate Salon,Nashville,PRV0005,2025-09-25,12:30:00,60,completed,walk_in,2025-09-11,14,,False,Nails
APT0001281,ORD0001281,CLT00063,BIZ010,Elevate Salon,Nashville,PRV0009,2025-10-12,18:15:00,30,completed,phone,2025-10-09,3,,False,Nails
APT0001282,ORD0001282,CLT00063,BIZ010,Elevate Salon,Nashville,PRV0005,2025-11-05,13:45:00,45,completed,referral,2025-10-15,21,,False,Nails
APT0001283,ORD0001283,CLT00063,BIZ010,Elevate Salon,Nashville,PRV0003,2025-11-24,14:30:00,30,completed,phone,2025-11-21,3,,False,Nails
APT0001284,ORD0001284,CLT00063,BIZ010,Elevate Salon,Nashville,PRV0002,2025-12-22,14:00:00,120,completed,walk_in,2025-12-01,21,,False,Hair
APT0001285,ORD0001285,CLT00063,BIZ010,Elevate Salon,Nashville,PRV0004,2026-01-09,16:45:00,60,no_show,referral,2025-12-19,21,illness,False,Hair
APT0001286,ORD0001286,CLT00063,BIZ010,Elevate Salon,Nashville,PRV0002,2026-01-31,16:45:00,60,completed,app,2026-01-28,3,,False,Hair
APT0001287,ORD0001287,CLT00063,BIZ010,Elevate Salon,Nashville,PRV0003,2026-02-28,11:00:00,45,completed,app,2026-02-27,1,,False,Nails
APT0001288,ORD0001288,CLT00064,BIZ010,Elevate Salon,Nashville,PRV0015,2024-04-20,18:30:00,60,completed,referral,2024-04-13,7,,True,Skin
APT0001289,ORD0001289,CLT00064,BIZ010,Elevate Salon,Nashville,PRV0008,2024-05-29,14:00:00,60,completed,online_booking,2024-05-22,7,,False,Skin
APT0001290,ORD0001290,CLT00064,BIZ010,Elevate Salon,Nashville,PRV0009,2024-07-09,10:00:00,30,completed,phone,2024-06-25,14,,False,Nails
APT0001291,ORD0001291,CLT00064,BIZ010,Elevate Salon,Nashville,PRV0011,2024-08-09,10:15:00,30,no_show,referral,2024-08-02,7,no_reason_given,False,Nails
APT0001292,ORD0001292,CLT00064,BIZ010,Elevate Salon,Nashville,PRV0019,2024-09-11,12:30:00,45,completed,phone,2024-08-28,14,,False,Skin
APT0001293,ORD0001293,CLT00064,BIZ010,Elevate Salon,Nashville,PRV0019,2024-10-10,09:45:00,15,completed,walk_in,2024-10-10,0,,False,Nails
APT0001294,ORD0001294,CLT00064,BIZ010,Elevate Salon,Nashville,PRV0017,2024-11-12,12:45:00,60,completed,phone,2024-10-29,14,,False,Nails
APT0001295,ORD0001295,CLT00064,BIZ010,Elevate Salon,Nashville,PRV0001,2024-12-11,14:15:00,45,completed,online_booking,2024-11-20,21,,False,Nails
APT0001296,ORD0001296,CLT00064,BIZ010,Elevate Salon,Nashville,PRV0013,2025-01-08,13:15:00,60,completed,app,2025-01-05,3,,False,Skin
APT0001297,ORD0001297,CLT00064,BIZ010,Elevate Salon,Nashville,PRV0019,2025-02-19,09:00:00,60,completed,online_booking,2025-02-18,1,,False,Skin
APT0001298,ORD0001298,CLT00064,BIZ010,Elevate Salon,Nashville,PRV0008,2025-03-30,15:45:00,45,cancelled,app,2025-03-29,1,illness,False,Nails
APT0001299,ORD0001299,CLT00064,BIZ010,Elevate Salon,Nashville,PRV0019,2025-05-09,16:30:00,60,completed,referral,2025-05-06,3,,False,Skin
APT0001300,ORD0001300,CLT00064,BIZ010,Elevate Salon,Nashville,PRV0006,2025-06-18,15:30:00,75,completed,walk_in,2025-06-11,7,,False,Skin
APT0001301,ORD0001301,CLT00064,BIZ010,Elevate Salon,Nashville,PRV0017,2025-07-22,14:30:00,60,completed,app,2025-07-21,1,,False,Skin
APT0001302,ORD0001302,CLT00064,BIZ010,Elevate Salon,Nashville,PRV0008,2025-09-01,14:15:00,60,completed,referral,2025-08-31,1,,False,Skin
APT0001303,ORD0001303,CLT00064,BIZ010,Elevate Salon,Nashville,PRV0001,2025-10-01,10:45:00,60,completed,phone,2025-09-10,21,,False,Skin
APT0001304,ORD0001304,CLT00064,BIZ010,Elevate Salon,Nashville,PRV0019,2025-10-29,18:30:00,45,completed,walk_in,2025-10-28,1,,False,Nails
APT0001305,ORD0001305,CLT00064,BIZ010,Elevate Salon,Nashville,PRV0018,2025-11-26,12:00:00,15,completed,walk_in,2025-11-19,7,,False,Nails
APT0001306,ORD0001306,CLT00064,BIZ010,Elevate Salon,Nashville,PRV0017,2026-01-06,09:00:00,45,completed,app,2026-01-03,3,,False,Nails
APT0001307,ORD0001307,CLT00064,BIZ010,Elevate Salon,Nashville,PRV0009,2026-02-08,13:00:00,75,completed,phone,2026-02-07,1,,False,Skin
APT0001308,ORD0001308,CLT00065,BIZ003,The Glam Room,New York,PRV0005,2024-05-13,09:30:00,60,completed,app,2024-05-06,7,,True,Skin
APT0001309,ORD0001309,CLT00065,BIZ003,The Glam Room,New York,PRV0014,2024-07-01,11:00:00,75,completed,phone,2024-06-30,1,,False,Skin
APT0001310,ORD0001310,CLT00065,BIZ003,The Glam Room,New York,PRV0015,2024-08-11,16:45:00,60,completed,phone,2024-08-04,7,,False,Skin
APT0001311,ORD0001311,CLT00065,BIZ003,The Glam Room,New York,PRV0014,2024-09-29,18:00:00,60,completed,online_booking,2024-09-22,7,,False,Skin
APT0001312,ORD0001312,CLT00065,BIZ003,The Glam Room,New York,PRV0003,2024-11-15,12:30:00,60,completed,referral,2024-11-15,0,,False,Skin
APT0001313,ORD0001313,CLT00065,BIZ003,The Glam Room,New York,PRV0018,2025-01-01,14:45:00,60,completed,phone,2024-12-25,7,,False,Skin
APT0001314,ORD0001314,CLT00065,BIZ003,The Glam Room,New York,PRV0005,2025-02-13,12:45:00,60,completed,online_booking,2025-02-13,0,,False,Hair
APT0001315,ORD0001315,CLT00065,BIZ003,The Glam Room,New York,PRV0002,2025-03-29,13:30:00,120,completed,walk_in,2025-03-15,14,,False,Hair
APT0001316,ORD0001316,CLT00065,BIZ003,The Glam Room,New York,PRV0006,2025-05-07,13:45:00,75,completed,walk_in,2025-05-04,3,,False,Skin
APT0001317,ORD0001317,CLT00065,BIZ003,The Glam Room,New York,PRV0005,2025-06-15,12:45:00,60,completed,phone,2025-06-14,1,,False,Skin
APT0001318,ORD0001318,CLT00065,BIZ003,The Glam Room,New York,PRV0020,2025-08-03,09:45:00,60,completed,referral,2025-07-20,14,,False,Skin
APT0001319,ORD0001319,CLT00065,BIZ003,The Glam Room,New York,PRV0009,2025-09-18,18:45:00,60,completed,app,2025-09-11,7,,False,Skin
APT0001320,ORD0001320,CLT00065,BIZ003,The Glam Room,New York,PRV0012,2025-11-08,14:00:00,45,completed,referral,2025-11-07,1,,False,Hair
APT0001321,ORD0001321,CLT00066,BIZ005,Revive Beauty Bar,Austin,PRV0007,2024-04-27,13:30:00,45,completed,phone,2024-04-13,14,,True,Hair
APT0001322,ORD0001322,CLT00066,BIZ005,Revive Beauty Bar,Austin,PRV0010,2024-05-16,11:30:00,60,completed,phone,2024-05-15,1,,False,Hair
APT0001323,ORD0001323,CLT00066,BIZ005,Revive Beauty Bar,Austin,PRV0011,2024-06-06,15:15:00,120,no_show,phone,2024-06-05,1,rescheduled,False,Hair
APT0001324,ORD0001324,CLT00066,BIZ005,Revive Beauty Bar,Austin,PRV0001,2024-06-24,10:15:00,45,completed,walk_in,2024-06-21,3,,False,Hair
APT0001325,ORD0001325,CLT00066,BIZ005,Revive Beauty Bar,Austin,PRV0009,2024-07-18,13:00:00,120,completed,referral,2024-07-17,1,,False,Hair
APT0001326,ORD0001326,CLT00066,BIZ005,Revive Beauty Bar,Austin,PRV0019,2024-08-10,09:45:00,60,completed,walk_in,2024-08-07,3,,False,Hair
APT0001327,ORD0001327,CLT00066,BIZ005,Revive Beauty Bar,Austin,PRV0006,2024-09-04,16:30:00,120,completed,app,2024-08-28,7,,False,Hair
APT0001328,ORD0001328,CLT00066,BIZ005,Revive Beauty Bar,Austin,PRV0009,2024-10-02,16:30:00,45,completed,walk_in,2024-09-25,7,,False,Hair
APT0001329,ORD0001329,CLT00066,BIZ005,Revive Beauty Bar,Austin,PRV0015,2024-10-22,11:15:00,150,completed,walk_in,2024-10-08,14,,False,Hair
APT0001330,ORD0001330,CLT00066,BIZ005,Revive Beauty Bar,Austin,PRV0005,2024-11-16,09:30:00,45,cancelled,walk_in,2024-10-26,21,no_reason_given,False,Hair
APT0001331,ORD0001331,CLT00066,BIZ005,Revive Beauty Bar,Austin,PRV0002,2024-12-12,17:00:00,30,completed,online_booking,2024-12-09,3,,False,Hair
APT0001332,ORD0001332,CLT00066,BIZ005,Revive Beauty Bar,Austin,PRV0007,2025-01-02,12:00:00,30,completed,walk_in,2024-12-26,7,,False,Hair
APT0001333,ORD0001333,CLT00066,BIZ005,Revive Beauty Bar,Austin,PRV0017,2025-01-29,14:15:00,30,completed,walk_in,2025-01-22,7,,False,Hair
APT0001334,ORD0001334,CLT00066,BIZ005,Revive Beauty Bar,Austin,PRV0007,2025-02-17,14:30:00,60,completed,app,2025-02-16,1,,False,Hair
APT0001335,ORD0001335,CLT00066,BIZ005,Revive Beauty Bar,Austin,PRV0016,2025-03-07,13:30:00,120,completed,app,2025-03-06,1,,False,Hair
APT0001336,ORD0001336,CLT00066,BIZ005,Revive Beauty Bar,Austin,PRV0013,2025-04-01,17:15:00,30,completed,referral,2025-03-25,7,,False,Hair
APT0001337,ORD0001337,CLT00066,BIZ005,Revive Beauty Bar,Austin,PRV0004,2025-04-20,11:45:00,45,cancelled,phone,2025-04-13,7,schedule_conflict,False,Hair
APT0001338,ORD0001338,CLT00066,BIZ005,Revive Beauty Bar,Austin,PRV0016,2025-05-04,11:00:00,120,completed,walk_in,2025-04-27,7,,False,Hair
APT0001339,ORD0001339,CLT00066,BIZ005,Revive Beauty Bar,Austin,PRV0007,2025-05-24,11:15:00,60,completed,app,2025-05-10,14,,False,Hair
APT0001340,ORD0001340,CLT00066,BIZ005,Revive Beauty Bar,Austin,PRV0012,2025-06-14,13:15:00,150,completed,referral,2025-06-07,7,,False,Hair
APT0001341,ORD0001341,CLT00066,BIZ005,Revive Beauty Bar,Austin,PRV0006,2025-07-06,09:45:00,60,completed,referral,2025-07-03,3,,False,Hair
APT0001342,ORD0001342,CLT00066,BIZ005,Revive Beauty Bar,Austin,PRV0003,2025-07-30,16:15:00,60,completed,online_booking,2025-07-16,14,,False,Hair
APT0001343,ORD0001343,CLT00066,BIZ005,Revive Beauty Bar,Austin,PRV0003,2025-08-26,11:00:00,60,completed,app,2025-08-19,7,,False,Hair
APT0001344,ORD0001344,CLT00066,BIZ005,Revive Beauty Bar,Austin,PRV0003,2025-09-14,14:45:00,120,completed,phone,2025-09-07,7,,False,Hair
APT0001345,ORD0001345,CLT00066,BIZ005,Revive Beauty Bar,Austin,PRV0011,2025-10-11,10:30:00,45,completed,walk_in,2025-10-08,3,,False,Hair
APT0001346,ORD0001346,CLT00066,BIZ005,Revive Beauty Bar,Austin,PRV0002,2025-11-05,14:15:00,120,completed,walk_in,2025-10-29,7,,False,Hair
APT0001347,ORD0001347,CLT00066,BIZ005,Revive Beauty Bar,Austin,PRV0005,2025-11-20,16:00:00,150,cancelled,online_booking,2025-11-06,14,,False,Hair
APT0001348,ORD0001348,CLT00066,BIZ005,Revive Beauty Bar,Austin,PRV0015,2025-12-05,15:45:00,120,no_show,referral,2025-11-28,7,weather,False,Hair
APT0001349,ORD0001349,CLT00066,BIZ005,Revive Beauty Bar,Austin,PRV0014,2025-12-22,10:15:00,45,cancelled,walk_in,2025-12-15,7,,False,Hair
APT0001350,ORD0001350,CLT00066,BIZ005,Revive Beauty Bar,Austin,PRV0015,2026-01-16,11:15:00,60,no_show,walk_in,2025-12-26,21,,False,Hair
APT0001351,ORD0001351,CLT00066,BIZ005,Revive Beauty Bar,Austin,PRV0018,2026-02-11,17:45:00,45,completed,walk_in,2026-02-04,7,,False,Hair
APT0001352,ORD0001352,CLT00067,BIZ002,Bloom Salon & Spa,Los Angeles,PRV0019,2024-05-03,11:00:00,60,completed,online_booking,2024-05-02,1,,True,Massage
APT0001353,ORD0001353,CLT00067,BIZ002,Bloom Salon & Spa,Los Angeles,PRV0001,2024-06-13,09:00:00,60,completed,app,2024-06-10,3,,False,Massage
APT0001354,ORD0001354,CLT00067,BIZ002,Bloom Salon & Spa,Los Angeles,PRV0010,2024-07-25,18:45:00,60,completed,online_booking,2024-07-18,7,,False,Massage
APT0001355,ORD0001355,CLT00067,BIZ002,Bloom Salon & Spa,Los Angeles,PRV0012,2024-09-06,15:15:00,45,completed,phone,2024-09-06,0,,False,Nails
APT0001356,ORD0001356,CLT00067,BIZ002,Bloom Salon & Spa,Los Angeles,PRV0003,2024-10-20,16:45:00,75,completed,online_booking,2024-10-13,7,,False,Massage
APT0001357,ORD0001357,CLT00067,BIZ002,Bloom Salon & Spa,Los Angeles,PRV0001,2024-12-09,14:45:00,60,completed,app,2024-12-09,0,,False,Massage
APT0001358,ORD0001358,CLT00067,BIZ002,Bloom Salon & Spa,Los Angeles,PRV0017,2025-01-26,14:30:00,60,completed,referral,2025-01-05,21,,False,Nails
APT0001359,ORD0001359,CLT00067,BIZ002,Bloom Salon & Spa,Los Angeles,PRV0010,2025-03-06,15:15:00,75,completed,phone,2025-03-03,3,,False,Massage
APT0001360,ORD0001360,CLT00067,BIZ002,Bloom Salon & Spa,Los Angeles,PRV0013,2025-04-22,13:00:00,45,completed,referral,2025-04-08,14,,False,Nails
APT0001361,ORD0001361,CLT00067,BIZ002,Bloom Salon & Spa,Los Angeles,PRV0014,2025-05-31,18:30:00,75,completed,phone,2025-05-28,3,,False,Massage
APT0001362,ORD0001362,CLT00067,BIZ002,Bloom Salon & Spa,Los Angeles,PRV0005,2025-07-11,17:45:00,45,completed,referral,2025-07-04,7,,False,Nails
APT0001363,ORD0001363,CLT00067,BIZ002,Bloom Salon & Spa,Los Angeles,PRV0005,2025-08-22,09:45:00,60,completed,online_booking,2025-08-21,1,,False,Massage
APT0001364,ORD0001364,CLT00067,BIZ002,Bloom Salon & Spa,Los Angeles,PRV0011,2025-10-10,15:30:00,75,completed,walk_in,2025-10-03,7,,False,Massage
APT0001365,ORD0001365,CLT00067,BIZ002,Bloom Salon & Spa,Los Angeles,PRV0003,2025-11-28,13:45:00,45,completed,app,2025-11-25,3,,False,Nails
APT0001366,ORD0001366,CLT00067,BIZ002,Bloom Salon & Spa,Los Angeles,PRV0011,2026-01-19,12:45:00,45,completed,walk_in,2026-01-05,14,,False,Nails
APT0001367,ORD0001367,CLT00067,BIZ002,Bloom Salon & Spa,Los Angeles,PRV0003,2026-03-12,09:45:00,75,completed,referral,2026-02-26,14,,False,Massage
APT0001368,ORD0001368,CLT00068,BIZ004,Serenity Spa,Chicago,PRV0014,2024-05-22,11:15:00,60,completed,app,2024-05-19,3,,True,Skin
APT0001369,ORD0001369,CLT00068,BIZ004,Serenity Spa,Chicago,PRV0004,2024-07-15,15:15:00,120,completed,online_booking,2024-07-14,1,,False,Hair
APT0001370,ORD0001370,CLT00068,BIZ004,Serenity Spa,Chicago,PRV0019,2024-09-07,14:15:00,45,completed,phone,2024-09-07,0,,False,Skin
APT0001371,ORD0001371,CLT00068,BIZ004,Serenity Spa,Chicago,PRV0015,2024-11-02,13:00:00,150,completed,phone,2024-10-26,7,,False,Hair
APT0001372,ORD0001372,CLT00068,BIZ004,Serenity Spa,Chicago,PRV0006,2024-12-31,09:15:00,120,completed,referral,2024-12-17,14,,False,Hair
APT0001373,ORD0001373,CLT00068,BIZ004,Serenity Spa,Chicago,PRV0007,2025-02-28,11:15:00,60,completed,app,2025-02-14,14,,False,Skin
APT0001374,ORD0001374,CLT00068,BIZ004,Serenity Spa,Chicago,PRV0001,2025-04-27,12:15:00,120,completed,app,2025-04-06,21,,False,Hair
APT0001375,ORD0001375,CLT00068,BIZ004,Serenity Spa,Chicago,PRV0015,2025-06-30,14:00:00,150,completed,walk_in,2025-06-16,14,,False,Hair
APT0001376,ORD0001376,CLT00068,BIZ004,Serenity Spa,Chicago,PRV0003,2025-08-26,12:00:00,150,cancelled,app,2025-08-19,7,no_reason_given,False,Hair
APT0001377,ORD0001377,CLT00068,BIZ004,Serenity Spa,Chicago,PRV0008,2025-10-21,16:15:00,150,completed,online_booking,2025-10-07,14,,False,Hair
APT0001378,ORD0001378,CLT00068,BIZ004,Serenity Spa,Chicago,PRV0003,2025-12-17,18:00:00,60,completed,walk_in,2025-12-10,7,,False,Hair
APT0001379,ORD0001379,CLT00068,BIZ004,Serenity Spa,Chicago,PRV0018,2026-02-16,15:30:00,60,completed,walk_in,2026-02-15,1,,False,Skin
APT0001380,ORD0001380,CLT00069,BIZ007,The Beauty Loft,Miami,PRV0005,2024-04-22,12:45:00,120,cancelled,walk_in,2024-04-15,7,rescheduled,True,Hair
APT0001381,ORD0001381,CLT00069,BIZ007,The Beauty Loft,Miami,PRV0011,2024-06-13,11:15:00,120,completed,referral,2024-05-23,21,,False,Hair
APT0001382,ORD0001382,CLT00069,BIZ007,The Beauty Loft,Miami,PRV0008,2024-07-30,13:15:00,60,completed,walk_in,2024-07-27,3,,False,Massage
APT0001383,ORD0001383,CLT00069,BIZ007,The Beauty Loft,Miami,PRV0008,2024-09-19,16:00:00,60,no_show,phone,2024-09-18,1,schedule_conflict,False,Hair
APT0001384,ORD0001384,CLT00069,BIZ007,The Beauty Loft,Miami,PRV0002,2024-11-08,10:45:00,60,completed,walk_in,2024-10-25,14,,False,Massage
APT0001385,ORD0001385,CLT00069,BIZ007,The Beauty Loft,Miami,PRV0006,2024-12-25,13:30:00,60,completed,referral,2024-12-18,7,,False,Massage
APT0001386,ORD0001386,CLT00069,BIZ007,The Beauty Loft,Miami,PRV0008,2025-02-02,15:30:00,60,completed,app,2025-01-12,21,,False,Hair
APT0001387,ORD0001387,CLT00069,BIZ007,The Beauty Loft,Miami,PRV0019,2025-03-18,14:30:00,30,completed,walk_in,2025-03-15,3,,False,Hair
APT0001388,ORD0001388,CLT00069,BIZ007,The Beauty Loft,Miami,PRV0010,2025-04-29,16:00:00,60,completed,referral,2025-04-26,3,,False,Hair
APT0001389,ORD0001389,CLT00069,BIZ007,The Beauty Loft,Miami,PRV0020,2025-06-19,09:30:00,120,completed,walk_in,2025-06-05,14,,False,Hair
APT0001390,ORD0001390,CLT00069,BIZ007,The Beauty Loft,Miami,PRV0013,2025-08-01,18:15:00,60,completed,walk_in,2025-07-25,7,,False,Hair
APT0001391,ORD0001391,CLT00069,BIZ007,The Beauty Loft,Miami,PRV0011,2025-09-15,16:45:00,60,completed,app,2025-09-14,1,,False,Massage
APT0001392,ORD0001392,CLT00069,BIZ007,The Beauty Loft,Miami,PRV0001,2025-11-03,18:15:00,45,completed,phone,2025-11-02,1,,False,Hair
APT0001393,ORD0001393,CLT00069,BIZ007,The Beauty Loft,Miami,PRV0002,2025-12-21,15:15:00,30,completed,app,2025-12-07,14,,False,Hair
APT0001394,ORD0001394,CLT00069,BIZ007,The Beauty Loft,Miami,PRV0006,2026-02-07,11:45:00,60,completed,referral,2026-01-31,7,,False,Massage
APT0001395,ORD0001395,CLT00070,BIZ002,Bloom Salon & Spa,Los Angeles,PRV0009,2024-05-02,09:00:00,45,completed,referral,2024-04-18,14,,True,Nails
APT0001396,ORD0001396,CLT00070,BIZ002,Bloom Salon & Spa,Los Angeles,PRV0012,2024-06-12,11:00:00,30,completed,phone,2024-06-11,1,,False,Nails
APT0001397,ORD0001397,CLT00070,BIZ002,Bloom Salon & Spa,Los Angeles,PRV0001,2024-07-21,15:30:00,60,completed,online_booking,2024-07-14,7,,False,Nails
APT0001398,ORD0001398,CLT00070,BIZ002,Bloom Salon & Spa,Los Angeles,PRV0013,2024-09-02,09:00:00,75,completed,app,2024-08-19,14,,False,Massage
APT0001399,ORD0001399,CLT00070,BIZ002,Bloom Salon & Spa,Los Angeles,PRV0010,2024-10-18,15:45:00,60,completed,walk_in,2024-10-11,7,,False,Massage
APT0001400,ORD0001400,CLT00070,BIZ002,Bloom Salon & Spa,Los Angeles,PRV0014,2024-12-05,18:15:00,45,completed,app,2024-12-04,1,,False,Nails
APT0001401,ORD0001401,CLT00070,BIZ002,Bloom Salon & Spa,Los Angeles,PRV0016,2025-01-22,10:30:00,60,completed,referral,2025-01-15,7,,False,Massage
APT0001402,ORD0001402,CLT00070,BIZ002,Bloom Salon & Spa,Los Angeles,PRV0019,2025-03-01,15:30:00,60,completed,referral,2025-02-26,3,,False,Nails
APT0001403,ORD0001403,CLT00070,BIZ002,Bloom Salon & Spa,Los Angeles,PRV0006,2025-04-16,15:00:00,30,completed,online_booking,2025-04-13,3,,False,Nails
APT0001404,ORD0001404,CLT00070,BIZ002,Bloom Salon & Spa,Los Angeles,PRV0011,2025-06-02,10:00:00,60,completed,online_booking,2025-06-01,1,,False,Massage
APT0001405,ORD0001405,CLT00070,BIZ002,Bloom Salon & Spa,Los Angeles,PRV0019,2025-07-14,15:15:00,45,completed,referral,2025-07-13,1,,False,Nails
APT0001406,ORD0001406,CLT00070,BIZ002,Bloom Salon & Spa,Los Angeles,PRV0018,2025-08-31,12:15:00,60,completed,app,2025-08-10,21,,False,Nails
APT0001407,ORD0001407,CLT00070,BIZ002,Bloom Salon & Spa,Los Angeles,PRV0004,2025-10-13,10:30:00,45,completed,referral,2025-10-10,3,,False,Nails
APT0001408,ORD0001408,CLT00070,BIZ002,Bloom Salon & Spa,Los Angeles,PRV0001,2025-11-21,13:00:00,60,completed,online_booking,2025-11-18,3,,False,Massage
APT0001409,ORD0001409,CLT00070,BIZ002,Bloom Salon & Spa,Los Angeles,PRV0012,2026-01-04,17:15:00,15,completed,app,2025-12-28,7,,False,Nails
APT0001410,ORD0001410,CLT00070,BIZ002,Bloom Salon & Spa,Los Angeles,PRV0016,2026-02-17,09:45:00,75,completed,walk_in,2026-02-03,14,,False,Massage
APT0001411,ORD0001411,CLT00071,BIZ008,Posh Nails & Spa,Denver,PRV0014,2024-04-29,16:45:00,75,completed,online_booking,2024-04-22,7,,True,Skin
APT0001412,ORD0001412,CLT00071,BIZ008,Posh Nails & Spa,Denver,PRV0012,2024-06-16,17:30:00,45,completed,walk_in,2024-06-09,7,,False,Skin
APT0001413,ORD0001413,CLT00071,BIZ008,Posh Nails & Spa,Denver,PRV0006,2024-08-06,15:45:00,60,completed,referral,2024-07-30,7,,False,Skin
APT0001414,ORD0001414,CLT00071,BIZ008,Posh Nails & Spa,Denver,PRV0011,2024-09-14,18:15:00,75,completed,phone,2024-09-07,7,,False,Skin
APT0001415,ORD0001415,CLT00071,BIZ008,Posh Nails & Spa,Denver,PRV0015,2024-10-30,18:00:00,60,completed,phone,2024-10-16,14,,False,Skin
APT0001416,ORD0001416,CLT00071,BIZ008,Posh Nails & Spa,Denver,PRV0018,2024-12-15,09:00:00,60,completed,referral,2024-12-12,3,,False,Skin
APT0001417,ORD0001417,CLT00071,BIZ008,Posh Nails & Spa,Denver,PRV0017,2025-02-05,13:00:00,45,completed,app,2025-02-02,3,,False,Skin
APT0001418,ORD0001418,CLT00071,BIZ008,Posh Nails & Spa,Denver,PRV0007,2025-03-29,17:30:00,60,completed,walk_in,2025-03-15,14,,False,Skin
APT0001419,ORD0001419,CLT00071,BIZ008,Posh Nails & Spa,Denver,PRV0020,2025-05-16,14:00:00,45,completed,app,2025-05-13,3,,False,Skin
APT0001420,ORD0001420,CLT00071,BIZ008,Posh Nails & Spa,Denver,PRV0013,2025-06-23,09:15:00,75,completed,app,2025-06-09,14,,False,Skin
APT0001421,ORD0001421,CLT00071,BIZ008,Posh Nails & Spa,Denver,PRV0017,2025-08-02,13:30:00,45,completed,online_booking,2025-07-26,7,,False,Skin
APT0001422,ORD0001422,CLT00071,BIZ008,Posh Nails & Spa,Denver,PRV0020,2025-09-18,17:15:00,60,completed,referral,2025-09-11,7,,False,Skin
APT0001423,ORD0001423,CLT00071,BIZ008,Posh Nails & Spa,Denver,PRV0012,2025-11-08,11:45:00,60,completed,online_booking,2025-11-05,3,,False,Skin
APT0001424,ORD0001424,CLT00071,BIZ008,Posh Nails & Spa,Denver,PRV0007,2025-12-21,18:30:00,60,completed,online_booking,2025-12-07,14,,False,Skin
APT0001425,ORD0001425,CLT00071,BIZ008,Posh Nails & Spa,Denver,PRV0014,2026-02-08,17:30:00,45,completed,walk_in,2026-02-05,3,,False,Skin
APT0001426,ORD0001426,CLT00072,BIZ003,The Glam Room,New York,PRV0005,2024-05-04,13:30:00,60,completed,referral,2024-04-13,21,,True,Skin
APT0001427,ORD0001427,CLT00072,BIZ003,The Glam Room,New York,PRV0005,2024-06-06,15:15:00,45,completed,online_booking,2024-05-16,21,,False,Nails
APT0001428,ORD0001428,CLT00072,BIZ003,The Glam Room,New York,PRV0001,2024-07-10,13:45:00,45,cancelled,phone,2024-07-07,3,weather,False,Skin
APT0001429,ORD0001429,CLT00072,BIZ003,The Glam Room,New York,PRV0011,2024-08-10,17:30:00,45,completed,phone,2024-08-07,3,,False,Nails
APT0001430,ORD0001430,CLT00072,BIZ003,The Glam Room,New York,PRV0010,2024-09-19,10:15:00,45,completed,phone,2024-09-19,0,,False,Skin
APT0001431,ORD0001431,CLT00072,BIZ003,The Glam Room,New York,PRV0016,2024-10-27,11:45:00,60,completed,app,2024-10-13,14,,False,Skin
APT0001432,ORD0001432,CLT00072,BIZ003,The Glam Room,New York,PRV0005,2024-11-25,11:30:00,45,completed,phone,2024-11-18,7,,False,Nails
APT0001433,ORD0001433,CLT00072,BIZ003,The Glam Room,New York,PRV0010,2024-12-23,16:45:00,60,completed,phone,2024-12-22,1,,False,Skin
APT0001434,ORD0001434,CLT00072,BIZ003,The Glam Room,New York,PRV0015,2025-01-20,13:00:00,60,completed,online_booking,2025-01-13,7,,False,Nails
APT0001435,ORD0001435,CLT00072,BIZ003,The Glam Room,New York,PRV0008,2025-03-01,09:30:00,45,completed,walk_in,2025-02-22,7,,False,Nails
APT0001436,ORD0001436,CLT00072,BIZ003,The Glam Room,New York,PRV0018,2025-04-08,17:15:00,60,completed,online_booking,2025-04-01,7,,False,Skin
APT0001437,ORD0001437,CLT00072,BIZ003,The Glam Room,New York,PRV0015,2025-05-20,11:00:00,45,completed,phone,2025-05-19,1,,False,Nails
APT0001438,ORD0001438,CLT00072,BIZ003,The Glam Room,New York,PRV0014,2025-06-23,10:30:00,15,cancelled,walk_in,2025-06-16,7,,False,Nails
APT0001439,ORD0001439,CLT00072,BIZ003,The Glam Room,New York,PRV0015,2025-07-23,10:45:00,60,completed,walk_in,2025-07-20,3,,False,Skin
APT0001440,ORD0001440,CLT00072,BIZ003,The Glam Room,New York,PRV0013,2025-08-27,18:30:00,75,completed,walk_in,2025-08-26,1,,False,Skin
APT0001441,ORD0001441,CLT00072,BIZ003,The Glam Room,New York,PRV0016,2025-10-02,17:30:00,60,completed,app,2025-09-25,7,,False,Skin
APT0001442,ORD0001442,CLT00072,BIZ003,The Glam Room,New York,PRV0010,2025-10-31,15:30:00,60,completed,app,2025-10-24,7,,False,Skin
APT0001443,ORD0001443,CLT00072,BIZ003,The Glam Room,New York,PRV0019,2025-12-08,18:45:00,15,completed,phone,2025-11-17,21,,False,Nails
APT0001444,ORD0001444,CLT00072,BIZ003,The Glam Room,New York,PRV0018,2026-01-05,18:45:00,45,cancelled,referral,2026-01-04,1,forgot,False,Skin
APT0001445,ORD0001445,CLT00072,BIZ003,The Glam Room,New York,PRV0003,2026-02-16,18:45:00,75,completed,walk_in,2026-02-09,7,,False,Skin
APT0001446,ORD0001446,CLT00073,BIZ009,Glow Studio,Boston,PRV0007,2024-04-21,12:00:00,120,completed,referral,2024-04-20,1,,True,Hair
APT0001447,ORD0001447,CLT00073,BIZ009,Glow Studio,Boston,PRV0009,2024-05-21,16:00:00,15,completed,phone,2024-04-30,21,,False,Nails
APT0001448,ORD0001448,CLT00073,BIZ009,Glow Studio,Boston,PRV0005,2024-07-01,14:30:00,30,completed,referral,2024-06-24,7,,False,Nails
APT0001449,ORD0001449,CLT00073,BIZ009,Glow Studio,Boston,PRV0015,2024-08-10,17:00:00,30,completed,online_booking,2024-08-03,7,,False,Hair
APT0001450,ORD0001450,CLT00073,BIZ009,Glow Studio,Boston,PRV0019,2024-09-14,18:15:00,30,completed,online_booking,2024-09-13,1,,False,Hair
APT0001451,ORD0001451,CLT00073,BIZ009,Glow Studio,Boston,PRV0008,2024-10-18,14:00:00,120,completed,walk_in,2024-10-04,14,,False,Hair
APT0001452,ORD0001452,CLT00073,BIZ009,Glow Studio,Boston,PRV0007,2024-11-18,11:30:00,30,completed,walk_in,2024-11-17,1,,False,Nails
APT0001453,ORD0001453,CLT00073,BIZ009,Glow Studio,Boston,PRV0007,2024-12-30,16:00:00,60,completed,phone,2024-12-27,3,,False,Hair
APT0001454,ORD0001454,CLT00073,BIZ009,Glow Studio,Boston,PRV0018,2025-02-08,09:30:00,60,completed,phone,2025-02-07,1,,False,Hair
APT0001455,ORD0001455,CLT00073,BIZ009,Glow Studio,Boston,PRV0011,2025-03-12,12:00:00,45,completed,walk_in,2025-03-09,3,,False,Nails
APT0001456,ORD0001456,CLT00073,BIZ009,Glow Studio,Boston,PRV0008,2025-04-21,15:30:00,120,completed,walk_in,2025-04-20,1,,False,Hair
APT0001457,ORD0001457,CLT00073,BIZ009,Glow Studio,Boston,PRV0013,2025-05-20,11:45:00,60,completed,walk_in,2025-05-13,7,,False,Nails
APT0001458,ORD0001458,CLT00073,BIZ009,Glow Studio,Boston,PRV0002,2025-06-29,15:00:00,60,completed,online_booking,2025-06-26,3,,False,Nails
APT0001459,ORD0001459,CLT00073,BIZ009,Glow Studio,Boston,PRV0009,2025-08-01,13:45:00,45,completed,online_booking,2025-07-18,14,,False,Nails
APT0001460,ORD0001460,CLT00073,BIZ009,Glow Studio,Boston,PRV0016,2025-09-12,13:15:00,45,completed,walk_in,2025-09-09,3,,False,Nails
APT0001461,ORD0001461,CLT00073,BIZ009,Glow Studio,Boston,PRV0019,2025-10-14,18:15:00,150,no_show,phone,2025-10-07,7,illness,False,Hair
APT0001462,ORD0001462,CLT00074,BIZ006,Radiance Salon,Seattle,PRV0009,2024-04-21,13:45:00,60,completed,phone,2024-04-14,7,,True,Massage
APT0001463,ORD0001463,CLT00074,BIZ006,Radiance Salon,Seattle,PRV0015,2024-06-01,16:00:00,120,completed,phone,2024-05-25,7,,False,Hair
APT0001464,ORD0001464,CLT00074,BIZ006,Radiance Salon,Seattle,PRV0007,2024-07-11,13:00:00,60,completed,phone,2024-06-27,14,,False,Massage
APT0001465,ORD0001465,CLT00074,BIZ006,Radiance Salon,Seattle,PRV0008,2024-08-19,14:15:00,60,completed,app,2024-08-16,3,,False,Hair
APT0001466,ORD0001466,CLT00074,BIZ006,Radiance Salon,Seattle,PRV0012,2024-09-20,18:00:00,60,completed,app,2024-09-13,7,,False,Massage
APT0001467,ORD0001467,CLT00074,BIZ006,Radiance Salon,Seattle,PRV0009,2024-10-24,11:00:00,60,completed,online_booking,2024-10-21,3,,False,Massage
APT0001468,ORD0001468,CLT00074,BIZ006,Radiance Salon,Seattle,PRV0003,2024-11-28,13:30:00,75,completed,online_booking,2024-11-27,1,,False,Massage
APT0001469,ORD0001469,CLT00074,BIZ006,Radiance Salon,Seattle,PRV0018,2025-01-01,14:15:00,30,completed,online_booking,2024-12-31,1,,False,Hair
APT0001470,ORD0001470,CLT00074,BIZ006,Radiance Salon,Seattle,PRV0019,2025-01-29,16:00:00,60,completed,referral,2025-01-22,7,,False,Massage
APT0001471,ORD0001471,CLT00074,BIZ006,Radiance Salon,Seattle,PRV0005,2025-03-10,16:30:00,60,completed,app,2025-03-07,3,,False,Hair
APT0001472,ORD0001472,CLT00074,BIZ006,Radiance Salon,Seattle,PRV0002,2025-04-16,18:00:00,60,completed,app,2025-04-15,1,,False,Massage
APT0001473,ORD0001473,CLT00074,BIZ006,Radiance Salon,Seattle,PRV0006,2025-05-20,15:45:00,60,completed,online_booking,2025-05-19,1,,False,Massage
APT0001474,ORD0001474,CLT00074,BIZ006,Radiance Salon,Seattle,PRV0007,2025-06-26,18:30:00,60,completed,walk_in,2025-06-25,1,,False,Hair
APT0001475,ORD0001475,CLT00074,BIZ006,Radiance Salon,Seattle,PRV0005,2025-07-24,16:15:00,120,completed,phone,2025-07-23,1,,False,Hair
APT0001476,ORD0001476,CLT00074,BIZ006,Radiance Salon,Seattle,PRV0003,2025-09-04,11:15:00,60,no_show,online_booking,2025-08-28,7,schedule_conflict,False,Massage
APT0001477,ORD0001477,CLT00074,BIZ006,Radiance Salon,Seattle,PRV0013,2025-10-05,16:00:00,60,completed,walk_in,2025-09-28,7,,False,Massage
APT0001478,ORD0001478,CLT00074,BIZ006,Radiance Salon,Seattle,PRV0018,2025-11-14,10:15:00,150,late_cancel,online_booking,2025-10-24,21,illness,False,Hair
APT0001479,ORD0001479,CLT00075,BIZ002,Bloom Salon & Spa,Los Angeles,PRV0005,2024-04-09,15:00:00,45,completed,phone,2024-04-08,1,,True,Nails
APT0001480,ORD0001480,CLT00075,BIZ002,Bloom Salon & Spa,Los Angeles,PRV0007,2024-05-30,15:00:00,60,completed,app,2024-05-16,14,,False,Hair
APT0001481,ORD0001481,CLT00075,BIZ002,Bloom Salon & Spa,Los Angeles,PRV0005,2024-07-11,13:00:00,45,no_show,phone,2024-07-04,7,,False,Hair
APT0001482,ORD0001482,CLT00075,BIZ002,Bloom Salon & Spa,Los Angeles,PRV0013,2024-08-22,14:00:00,60,completed,online_booking,2024-08-15,7,,False,Hair
APT0001483,ORD0001483,CLT00075,BIZ002,Bloom Salon & Spa,Los Angeles,PRV0020,2024-10-11,15:30:00,45,completed,referral,2024-10-04,7,,False,Nails
APT0001484,ORD0001484,CLT00075,BIZ002,Bloom Salon & Spa,Los Angeles,PRV0010,2024-11-21,09:30:00,45,completed,walk_in,2024-10-31,21,,False,Nails
APT0001485,ORD0001485,CLT00075,BIZ002,Bloom Salon & Spa,Los Angeles,PRV0003,2025-01-11,13:15:00,15,completed,walk_in,2025-01-11,0,,False,Nails
APT0001486,ORD0001486,CLT00075,BIZ002,Bloom Salon & Spa,Los Angeles,PRV0011,2025-02-20,11:15:00,60,completed,app,2025-02-13,7,,False,Nails
APT0001487,ORD0001487,CLT00075,BIZ002,Bloom Salon & Spa,Los Angeles,PRV0011,2025-03-30,17:45:00,15,completed,phone,2025-03-27,3,,False,Nails
APT0001488,ORD0001488,CLT00075,BIZ002,Bloom Salon & Spa,Los Angeles,PRV0001,2025-05-13,09:00:00,120,cancelled,online_booking,2025-04-29,14,weather,False,Hair
APT0001489,ORD0001489,CLT00075,BIZ002,Bloom Salon & Spa,Los Angeles,PRV0008,2025-06-23,15:45:00,60,completed,referral,2025-06-16,7,,False,Hair
APT0001490,ORD0001490,CLT00075,BIZ002,Bloom Salon & Spa,Los Angeles,PRV0013,2025-08-04,09:00:00,45,completed,referral,2025-07-21,14,,False,Nails
APT0001491,ORD0001491,CLT00075,BIZ002,Bloom Salon & Spa,Los Angeles,PRV0020,2025-09-15,17:45:00,60,completed,online_booking,2025-09-08,7,,False,Nails
APT0001492,ORD0001492,CLT00075,BIZ002,Bloom Salon & Spa,Los Angeles,PRV0002,2025-10-30,15:15:00,15,completed,online_booking,2025-10-09,21,,False,Nails
APT0001493,ORD0001493,CLT00075,BIZ002,Bloom Salon & Spa,Los Angeles,PRV0003,2025-12-07,12:45:00,45,completed,online_booking,2025-11-23,14,,False,Nails
APT0001494,ORD0001494,CLT00075,BIZ002,Bloom Salon & Spa,Los Angeles,PRV0003,2026-01-27,13:00:00,60,completed,phone,2026-01-26,1,,False,Hair
APT0001495,ORD0001495,CLT00075,BIZ002,Bloom Salon & Spa,Los Angeles,PRV0002,2026-03-13,09:00:00,60,completed,referral,2026-03-10,3,,False,Hair
APT0001496,ORD0001496,CLT00076,BIZ010,Elevate Salon,Nashville,PRV0017,2024-05-20,11:00:00,30,completed,phone,2024-05-06,14,,True,Hair
APT0001497,ORD0001497,CLT00076,BIZ010,Elevate Salon,Nashville,PRV0010,2024-07-20,12:45:00,60,completed,app,2024-07-17,3,,False,Hair
APT0001498,ORD0001498,CLT00076,BIZ010,Elevate Salon,Nashville,PRV0018,2024-09-14,17:15:00,30,no_show,phone,2024-09-13,1,,False,Waxing
APT0001499,ORD0001499,CLT00076,BIZ010,Elevate Salon,Nashville,PRV0012,2024-11-16,11:30:00,15,completed,referral,2024-10-26,21,,False,Waxing
APT0001500,ORD0001500,CLT00076,BIZ010,Elevate Salon,Nashville,PRV0014,2025-01-10,09:30:00,15,completed,walk_in,2025-01-09,1,,False,Waxing
APT0001501,ORD0001501,CLT00076,BIZ010,Elevate Salon,Nashville,PRV0003,2025-03-18,11:45:00,15,no_show,phone,2025-03-15,3,forgot,False,Waxing
APT0001502,ORD0001502,CLT00076,BIZ010,Elevate Salon,Nashville,PRV0016,2025-05-12,14:00:00,45,cancelled,walk_in,2025-04-21,21,no_reason_given,False,Waxing
APT0001503,ORD0001503,CLT00076,BIZ010,Elevate Salon,Nashville,PRV0013,2025-07-12,13:30:00,60,completed,online_booking,2025-06-21,21,,False,Hair
APT0001504,ORD0001504,CLT00076,BIZ010,Elevate Salon,Nashville,PRV0001,2025-09-14,13:45:00,45,completed,online_booking,2025-08-31,14,,False,Hair
APT0001505,ORD0001505,CLT00076,BIZ010,Elevate Salon,Nashville,PRV0018,2025-11-07,12:30:00,30,completed,walk_in,2025-11-06,1,,False,Waxing
APT0001506,ORD0001506,CLT00076,BIZ010,Elevate Salon,Nashville,PRV0013,2026-01-13,16:15:00,60,completed,walk_in,2026-01-06,7,,False,Hair
APT0001507,ORD0001507,CLT00076,BIZ010,Elevate Salon,Nashville,PRV0009,2026-03-15,11:15:00,120,completed,online_booking,2026-03-01,14,,False,Hair
APT0001508,ORD0001508,CLT00077,BIZ005,Revive Beauty Bar,Austin,PRV0007,2024-05-25,11:00:00,60,completed,phone,2024-05-24,1,,True,Massage
APT0001509,ORD0001509,CLT00077,BIZ005,Revive Beauty Bar,Austin,PRV0011,2024-08-20,11:15:00,60,completed,phone,2024-07-30,21,,False,Massage
APT0001510,ORD0001510,CLT00077,BIZ005,Revive Beauty Bar,Austin,PRV0009,2024-11-24,14:45:00,60,completed,referral,2024-11-23,1,,False,Massage
APT0001511,ORD0001511,CLT00077,BIZ005,Revive Beauty Bar,Austin,PRV0003,2025-02-28,13:30:00,60,completed,online_booking,2025-02-21,7,,False,Skin
APT0001512,ORD0001512,CLT00077,BIZ005,Revive Beauty Bar,Austin,PRV0010,2025-05-30,15:15:00,45,completed,app,2025-05-27,3,,False,Skin
APT0001513,ORD0001513,CLT00077,BIZ005,Revive Beauty Bar,Austin,PRV0013,2025-08-28,15:00:00,60,completed,walk_in,2025-08-25,3,,False,Skin
APT0001514,ORD0001514,CLT00077,BIZ005,Revive Beauty Bar,Austin,PRV0007,2025-11-27,14:30:00,60,completed,phone,2025-11-26,1,,False,Skin
APT0001515,ORD0001515,CLT00077,BIZ005,Revive Beauty Bar,Austin,PRV0001,2026-03-03,17:45:00,60,cancelled,app,2026-02-24,7,,False,Skin
APT0001516,ORD0001516,CLT00078,BIZ010,Elevate Salon,Nashville,PRV0010,2024-04-21,09:15:00,60,no_show,walk_in,2024-04-21,0,no_reason_given,True,Massage
APT0001517,ORD0001517,CLT00078,BIZ010,Elevate Salon,Nashville,PRV0018,2024-05-27,10:45:00,60,completed,walk_in,2024-05-20,7,,False,Massage
APT0001518,ORD0001518,CLT00078,BIZ010,Elevate Salon,Nashville,PRV0004,2024-07-01,09:30:00,75,completed,referral,2024-06-24,7,,False,Massage
APT0001519,ORD0001519,CLT00078,BIZ010,Elevate Salon,Nashville,PRV0015,2024-08-07,10:15:00,45,completed,phone,2024-07-31,7,,False,Nails
APT0001520,ORD0001520,CLT00078,BIZ010,Elevate Salon,Nashville,PRV0016,2024-09-05,16:00:00,45,completed,app,2024-08-29,7,,False,Nails
APT0001521,ORD0001521,CLT00078,BIZ010,Elevate Salon,Nashville,PRV0020,2024-10-06,09:00:00,30,completed,walk_in,2024-10-05,1,,False,Nails
APT0001522,ORD0001522,CLT00078,BIZ010,Elevate Salon,Nashville,PRV0016,2024-11-14,17:15:00,45,completed,phone,2024-10-31,14,,False,Nails
APT0001523,ORD0001523,CLT00078,BIZ010,Elevate Salon,Nashville,PRV0012,2024-12-12,17:30:00,60,completed,walk_in,2024-12-05,7,,False,Massage
APT0001524,ORD0001524,CLT00078,BIZ010,Elevate Salon,Nashville,PRV0006,2025-01-11,12:45:00,45,completed,app,2024-12-28,14,,False,Nails
APT0001525,ORD0001525,CLT00078,BIZ010,Elevate Salon,Nashville,PRV0001,2025-02-11,15:45:00,15,completed,walk_in,2025-02-04,7,,False,Nails
APT0001526,ORD0001526,CLT00078,BIZ010,Elevate Salon,Nashville,PRV0003,2025-03-11,14:15:00,60,completed,phone,2025-02-18,21,,False,Massage
APT0001527,ORD0001527,CLT00078,BIZ010,Elevate Salon,Nashville,PRV0017,2025-04-08,14:00:00,30,cancelled,phone,2025-04-05,3,schedule_conflict,False,Nails
APT0001528,ORD0001528,CLT00078,BIZ010,Elevate Salon,Nashville,PRV0019,2025-05-12,10:15:00,75,completed,app,2025-05-05,7,,False,Massage
APT0001529,ORD0001529,CLT00078,BIZ010,Elevate Salon,Nashville,PRV0001,2025-06-17,15:00:00,60,completed,phone,2025-06-16,1,,False,Massage
APT0001530,ORD0001530,CLT00078,BIZ010,Elevate Salon,Nashville,PRV0013,2025-07-28,15:30:00,45,completed,app,2025-07-21,7,,False,Nails
APT0001531,ORD0001531,CLT00078,BIZ010,Elevate Salon,Nashville,PRV0004,2025-09-04,14:00:00,75,completed,phone,2025-09-03,1,,False,Massage
APT0001532,ORD0001532,CLT00078,BIZ010,Elevate Salon,Nashville,PRV0011,2025-10-13,15:00:00,15,completed,walk_in,2025-10-06,7,,False,Nails
APT0001533,ORD0001533,CLT00078,BIZ010,Elevate Salon,Nashville,PRV0005,2025-11-21,14:00:00,60,completed,app,2025-10-31,21,,False,Massage
APT0001534,ORD0001534,CLT00078,BIZ010,Elevate Salon,Nashville,PRV0006,2025-12-20,09:45:00,45,completed,app,2025-12-17,3,,False,Nails
APT0001535,ORD0001535,CLT00078,BIZ010,Elevate Salon,Nashville,PRV0012,2026-01-19,11:00:00,45,completed,online_booking,2026-01-12,7,,False,Nails
APT0001536,ORD0001536,CLT00078,BIZ010,Elevate Salon,Nashville,PRV0016,2026-02-23,16:15:00,75,completed,online_booking,2026-02-20,3,,False,Massage
APT0001537,ORD0001537,CLT00079,BIZ007,The Beauty Loft,Miami,PRV0013,2024-05-20,16:15:00,60,completed,online_booking,2024-05-17,3,,True,Skin
APT0001538,ORD0001538,CLT00079,BIZ007,The Beauty Loft,Miami,PRV0002,2024-08-15,17:30:00,60,completed,walk_in,2024-08-14,1,,False,Massage
APT0001539,ORD0001539,CLT00079,BIZ007,The Beauty Loft,Miami,PRV0007,2024-11-13,12:30:00,60,completed,referral,2024-10-23,21,,False,Massage
APT0001540,ORD0001540,CLT00079,BIZ007,The Beauty Loft,Miami,PRV0020,2025-02-18,17:45:00,60,completed,online_booking,2025-02-11,7,,False,Massage
APT0001541,ORD0001541,CLT00079,BIZ007,The Beauty Loft,Miami,PRV0009,2025-05-14,14:15:00,60,completed,online_booking,2025-05-07,7,,False,Massage
APT0001542,ORD0001542,CLT00079,BIZ007,The Beauty Loft,Miami,PRV0014,2025-08-17,14:45:00,60,completed,phone,2025-08-10,7,,False,Massage
APT0001543,ORD0001543,CLT00079,BIZ007,The Beauty Loft,Miami,PRV0016,2025-11-08,17:45:00,60,completed,phone,2025-11-01,7,,False,Massage
APT0001544,ORD0001544,CLT00079,BIZ007,The Beauty Loft,Miami,PRV0013,2026-02-07,16:15:00,45,completed,app,2026-01-24,14,,False,Skin
APT0001545,ORD0001545,CLT00080,BIZ007,The Beauty Loft,Miami,PRV0007,2024-04-14,15:00:00,30,completed,referral,2024-03-24,21,,True,Nails
APT0001546,ORD0001546,CLT00080,BIZ007,The Beauty Loft,Miami,PRV0009,2024-05-06,11:45:00,30,completed,walk_in,2024-04-22,14,,False,Nails
APT0001547,ORD0001547,CLT00080,BIZ007,The Beauty Loft,Miami,PRV0007,2024-06-02,10:45:00,60,completed,walk_in,2024-05-19,14,,False,Skin
APT0001548,ORD0001548,CLT00080,BIZ007,The Beauty Loft,Miami,PRV0009,2024-06-20,16:15:00,45,completed,phone,2024-06-19,1,,False,Skin
APT0001549,ORD0001549,CLT00080,BIZ007,The Beauty Loft,Miami,PRV0018,2024-07-08,12:00:00,15,completed,app,2024-07-05,3,,False,Nails
APT0001550,ORD0001550,CLT00080,BIZ007,The Beauty Loft,Miami,PRV0004,2024-07-23,18:30:00,45,completed,referral,2024-07-16,7,,False,Nails
APT0001551,ORD0001551,CLT00080,BIZ007,The Beauty Loft,Miami,PRV0013,2024-08-11,11:00:00,60,completed,app,2024-07-28,14,,False,Nails
APT0001552,ORD0001552,CLT00080,BIZ007,The Beauty Loft,Miami,PRV0011,2024-09-02,16:45:00,45,completed,app,2024-08-26,7,,False,Nails
APT0001553,ORD0001553,CLT00080,BIZ007,The Beauty Loft,Miami,PRV0015,2024-09-30,14:00:00,60,completed,online_booking,2024-09-23,7,,False,Skin
APT0001554,ORD0001554,CLT00080,BIZ007,The Beauty Loft,Miami,PRV0002,2024-10-23,09:15:00,60,completed,referral,2024-10-09,14,,False,Skin
APT0001555,ORD0001555,CLT00080,BIZ007,The Beauty Loft,Miami,PRV0008,2024-11-08,14:30:00,45,completed,referral,2024-11-07,1,,False,Nails
APT0001556,ORD0001556,CLT00080,BIZ007,The Beauty Loft,Miami,PRV0007,2024-11-26,12:15:00,45,completed,app,2024-11-23,3,,False,Nails
APT0001557,ORD0001557,CLT00080,BIZ007,The Beauty Loft,Miami,PRV0011,2024-12-22,18:15:00,60,completed,phone,2024-12-21,1,,False,Skin
APT0001558,ORD0001558,CLT00080,BIZ007,The Beauty Loft,Miami,PRV0007,2025-01-05,17:30:00,45,completed,referral,2024-12-29,7,,False,Skin
APT0001559,ORD0001559,CLT00080,BIZ007,The Beauty Loft,Miami,PRV0001,2025-01-21,15:15:00,75,completed,referral,2025-01-20,1,,False,Skin
APT0001560,ORD0001560,CLT00080,BIZ007,The Beauty Loft,Miami,PRV0003,2025-02-10,13:30:00,30,completed,app,2025-01-20,21,,False,Nails
APT0001561,ORD0001561,CLT00080,BIZ007,The Beauty Loft,Miami,PRV0005,2025-02-25,09:00:00,45,completed,app,2025-02-24,1,,False,Skin
APT0001562,ORD0001562,CLT00080,BIZ007,The Beauty Loft,Miami,PRV0006,2025-03-18,09:45:00,45,completed,referral,2025-03-17,1,,False,Skin
APT0001563,ORD0001563,CLT00080,BIZ007,The Beauty Loft,Miami,PRV0006,2025-04-02,18:15:00,60,completed,walk_in,2025-03-19,14,,False,Skin
APT0001564,ORD0001564,CLT00080,BIZ007,The Beauty Loft,Miami,PRV0011,2025-04-25,13:45:00,60,completed,app,2025-04-22,3,,False,Nails
APT0001565,ORD0001565,CLT00080,BIZ007,The Beauty Loft,Miami,PRV0004,2025-05-15,09:45:00,60,completed,walk_in,2025-05-14,1,,False,Skin
APT0001566,ORD0001566,CLT00080,BIZ007,The Beauty Loft,Miami,PRV0002,2025-06-05,11:30:00,15,completed,app,2025-06-02,3,,False,Nails
APT0001567,ORD0001567,CLT00080,BIZ007,The Beauty Loft,Miami,PRV0019,2025-07-03,11:00:00,60,completed,online_booking,2025-06-30,3,,False,Skin
APT0001568,ORD0001568,CLT00080,BIZ007,The Beauty Loft,Miami,PRV0012,2025-07-27,16:15:00,45,completed,phone,2025-07-26,1,,False,Skin
APT0001569,ORD0001569,CLT00080,BIZ007,The Beauty Loft,Miami,PRV0001,2025-08-15,10:15:00,60,completed,phone,2025-08-08,7,,False,Skin
APT0001570,ORD0001570,CLT00080,BIZ007,The Beauty Loft,Miami,PRV0019,2025-09-11,12:15:00,45,completed,referral,2025-09-08,3,,False,Skin
APT0001571,ORD0001571,CLT00080,BIZ007,The Beauty Loft,Miami,PRV0009,2025-10-02,13:45:00,45,completed,online_booking,2025-09-25,7,,False,Nails
APT0001572,ORD0001572,CLT00080,BIZ007,The Beauty Loft,Miami,PRV0005,2025-10-29,15:45:00,15,completed,walk_in,2025-10-15,14,,False,Nails
APT0001573,ORD0001573,CLT00080,BIZ007,The Beauty Loft,Miami,PRV0003,2025-11-13,14:30:00,45,completed,referral,2025-11-10,3,,False,Nails
APT0001574,ORD0001574,CLT00080,BIZ007,The Beauty Loft,Miami,PRV0010,2025-12-09,15:15:00,30,completed,walk_in,2025-12-06,3,,False,Nails
APT0001575,ORD0001575,CLT00080,BIZ007,The Beauty Loft,Miami,PRV0003,2025-12-24,12:30:00,30,no_show,phone,2025-12-10,14,forgot,False,Nails
APT0001576,ORD0001576,CLT00080,BIZ007,The Beauty Loft,Miami,PRV0006,2026-01-08,15:45:00,15,cancelled,walk_in,2026-01-01,7,schedule_conflict,False,Nails
APT0001577,ORD0001577,CLT00080,BIZ007,The Beauty Loft,Miami,PRV0019,2026-01-29,14:00:00,45,completed,phone,2026-01-29,0,,False,Nails
APT0001578,ORD0001578,CLT00080,BIZ007,The Beauty Loft,Miami,PRV0008,2026-02-14,10:15:00,45,completed,phone,2026-02-14,0,,False,Nails
APT0001579,ORD0001579,CLT00080,BIZ007,The Beauty Loft,Miami,PRV0014,2026-03-10,09:00:00,60,no_show,online_booking,2026-03-07,3,,False,Skin
APT0001580,ORD0001580,CLT00080,BIZ007,The Beauty Loft,Miami,PRV0013,2026-03-26,15:30:00,60,completed,online_booking,2026-03-26,0,,False,Nails
APT0001581,ORD0001581,CLT00081,BIZ001,Luxe Hair Studio,San Francisco,PRV0008,2024-04-18,15:15:00,60,completed,online_booking,2024-04-17,1,,True,Hair
APT0001582,ORD0001582,CLT00081,BIZ001,Luxe Hair Studio,San Francisco,PRV0003,2024-05-29,13:30:00,30,completed,walk_in,2024-05-15,14,,False,Hair
APT0001583,ORD0001583,CLT00081,BIZ001,Luxe Hair Studio,San Francisco,PRV0006,2024-07-11,12:45:00,120,completed,walk_in,2024-07-08,3,,False,Hair
APT0001584,ORD0001584,CLT00081,BIZ001,Luxe Hair Studio,San Francisco,PRV0006,2024-08-27,18:30:00,60,cancelled,referral,2024-08-13,14,weather,False,Hair
APT0001585,ORD0001585,CLT00081,BIZ001,Luxe Hair Studio,San Francisco,PRV0011,2024-10-04,10:45:00,60,completed,phone,2024-10-01,3,,False,Hair
APT0001586,ORD0001586,CLT00081,BIZ001,Luxe Hair Studio,San Francisco,PRV0002,2024-11-11,13:15:00,120,completed,app,2024-11-10,1,,False,Hair
APT0001587,ORD0001587,CLT00081,BIZ001,Luxe Hair Studio,San Francisco,PRV0011,2024-12-24,14:45:00,60,completed,app,2024-12-21,3,,False,Hair
APT0001588,ORD0001588,CLT00081,BIZ001,Luxe Hair Studio,San Francisco,PRV0008,2025-02-11,17:30:00,60,completed,walk_in,2025-02-08,3,,False,Hair
APT0001589,ORD0001589,CLT00081,BIZ001,Luxe Hair Studio,San Francisco,PRV0001,2025-03-29,13:00:00,60,completed,online_booking,2025-03-26,3,,False,Hair
APT0001590,ORD0001590,CLT00081,BIZ001,Luxe Hair Studio,San Francisco,PRV0009,2025-05-17,10:45:00,45,completed,app,2025-05-14,3,,False,Hair
APT0001591,ORD0001591,CLT00081,BIZ001,Luxe Hair Studio,San Francisco,PRV0010,2025-06-27,15:00:00,45,completed,walk_in,2025-06-24,3,,False,Hair
APT0001592,ORD0001592,CLT00081,BIZ001,Luxe Hair Studio,San Francisco,PRV0007,2025-08-08,13:30:00,45,completed,walk_in,2025-07-18,21,,False,Hair
APT0001593,ORD0001593,CLT00081,BIZ001,Luxe Hair Studio,San Francisco,PRV0013,2025-09-21,16:15:00,45,completed,app,2025-09-18,3,,False,Hair
APT0001594,ORD0001594,CLT00081,BIZ001,Luxe Hair Studio,San Francisco,PRV0017,2025-10-31,17:30:00,150,completed,referral,2025-10-24,7,,False,Hair
APT0001595,ORD0001595,CLT00081,BIZ001,Luxe Hair Studio,San Francisco,PRV0011,2025-12-21,17:30:00,120,completed,online_booking,2025-12-21,0,,False,Hair
APT0001596,ORD0001596,CLT00081,BIZ001,Luxe Hair Studio,San Francisco,PRV0011,2026-02-03,15:00:00,120,completed,online_booking,2026-01-31,3,,False,Hair
APT0001597,ORD0001597,CLT00081,BIZ001,Luxe Hair Studio,San Francisco,PRV0013,2026-03-20,12:00:00,60,cancelled,walk_in,2026-03-13,7,,False,Hair
APT0001598,ORD0001598,CLT00082,BIZ007,The Beauty Loft,Miami,PRV0016,2024-04-25,09:45:00,120,completed,app,2024-04-18,7,,True,Hair
APT0001599,ORD0001599,CLT00082,BIZ007,The Beauty Loft,Miami,PRV0010,2024-05-15,14:00:00,45,cancelled,referral,2024-05-01,14,rescheduled,False,Hair
APT0001600,ORD0001600,CLT00082,BIZ007,The Beauty Loft,Miami,PRV0018,2024-06-06,09:30:00,60,completed,walk_in,2024-05-30,7,,False,Hair
APT0001601,ORD0001601,CLT00082,BIZ007,The Beauty Loft,Miami,PRV0013,2024-06-30,09:00:00,30,completed,app,2024-06-27,3,,False,Hair
APT0001602,ORD0001602,CLT00082,BIZ007,The Beauty Loft,Miami,PRV0019,2024-07-22,11:00:00,60,completed,referral,2024-07-15,7,,False,Hair
APT0001603,ORD0001603,CLT00082,BIZ007,The Beauty Loft,Miami,PRV0015,2024-08-12,16:00:00,60,completed,online_booking,2024-07-29,14,,False,Hair
APT0001604,ORD0001604,CLT00082,BIZ007,The Beauty Loft,Miami,PRV0003,2024-09-03,12:15:00,45,completed,app,2024-09-02,1,,False,Hair
APT0001605,ORD0001605,CLT00082,BIZ007,The Beauty Loft,Miami,PRV0015,2024-09-29,18:45:00,30,completed,online_booking,2024-09-15,14,,False,Hair
APT0001606,ORD0001606,CLT00082,BIZ007,The Beauty Loft,Miami,PRV0009,2024-10-13,17:15:00,60,cancelled,app,2024-09-22,21,no_reason_given,False,Hair
APT0001607,ORD0001607,CLT00082,BIZ007,The Beauty Loft,Miami,PRV0015,2024-11-05,11:00:00,150,completed,referral,2024-10-22,14,,False,Hair
APT0001608,ORD0001608,CLT00082,BIZ007,The Beauty Loft,Miami,PRV0011,2024-11-20,12:00:00,150,completed,referral,2024-11-13,7,,False,Hair
APT0001609,ORD0001609,CLT00082,BIZ007,The Beauty Loft,Miami,PRV0017,2024-12-16,18:15:00,45,completed,online_booking,2024-12-13,3,,False,Hair
APT0001610,ORD0001610,CLT00082,BIZ007,The Beauty Loft,Miami,PRV0015,2025-01-03,13:00:00,120,completed,online_booking,2024-12-31,3,,False,Hair
APT0001611,ORD0001611,CLT00082,BIZ007,The Beauty Loft,Miami,PRV0018,2025-01-27,11:45:00,45,completed,app,2025-01-26,1,,False,Hair
APT0001612,ORD0001612,CLT00082,BIZ007,The Beauty Loft,Miami,PRV0005,2025-02-19,09:45:00,60,completed,referral,2025-02-12,7,,False,Hair
APT0001613,ORD0001613,CLT00082,BIZ007,The Beauty Loft,Miami,PRV0014,2025-03-19,10:00:00,150,completed,referral,2025-03-12,7,,False,Hair
APT0001614,ORD0001614,CLT00082,BIZ007,The Beauty Loft,Miami,PRV0005,2025-04-09,15:45:00,60,completed,online_booking,2025-03-26,14,,False,Hair
APT0001615,ORD0001615,CLT00082,BIZ007,The Beauty Loft,Miami,PRV0009,2025-05-06,15:15:00,45,cancelled,phone,2025-04-15,21,forgot,False,Hair
APT0001616,ORD0001616,CLT00082,BIZ007,The Beauty Loft,Miami,PRV0011,2025-06-03,11:30:00,60,completed,referral,2025-05-27,7,,False,Hair
APT0001617,ORD0001617,CLT00082,BIZ007,The Beauty Loft,Miami,PRV0006,2025-06-23,11:30:00,30,completed,phone,2025-06-20,3,,False,Hair
APT0001618,ORD0001618,CLT00082,BIZ007,The Beauty Loft,Miami,PRV0019,2025-07-13,17:30:00,45,completed,walk_in,2025-07-13,0,,False,Hair
APT0001619,ORD0001619,CLT00082,BIZ007,The Beauty Loft,Miami,PRV0013,2025-07-29,13:15:00,150,completed,phone,2025-07-29,0,,False,Hair
APT0001620,ORD0001620,CLT00082,BIZ007,The Beauty Loft,Miami,PRV0018,2025-08-23,13:00:00,120,completed,walk_in,2025-08-09,14,,False,Hair
APT0001621,ORD0001621,CLT00082,BIZ007,The Beauty Loft,Miami,PRV0004,2025-09-08,17:15:00,60,completed,phone,2025-09-01,7,,False,Hair
APT0001622,ORD0001622,CLT00082,BIZ007,The Beauty Loft,Miami,PRV0005,2025-09-24,11:15:00,120,completed,app,2025-09-21,3,,False,Hair
APT0001623,ORD0001623,CLT00082,BIZ007,The Beauty Loft,Miami,PRV0019,2025-10-22,18:30:00,120,completed,walk_in,2025-10-21,1,,False,Hair
APT0001624,ORD0001624,CLT00082,BIZ007,The Beauty Loft,Miami,PRV0006,2025-11-13,17:45:00,150,cancelled,app,2025-11-12,1,no_reason_given,False,Hair
APT0001625,ORD0001625,CLT00082,BIZ007,The Beauty Loft,Miami,PRV0003,2025-11-28,15:45:00,120,completed,walk_in,2025-11-28,0,,False,Hair
APT0001626,ORD0001626,CLT00082,BIZ007,The Beauty Loft,Miami,PRV0019,2025-12-26,18:15:00,45,completed,referral,2025-12-19,7,,False,Hair
APT0001627,ORD0001627,CLT00082,BIZ007,The Beauty Loft,Miami,PRV0015,2026-01-23,16:45:00,60,completed,referral,2026-01-16,7,,False,Hair
APT0001628,ORD0001628,CLT00082,BIZ007,The Beauty Loft,Miami,PRV0020,2026-02-18,17:30:00,60,completed,app,2026-02-17,1,,False,Hair
APT0001629,ORD0001629,CLT00082,BIZ007,The Beauty Loft,Miami,PRV0003,2026-03-15,09:00:00,60,completed,phone,2026-03-12,3,,False,Hair
APT0001630,ORD0001630,CLT00083,BIZ004,Serenity Spa,Chicago,PRV0011,2024-04-24,12:45:00,45,no_show,app,2024-04-23,1,no_reason_given,True,Skin
APT0001631,ORD0001631,CLT00083,BIZ004,Serenity Spa,Chicago,PRV0010,2024-06-14,14:45:00,75,cancelled,app,2024-06-07,7,,False,Skin
APT0001632,ORD0001632,CLT00083,BIZ004,Serenity Spa,Chicago,PRV0017,2024-07-25,11:00:00,60,completed,app,2024-07-22,3,,False,Skin
APT0001633,ORD0001633,CLT00083,BIZ004,Serenity Spa,Chicago,PRV0018,2024-09-11,18:30:00,60,completed,referral,2024-08-28,14,,False,Skin
APT0001634,ORD0001634,CLT00083,BIZ004,Serenity Spa,Chicago,PRV0016,2024-10-29,09:00:00,60,completed,phone,2024-10-28,1,,False,Skin
APT0001635,ORD0001635,CLT00083,BIZ004,Serenity Spa,Chicago,PRV0005,2024-12-17,14:45:00,60,completed,phone,2024-12-14,3,,False,Skin
APT0001636,ORD0001636,CLT00083,BIZ004,Serenity Spa,Chicago,PRV0016,2025-01-28,10:15:00,60,completed,referral,2025-01-25,3,,False,Skin
APT0001637,ORD0001637,CLT00083,BIZ004,Serenity Spa,Chicago,PRV0002,2025-03-19,16:30:00,60,completed,app,2025-03-18,1,,False,Skin
APT0001638,ORD0001638,CLT00083,BIZ004,Serenity Spa,Chicago,PRV0019,2025-04-27,18:00:00,75,completed,app,2025-04-13,14,,False,Skin
APT0001639,ORD0001639,CLT00083,BIZ004,Serenity Spa,Chicago,PRV0018,2025-06-15,16:30:00,60,completed,referral,2025-06-12,3,,False,Skin
APT0001640,ORD0001640,CLT00083,BIZ004,Serenity Spa,Chicago,PRV0016,2025-08-03,10:00:00,75,completed,walk_in,2025-07-31,3,,False,Skin
APT0001641,ORD0001641,CLT00083,BIZ004,Serenity Spa,Chicago,PRV0008,2025-09-19,10:45:00,45,completed,app,2025-08-29,21,,False,Skin
APT0001642,ORD0001642,CLT00083,BIZ004,Serenity Spa,Chicago,PRV0017,2025-11-09,10:30:00,75,completed,online_booking,2025-11-09,0,,False,Skin
APT0001643,ORD0001643,CLT00083,BIZ004,Serenity Spa,Chicago,PRV0012,2025-12-19,13:45:00,60,completed,app,2025-12-12,7,,False,Skin
APT0001644,ORD0001644,CLT00083,BIZ004,Serenity Spa,Chicago,PRV0011,2026-02-01,09:30:00,60,completed,phone,2026-01-25,7,,False,Skin
APT0001645,ORD0001645,CLT00083,BIZ004,Serenity Spa,Chicago,PRV0013,2026-03-25,12:45:00,75,no_show,app,2026-03-25,0,,False,Skin
APT0001646,ORD0001646,CLT00084,BIZ001,Luxe Hair Studio,San Francisco,PRV0006,2024-04-14,15:30:00,60,completed,referral,2024-04-14,0,,True,Skin
APT0001647,ORD0001647,CLT00084,BIZ001,Luxe Hair Studio,San Francisco,PRV0007,2024-06-01,15:15:00,75,completed,online_booking,2024-05-29,3,,False,Skin
APT0001648,ORD0001648,CLT00084,BIZ001,Luxe Hair Studio,San Francisco,PRV0002,2024-07-13,18:45:00,60,completed,referral,2024-07-06,7,,False,Skin
APT0001649,ORD0001649,CLT00084,BIZ001,Luxe Hair Studio,San Francisco,PRV0003,2024-08-30,13:15:00,45,completed,online_booking,2024-08-16,14,,False,Skin
APT0001650,ORD0001650,CLT00084,BIZ001,Luxe Hair Studio,San Francisco,PRV0004,2024-10-13,12:15:00,120,cancelled,online_booking,2024-09-29,14,forgot,False,Hair
APT0001651,ORD0001651,CLT00084,BIZ001,Luxe Hair Studio,San Francisco,PRV0001,2024-11-28,11:15:00,30,completed,phone,2024-11-21,7,,False,Hair
APT0001652,ORD0001652,CLT00084,BIZ001,Luxe Hair Studio,San Francisco,PRV0007,2025-01-13,09:15:00,120,completed,online_booking,2025-01-10,3,,False,Hair
APT0001653,ORD0001653,CLT00084,BIZ001,Luxe Hair Studio,San Francisco,PRV0014,2025-03-05,16:45:00,45,completed,app,2025-02-19,14,,False,Skin
APT0001654,ORD0001654,CLT00084,BIZ001,Luxe Hair Studio,San Francisco,PRV0018,2025-04-26,15:00:00,60,completed,phone,2025-04-25,1,,False,Hair
APT0001655,ORD0001655,CLT00084,BIZ001,Luxe Hair Studio,San Francisco,PRV0001,2025-06-08,12:45:00,60,completed,phone,2025-06-05,3,,False,Skin
APT0001656,ORD0001656,CLT00084,BIZ001,Luxe Hair Studio,San Francisco,PRV0001,2025-07-24,18:00:00,120,completed,app,2025-07-17,7,,False,Hair
APT0001657,ORD0001657,CLT00084,BIZ001,Luxe Hair Studio,San Francisco,PRV0011,2025-09-03,18:30:00,60,completed,app,2025-09-02,1,,False,Skin
APT0001658,ORD0001658,CLT00084,BIZ001,Luxe Hair Studio,San Francisco,PRV0002,2025-10-11,11:45:00,60,completed,online_booking,2025-10-04,7,,False,Hair
APT0001659,ORD0001659,CLT00084,BIZ001,Luxe Hair Studio,San Francisco,PRV0018,2025-11-29,14:30:00,150,completed,referral,2025-11-28,1,,False,Hair
APT0001660,ORD0001660,CLT00084,BIZ001,Luxe Hair Studio,San Francisco,PRV0011,2026-01-17,13:30:00,120,completed,walk_in,2026-01-10,7,,False,Hair
APT0001661,ORD0001661,CLT00084,BIZ001,Luxe Hair Studio,San Francisco,PRV0010,2026-03-08,15:15:00,45,cancelled,referral,2026-03-07,1,personal_emergency,False,Hair
APT0001662,ORD0001662,CLT00085,BIZ005,Revive Beauty Bar,Austin,PRV0017,2024-04-17,10:30:00,75,completed,phone,2024-04-03,14,,True,Skin
APT0001663,ORD0001663,CLT00085,BIZ005,Revive Beauty Bar,Austin,PRV0016,2024-06-08,10:45:00,60,completed,online_booking,2024-06-01,7,,False,Skin
APT0001664,ORD0001664,CLT00085,BIZ005,Revive Beauty Bar,Austin,PRV0010,2024-07-30,12:30:00,75,completed,walk_in,2024-07-29,1,,False,Skin
APT0001665,ORD0001665,CLT00085,BIZ005,Revive Beauty Bar,Austin,PRV0011,2024-09-12,16:00:00,60,no_show,walk_in,2024-09-05,7,rescheduled,False,Hair
APT0001666,ORD0001666,CLT00085,BIZ005,Revive Beauty Bar,Austin,PRV0014,2024-11-01,17:45:00,45,completed,phone,2024-10-31,1,,False,Skin
APT0001667,ORD0001667,CLT00085,BIZ005,Revive Beauty Bar,Austin,PRV0009,2024-12-11,14:45:00,30,completed,referral,2024-12-10,1,,False,Hair
APT0001668,ORD0001668,CLT00085,BIZ005,Revive Beauty Bar,Austin,PRV0003,2025-01-28,16:45:00,30,completed,referral,2025-01-07,21,,False,Hair
APT0001669,ORD0001669,CLT00085,BIZ005,Revive Beauty Bar,Austin,PRV0007,2025-03-20,12:15:00,75,cancelled,app,2025-03-17,3,rescheduled,False,Skin
APT0001670,ORD0001670,CLT00085,BIZ005,Revive Beauty Bar,Austin,PRV0010,2025-05-04,18:45:00,60,completed,phone,2025-05-03,1,,False,Hair
APT0001671,ORD0001671,CLT00085,BIZ005,Revive Beauty Bar,Austin,PRV0020,2025-06-15,16:45:00,75,completed,referral,2025-05-25,21,,False,Skin
APT0001672,ORD0001672,CLT00085,BIZ005,Revive Beauty Bar,Austin,PRV0005,2025-07-23,11:00:00,75,completed,app,2025-07-09,14,,False,Skin
APT0001673,ORD0001673,CLT00085,BIZ005,Revive Beauty Bar,Austin,PRV0010,2025-09-06,11:30:00,60,completed,app,2025-09-03,3,,False,Skin
APT0001674,ORD0001674,CLT00085,BIZ005,Revive Beauty Bar,Austin,PRV0011,2025-10-14,14:00:00,45,cancelled,phone,2025-10-11,3,,False,Skin
APT0001675,ORD0001675,CLT00085,BIZ005,Revive Beauty Bar,Austin,PRV0014,2025-11-27,16:30:00,60,completed,referral,2025-11-26,1,,False,Hair
APT0001676,ORD0001676,CLT00086,BIZ005,Revive Beauty Bar,Austin,PRV0014,2024-04-19,12:00:00,45,completed,referral,2024-04-12,7,,True,Hair
APT0001677,ORD0001677,CLT00086,BIZ005,Revive Beauty Bar,Austin,PRV0002,2024-05-19,12:30:00,30,completed,app,2024-05-16,3,,False,Hair
APT0001678,ORD0001678,CLT00086,BIZ005,Revive Beauty Bar,Austin,PRV0010,2024-06-28,09:45:00,60,completed,online_booking,2024-06-27,1,,False,Hair
APT0001679,ORD0001679,CLT00086,BIZ005,Revive Beauty Bar,Austin,PRV0015,2024-08-06,11:45:00,45,completed,walk_in,2024-08-03,3,,False,Hair
APT0001680,ORD0001680,CLT00086,BIZ005,Revive Beauty Bar,Austin,PRV0017,2024-09-13,15:15:00,30,completed,phone,2024-09-10,3,,False,Hair
APT0001681,ORD0001681,CLT00086,BIZ005,Revive Beauty Bar,Austin,PRV0019,2024-10-17,14:45:00,150,no_show,app,2024-10-14,3,,False,Hair
APT0001682,ORD0001682,CLT00086,BIZ005,Revive Beauty Bar,Austin,PRV0019,2024-11-26,18:45:00,120,completed,referral,2024-11-05,21,,False,Hair
APT0001683,ORD0001683,CLT00086,BIZ005,Revive Beauty Bar,Austin,PRV0011,2025-01-05,09:30:00,120,completed,online_booking,2024-12-29,7,,False,Hair
APT0001684,ORD0001684,CLT00086,BIZ005,Revive Beauty Bar,Austin,PRV0005,2025-02-04,13:15:00,60,completed,app,2025-01-21,14,,False,Hair
APT0001685,ORD0001685,CLT00086,BIZ005,Revive Beauty Bar,Austin,PRV0004,2025-03-06,18:00:00,60,completed,phone,2025-02-27,7,,False,Hair
APT0001686,ORD0001686,CLT00086,BIZ005,Revive Beauty Bar,Austin,PRV0006,2025-04-13,16:45:00,30,completed,app,2025-04-12,1,,False,Hair
APT0001687,ORD0001687,CLT00086,BIZ005,Revive Beauty Bar,Austin,PRV0013,2025-05-14,11:30:00,45,completed,walk_in,2025-04-30,14,,False,Hair
APT0001688,ORD0001688,CLT00086,BIZ005,Revive Beauty Bar,Austin,PRV0002,2025-06-14,17:45:00,60,completed,phone,2025-06-07,7,,False,Hair
APT0001689,ORD0001689,CLT00086,BIZ005,Revive Beauty Bar,Austin,PRV0019,2025-07-16,12:30:00,45,completed,phone,2025-06-25,21,,False,Hair
APT0001690,ORD0001690,CLT00086,BIZ005,Revive Beauty Bar,Austin,PRV0019,2025-08-25,16:30:00,45,cancelled,walk_in,2025-08-18,7,rescheduled,False,Hair
APT0001691,ORD0001691,CLT00086,BIZ005,Revive Beauty Bar,Austin,PRV0005,2025-09-28,18:45:00,150,completed,app,2025-09-07,21,,False,Hair
APT0001692,ORD0001692,CLT00086,BIZ005,Revive Beauty Bar,Austin,PRV0011,2025-11-08,10:45:00,30,completed,phone,2025-11-07,1,,False,Hair
APT0001693,ORD0001693,CLT00086,BIZ005,Revive Beauty Bar,Austin,PRV0011,2025-12-17,15:30:00,120,completed,phone,2025-11-26,21,,False,Hair
APT0001694,ORD0001694,CLT00086,BIZ005,Revive Beauty Bar,Austin,PRV0017,2026-01-14,09:45:00,45,completed,walk_in,2026-01-14,0,,False,Hair
APT0001695,ORD0001695,CLT00086,BIZ005,Revive Beauty Bar,Austin,PRV0012,2026-02-11,15:45:00,120,completed,phone,2026-02-08,3,,False,Hair
APT0001696,ORD0001696,CLT00086,BIZ005,Revive Beauty Bar,Austin,PRV0005,2026-03-12,13:00:00,60,completed,app,2026-03-05,7,,False,Hair
APT0001697,ORD0001697,CLT00087,BIZ004,Serenity Spa,Chicago,PRV0007,2024-04-16,13:15:00,30,completed,referral,2024-04-13,3,,True,Hair
APT0001698,ORD0001698,CLT00087,BIZ004,Serenity Spa,Chicago,PRV0003,2024-05-27,09:45:00,60,completed,referral,2024-05-20,7,,False,Skin
APT0001699,ORD0001699,CLT00087,BIZ004,Serenity Spa,Chicago,PRV0004,2024-07-04,17:30:00,60,completed,app,2024-06-13,21,,False,Hair
APT0001700,ORD0001700,CLT00087,BIZ004,Serenity Spa,Chicago,PRV0016,2024-08-18,09:30:00,60,completed,app,2024-07-28,21,,False,Skin
APT0001701,ORD0001701,CLT00087,BIZ004,Serenity Spa,Chicago,PRV0009,2024-09-26,11:30:00,60,completed,app,2024-09-23,3,,False,Hair
APT0001702,ORD0001702,CLT00087,BIZ004,Serenity Spa,Chicago,PRV0020,2024-11-14,14:30:00,45,completed,online_booking,2024-10-31,14,,False,Skin
APT0001703,ORD0001703,CLT00087,BIZ004,Serenity Spa,Chicago,PRV0003,2024-12-22,10:30:00,60,completed,referral,2024-12-19,3,,False,Skin
APT0001704,ORD0001704,CLT00087,BIZ004,Serenity Spa,Chicago,PRV0017,2025-02-11,11:30:00,60,cancelled,walk_in,2025-01-28,14,,False,Hair
APT0001705,ORD0001705,CLT00087,BIZ004,Serenity Spa,Chicago,PRV0014,2025-03-28,12:15:00,60,completed,online_booking,2025-03-27,1,,False,Skin
APT0001706,ORD0001706,CLT00087,BIZ004,Serenity Spa,Chicago,PRV0004,2025-05-18,13:15:00,75,completed,walk_in,2025-05-04,14,,False,Skin
APT0001707,ORD0001707,CLT00087,BIZ004,Serenity Spa,Chicago,PRV0018,2025-06-30,10:45:00,120,no_show,referral,2025-06-09,21,,False,Hair
APT0001708,ORD0001708,CLT00087,BIZ004,Serenity Spa,Chicago,PRV0019,2025-08-20,14:30:00,120,completed,phone,2025-08-06,14,,False,Hair
APT0001709,ORD0001709,CLT00087,BIZ004,Serenity Spa,Chicago,PRV0015,2025-09-30,16:00:00,60,completed,referral,2025-09-29,1,,False,Hair
APT0001710,ORD0001710,CLT00087,BIZ004,Serenity Spa,Chicago,PRV0015,2025-11-19,17:30:00,45,completed,walk_in,2025-11-16,3,,False,Skin
APT0001711,ORD0001711,CLT00087,BIZ004,Serenity Spa,Chicago,PRV0015,2026-01-04,17:00:00,60,completed,app,2025-12-28,7,,False,Skin
APT0001712,ORD0001712,CLT00087,BIZ004,Serenity Spa,Chicago,PRV0014,2026-02-11,17:45:00,45,completed,app,2026-02-08,3,,False,Skin
APT0001713,ORD0001713,CLT00088,BIZ010,Elevate Salon,Nashville,PRV0019,2024-05-04,10:15:00,60,completed,referral,2024-04-20,14,,True,Skin
APT0001714,ORD0001714,CLT00088,BIZ010,Elevate Salon,Nashville,PRV0020,2024-06-11,15:45:00,60,completed,online_booking,2024-06-04,7,,False,Massage
APT0001715,ORD0001715,CLT00088,BIZ010,Elevate Salon,Nashville,PRV0017,2024-07-28,12:30:00,60,completed,walk_in,2024-07-14,14,,False,Massage
APT0001716,ORD0001716,CLT00088,BIZ010,Elevate Salon,Nashville,PRV0011,2024-09-14,12:15:00,45,completed,phone,2024-08-31,14,,False,Skin
APT0001717,ORD0001717,CLT00088,BIZ010,Elevate Salon,Nashville,PRV0015,2024-11-03,09:30:00,60,completed,online_booking,2024-10-31,3,,False,Massage
APT0001718,ORD0001718,CLT00088,BIZ010,Elevate Salon,Nashville,PRV0012,2024-12-21,09:30:00,75,completed,referral,2024-12-18,3,,False,Massage
APT0001719,ORD0001719,CLT00088,BIZ010,Elevate Salon,Nashville,PRV0007,2025-02-11,14:00:00,60,completed,walk_in,2025-01-21,21,,False,Massage
APT0001720,ORD0001720,CLT00088,BIZ010,Elevate Salon,Nashville,PRV0018,2025-03-22,16:45:00,60,completed,online_booking,2025-03-19,3,,False,Massage
APT0001721,ORD0001721,CLT00088,BIZ010,Elevate Salon,Nashville,PRV0014,2025-05-01,12:45:00,45,completed,phone,2025-05-01,0,,False,Skin
APT0001722,ORD0001722,CLT00088,BIZ010,Elevate Salon,Nashville,PRV0012,2025-06-09,14:45:00,45,completed,walk_in,2025-05-26,14,,False,Skin
APT0001723,ORD0001723,CLT00088,BIZ010,Elevate Salon,Nashville,PRV0005,2025-07-27,12:00:00,60,completed,referral,2025-07-13,14,,False,Massage
APT0001724,ORD0001724,CLT00088,BIZ010,Elevate Salon,Nashville,PRV0003,2025-09-09,15:30:00,60,completed,referral,2025-09-06,3,,False,Massage
APT0001725,ORD0001725,CLT00088,BIZ010,Elevate Salon,Nashville,PRV0013,2025-10-26,13:30:00,60,completed,walk_in,2025-10-05,21,,False,Skin
APT0001726,ORD0001726,CLT00088,BIZ010,Elevate Salon,Nashville,PRV0020,2025-12-06,16:30:00,45,completed,online_booking,2025-12-05,1,,False,Skin
APT0001727,ORD0001727,CLT00088,BIZ010,Elevate Salon,Nashville,PRV0008,2026-01-15,13:00:00,60,completed,phone,2026-01-08,7,,False,Massage
APT0001728,ORD0001728,CLT00088,BIZ010,Elevate Salon,Nashville,PRV0001,2026-02-23,16:30:00,45,completed,app,2026-02-16,7,,False,Skin
APT0001729,ORD0001729,CLT00089,BIZ006,Radiance Salon,Seattle,PRV0005,2024-04-17,09:15:00,75,completed,app,2024-04-03,14,,True,Skin
APT0001730,ORD0001730,CLT00089,BIZ006,Radiance Salon,Seattle,PRV0018,2024-05-03,16:45:00,30,completed,app,2024-04-30,3,,False,Hair
APT0001731,ORD0001731,CLT00089,BIZ006,Radiance Salon,Seattle,PRV0010,2024-05-17,14:15:00,45,completed,phone,2024-05-10,7,,False,Hair
APT0001732,ORD0001732,CLT00089,BIZ006,Radiance Salon,Seattle,PRV0012,2024-06-01,13:45:00,60,completed,walk_in,2024-05-31,1,,False,Hair
APT0001733,ORD0001733,CLT00089,BIZ006,Radiance Salon,Seattle,PRV0019,2024-06-21,12:00:00,75,completed,referral,2024-06-20,1,,False,Skin
APT0001734,ORD0001734,CLT00089,BIZ006,Radiance Salon,Seattle,PRV0015,2024-07-11,11:45:00,60,completed,walk_in,2024-07-10,1,,False,Skin
APT0001735,ORD0001735,CLT00089,BIZ006,Radiance Salon,Seattle,PRV0001,2024-07-31,17:30:00,30,completed,app,2024-07-17,14,,False,Hair
APT0001736,ORD0001736,CLT00089,BIZ006,Radiance Salon,Seattle,PRV0018,2024-08-20,13:30:00,60,completed,walk_in,2024-07-30,21,,False,Hair
APT0001737,ORD0001737,CLT00089,BIZ006,Radiance Salon,Seattle,PRV0012,2024-09-14,10:30:00,60,completed,phone,2024-08-24,21,,False,Skin
APT0001738,ORD0001738,CLT00089,BIZ006,Radiance Salon,Seattle,PRV0004,2024-10-07,14:00:00,60,completed,phone,2024-10-06,1,,False,Skin
APT0001739,ORD0001739,CLT00089,BIZ006,Radiance Salon,Seattle,PRV0010,2024-10-22,18:30:00,75,cancelled,app,2024-10-19,3,schedule_conflict,False,Skin
APT0001740,ORD0001740,CLT00089,BIZ006,Radiance Salon,Seattle,PRV0002,2024-11-12,17:15:00,60,completed,referral,2024-11-09,3,,False,Skin
APT0001741,ORD0001741,CLT00089,BIZ006,Radiance Salon,Seattle,PRV0003,2024-12-03,14:00:00,75,no_show,phone,2024-11-26,7,weather,False,Skin
APT0001742,ORD0001742,CLT00089,BIZ006,Radiance Salon,Seattle,PRV0016,2024-12-23,10:00:00,45,completed,referral,2024-12-20,3,,False,Hair
APT0001743,ORD0001743,CLT00089,BIZ006,Radiance Salon,Seattle,PRV0002,2025-01-12,14:45:00,45,completed,walk_in,2025-01-09,3,,False,Skin
APT0001744,ORD0001744,CLT00089,BIZ006,Radiance Salon,Seattle,PRV0006,2025-01-29,14:30:00,60,completed,app,2025-01-22,7,,False,Hair
APT0001745,ORD0001745,CLT00089,BIZ006,Radiance Salon,Seattle,PRV0011,2025-02-26,14:00:00,60,completed,app,2025-02-19,7,,False,Skin
APT0001746,ORD0001746,CLT00089,BIZ006,Radiance Salon,Seattle,PRV0009,2025-03-20,14:00:00,45,completed,phone,2025-03-20,0,,False,Hair
APT0001747,ORD0001747,CLT00089,BIZ006,Radiance Salon,Seattle,PRV0005,2025-04-04,11:15:00,75,completed,app,2025-03-28,7,,False,Skin
APT0001748,ORD0001748,CLT00089,BIZ006,Radiance Salon,Seattle,PRV0001,2025-04-20,15:15:00,60,completed,online_booking,2025-04-20,0,,False,Hair
APT0001749,ORD0001749,CLT00089,BIZ006,Radiance Salon,Seattle,PRV0019,2025-05-17,12:15:00,60,completed,online_booking,2025-05-10,7,,False,Hair
APT0001750,ORD0001750,CLT00089,BIZ006,Radiance Salon,Seattle,PRV0011,2025-06-11,18:30:00,60,completed,walk_in,2025-06-10,1,,False,Skin
APT0001751,ORD0001751,CLT00089,BIZ006,Radiance Salon,Seattle,PRV0001,2025-07-01,16:45:00,60,completed,app,2025-06-28,3,,False,Skin
APT0001752,ORD0001752,CLT00089,BIZ006,Radiance Salon,Seattle,PRV0015,2025-07-24,12:45:00,150,cancelled,walk_in,2025-07-03,21,,False,Hair
APT0001753,ORD0001753,CLT00089,BIZ006,Radiance Salon,Seattle,PRV0020,2025-08-17,14:15:00,120,completed,walk_in,2025-08-10,7,,False,Hair
APT0001754,ORD0001754,CLT00089,BIZ006,Radiance Salon,Seattle,PRV0011,2025-09-11,15:30:00,75,completed,referral,2025-08-21,21,,False,Skin
APT0001755,ORD0001755,CLT00089,BIZ006,Radiance Salon,Seattle,PRV0020,2025-10-04,17:00:00,120,completed,walk_in,2025-09-20,14,,False,Hair
APT0001756,ORD0001756,CLT00089,BIZ006,Radiance Salon,Seattle,PRV0015,2025-10-18,11:30:00,45,completed,phone,2025-10-11,7,,False,Hair
APT0001757,ORD0001757,CLT00089,BIZ006,Radiance Salon,Seattle,PRV0019,2025-11-12,15:15:00,120,completed,referral,2025-11-05,7,,False,Hair
APT0001758,ORD0001758,CLT00089,BIZ006,Radiance Salon,Seattle,PRV0016,2025-12-10,10:30:00,60,completed,online_booking,2025-12-09,1,,False,Skin
APT0001759,ORD0001759,CLT00089,BIZ006,Radiance Salon,Seattle,PRV0007,2025-12-29,14:30:00,150,completed,phone,2025-12-08,21,,False,Hair
APT0001760,ORD0001760,CLT00089,BIZ006,Radiance Salon,Seattle,PRV0010,2026-01-22,17:15:00,45,completed,referral,2026-01-19,3,,False,Hair
APT0001761,ORD0001761,CLT00089,BIZ006,Radiance Salon,Seattle,PRV0004,2026-02-18,17:00:00,45,no_show,walk_in,2026-02-11,7,weather,False,Hair
APT0001762,ORD0001762,CLT00089,BIZ006,Radiance Salon,Seattle,PRV0007,2026-03-10,09:45:00,150,completed,walk_in,2026-03-10,0,,False,Hair
APT0001763,ORD0001763,CLT00090,BIZ006,Radiance Salon,Seattle,PRV0004,2024-05-01,10:15:00,60,completed,phone,2024-04-24,7,,True,Skin
APT0001764,ORD0001764,CLT00090,BIZ006,Radiance Salon,Seattle,PRV0013,2024-06-23,11:15:00,60,completed,phone,2024-06-20,3,,False,Massage
APT0001765,ORD0001765,CLT00090,BIZ006,Radiance Salon,Seattle,PRV0001,2024-08-26,18:30:00,60,completed,app,2024-08-05,21,,False,Skin
APT0001766,ORD0001766,CLT00090,BIZ006,Radiance Salon,Seattle,PRV0019,2024-11-01,15:30:00,60,completed,walk_in,2024-10-29,3,,False,Skin
APT0001767,ORD0001767,CLT00090,BIZ006,Radiance Salon,Seattle,PRV0004,2025-01-01,10:00:00,60,completed,walk_in,2024-12-29,3,,False,Massage
APT0001768,ORD0001768,CLT00090,BIZ006,Radiance Salon,Seattle,PRV0019,2025-03-02,18:30:00,60,completed,online_booking,2025-02-27,3,,False,Skin
APT0001769,ORD0001769,CLT00090,BIZ006,Radiance Salon,Seattle,PRV0009,2025-05-07,16:15:00,60,completed,referral,2025-05-04,3,,False,Skin
APT0001770,ORD0001770,CLT00090,BIZ006,Radiance Salon,Seattle,PRV0020,2025-07-05,15:45:00,60,completed,app,2025-06-14,21,,False,Massage
APT0001771,ORD0001771,CLT00090,BIZ006,Radiance Salon,Seattle,PRV0001,2025-09-05,18:00:00,60,cancelled,online_booking,2025-08-29,7,no_reason_given,False,Skin
APT0001772,ORD0001772,CLT00090,BIZ006,Radiance Salon,Seattle,PRV0014,2025-11-05,17:45:00,60,completed,online_booking,2025-11-05,0,,False,Massage
APT0001773,ORD0001773,CLT00090,BIZ006,Radiance Salon,Seattle,PRV0017,2026-01-01,12:30:00,75,completed,phone,2025-12-31,1,,False,Skin
APT0001774,ORD0001774,CLT00090,BIZ006,Radiance Salon,Seattle,PRV0016,2026-02-24,16:00:00,60,completed,referral,2026-02-21,3,,False,Skin
APT0001775,ORD0001775,CLT00091,BIZ005,Revive Beauty Bar,Austin,PRV0010,2024-05-02,09:15:00,60,completed,walk_in,2024-04-29,3,,True,Skin
APT0001776,ORD0001776,CLT00091,BIZ005,Revive Beauty Bar,Austin,PRV0011,2024-06-25,16:30:00,60,no_show,app,2024-06-11,14,forgot,False,Skin
APT0001777,ORD0001777,CLT00091,BIZ005,Revive Beauty Bar,Austin,PRV0017,2024-08-24,15:45:00,15,completed,phone,2024-08-17,7,,False,Waxing
APT0001778,ORD0001778,CLT00091,BIZ005,Revive Beauty Bar,Austin,PRV0010,2024-10-28,09:45:00,75,completed,referral,2024-10-07,21,,False,Skin
APT0001779,ORD0001779,CLT00091,BIZ005,Revive Beauty Bar,Austin,PRV0002,2024-12-21,14:30:00,45,completed,online_booking,2024-12-20,1,,False,Waxing
APT0001780,ORD0001780,CLT00091,BIZ005,Revive Beauty Bar,Austin,PRV0011,2025-02-26,13:30:00,45,completed,app,2025-02-23,3,,False,Waxing
APT0001781,ORD0001781,CLT00091,BIZ005,Revive Beauty Bar,Austin,PRV0019,2025-05-01,10:45:00,75,completed,referral,2025-04-28,3,,False,Skin
APT0001782,ORD0001782,CLT00091,BIZ005,Revive Beauty Bar,Austin,PRV0002,2025-07-06,18:15:00,15,completed,online_booking,2025-06-29,7,,False,Waxing
APT0001783,ORD0001783,CLT00091,BIZ005,Revive Beauty Bar,Austin,PRV0012,2025-08-29,15:15:00,15,completed,phone,2025-08-08,21,,False,Waxing
APT0001784,ORD0001784,CLT00091,BIZ005,Revive Beauty Bar,Austin,PRV0013,2025-10-28,11:30:00,15,completed,phone,2025-10-25,3,,False,Waxing
APT0001785,ORD0001785,CLT00091,BIZ005,Revive Beauty Bar,Austin,PRV0008,2026-01-01,13:00:00,60,completed,online_booking,2025-12-11,21,,False,Skin
APT0001786,ORD0001786,CLT00091,BIZ005,Revive Beauty Bar,Austin,PRV0001,2026-02-28,10:00:00,60,cancelled,walk_in,2026-02-25,3,,False,Skin
APT0001787,ORD0001787,CLT00092,BIZ005,Revive Beauty Bar,Austin,PRV0006,2024-05-28,16:45:00,45,completed,app,2024-05-27,1,,True,Hair
APT0001788,ORD0001788,CLT00092,BIZ005,Revive Beauty Bar,Austin,PRV0010,2024-08-31,11:15:00,60,completed,online_booking,2024-08-30,1,,False,Hair
APT0001789,ORD0001789,CLT00092,BIZ005,Revive Beauty Bar,Austin,PRV0001,2024-11-26,13:00:00,120,completed,phone,2024-11-19,7,,False,Hair
APT0001790,ORD0001790,CLT00092,BIZ005,Revive Beauty Bar,Austin,PRV0012,2025-02-27,10:15:00,60,completed,online_booking,2025-02-13,14,,False,Hair
APT0001791,ORD0001791,CLT00092,BIZ005,Revive Beauty Bar,Austin,PRV0001,2025-05-21,18:15:00,60,completed,walk_in,2025-05-14,7,,False,Hair
APT0001792,ORD0001792,CLT00092,BIZ005,Revive Beauty Bar,Austin,PRV0001,2025-08-21,16:15:00,120,completed,app,2025-08-14,7,,False,Hair
APT0001793,ORD0001793,CLT00092,BIZ005,Revive Beauty Bar,Austin,PRV0020,2025-11-20,13:00:00,60,completed,phone,2025-11-17,3,,False,Hair
APT0001794,ORD0001794,CLT00092,BIZ005,Revive Beauty Bar,Austin,PRV0005,2026-02-17,16:30:00,120,completed,referral,2026-02-14,3,,False,Hair
APT0001795,ORD0001795,CLT00093,BIZ008,Posh Nails & Spa,Denver,PRV0008,2024-05-14,16:30:00,30,completed,walk_in,2024-05-07,7,,True,Nails
APT0001796,ORD0001796,CLT00093,BIZ008,Posh Nails & Spa,Denver,PRV0006,2024-06-12,09:30:00,60,completed,referral,2024-06-09,3,,False,Skin
APT0001797,ORD0001797,CLT00093,BIZ008,Posh Nails & Spa,Denver,PRV0001,2024-07-22,18:45:00,45,completed,walk_in,2024-07-21,1,,False,Nails
APT0001798,ORD0001798,CLT00093,BIZ008,Posh Nails & Spa,Denver,PRV0011,2024-08-28,10:45:00,60,completed,app,2024-08-14,14,,False,Skin
APT0001799,ORD0001799,CLT00093,BIZ008,Posh Nails & Spa,Denver,PRV0001,2024-10-03,14:15:00,45,completed,referral,2024-10-02,1,,False,Skin
APT0001800,ORD0001800,CLT00093,BIZ008,Posh Nails & Spa,Denver,PRV0016,2024-11-07,13:45:00,15,completed,app,2024-11-04,3,,False,Nails
APT0001801,ORD0001801,CLT00093,BIZ008,Posh Nails & Spa,Denver,PRV0010,2024-12-08,11:15:00,45,completed,referral,2024-11-17,21,,False,Nails
APT0001802,ORD0001802,CLT00093,BIZ008,Posh Nails & Spa,Denver,PRV0011,2025-01-15,15:00:00,45,completed,referral,2024-12-25,21,,False,Nails
APT0001803,ORD0001803,CLT00093,BIZ008,Posh Nails & Spa,Denver,PRV0006,2025-02-12,15:00:00,60,completed,phone,2025-02-05,7,,False,Nails
APT0001804,ORD0001804,CLT00093,BIZ008,Posh Nails & Spa,Denver,PRV0012,2025-03-23,18:30:00,45,completed,app,2025-03-20,3,,False,Nails
APT0001805,ORD0001805,CLT00093,BIZ008,Posh Nails & Spa,Denver,PRV0020,2025-04-30,09:15:00,15,completed,walk_in,2025-04-30,0,,False,Nails
APT0001806,ORD0001806,CLT00093,BIZ008,Posh Nails & Spa,Denver,PRV0005,2025-06-05,11:15:00,60,completed,online_booking,2025-05-29,7,,False,Nails
APT0001807,ORD0001807,CLT00093,BIZ008,Posh Nails & Spa,Denver,PRV0020,2025-07-17,15:45:00,45,completed,app,2025-07-10,7,,False,Nails
APT0001808,ORD0001808,CLT00093,BIZ008,Posh Nails & Spa,Denver,PRV0019,2025-08-21,10:15:00,45,completed,app,2025-07-31,21,,False,Nails
APT0001809,ORD0001809,CLT00093,BIZ008,Posh Nails & Spa,Denver,PRV0004,2025-09-23,18:00:00,45,completed,referral,2025-09-20,3,,False,Nails
APT0001810,ORD0001810,CLT00093,BIZ008,Posh Nails & Spa,Denver,PRV0001,2025-11-02,09:00:00,45,completed,app,2025-10-26,7,,False,Skin
APT0001811,ORD0001811,CLT00093,BIZ008,Posh Nails & Spa,Denver,PRV0003,2025-12-03,13:45:00,45,completed,referral,2025-11-30,3,,False,Nails
APT0001812,ORD0001812,CLT00093,BIZ008,Posh Nails & Spa,Denver,PRV0001,2026-01-06,11:15:00,45,completed,phone,2025-12-23,14,,False,Skin
APT0001813,ORD0001813,CLT00093,BIZ008,Posh Nails & Spa,Denver,PRV0018,2026-02-03,16:45:00,45,no_show,online_booking,2026-01-27,7,personal_emergency,False,Nails
APT0001814,ORD0001814,CLT00093,BIZ008,Posh Nails & Spa,Denver,PRV0015,2026-03-06,13:15:00,60,completed,online_booking,2026-03-03,3,,False,Skin
APT0001815,ORD0001815,CLT00094,BIZ004,Serenity Spa,Chicago,PRV0011,2024-05-04,11:00:00,30,completed,walk_in,2024-04-20,14,,True,Hair
APT0001816,ORD0001816,CLT00094,BIZ004,Serenity Spa,Chicago,PRV0016,2024-06-11,10:45:00,60,completed,referral,2024-06-10,1,,False,Hair
APT0001817,ORD0001817,CLT00094,BIZ004,Serenity Spa,Chicago,PRV0004,2024-07-11,12:45:00,60,completed,referral,2024-07-10,1,,False,Hair
APT0001818,ORD0001818,CLT00094,BIZ004,Serenity Spa,Chicago,PRV0003,2024-08-13,16:00:00,150,completed,phone,2024-08-10,3,,False,Hair
APT0001819,ORD0001819,CLT00094,BIZ004,Serenity Spa,Chicago,PRV0008,2024-09-10,12:15:00,150,completed,online_booking,2024-08-27,14,,False,Hair
APT0001820,ORD0001820,CLT00094,BIZ004,Serenity Spa,Chicago,PRV0004,2024-10-13,16:30:00,45,completed,walk_in,2024-10-12,1,,False,Hair
APT0001821,ORD0001821,CLT00094,BIZ004,Serenity Spa,Chicago,PRV0002,2024-11-16,17:15:00,120,no_show,online_booking,2024-11-02,14,rescheduled,False,Hair
APT0001822,ORD0001822,CLT00094,BIZ004,Serenity Spa,Chicago,PRV0006,2024-12-25,15:30:00,60,completed,walk_in,2024-12-11,14,,False,Hair
APT0001823,ORD0001823,CLT00094,BIZ004,Serenity Spa,Chicago,PRV0012,2025-01-28,13:30:00,30,completed,app,2025-01-21,7,,False,Hair
APT0001824,ORD0001824,CLT00094,BIZ004,Serenity Spa,Chicago,PRV0009,2025-03-03,16:45:00,120,completed,referral,2025-02-28,3,,False,Hair
APT0001825,ORD0001825,CLT00094,BIZ004,Serenity Spa,Chicago,PRV0001,2025-04-07,14:00:00,60,completed,phone,2025-04-04,3,,False,Hair
APT0001826,ORD0001826,CLT00094,BIZ004,Serenity Spa,Chicago,PRV0002,2025-05-12,10:15:00,120,completed,walk_in,2025-04-21,21,,False,Hair
APT0001827,ORD0001827,CLT00094,BIZ004,Serenity Spa,Chicago,PRV0020,2025-06-19,14:00:00,60,completed,walk_in,2025-06-16,3,,False,Hair
APT0001828,ORD0001828,CLT00094,BIZ004,Serenity Spa,Chicago,PRV0001,2025-07-18,15:30:00,30,completed,app,2025-07-17,1,,False,Hair
APT0001829,ORD0001829,CLT00094,BIZ004,Serenity Spa,Chicago,PRV0005,2025-08-29,18:45:00,120,completed,phone,2025-08-08,21,,False,Hair
APT0001830,ORD0001830,CLT00094,BIZ004,Serenity Spa,Chicago,PRV0003,2025-09-27,17:15:00,30,completed,phone,2025-09-20,7,,False,Hair
APT0001831,ORD0001831,CLT00094,BIZ004,Serenity Spa,Chicago,PRV0019,2025-11-08,11:00:00,60,completed,phone,2025-11-01,7,,False,Hair
APT0001832,ORD0001832,CLT00094,BIZ004,Serenity Spa,Chicago,PRV0017,2025-12-17,12:15:00,30,completed,walk_in,2025-12-14,3,,False,Hair
APT0001833,ORD0001833,CLT00094,BIZ004,Serenity Spa,Chicago,PRV0017,2026-01-23,17:30:00,60,completed,phone,2026-01-23,0,,False,Hair
APT0001834,ORD0001834,CLT00094,BIZ004,Serenity Spa,Chicago,PRV0001,2026-03-02,16:45:00,60,completed,referral,2026-02-27,3,,False,Hair
APT0001835,ORD0001835,CLT00095,BIZ001,Luxe Hair Studio,San Francisco,PRV0019,2024-05-10,15:30:00,30,completed,online_booking,2024-05-07,3,,True,Nails
APT0001836,ORD0001836,CLT00095,BIZ001,Luxe Hair Studio,San Francisco,PRV0013,2024-06-13,14:30:00,45,cancelled,online_booking,2024-06-12,1,schedule_conflict,False,Nails
APT0001837,ORD0001837,CLT00095,BIZ001,Luxe Hair Studio,San Francisco,PRV0007,2024-07-25,09:00:00,120,completed,referral,2024-07-18,7,,False,Hair
APT0001838,ORD0001838,CLT00095,BIZ001,Luxe Hair Studio,San Francisco,PRV0009,2024-08-26,13:00:00,45,completed,app,2024-08-25,1,,False,Nails
APT0001839,ORD0001839,CLT00095,BIZ001,Luxe Hair Studio,San Francisco,PRV0017,2024-10-07,10:30:00,45,completed,app,2024-10-06,1,,False,Nails
APT0001840,ORD0001840,CLT00095,BIZ001,Luxe Hair Studio,San Francisco,PRV0013,2024-11-13,15:30:00,30,completed,phone,2024-11-13,0,,False,Nails
APT0001841,ORD0001841,CLT00095,BIZ001,Luxe Hair Studio,San Francisco,PRV0013,2024-12-15,16:00:00,30,no_show,referral,2024-12-15,0,,False,Hair
APT0001842,ORD0001842,CLT00095,BIZ001,Luxe Hair Studio,San Francisco,PRV0017,2025-01-22,10:30:00,60,completed,walk_in,2025-01-19,3,,False,Nails
APT0001843,ORD0001843,CLT00095,BIZ001,Luxe Hair Studio,San Francisco,PRV0012,2025-03-01,15:45:00,15,completed,referral,2025-02-15,14,,False,Nails
APT0001844,ORD0001844,CLT00095,BIZ001,Luxe Hair Studio,San Francisco,PRV0011,2025-04-03,14:00:00,30,completed,referral,2025-04-03,0,,False,Hair
APT0001845,ORD0001845,CLT00095,BIZ001,Luxe Hair Studio,San Francisco,PRV0008,2025-05-14,17:30:00,45,completed,phone,2025-05-07,7,,False,Hair
APT0001846,ORD0001846,CLT00095,BIZ001,Luxe Hair Studio,San Francisco,PRV0015,2025-06-11,11:00:00,45,completed,walk_in,2025-06-08,3,,False,Nails
APT0001847,ORD0001847,CLT00095,BIZ001,Luxe Hair Studio,San Francisco,PRV0007,2025-07-15,12:00:00,45,completed,online_booking,2025-07-08,7,,False,Hair
APT0001848,ORD0001848,CLT00095,BIZ001,Luxe Hair Studio,San Francisco,PRV0009,2025-08-15,17:15:00,60,completed,phone,2025-08-12,3,,False,Nails
APT0001849,ORD0001849,CLT00095,BIZ001,Luxe Hair Studio,San Francisco,PRV0004,2025-09-23,13:45:00,45,completed,app,2025-09-16,7,,False,Nails
APT0001850,ORD0001850,CLT00095,BIZ001,Luxe Hair Studio,San Francisco,PRV0018,2025-10-22,16:15:00,60,completed,app,2025-10-08,14,,False,Hair
APT0001851,ORD0001851,CLT00095,BIZ001,Luxe Hair Studio,San Francisco,PRV0005,2025-11-29,11:30:00,30,completed,walk_in,2025-11-22,7,,False,Nails
APT0001852,ORD0001852,CLT00095,BIZ001,Luxe Hair Studio,San Francisco,PRV0005,2026-01-07,10:00:00,30,completed,phone,2026-01-06,1,,False,Nails
APT0001853,ORD0001853,CLT00095,BIZ001,Luxe Hair Studio,San Francisco,PRV0004,2026-02-15,16:45:00,45,completed,referral,2026-02-08,7,,False,Nails
APT0001854,ORD0001854,CLT00095,BIZ001,Luxe Hair Studio,San Francisco,PRV0013,2026-03-22,15:30:00,30,completed,walk_in,2026-03-15,7,,False,Hair
APT0001855,ORD0001855,CLT00096,BIZ008,Posh Nails & Spa,Denver,PRV0013,2024-05-15,13:15:00,30,cancelled,phone,2024-05-14,1,rescheduled,True,Nails
APT0001856,ORD0001856,CLT00096,BIZ008,Posh Nails & Spa,Denver,PRV0003,2024-07-10,11:15:00,60,completed,referral,2024-06-19,21,,False,Skin
APT0001857,ORD0001857,CLT00096,BIZ008,Posh Nails & Spa,Denver,PRV0003,2024-09-04,18:00:00,60,cancelled,phone,2024-09-01,3,illness,False,Skin
APT0001858,ORD0001858,CLT00096,BIZ008,Posh Nails & Spa,Denver,PRV0001,2024-11-09,11:45:00,60,cancelled,online_booking,2024-11-02,7,personal_emergency,False,Skin
APT0001859,ORD0001859,CLT00096,BIZ008,Posh Nails & Spa,Denver,PRV0015,2025-01-09,12:30:00,75,completed,phone,2025-01-02,7,,False,Skin
APT0001860,ORD0001860,CLT00096,BIZ008,Posh Nails & Spa,Denver,PRV0016,2025-03-09,18:45:00,30,completed,referral,2025-03-08,1,,False,Nails
APT0001861,ORD0001861,CLT00096,BIZ008,Posh Nails & Spa,Denver,PRV0001,2025-05-11,12:15:00,60,completed,app,2025-05-04,7,,False,Nails
APT0001862,ORD0001862,CLT00096,BIZ008,Posh Nails & Spa,Denver,PRV0009,2025-07-14,15:30:00,60,late_cancel,referral,2025-07-13,1,,False,Nails
APT0001863,ORD0001863,CLT00097,BIZ004,Serenity Spa,Chicago,PRV0013,2024-04-11,10:30:00,30,completed,online_booking,2024-04-04,7,,True,Hair
APT0001864,ORD0001864,CLT00097,BIZ004,Serenity Spa,Chicago,PRV0007,2024-05-29,10:45:00,45,completed,online_booking,2024-05-22,7,,False,Nails
APT0001865,ORD0001865,CLT00097,BIZ004,Serenity Spa,Chicago,PRV0001,2024-07-17,15:15:00,60,completed,online_booking,2024-06-26,21,,False,Nails
APT0001866,ORD0001866,CLT00097,BIZ004,Serenity Spa,Chicago,PRV0018,2024-09-07,09:30:00,30,completed,online_booking,2024-08-31,7,,False,Hair
APT0001867,ORD0001867,CLT00097,BIZ004,Serenity Spa,Chicago,PRV0020,2024-10-26,18:15:00,30,completed,online_booking,2024-10-12,14,,False,Nails
APT0001868,ORD0001868,CLT00097,BIZ004,Serenity Spa,Chicago,PRV0013,2024-12-03,12:45:00,150,completed,app,2024-11-30,3,,False,Hair
APT0001869,ORD0001869,CLT00097,BIZ004,Serenity Spa,Chicago,PRV0019,2025-01-22,10:30:00,60,completed,phone,2025-01-19,3,,False,Hair
APT0001870,ORD0001870,CLT00097,BIZ004,Serenity Spa,Chicago,PRV0002,2025-03-01,10:00:00,60,completed,phone,2025-02-22,7,,False,Hair
APT0001871,ORD0001871,CLT00097,BIZ004,Serenity Spa,Chicago,PRV0020,2025-04-08,12:45:00,30,completed,referral,2025-04-05,3,,False,Hair
APT0001872,ORD0001872,CLT00097,BIZ004,Serenity Spa,Chicago,PRV0012,2025-05-20,16:45:00,45,completed,online_booking,2025-05-13,7,,False,Nails
APT0001873,ORD0001873,CLT00097,BIZ004,Serenity Spa,Chicago,PRV0014,2025-06-29,11:15:00,120,completed,app,2025-06-26,3,,False,Hair
APT0001874,ORD0001874,CLT00097,BIZ004,Serenity Spa,Chicago,PRV0013,2025-08-16,11:45:00,30,completed,app,2025-08-13,3,,False,Hair
APT0001875,ORD0001875,CLT00097,BIZ004,Serenity Spa,Chicago,PRV0013,2025-09-30,15:00:00,120,completed,phone,2025-09-29,1,,False,Hair
APT0001876,ORD0001876,CLT00097,BIZ004,Serenity Spa,Chicago,PRV0005,2025-11-18,14:00:00,45,completed,phone,2025-11-11,7,,False,Hair
APT0001877,ORD0001877,CLT00097,BIZ004,Serenity Spa,Chicago,PRV0018,2025-12-28,09:15:00,15,completed,phone,2025-12-25,3,,False,Nails
APT0001878,ORD0001878,CLT00097,BIZ004,Serenity Spa,Chicago,PRV0016,2026-02-18,15:30:00,30,completed,referral,2026-02-17,1,,False,Nails
APT0001879,ORD0001879,CLT00098,BIZ009,Glow Studio,Boston,PRV0009,2024-05-04,09:15:00,60,cancelled,phone,2024-04-20,14,rescheduled,True,Skin
APT0001880,ORD0001880,CLT00098,BIZ009,Glow Studio,Boston,PRV0015,2024-06-05,16:30:00,120,completed,online_booking,2024-05-29,7,,False,Hair
APT0001881,ORD0001881,CLT00098,BIZ009,Glow Studio,Boston,PRV0001,2024-07-16,11:30:00,30,completed,online_booking,2024-07-09,7,,False,Hair
APT0001882,ORD0001882,CLT00098,BIZ009,Glow Studio,Boston,PRV0005,2024-08-14,15:30:00,75,completed,app,2024-07-24,21,,False,Skin
APT0001883,ORD0001883,CLT00098,BIZ009,Glow Studio,Boston,PRV0016,2024-09-21,09:00:00,150,completed,app,2024-09-18,3,,False,Hair
APT0001884,ORD0001884,CLT00098,BIZ009,Glow Studio,Boston,PRV0008,2024-10-20,16:30:00,75,completed,walk_in,2024-10-06,14,,False,Skin
APT0001885,ORD0001885,CLT00098,BIZ009,Glow Studio,Boston,PRV0013,2024-11-24,13:30:00,60,completed,referral,2024-11-17,7,,False,Skin
APT0001886,ORD0001886,CLT00098,BIZ009,Glow Studio,Boston,PRV0012,2024-12-30,16:15:00,60,completed,phone,2024-12-23,7,,False,Skin
APT0001887,ORD0001887,CLT00098,BIZ009,Glow Studio,Boston,PRV0012,2025-02-04,17:45:00,120,completed,referral,2025-02-01,3,,False,Hair
APT0001888,ORD0001888,CLT00098,BIZ009,Glow Studio,Boston,PRV0006,2025-03-05,14:45:00,45,completed,walk_in,2025-03-02,3,,False,Skin
APT0001889,ORD0001889,CLT00098,BIZ009,Glow Studio,Boston,PRV0012,2025-04-14,16:45:00,75,completed,referral,2025-03-31,14,,False,Skin
APT0001890,ORD0001890,CLT00098,BIZ009,Glow Studio,Boston,PRV0009,2025-05-17,18:15:00,60,completed,phone,2025-05-10,7,,False,Hair
APT0001891,ORD0001891,CLT00098,BIZ009,Glow Studio,Boston,PRV0002,2025-06-20,13:30:00,45,cancelled,phone,2025-06-06,14,schedule_conflict,False,Skin
APT0001892,ORD0001892,CLT00098,BIZ009,Glow Studio,Boston,PRV0001,2025-07-31,16:15:00,120,completed,online_booking,2025-07-28,3,,False,Hair
APT0001893,ORD0001893,CLT00098,BIZ009,Glow Studio,Boston,PRV0019,2025-09-02,16:15:00,120,cancelled,phone,2025-08-30,3,,False,Hair
APT0001894,ORD0001894,CLT00098,BIZ009,Glow Studio,Boston,PRV0018,2025-10-13,09:15:00,60,completed,online_booking,2025-09-22,21,,False,Skin
APT0001895,ORD0001895,CLT00098,BIZ009,Glow Studio,Boston,PRV0006,2025-11-19,14:00:00,150,no_show,referral,2025-11-16,3,schedule_conflict,False,Hair
APT0001896,ORD0001896,CLT00099,BIZ006,Radiance Salon,Seattle,PRV0016,2024-06-06,12:15:00,15,completed,referral,2024-05-30,7,,True,Nails
APT0001897,ORD0001897,CLT00099,BIZ006,Radiance Salon,Seattle,PRV0009,2024-07-31,18:00:00,30,completed,app,2024-07-24,7,,False,Hair
APT0001898,ORD0001898,CLT00099,BIZ006,Radiance Salon,Seattle,PRV0016,2024-09-23,09:30:00,45,completed,app,2024-09-20,3,,False,Nails
APT0001899,ORD0001899,CLT00099,BIZ006,Radiance Salon,Seattle,PRV0012,2024-11-29,16:30:00,120,completed,phone,2024-11-28,1,,False,Hair
APT0001900,ORD0001900,CLT00099,BIZ006,Radiance Salon,Seattle,PRV0004,2025-01-24,13:45:00,45,completed,app,2025-01-21,3,,False,Hair
APT0001901,ORD0001901,CLT00099,BIZ006,Radiance Salon,Seattle,PRV0001,2025-03-23,11:45:00,60,completed,referral,2025-03-09,14,,False,Hair
APT0001902,ORD0001902,CLT00099,BIZ006,Radiance Salon,Seattle,PRV0020,2025-05-18,09:15:00,30,completed,referral,2025-05-15,3,,False,Hair
APT0001903,ORD0001903,CLT00099,BIZ006,Radiance Salon,Seattle,PRV0009,2025-07-14,11:15:00,60,completed,app,2025-06-30,14,,False,Nails
APT0001904,ORD0001904,CLT00099,BIZ006,Radiance Salon,Seattle,PRV0010,2025-09-06,12:45:00,45,no_show,phone,2025-08-30,7,rescheduled,False,Nails
APT0001905,ORD0001905,CLT00100,BIZ005,Revive Beauty Bar,Austin,PRV0004,2024-05-03,18:00:00,30,completed,phone,2024-04-26,7,,True,Waxing
APT0001906,ORD0001906,CLT00100,BIZ005,Revive Beauty Bar,Austin,PRV0003,2024-06-12,14:15:00,60,completed,online_booking,2024-05-29,14,,False,Skin
APT0001907,ORD0001907,CLT00100,BIZ005,Revive Beauty Bar,Austin,PRV0014,2024-07-24,14:00:00,15,completed,app,2024-07-17,7,,False,Waxing
APT0001908,ORD0001908,CLT00100,BIZ005,Revive Beauty Bar,Austin,PRV0017,2024-09-03,12:15:00,30,completed,online_booking,2024-08-13,21,,False,Waxing
APT0001909,ORD0001909,CLT00100,BIZ005,Revive Beauty Bar,Austin,PRV0013,2024-10-12,10:15:00,45,completed,referral,2024-10-11,1,,False,Waxing
APT0001910,ORD0001910,CLT00100,BIZ005,Revive Beauty Bar,Austin,PRV0005,2024-11-22,09:30:00,15,completed,referral,2024-11-21,1,,False,Waxing
APT0001911,ORD0001911,CLT00100,BIZ005,Revive Beauty Bar,Austin,PRV0007,2025-01-10,10:30:00,30,completed,online_booking,2025-01-03,7,,False,Waxing
APT0001912,ORD0001912,CLT00100,BIZ005,Revive Beauty Bar,Austin,PRV0018,2025-03-01,17:15:00,75,completed,walk_in,2025-02-26,3,,False,Skin
APT0001913,ORD0001913,CLT00100,BIZ005,Revive Beauty Bar,Austin,PRV0013,2025-04-10,15:45:00,15,completed,online_booking,2025-04-07,3,,False,Waxing
APT0001914,ORD0001914,CLT00100,BIZ005,Revive Beauty Bar,Austin,PRV0003,2025-05-26,14:30:00,60,completed,referral,2025-05-19,7,,False,Skin
APT0001915,ORD0001915,CLT00100,BIZ005,Revive Beauty Bar,Austin,PRV0006,2025-07-05,11:45:00,60,completed,online_booking,2025-06-21,14,,False,Skin
APT0001916,ORD0001916,CLT00100,BIZ005,Revive Beauty Bar,Austin,PRV0004,2025-08-22,11:00:00,15,cancelled,app,2025-08-19,3,,False,Waxing
APT0001917,ORD0001917,CLT00100,BIZ005,Revive Beauty Bar,Austin,PRV0003,2025-10-12,17:15:00,60,completed,walk_in,2025-10-11,1,,False,Skin
APT0001918,ORD0001918,CLT00100,BIZ005,Revive Beauty Bar,Austin,PRV0008,2025-11-19,10:45:00,15,no_show,walk_in,2025-11-12,7,,False,Waxing
APT0001919,ORD0001919,CLT00101,BIZ005,Revive Beauty Bar,Austin,PRV0004,2024-04-10,17:30:00,60,completed,app,2024-03-27,14,,True,Hair
APT0001920,ORD0001920,CLT00101,BIZ005,Revive Beauty Bar,Austin,PRV0012,2024-04-27,14:30:00,120,completed,walk_in,2024-04-20,7,,False,Hair
APT0001921,ORD0001921,CLT00101,BIZ005,Revive Beauty Bar,Austin,PRV0004,2024-05-17,16:45:00,45,completed,referral,2024-05-16,1,,False,Hair
APT0001922,ORD0001922,CLT00101,BIZ005,Revive Beauty Bar,Austin,PRV0018,2024-06-01,15:45:00,45,completed,app,2024-05-25,7,,False,Hair
APT0001923,ORD0001923,CLT00101,BIZ005,Revive Beauty Bar,Austin,PRV0002,2024-06-22,16:30:00,60,completed,app,2024-06-08,14,,False,Hair
APT0001924,ORD0001924,CLT00101,BIZ005,Revive Beauty Bar,Austin,PRV0013,2024-07-06,13:45:00,150,completed,app,2024-07-05,1,,False,Hair
APT0001925,ORD0001925,CLT00101,BIZ005,Revive Beauty Bar,Austin,PRV0006,2024-08-03,10:30:00,30,completed,online_booking,2024-07-31,3,,False,Hair
APT0001926,ORD0001926,CLT00101,BIZ005,Revive Beauty Bar,Austin,PRV0016,2024-08-24,15:30:00,120,completed,online_booking,2024-08-21,3,,False,Hair
APT0001927,ORD0001927,CLT00101,BIZ005,Revive Beauty Bar,Austin,PRV0013,2024-09-07,09:15:00,120,completed,referral,2024-08-31,7,,False,Hair
APT0001928,ORD0001928,CLT00101,BIZ005,Revive Beauty Bar,Austin,PRV0008,2024-10-03,12:45:00,45,completed,online_booking,2024-09-12,21,,False,Hair
APT0001929,ORD0001929,CLT00101,BIZ005,Revive Beauty Bar,Austin,PRV0011,2024-10-18,09:45:00,150,completed,referral,2024-10-11,7,,False,Hair
APT0001930,ORD0001930,CLT00101,BIZ005,Revive Beauty Bar,Austin,PRV0009,2024-11-12,11:15:00,120,no_show,walk_in,2024-11-05,7,,False,Hair
APT0001931,ORD0001931,CLT00101,BIZ005,Revive Beauty Bar,Austin,PRV0019,2024-12-07,10:45:00,120,completed,walk_in,2024-12-06,1,,False,Hair
APT0001932,ORD0001932,CLT00101,BIZ005,Revive Beauty Bar,Austin,PRV0019,2024-12-25,17:30:00,120,completed,walk_in,2024-12-11,14,,False,Hair
APT0001933,ORD0001933,CLT00101,BIZ005,Revive Beauty Bar,Austin,PRV0004,2025-01-09,10:45:00,120,completed,online_booking,2024-12-26,14,,False,Hair
APT0001934,ORD0001934,CLT00101,BIZ005,Revive Beauty Bar,Austin,PRV0001,2025-01-25,17:00:00,120,completed,walk_in,2025-01-18,7,,False,Hair
APT0001935,ORD0001935,CLT00101,BIZ005,Revive Beauty Bar,Austin,PRV0004,2025-02-13,15:15:00,45,completed,app,2025-02-12,1,,False,Hair
APT0001936,ORD0001936,CLT00101,BIZ005,Revive Beauty Bar,Austin,PRV0014,2025-02-27,15:00:00,60,completed,referral,2025-02-13,14,,False,Hair
APT0001937,ORD0001937,CLT00101,BIZ005,Revive Beauty Bar,Austin,PRV0013,2025-03-13,17:00:00,30,completed,referral,2025-02-27,14,,False,Hair
APT0001938,ORD0001938,CLT00101,BIZ005,Revive Beauty Bar,Austin,PRV0013,2025-03-27,11:00:00,45,no_show,app,2025-03-24,3,,False,Hair
APT0001939,ORD0001939,CLT00101,BIZ005,Revive Beauty Bar,Austin,PRV0016,2025-04-12,12:00:00,45,completed,referral,2025-03-29,14,,False,Hair
APT0001940,ORD0001940,CLT00101,BIZ005,Revive Beauty Bar,Austin,PRV0020,2025-05-03,16:15:00,150,completed,phone,2025-05-02,1,,False,Hair
APT0001941,ORD0001941,CLT00101,BIZ005,Revive Beauty Bar,Austin,PRV0005,2025-05-23,12:00:00,120,completed,walk_in,2025-05-02,21,,False,Hair
APT0001942,ORD0001942,CLT00101,BIZ005,Revive Beauty Bar,Austin,PRV0015,2025-06-13,14:00:00,60,completed,phone,2025-05-30,14,,False,Hair
APT0001943,ORD0001943,CLT00101,BIZ005,Revive Beauty Bar,Austin,PRV0014,2025-07-07,13:45:00,150,completed,app,2025-06-16,21,,False,Hair
APT0001944,ORD0001944,CLT00101,BIZ005,Revive Beauty Bar,Austin,PRV0012,2025-07-25,18:30:00,60,cancelled,phone,2025-07-22,3,,False,Hair
APT0001945,ORD0001945,CLT00101,BIZ005,Revive Beauty Bar,Austin,PRV0008,2025-08-19,13:30:00,60,completed,online_booking,2025-08-05,14,,False,Hair
APT0001946,ORD0001946,CLT00101,BIZ005,Revive Beauty Bar,Austin,PRV0020,2025-09-11,17:30:00,60,completed,online_booking,2025-09-04,7,,False,Hair
APT0001947,ORD0001947,CLT00101,BIZ005,Revive Beauty Bar,Austin,PRV0004,2025-10-03,09:15:00,60,completed,walk_in,2025-09-12,21,,False,Hair
APT0001948,ORD0001948,CLT00101,BIZ005,Revive Beauty Bar,Austin,PRV0020,2025-10-28,12:15:00,45,completed,walk_in,2025-10-27,1,,False,Hair
APT0001949,ORD0001949,CLT00101,BIZ005,Revive Beauty Bar,Austin,PRV0006,2025-11-18,13:00:00,30,completed,phone,2025-11-15,3,,False,Hair
APT0001950,ORD0001950,CLT00101,BIZ005,Revive Beauty Bar,Austin,PRV0014,2025-12-02,12:00:00,150,completed,app,2025-11-18,14,,False,Hair
APT0001951,ORD0001951,CLT00101,BIZ005,Revive Beauty Bar,Austin,PRV0018,2025-12-25,11:30:00,120,no_show,phone,2025-12-22,3,no_reason_given,False,Hair
APT0001952,ORD0001952,CLT00102,BIZ009,Glow Studio,Boston,PRV0017,2024-04-17,10:00:00,15,completed,walk_in,2024-04-10,7,,True,Waxing
APT0001953,ORD0001953,CLT00102,BIZ009,Glow Studio,Boston,PRV0012,2024-06-05,13:45:00,120,completed,app,2024-06-02,3,,False,Hair
APT0001954,ORD0001954,CLT00102,BIZ009,Glow Studio,Boston,PRV0011,2024-07-13,11:30:00,15,completed,online_booking,2024-06-29,14,,False,Waxing
APT0001955,ORD0001955,CLT00102,BIZ009,Glow Studio,Boston,PRV0007,2024-08-25,10:00:00,15,completed,phone,2024-08-11,14,,False,Waxing
APT0001956,ORD0001956,CLT00102,BIZ009,Glow Studio,Boston,PRV0013,2024-10-14,16:45:00,30,completed,walk_in,2024-10-13,1,,False,Hair
APT0001957,ORD0001957,CLT00102,BIZ009,Glow Studio,Boston,PRV0019,2024-12-04,15:00:00,120,completed,phone,2024-12-01,3,,False,Hair
APT0001958,ORD0001958,CLT00102,BIZ009,Glow Studio,Boston,PRV0009,2025-01-23,13:15:00,60,completed,app,2025-01-20,3,,False,Hair
APT0001959,ORD0001959,CLT00102,BIZ009,Glow Studio,Boston,PRV0008,2025-03-05,13:15:00,120,completed,phone,2025-03-02,3,,False,Hair
APT0001960,ORD0001960,CLT00102,BIZ009,Glow Studio,Boston,PRV0012,2025-04-16,09:45:00,15,completed,phone,2025-04-13,3,,False,Waxing
APT0001961,ORD0001961,CLT00102,BIZ009,Glow Studio,Boston,PRV0011,2025-06-04,13:15:00,120,completed,online_booking,2025-06-04,0,,False,Hair
APT0001962,ORD0001962,CLT00102,BIZ009,Glow Studio,Boston,PRV0019,2025-07-14,09:15:00,30,completed,walk_in,2025-06-23,21,,False,Waxing
APT0001963,ORD0001963,CLT00102,BIZ009,Glow Studio,Boston,PRV0011,2025-08-21,16:45:00,45,completed,online_booking,2025-08-20,1,,False,Waxing
APT0001964,ORD0001964,CLT00102,BIZ009,Glow Studio,Boston,PRV0009,2025-10-08,16:15:00,30,completed,phone,2025-10-01,7,,False,Waxing
APT0001965,ORD0001965,CLT00102,BIZ009,Glow Studio,Boston,PRV0015,2025-11-25,18:30:00,15,completed,online_booking,2025-11-18,7,,False,Waxing
APT0001966,ORD0001966,CLT00102,BIZ009,Glow Studio,Boston,PRV0001,2026-01-04,10:00:00,15,no_show,app,2025-12-28,7,no_reason_given,False,Waxing
APT0001967,ORD0001967,CLT00103,BIZ010,Elevate Salon,Nashville,PRV0001,2024-04-22,17:45:00,30,completed,online_booking,2024-04-21,1,,True,Nails
APT0001968,ORD0001968,CLT00103,BIZ010,Elevate Salon,Nashville,PRV0019,2024-05-26,14:45:00,60,completed,referral,2024-05-23,3,,False,Hair
APT0001969,ORD0001969,CLT00103,BIZ010,Elevate Salon,Nashville,PRV0016,2024-06-28,15:15:00,30,completed,phone,2024-06-14,14,,False,Nails
APT0001970,ORD0001970,CLT00103,BIZ010,Elevate Salon,Nashville,PRV0011,2024-08-08,18:15:00,30,completed,walk_in,2024-08-01,7,,False,Nails
APT0001971,ORD0001971,CLT00103,BIZ010,Elevate Salon,Nashville,PRV0014,2024-09-12,14:45:00,60,completed,app,2024-09-09,3,,False,Hair
APT0001972,ORD0001972,CLT00103,BIZ010,Elevate Salon,Nashville,PRV0018,2024-10-16,12:45:00,45,completed,online_booking,2024-10-13,3,,False,Nails
APT0001973,ORD0001973,CLT00103,BIZ010,Elevate Salon,Nashville,PRV0018,2024-11-18,11:45:00,30,completed,referral,2024-11-04,14,,False,Hair
APT0001974,ORD0001974,CLT00103,BIZ010,Elevate Salon,Nashville,PRV0005,2024-12-17,17:30:00,30,completed,walk_in,2024-12-10,7,,False,Hair
APT0001975,ORD0001975,CLT00103,BIZ010,Elevate Salon,Nashville,PRV0007,2025-01-21,12:45:00,45,completed,phone,2025-01-20,1,,False,Hair
APT0001976,ORD0001976,CLT00103,BIZ010,Elevate Salon,Nashville,PRV0004,2025-03-04,12:15:00,15,completed,referral,2025-03-01,3,,False,Nails
APT0001977,ORD0001977,CLT00103,BIZ010,Elevate Salon,Nashville,PRV0015,2025-04-12,12:00:00,60,no_show,phone,2025-04-09,3,schedule_conflict,False,Nails
APT0001978,ORD0001978,CLT00103,BIZ010,Elevate Salon,Nashville,PRV0005,2025-05-22,11:45:00,45,completed,walk_in,2025-05-08,14,,False,Nails
APT0001979,ORD0001979,CLT00103,BIZ010,Elevate Salon,Nashville,PRV0016,2025-06-23,18:45:00,120,completed,phone,2025-06-02,21,,False,Hair
APT0001980,ORD0001980,CLT00103,BIZ010,Elevate Salon,Nashville,PRV0005,2025-07-29,17:30:00,45,completed,referral,2025-07-08,21,,False,Nails
APT0001981,ORD0001981,CLT00103,BIZ010,Elevate Salon,Nashville,PRV0009,2025-09-07,13:00:00,45,late_cancel,app,2025-08-31,7,personal_emergency,False,Hair
APT0001982,ORD0001982,CLT00104,BIZ002,Bloom Salon & Spa,Los Angeles,PRV0012,2024-04-12,14:45:00,75,completed,referral,2024-03-29,14,,True,Massage
APT0001983,ORD0001983,CLT00104,BIZ002,Bloom Salon & Spa,Los Angeles,PRV0006,2024-05-06,12:30:00,75,completed,app,2024-05-03,3,,False,Massage
APT0001984,ORD0001984,CLT00104,BIZ002,Bloom Salon & Spa,Los Angeles,PRV0003,2024-05-20,18:00:00,60,completed,online_booking,2024-05-20,0,,False,Massage
APT0001985,ORD0001985,CLT00104,BIZ002,Bloom Salon & Spa,Los Angeles,PRV0011,2024-06-15,18:45:00,60,no_show,online_booking,2024-06-08,7,,False,Nails
APT0001986,ORD0001986,CLT00104,BIZ002,Bloom Salon & Spa,Los Angeles,PRV0009,2024-06-29,12:45:00,60,completed,walk_in,2024-06-26,3,,False,Massage
APT0001987,ORD0001987,CLT00104,BIZ002,Bloom Salon & Spa,Los Angeles,PRV0001,2024-07-22,15:45:00,30,completed,phone,2024-07-08,14,,False,Nails
APT0001988,ORD0001988,CLT00104,BIZ002,Bloom Salon & Spa,Los Angeles,PRV0005,2024-08-14,09:30:00,15,completed,phone,2024-08-07,7,,False,Nails
APT0001989,ORD0001989,CLT00104,BIZ002,Bloom Salon & Spa,Los Angeles,PRV0006,2024-08-28,12:00:00,75,completed,referral,2024-08-21,7,,False,Massage
APT0001990,ORD0001990,CLT00104,BIZ002,Bloom Salon & Spa,Los Angeles,PRV0006,2024-09-14,18:45:00,45,completed,app,2024-09-07,7,,False,Nails
APT0001991,ORD0001991,CLT00104,BIZ002,Bloom Salon & Spa,Los Angeles,PRV0018,2024-10-10,12:15:00,60,cancelled,referral,2024-10-07,3,,False,Nails
APT0001992,ORD0001992,CLT00104,BIZ002,Bloom Salon & Spa,Los Angeles,PRV0009,2024-11-03,14:15:00,75,completed,walk_in,2024-10-27,7,,False,Massage
APT0001993,ORD0001993,CLT00104,BIZ002,Bloom Salon & Spa,Los Angeles,PRV0017,2024-11-20,11:15:00,15,completed,walk_in,2024-11-19,1,,False,Nails
APT0001994,ORD0001994,CLT00104,BIZ002,Bloom Salon & Spa,Los Angeles,PRV0010,2024-12-16,16:45:00,60,completed,online_booking,2024-12-02,14,,False,Nails
APT0001995,ORD0001995,CLT00104,BIZ002,Bloom Salon & Spa,Los Angeles,PRV0014,2025-01-06,12:30:00,60,completed,phone,2024-12-30,7,,False,Massage
APT0001996,ORD0001996,CLT00104,BIZ002,Bloom Salon & Spa,Los Angeles,PRV0011,2025-02-01,18:30:00,45,completed,referral,2025-01-25,7,,False,Nails
APT0001997,ORD0001997,CLT00104,BIZ002,Bloom Salon & Spa,Los Angeles,PRV0012,2025-02-20,15:30:00,60,completed,referral,2025-02-13,7,,False,Massage
APT0001998,ORD0001998,CLT00104,BIZ002,Bloom Salon & Spa,Los Angeles,PRV0010,2025-03-07,10:15:00,15,completed,referral,2025-02-28,7,,False,Nails
APT0001999,ORD0001999,CLT00104,BIZ002,Bloom Salon & Spa,Los Angeles,PRV0013,2025-03-22,10:30:00,60,completed,app,2025-03-01,21,,False,Massage
APT0002000,ORD0002000,CLT00104,BIZ002,Bloom Salon & Spa,Los Angeles,PRV0008,2025-04-09,14:45:00,45,completed,online_booking,2025-04-02,7,,False,Nails
APT0002001,ORD0002001,CLT00104,BIZ002,Bloom Salon & Spa,Los Angeles,PRV0010,2025-04-26,10:00:00,45,completed,walk_in,2025-04-25,1,,False,Nails
APT0002002,ORD0002002,CLT00104,BIZ002,Bloom Salon & Spa,Los Angeles,PRV0008,2025-05-15,10:30:00,45,completed,online_booking,2025-05-14,1,,False,Nails
APT0002003,ORD0002003,CLT00104,BIZ002,Bloom Salon & Spa,Los Angeles,PRV0012,2025-06-05,18:45:00,15,no_show,referral,2025-05-22,14,illness,False,Nails
APT0002004,ORD0002004,CLT00104,BIZ002,Bloom Salon & Spa,Los Angeles,PRV0010,2025-06-28,15:15:00,45,completed,phone,2025-06-25,3,,False,Nails
APT0002005,ORD0002005,CLT00104,BIZ002,Bloom Salon & Spa,Los Angeles,PRV0011,2025-07-16,18:30:00,60,completed,app,2025-06-25,21,,False,Massage
APT0002006,ORD0002006,CLT00104,BIZ002,Bloom Salon & Spa,Los Angeles,PRV0020,2025-07-31,15:45:00,60,completed,online_booking,2025-07-30,1,,False,Massage
APT0002007,ORD0002007,CLT00104,BIZ002,Bloom Salon & Spa,Los Angeles,PRV0018,2025-08-19,10:45:00,60,completed,app,2025-08-18,1,,False,Massage
APT0002008,ORD0002008,CLT00104,BIZ002,Bloom Salon & Spa,Los Angeles,PRV0020,2025-09-09,11:45:00,60,completed,referral,2025-09-02,7,,False,Massage
APT0002009,ORD0002009,CLT00104,BIZ002,Bloom Salon & Spa,Los Angeles,PRV0001,2025-09-29,10:00:00,60,completed,phone,2025-09-08,21,,False,Nails
APT0002010,ORD0002010,CLT00104,BIZ002,Bloom Salon & Spa,Los Angeles,PRV0007,2025-10-20,16:00:00,60,completed,app,2025-10-19,1,,False,Nails
APT0002011,ORD0002011,CLT00104,BIZ002,Bloom Salon & Spa,Los Angeles,PRV0004,2025-11-16,12:45:00,15,completed,app,2025-11-15,1,,False,Nails
APT0002012,ORD0002012,CLT00104,BIZ002,Bloom Salon & Spa,Los Angeles,PRV0017,2025-11-30,09:15:00,15,completed,walk_in,2025-11-16,14,,False,Nails
APT0002013,ORD0002013,CLT00105,BIZ010,Elevate Salon,Nashville,PRV0014,2024-04-18,10:30:00,30,completed,walk_in,2024-04-18,0,,True,Hair
APT0002014,ORD0002014,CLT00105,BIZ010,Elevate Salon,Nashville,PRV0017,2024-05-27,11:15:00,150,completed,referral,2024-05-24,3,,False,Hair
APT0002015,ORD0002015,CLT00105,BIZ010,Elevate Salon,Nashville,PRV0003,2024-06-30,18:15:00,120,completed,app,2024-06-09,21,,False,Hair
APT0002016,ORD0002016,CLT00105,BIZ010,Elevate Salon,Nashville,PRV0001,2024-08-09,12:45:00,15,completed,phone,2024-07-19,21,,False,Waxing
APT0002017,ORD0002017,CLT00105,BIZ010,Elevate Salon,Nashville,PRV0009,2024-09-13,14:00:00,15,completed,referral,2024-09-13,0,,False,Waxing
APT0002018,ORD0002018,CLT00105,BIZ010,Elevate Salon,Nashville,PRV0015,2024-10-15,10:30:00,30,completed,referral,2024-10-08,7,,False,Waxing
APT0002019,ORD0002019,CLT00105,BIZ010,Elevate Salon,Nashville,PRV0007,2024-11-19,15:45:00,45,completed,online_booking,2024-11-05,14,,False,Waxing
APT0002020,ORD0002020,CLT00105,BIZ010,Elevate Salon,Nashville,PRV0017,2024-12-31,17:45:00,45,cancelled,walk_in,2024-12-28,3,,False,Hair
APT0002021,ORD0002021,CLT00105,BIZ010,Elevate Salon,Nashville,PRV0018,2025-02-01,11:30:00,45,completed,app,2025-01-31,1,,False,Hair
APT0002022,ORD0002022,CLT00105,BIZ010,Elevate Salon,Nashville,PRV0017,2025-03-14,09:45:00,45,completed,referral,2025-03-11,3,,False,Waxing
APT0002023,ORD0002023,CLT00105,BIZ010,Elevate Salon,Nashville,PRV0009,2025-04-16,18:45:00,45,completed,phone,2025-04-09,7,,False,Hair
APT0002024,ORD0002024,CLT00105,BIZ010,Elevate Salon,Nashville,PRV0003,2025-05-26,14:15:00,120,completed,app,2025-05-19,7,,False,Hair
APT0002025,ORD0002025,CLT00105,BIZ010,Elevate Salon,Nashville,PRV0009,2025-06-29,11:45:00,150,completed,referral,2025-06-26,3,,False,Hair
APT0002026,ORD0002026,CLT00105,BIZ010,Elevate Salon,Nashville,PRV0015,2025-07-27,11:45:00,30,completed,phone,2025-07-24,3,,False,Waxing
APT0002027,ORD0002027,CLT00105,BIZ010,Elevate Salon,Nashville,PRV0012,2025-08-28,18:45:00,45,completed,phone,2025-08-25,3,,False,Hair
APT0002028,ORD0002028,CLT00105,BIZ010,Elevate Salon,Nashville,PRV0002,2025-09-27,12:00:00,15,completed,referral,2025-09-20,7,,False,Waxing
APT0002029,ORD0002029,CLT00105,BIZ010,Elevate Salon,Nashville,PRV0011,2025-11-07,09:00:00,15,completed,referral,2025-11-06,1,,False,Waxing
APT0002030,ORD0002030,CLT00105,BIZ010,Elevate Salon,Nashville,PRV0020,2025-12-19,12:30:00,45,completed,app,2025-12-05,14,,False,Waxing
APT0002031,ORD0002031,CLT00105,BIZ010,Elevate Salon,Nashville,PRV0009,2026-01-28,10:00:00,45,completed,online_booking,2026-01-28,0,,False,Hair
APT0002032,ORD0002032,CLT00105,BIZ010,Elevate Salon,Nashville,PRV0013,2026-02-27,17:45:00,15,completed,walk_in,2026-02-24,3,,False,Waxing
APT0002033,ORD0002033,CLT00106,BIZ010,Elevate Salon,Nashville,PRV0013,2024-05-03,14:15:00,45,completed,phone,2024-05-03,0,,True,Nails
APT0002034,ORD0002034,CLT00106,BIZ010,Elevate Salon,Nashville,PRV0002,2024-06-14,11:30:00,60,completed,app,2024-06-07,7,,False,Nails
APT0002035,ORD0002035,CLT00106,BIZ010,Elevate Salon,Nashville,PRV0011,2024-08-04,16:45:00,120,completed,phone,2024-08-04,0,,False,Hair
APT0002036,ORD0002036,CLT00106,BIZ010,Elevate Salon,Nashville,PRV0010,2024-09-18,17:30:00,120,completed,walk_in,2024-09-11,7,,False,Hair
APT0002037,ORD0002037,CLT00106,BIZ010,Elevate Salon,Nashville,PRV0015,2024-11-01,10:00:00,45,no_show,walk_in,2024-10-25,7,,False,Nails
APT0002038,ORD0002038,CLT00106,BIZ010,Elevate Salon,Nashville,PRV0004,2024-12-23,13:30:00,45,cancelled,phone,2024-12-16,7,,False,Nails
APT0002039,ORD0002039,CLT00106,BIZ010,Elevate Salon,Nashville,PRV0017,2025-02-08,13:15:00,120,completed,app,2025-02-07,1,,False,Hair
APT0002040,ORD0002040,CLT00106,BIZ010,Elevate Salon,Nashville,PRV0016,2025-03-18,14:00:00,60,completed,online_booking,2025-03-15,3,,False,Nails
APT0002041,ORD0002041,CLT00106,BIZ010,Elevate Salon,Nashville,PRV0016,2025-05-01,15:45:00,150,completed,online_booking,2025-04-28,3,,False,Hair
APT0002042,ORD0002042,CLT00106,BIZ010,Elevate Salon,Nashville,PRV0013,2025-06-22,09:45:00,60,completed,app,2025-06-08,14,,False,Hair
APT0002043,ORD0002043,CLT00106,BIZ010,Elevate Salon,Nashville,PRV0015,2025-08-01,14:30:00,30,completed,walk_in,2025-07-31,1,,False,Hair
APT0002044,ORD0002044,CLT00106,BIZ010,Elevate Salon,Nashville,PRV0006,2025-09-17,16:15:00,150,no_show,phone,2025-09-10,7,no_reason_given,False,Hair
APT0002045,ORD0002045,CLT00106,BIZ010,Elevate Salon,Nashville,PRV0008,2025-10-28,13:00:00,60,completed,phone,2025-10-25,3,,False,Nails
APT0002046,ORD0002046,CLT00106,BIZ010,Elevate Salon,Nashville,PRV0007,2025-12-10,14:45:00,45,completed,referral,2025-11-26,14,,False,Hair
APT0002047,ORD0002047,CLT00106,BIZ010,Elevate Salon,Nashville,PRV0020,2026-01-17,14:45:00,15,cancelled,phone,2026-01-03,14,,False,Nails
APT0002048,ORD0002048,CLT00106,BIZ010,Elevate Salon,Nashville,PRV0002,2026-03-10,15:45:00,45,completed,app,2026-03-09,1,,False,Nails
APT0002049,ORD0002049,CLT00107,BIZ005,Revive Beauty Bar,Austin,PRV0009,2024-06-10,16:00:00,45,completed,walk_in,2024-06-07,3,,True,Nails
APT0002050,ORD0002050,CLT00107,BIZ005,Revive Beauty Bar,Austin,PRV0002,2024-09-03,14:30:00,45,completed,referral,2024-08-31,3,,False,Nails
APT0002051,ORD0002051,CLT00107,BIZ005,Revive Beauty Bar,Austin,PRV0001,2024-12-01,15:00:00,30,completed,online_booking,2024-11-30,1,,False,Nails
APT0002052,ORD0002052,CLT00107,BIZ005,Revive Beauty Bar,Austin,PRV0016,2025-02-25,13:00:00,150,cancelled,referral,2025-02-18,7,personal_emergency,False,Hair
APT0002053,ORD0002053,CLT00107,BIZ005,Revive Beauty Bar,Austin,PRV0004,2025-05-31,14:30:00,150,completed,walk_in,2025-05-10,21,,False,Hair
APT0002054,ORD0002054,CLT00107,BIZ005,Revive Beauty Bar,Austin,PRV0016,2025-08-23,12:45:00,45,completed,app,2025-08-20,3,,False,Hair
APT0002055,ORD0002055,CLT00107,BIZ005,Revive Beauty Bar,Austin,PRV0009,2025-11-24,17:15:00,60,cancelled,online_booking,2025-11-23,1,forgot,False,Nails
APT0002056,ORD0002056,CLT00107,BIZ005,Revive Beauty Bar,Austin,PRV0003,2026-02-25,12:00:00,45,completed,phone,2026-02-11,14,,False,Nails
APT0002057,ORD0002057,CLT00108,BIZ004,Serenity Spa,Chicago,PRV0002,2024-04-25,12:00:00,150,completed,walk_in,2024-04-04,21,,True,Hair
APT0002058,ORD0002058,CLT00108,BIZ004,Serenity Spa,Chicago,PRV0017,2024-06-04,15:00:00,60,completed,app,2024-05-21,14,,False,Hair
APT0002059,ORD0002059,CLT00108,BIZ004,Serenity Spa,Chicago,PRV0003,2024-07-09,18:30:00,60,completed,app,2024-07-02,7,,False,Hair
APT0002060,ORD0002060,CLT00108,BIZ004,Serenity Spa,Chicago,PRV0003,2024-08-12,12:15:00,30,completed,phone,2024-08-05,7,,False,Hair
APT0002061,ORD0002061,CLT00108,BIZ004,Serenity Spa,Chicago,PRV0011,2024-09-18,18:15:00,120,completed,referral,2024-09-11,7,,False,Hair
APT0002062,ORD0002062,CLT00108,BIZ004,Serenity Spa,Chicago,PRV0006,2024-10-27,14:15:00,120,completed,phone,2024-10-24,3,,False,Hair
APT0002063,ORD0002063,CLT00108,BIZ004,Serenity Spa,Chicago,PRV0007,2024-12-06,14:00:00,120,no_show,walk_in,2024-11-29,7,,False,Hair
APT0002064,ORD0002064,CLT00108,BIZ004,Serenity Spa,Chicago,PRV0002,2025-01-14,14:15:00,60,completed,app,2025-01-14,0,,False,Hair
APT0002065,ORD0002065,CLT00108,BIZ004,Serenity Spa,Chicago,PRV0004,2025-02-18,17:30:00,45,completed,referral,2025-02-11,7,,False,Hair
APT0002066,ORD0002066,CLT00108,BIZ004,Serenity Spa,Chicago,PRV0017,2025-03-23,10:30:00,45,completed,app,2025-03-22,1,,False,Hair
APT0002067,ORD0002067,CLT00108,BIZ004,Serenity Spa,Chicago,PRV0007,2025-04-23,15:00:00,60,completed,online_booking,2025-04-16,7,,False,Hair
APT0002068,ORD0002068,CLT00108,BIZ004,Serenity Spa,Chicago,PRV0014,2025-06-04,15:45:00,45,cancelled,online_booking,2025-06-04,0,,False,Hair
APT0002069,ORD0002069,CLT00108,BIZ004,Serenity Spa,Chicago,PRV0001,2025-07-12,18:30:00,60,completed,walk_in,2025-07-11,1,,False,Hair
APT0002070,ORD0002070,CLT00108,BIZ004,Serenity Spa,Chicago,PRV0018,2025-08-22,09:30:00,60,completed,referral,2025-08-15,7,,False,Hair
APT0002071,ORD0002071,CLT00108,BIZ004,Serenity Spa,Chicago,PRV0013,2025-09-25,12:15:00,120,late_cancel,phone,2025-09-22,3,,False,Hair
APT0002072,ORD0002072,CLT00109,BIZ008,Posh Nails & Spa,Denver,PRV0008,2024-04-12,16:00:00,15,cancelled,phone,2024-04-05,7,,True,Nails
APT0002073,ORD0002073,CLT00109,BIZ008,Posh Nails & Spa,Denver,PRV0002,2024-05-02,18:45:00,60,completed,online_booking,2024-04-11,21,,False,Skin
APT0002074,ORD0002074,CLT00109,BIZ008,Posh Nails & Spa,Denver,PRV0015,2024-05-16,18:45:00,75,completed,online_booking,2024-05-09,7,,False,Skin
APT0002075,ORD0002075,CLT00109,BIZ008,Posh Nails & Spa,Denver,PRV0013,2024-06-09,14:15:00,60,completed,online_booking,2024-05-26,14,,False,Skin
APT0002076,ORD0002076,CLT00109,BIZ008,Posh Nails & Spa,Denver,PRV0007,2024-07-02,11:15:00,45,completed,phone,2024-06-25,7,,False,Nails
APT0002077,ORD0002077,CLT00109,BIZ008,Posh Nails & Spa,Denver,PRV0016,2024-07-19,14:00:00,60,completed,phone,2024-07-16,3,,False,Skin
APT0002078,ORD0002078,CLT00109,BIZ008,Posh Nails & Spa,Denver,PRV0003,2024-08-14,13:00:00,30,cancelled,app,2024-08-07,7,forgot,False,Nails
APT0002079,ORD0002079,CLT00109,BIZ008,Posh Nails & Spa,Denver,PRV0019,2024-09-07,18:45:00,75,no_show,referral,2024-09-04,3,rescheduled,False,Skin
APT0002080,ORD0002080,CLT00109,BIZ008,Posh Nails & Spa,Denver,PRV0004,2024-10-05,18:45:00,75,completed,walk_in,2024-09-21,14,,False,Skin
APT0002081,ORD0002081,CLT00109,BIZ008,Posh Nails & Spa,Denver,PRV0003,2024-10-30,18:30:00,60,completed,app,2024-10-09,21,,False,Nails
APT0002082,ORD0002082,CLT00109,BIZ008,Posh Nails & Spa,Denver,PRV0007,2024-11-18,17:30:00,60,completed,app,2024-11-04,14,,False,Skin
APT0002083,ORD0002083,CLT00109,BIZ008,Posh Nails & Spa,Denver,PRV0001,2024-12-02,15:00:00,60,completed,walk_in,2024-11-18,14,,False,Nails
APT0002084,ORD0002084,CLT00109,BIZ008,Posh Nails & Spa,Denver,PRV0002,2024-12-22,16:15:00,45,completed,app,2024-12-15,7,,False,Nails
APT0002085,ORD0002085,CLT00109,BIZ008,Posh Nails & Spa,Denver,PRV0004,2025-01-06,13:30:00,45,completed,online_booking,2024-12-16,21,,False,Nails
APT0002086,ORD0002086,CLT00109,BIZ008,Posh Nails & Spa,Denver,PRV0012,2025-01-29,10:00:00,60,completed,walk_in,2025-01-26,3,,False,Nails
APT0002087,ORD0002087,CLT00109,BIZ008,Posh Nails & Spa,Denver,PRV0016,2025-02-21,14:30:00,60,completed,walk_in,2025-02-07,14,,False,Skin
APT0002088,ORD0002088,CLT00109,BIZ008,Posh Nails & Spa,Denver,PRV0014,2025-03-08,13:30:00,60,completed,phone,2025-03-05,3,,False,Nails
APT0002089,ORD0002089,CLT00109,BIZ008,Posh Nails & Spa,Denver,PRV0009,2025-03-26,17:30:00,60,completed,online_booking,2025-03-23,3,,False,Skin
APT0002090,ORD0002090,CLT00109,BIZ008,Posh Nails & Spa,Denver,PRV0013,2025-04-16,09:45:00,15,completed,referral,2025-04-09,7,,False,Nails
APT0002091,ORD0002091,CLT00109,BIZ008,Posh Nails & Spa,Denver,PRV0002,2025-05-06,17:45:00,75,completed,referral,2025-04-15,21,,False,Skin
APT0002092,ORD0002092,CLT00109,BIZ008,Posh Nails & Spa,Denver,PRV0005,2025-05-29,12:45:00,15,completed,walk_in,2025-05-29,0,,False,Nails
APT0002093,ORD0002093,CLT00109,BIZ008,Posh Nails & Spa,Denver,PRV0012,2025-06-16,16:15:00,30,completed,online_booking,2025-06-15,1,,False,Nails
APT0002094,ORD0002094,CLT00109,BIZ008,Posh Nails & Spa,Denver,PRV0007,2025-07-06,11:30:00,60,completed,app,2025-06-15,21,,False,Skin
APT0002095,ORD0002095,CLT00109,BIZ008,Posh Nails & Spa,Denver,PRV0013,2025-08-01,13:30:00,75,completed,online_booking,2025-07-11,21,,False,Skin
APT0002096,ORD0002096,CLT00109,BIZ008,Posh Nails & Spa,Denver,PRV0005,2025-08-20,18:30:00,45,completed,app,2025-08-20,0,,False,Nails
APT0002097,ORD0002097,CLT00109,BIZ008,Posh Nails & Spa,Denver,PRV0013,2025-09-13,09:00:00,30,no_show,phone,2025-09-10,3,rescheduled,False,Nails
APT0002098,ORD0002098,CLT00110,BIZ002,Bloom Salon & Spa,Los Angeles,PRV0009,2024-06-03,17:00:00,60,completed,app,2024-05-27,7,,True,Skin
APT0002099,ORD0002099,CLT00110,BIZ002,Bloom Salon & Spa,Los Angeles,PRV0012,2024-08-07,13:15:00,60,completed,phone,2024-08-04,3,,False,Skin
APT0002100,ORD0002100,CLT00110,BIZ002,Bloom Salon & Spa,Los Angeles,PRV0006,2024-10-06,18:15:00,15,cancelled,online_booking,2024-10-06,0,forgot,False,Waxing
APT0002101,ORD0002101,CLT00110,BIZ002,Bloom Salon & Spa,Los Angeles,PRV0018,2024-12-06,10:30:00,60,completed,walk_in,2024-12-06,0,,False,Skin
APT0002102,ORD0002102,CLT00110,BIZ002,Bloom Salon & Spa,Los Angeles,PRV0017,2025-02-01,16:15:00,45,completed,walk_in,2025-01-25,7,,False,Skin
APT0002103,ORD0002103,CLT00110,BIZ002,Bloom Salon & Spa,Los Angeles,PRV0019,2025-03-31,10:45:00,30,completed,walk_in,2025-03-30,1,,False,Waxing
APT0002104,ORD0002104,CLT00110,BIZ002,Bloom Salon & Spa,Los Angeles,PRV0017,2025-05-31,09:15:00,60,cancelled,walk_in,2025-05-30,1,rescheduled,False,Skin
APT0002105,ORD0002105,CLT00110,BIZ002,Bloom Salon & Spa,Los Angeles,PRV0006,2025-08-05,09:15:00,30,completed,online_booking,2025-08-04,1,,False,Waxing
APT0002106,ORD0002106,CLT00110,BIZ002,Bloom Salon & Spa,Los Angeles,PRV0003,2025-10-11,18:15:00,15,completed,online_booking,2025-10-04,7,,False,Waxing
APT0002107,ORD0002107,CLT00110,BIZ002,Bloom Salon & Spa,Los Angeles,PRV0009,2025-12-11,15:45:00,15,completed,phone,2025-12-08,3,,False,Waxing
APT0002108,ORD0002108,CLT00110,BIZ002,Bloom Salon & Spa,Los Angeles,PRV0001,2026-02-06,12:15:00,30,completed,referral,2026-01-16,21,,False,Waxing
APT0002109,ORD0002109,CLT00111,BIZ004,Serenity Spa,Chicago,PRV0017,2024-04-19,13:30:00,45,completed,online_booking,2024-04-12,7,,True,Nails
APT0002110,ORD0002110,CLT00111,BIZ004,Serenity Spa,Chicago,PRV0001,2024-06-03,16:15:00,15,completed,referral,2024-05-27,7,,False,Nails
APT0002111,ORD0002111,CLT00111,BIZ004,Serenity Spa,Chicago,PRV0005,2024-07-16,12:15:00,15,completed,referral,2024-07-13,3,,False,Nails
APT0002112,ORD0002112,CLT00111,BIZ004,Serenity Spa,Chicago,PRV0018,2024-08-27,10:30:00,15,completed,phone,2024-08-26,1,,False,Nails
APT0002113,ORD0002113,CLT00111,BIZ004,Serenity Spa,Chicago,PRV0011,2024-10-17,09:45:00,30,completed,walk_in,2024-10-16,1,,False,Nails
APT0002114,ORD0002114,CLT00111,BIZ004,Serenity Spa,Chicago,PRV0006,2024-11-25,12:45:00,45,completed,walk_in,2024-11-18,7,,False,Nails
APT0002115,ORD0002115,CLT00111,BIZ004,Serenity Spa,Chicago,PRV0008,2025-01-14,16:45:00,30,completed,walk_in,2025-01-07,7,,False,Nails
APT0002116,ORD0002116,CLT00111,BIZ004,Serenity Spa,Chicago,PRV0020,2025-02-21,14:30:00,45,completed,walk_in,2025-02-20,1,,False,Nails
APT0002117,ORD0002117,CLT00111,BIZ004,Serenity Spa,Chicago,PRV0017,2025-04-06,13:15:00,45,completed,online_booking,2025-03-23,14,,False,Nails
APT0002118,ORD0002118,CLT00111,BIZ004,Serenity Spa,Chicago,PRV0016,2025-05-14,11:30:00,15,completed,referral,2025-05-07,7,,False,Nails
APT0002119,ORD0002119,CLT00111,BIZ004,Serenity Spa,Chicago,PRV0016,2025-07-01,15:30:00,15,completed,app,2025-06-24,7,,False,Nails
APT0002120,ORD0002120,CLT00111,BIZ004,Serenity Spa,Chicago,PRV0014,2025-08-19,09:15:00,45,completed,referral,2025-08-12,7,,False,Nails
APT0002121,ORD0002121,CLT00111,BIZ004,Serenity Spa,Chicago,PRV0004,2025-10-04,12:00:00,30,completed,walk_in,2025-10-03,1,,False,Nails
APT0002122,ORD0002122,CLT00111,BIZ004,Serenity Spa,Chicago,PRV0017,2025-11-17,09:00:00,60,completed,phone,2025-11-03,14,,False,Nails
APT0002123,ORD0002123,CLT00111,BIZ004,Serenity Spa,Chicago,PRV0011,2025-12-28,18:15:00,60,completed,referral,2025-12-27,1,,False,Nails
APT0002124,ORD0002124,CLT00111,BIZ004,Serenity Spa,Chicago,PRV0014,2026-02-12,11:15:00,45,completed,app,2026-02-05,7,,False,Nails
APT0002125,ORD0002125,CLT00111,BIZ004,Serenity Spa,Chicago,PRV0019,2026-04-02,18:00:00,30,cancelled,online_booking,2026-04-01,1,weather,False,Nails
APT0002126,ORD0002126,CLT00112,BIZ001,Luxe Hair Studio,San Francisco,PRV0011,2024-04-15,12:30:00,120,completed,phone,2024-04-08,7,,True,Hair
APT0002127,ORD0002127,CLT00112,BIZ001,Luxe Hair Studio,San Francisco,PRV0015,2024-06-20,09:45:00,45,completed,phone,2024-06-13,7,,False,Hair
APT0002128,ORD0002128,CLT00112,BIZ001,Luxe Hair Studio,San Francisco,PRV0009,2024-08-13,15:00:00,120,completed,phone,2024-08-06,7,,False,Hair
APT0002129,ORD0002129,CLT00112,BIZ001,Luxe Hair Studio,San Francisco,PRV0015,2024-10-11,12:30:00,60,completed,app,2024-10-04,7,,False,Hair
APT0002130,ORD0002130,CLT00112,BIZ001,Luxe Hair Studio,San Francisco,PRV0007,2024-12-10,14:15:00,30,completed,online_booking,2024-12-07,3,,False,Hair
APT0002131,ORD0002131,CLT00112,BIZ001,Luxe Hair Studio,San Francisco,PRV0007,2025-02-14,09:30:00,120,completed,walk_in,2025-01-24,21,,False,Hair
APT0002132,ORD0002132,CLT00112,BIZ001,Luxe Hair Studio,San Francisco,PRV0001,2025-04-12,14:00:00,45,cancelled,walk_in,2025-03-29,14,weather,False,Hair
APT0002133,ORD0002133,CLT00112,BIZ001,Luxe Hair Studio,San Francisco,PRV0019,2025-06-10,16:00:00,120,completed,phone,2025-06-07,3,,False,Hair
APT0002134,ORD0002134,CLT00112,BIZ001,Luxe Hair Studio,San Francisco,PRV0012,2025-08-02,18:15:00,120,completed,phone,2025-08-01,1,,False,Hair
APT0002135,ORD0002135,CLT00112,BIZ001,Luxe Hair Studio,San Francisco,PRV0001,2025-10-04,12:30:00,60,completed,phone,2025-09-27,7,,False,Hair
APT0002136,ORD0002136,CLT00112,BIZ001,Luxe Hair Studio,San Francisco,PRV0011,2025-12-07,16:00:00,60,completed,walk_in,2025-11-30,7,,False,Hair
APT0002137,ORD0002137,CLT00113,BIZ008,Posh Nails & Spa,Denver,PRV0014,2024-07-02,15:00:00,60,completed,app,2024-07-02,0,,True,Skin
APT0002138,ORD0002138,CLT00113,BIZ008,Posh Nails & Spa,Denver,PRV0014,2024-09-25,09:45:00,75,completed,online_booking,2024-09-25,0,,False,Skin
APT0002139,ORD0002139,CLT00113,BIZ008,Posh Nails & Spa,Denver,PRV0015,2024-12-20,15:45:00,45,completed,online_booking,2024-12-13,7,,False,Skin
APT0002140,ORD0002140,CLT00113,BIZ008,Posh Nails & Spa,Denver,PRV0010,2025-03-25,09:00:00,45,cancelled,walk_in,2025-03-25,0,,False,Skin
APT0002141,ORD0002141,CLT00113,BIZ008,Posh Nails & Spa,Denver,PRV0018,2025-06-22,16:00:00,60,completed,referral,2025-06-15,7,,False,Skin
APT0002142,ORD0002142,CLT00113,BIZ008,Posh Nails & Spa,Denver,PRV0017,2025-09-19,10:45:00,60,completed,walk_in,2025-09-12,7,,False,Skin
APT0002143,ORD0002143,CLT00113,BIZ008,Posh Nails & Spa,Denver,PRV0019,2025-12-25,14:00:00,60,completed,walk_in,2025-12-25,0,,False,Skin
APT0002144,ORD0002144,CLT00113,BIZ008,Posh Nails & Spa,Denver,PRV0016,2026-04-01,16:15:00,60,completed,app,2026-04-01,0,,False,Skin
APT0002145,ORD0002145,CLT00114,BIZ010,Elevate Salon,Nashville,PRV0002,2024-04-27,09:15:00,15,completed,walk_in,2024-04-20,7,,True,Nails
APT0002146,ORD0002146,CLT00114,BIZ010,Elevate Salon,Nashville,PRV0014,2024-05-29,13:15:00,30,completed,walk_in,2024-05-26,3,,False,Nails
APT0002147,ORD0002147,CLT00114,BIZ010,Elevate Salon,Nashville,PRV0012,2024-07-02,15:45:00,45,completed,online_booking,2024-06-25,7,,False,Hair
APT0002148,ORD0002148,CLT00114,BIZ010,Elevate Salon,Nashville,PRV0013,2024-08-04,14:30:00,45,completed,app,2024-08-01,3,,False,Hair
APT0002149,ORD0002149,CLT00114,BIZ010,Elevate Salon,Nashville,PRV0002,2024-09-04,11:00:00,150,completed,app,2024-09-01,3,,False,Hair
APT0002150,ORD0002150,CLT00114,BIZ010,Elevate Salon,Nashville,PRV0001,2024-10-09,16:15:00,60,completed,app,2024-10-02,7,,False,Hair
APT0002151,ORD0002151,CLT00114,BIZ010,Elevate Salon,Nashville,PRV0005,2024-11-09,17:45:00,60,completed,online_booking,2024-11-06,3,,False,Hair
APT0002152,ORD0002152,CLT00114,BIZ010,Elevate Salon,Nashville,PRV0019,2024-12-17,14:30:00,45,completed,online_booking,2024-12-10,7,,False,Nails
APT0002153,ORD0002153,CLT00114,BIZ010,Elevate Salon,Nashville,PRV0017,2025-01-16,16:15:00,120,completed,referral,2025-01-13,3,,False,Hair
APT0002154,ORD0002154,CLT00114,BIZ010,Elevate Salon,Nashville,PRV0002,2025-02-20,12:15:00,60,completed,online_booking,2025-02-06,14,,False,Hair
APT0002155,ORD0002155,CLT00114,BIZ010,Elevate Salon,Nashville,PRV0015,2025-03-24,13:00:00,30,completed,referral,2025-03-03,21,,False,Hair
APT0002156,ORD0002156,CLT00114,BIZ010,Elevate Salon,Nashville,PRV0004,2025-05-04,12:30:00,60,completed,referral,2025-04-27,7,,False,Nails
APT0002157,ORD0002157,CLT00114,BIZ010,Elevate Salon,Nashville,PRV0008,2025-06-11,11:15:00,45,completed,online_booking,2025-06-10,1,,False,Nails
APT0002158,ORD0002158,CLT00114,BIZ010,Elevate Salon,Nashville,PRV0017,2025-07-19,10:30:00,60,late_cancel,referral,2025-07-18,1,illness,False,Nails
APT0002159,ORD0002159,CLT00115,BIZ010,Elevate Salon,Nashville,PRV0006,2024-04-17,17:00:00,45,cancelled,app,2024-04-14,3,personal_emergency,True,Nails
APT0002160,ORD0002160,CLT00115,BIZ010,Elevate Salon,Nashville,PRV0020,2024-06-21,13:45:00,60,completed,online_booking,2024-06-18,3,,False,Nails
APT0002161,ORD0002161,CLT00115,BIZ010,Elevate Salon,Nashville,PRV0010,2024-08-15,17:30:00,60,completed,phone,2024-08-08,7,,False,Hair
APT0002162,ORD0002162,CLT00115,BIZ010,Elevate Salon,Nashville,PRV0008,2024-10-17,12:00:00,45,completed,walk_in,2024-10-03,14,,False,Nails
APT0002163,ORD0002163,CLT00115,BIZ010,Elevate Salon,Nashville,PRV0009,2024-12-22,15:00:00,15,cancelled,online_booking,2024-12-19,3,forgot,False,Nails
APT0002164,ORD0002164,CLT00115,BIZ010,Elevate Salon,Nashville,PRV0015,2025-02-21,09:30:00,15,completed,online_booking,2025-02-18,3,,False,Nails
APT0002165,ORD0002165,CLT00115,BIZ010,Elevate Salon,Nashville,PRV0010,2025-04-29,18:15:00,45,completed,walk_in,2025-04-26,3,,False,Nails
APT0002166,ORD0002166,CLT00115,BIZ010,Elevate Salon,Nashville,PRV0003,2025-06-22,10:15:00,30,completed,referral,2025-06-21,1,,False,Nails
APT0002167,ORD0002167,CLT00115,BIZ010,Elevate Salon,Nashville,PRV0011,2025-08-18,12:15:00,45,cancelled,online_booking,2025-07-28,21,rescheduled,False,Nails
APT0002168,ORD0002168,CLT00115,BIZ010,Elevate Salon,Nashville,PRV0002,2025-10-23,13:45:00,60,completed,referral,2025-10-23,0,,False,Hair
APT0002169,ORD0002169,CLT00115,BIZ010,Elevate Salon,Nashville,PRV0003,2025-12-15,16:15:00,30,completed,online_booking,2025-12-01,14,,False,Hair
APT0002170,ORD0002170,CLT00115,BIZ010,Elevate Salon,Nashville,PRV0011,2026-02-17,11:45:00,120,completed,walk_in,2026-01-27,21,,False,Hair
APT0002171,ORD0002171,CLT00116,BIZ003,The Glam Room,New York,PRV0008,2024-06-10,18:00:00,60,completed,walk_in,2024-06-07,3,,True,Skin
APT0002172,ORD0002172,CLT00116,BIZ003,The Glam Room,New York,PRV0015,2024-09-05,11:45:00,60,no_show,phone,2024-09-05,0,personal_emergency,False,Skin
APT0002173,ORD0002173,CLT00116,BIZ003,The Glam Room,New York,PRV0013,2024-12-04,14:45:00,30,completed,app,2024-11-27,7,,False,Nails
APT0002174,ORD0002174,CLT00116,BIZ003,The Glam Room,New York,PRV0013,2025-03-11,14:15:00,60,completed,online_booking,2025-03-10,1,,False,Skin
APT0002175,ORD0002175,CLT00116,BIZ003,The Glam Room,New York,PRV0017,2025-06-15,17:30:00,45,completed,online_booking,2025-06-08,7,,False,Skin
APT0002176,ORD0002176,CLT00116,BIZ003,The Glam Room,New York,PRV0011,2025-09-09,12:45:00,30,completed,referral,2025-08-19,21,,False,Nails
APT0002177,ORD0002177,CLT00116,BIZ003,The Glam Room,New York,PRV0002,2025-12-04,10:45:00,30,completed,online_booking,2025-12-03,1,,False,Nails
APT0002178,ORD0002178,CLT00116,BIZ003,The Glam Room,New York,PRV0019,2026-02-25,17:30:00,75,completed,walk_in,2026-02-18,7,,False,Skin
APT0002179,ORD0002179,CLT00117,BIZ008,Posh Nails & Spa,Denver,PRV0020,2024-04-28,15:00:00,60,completed,walk_in,2024-04-25,3,,True,Nails
APT0002180,ORD0002180,CLT00117,BIZ008,Posh Nails & Spa,Denver,PRV0017,2024-06-04,11:30:00,30,completed,walk_in,2024-05-28,7,,False,Waxing
APT0002181,ORD0002181,CLT00117,BIZ008,Posh Nails & Spa,Denver,PRV0016,2024-07-11,12:15:00,15,completed,walk_in,2024-07-08,3,,False,Nails
APT0002182,ORD0002182,CLT00117,BIZ008,Posh Nails & Spa,Denver,PRV0015,2024-08-20,16:45:00,30,completed,online_booking,2024-08-06,14,,False,Waxing
APT0002183,ORD0002183,CLT00117,BIZ008,Posh Nails & Spa,Denver,PRV0004,2024-09-28,11:00:00,45,completed,walk_in,2024-09-21,7,,False,Nails
APT0002184,ORD0002184,CLT00117,BIZ008,Posh Nails & Spa,Denver,PRV0019,2024-11-04,15:15:00,30,completed,referral,2024-11-01,3,,False,Waxing
APT0002185,ORD0002185,CLT00117,BIZ008,Posh Nails & Spa,Denver,PRV0009,2024-12-06,12:15:00,45,completed,app,2024-11-22,14,,False,Nails
APT0002186,ORD0002186,CLT00117,BIZ008,Posh Nails & Spa,Denver,PRV0011,2025-01-03,11:30:00,60,completed,app,2024-12-27,7,,False,Nails
APT0002187,ORD0002187,CLT00117,BIZ008,Posh Nails & Spa,Denver,PRV0002,2025-02-12,10:00:00,15,completed,online_booking,2025-02-12,0,,False,Waxing
APT0002188,ORD0002188,CLT00117,BIZ008,Posh Nails & Spa,Denver,PRV0005,2025-03-26,18:00:00,45,completed,online_booking,2025-03-12,14,,False,Nails
APT0002189,ORD0002189,CLT00117,BIZ008,Posh Nails & Spa,Denver,PRV0018,2025-05-07,18:00:00,30,completed,walk_in,2025-05-04,3,,False,Waxing
APT0002190,ORD0002190,CLT00117,BIZ008,Posh Nails & Spa,Denver,PRV0014,2025-06-04,16:15:00,15,completed,phone,2025-05-28,7,,False,Nails
APT0002191,ORD0002191,CLT00117,BIZ008,Posh Nails & Spa,Denver,PRV0001,2025-07-16,11:15:00,15,completed,walk_in,2025-07-09,7,,False,Waxing
APT0002192,ORD0002192,CLT00117,BIZ008,Posh Nails & Spa,Denver,PRV0005,2025-08-16,12:00:00,15,completed,app,2025-08-09,7,,False,Waxing
APT0002193,ORD0002193,CLT00117,BIZ008,Posh Nails & Spa,Denver,PRV0014,2025-09-18,18:00:00,15,completed,walk_in,2025-09-15,3,,False,Waxing
APT0002194,ORD0002194,CLT00117,BIZ008,Posh Nails & Spa,Denver,PRV0013,2025-10-19,11:15:00,45,completed,walk_in,2025-09-28,21,,False,Waxing
APT0002195,ORD0002195,CLT00117,BIZ008,Posh Nails & Spa,Denver,PRV0011,2025-11-27,11:15:00,15,completed,app,2025-11-20,7,,False,Nails
APT0002196,ORD0002196,CLT00118,BIZ006,Radiance Salon,Seattle,PRV0001,2024-04-26,15:30:00,30,no_show,referral,2024-04-23,3,weather,True,Nails
APT0002197,ORD0002197,CLT00118,BIZ006,Radiance Salon,Seattle,PRV0012,2024-06-09,14:30:00,45,completed,referral,2024-06-02,7,,False,Nails
APT0002198,ORD0002198,CLT00118,BIZ006,Radiance Salon,Seattle,PRV0006,2024-07-25,18:00:00,45,completed,phone,2024-07-18,7,,False,Nails
APT0002199,ORD0002199,CLT00118,BIZ006,Radiance Salon,Seattle,PRV0006,2024-09-12,10:45:00,60,completed,walk_in,2024-09-05,7,,False,Nails
APT0002200,ORD0002200,CLT00118,BIZ006,Radiance Salon,Seattle,PRV0020,2024-10-31,14:30:00,15,completed,referral,2024-10-30,1,,False,Nails
APT0002201,ORD0002201,CLT00118,BIZ006,Radiance Salon,Seattle,PRV0012,2024-12-20,16:30:00,15,completed,online_booking,2024-12-06,14,,False,Nails
APT0002202,ORD0002202,CLT00118,BIZ006,Radiance Salon,Seattle,PRV0013,2025-02-02,16:15:00,45,completed,walk_in,2025-02-01,1,,False,Nails
APT0002203,ORD0002203,CLT00118,BIZ006,Radiance Salon,Seattle,PRV0018,2025-03-22,11:30:00,60,completed,phone,2025-03-21,1,,False,Nails
APT0002204,ORD0002204,CLT00118,BIZ006,Radiance Salon,Seattle,PRV0019,2025-05-10,17:15:00,45,completed,app,2025-05-07,3,,False,Nails
APT0002205,ORD0002205,CLT00118,BIZ006,Radiance Salon,Seattle,PRV0002,2025-07-01,11:00:00,45,completed,walk_in,2025-06-17,14,,False,Nails
APT0002206,ORD0002206,CLT00118,BIZ006,Radiance Salon,Seattle,PRV0005,2025-08-20,13:30:00,45,completed,app,2025-07-30,21,,False,Nails
APT0002207,ORD0002207,CLT00118,BIZ006,Radiance Salon,Seattle,PRV0006,2025-09-30,10:45:00,45,completed,walk_in,2025-09-27,3,,False,Nails
APT0002208,ORD0002208,CLT00118,BIZ006,Radiance Salon,Seattle,PRV0011,2025-11-19,14:30:00,45,cancelled,online_booking,2025-11-12,7,,False,Nails
APT0002209,ORD0002209,CLT00118,BIZ006,Radiance Salon,Seattle,PRV0020,2025-12-31,09:00:00,30,completed,phone,2025-12-17,14,,False,Nails
APT0002210,ORD0002210,CLT00118,BIZ006,Radiance Salon,Seattle,PRV0001,2026-02-15,12:45:00,45,completed,walk_in,2026-02-15,0,,False,Nails
APT0002211,ORD0002211,CLT00118,BIZ006,Radiance Salon,Seattle,PRV0009,2026-04-04,13:15:00,30,completed,app,2026-04-03,1,,False,Nails
APT0002212,ORD0002212,CLT00119,BIZ008,Posh Nails & Spa,Denver,PRV0013,2024-04-15,10:00:00,120,completed,online_booking,2024-03-25,21,,True,Hair
APT0002213,ORD0002213,CLT00119,BIZ008,Posh Nails & Spa,Denver,PRV0011,2024-05-02,09:00:00,120,completed,online_booking,2024-04-29,3,,False,Hair
APT0002214,ORD0002214,CLT00119,BIZ008,Posh Nails & Spa,Denver,PRV0001,2024-05-16,10:30:00,120,cancelled,phone,2024-05-13,3,forgot,False,Hair
APT0002215,ORD0002215,CLT00119,BIZ008,Posh Nails & Spa,Denver,PRV0004,2024-06-03,18:45:00,150,completed,app,2024-05-20,14,,False,Hair
APT0002216,ORD0002216,CLT00119,BIZ008,Posh Nails & Spa,Denver,PRV0011,2024-06-27,17:00:00,150,completed,referral,2024-06-26,1,,False,Hair
APT0002217,ORD0002217,CLT00119,BIZ008,Posh Nails & Spa,Denver,PRV0013,2024-07-22,13:45:00,120,completed,app,2024-07-15,7,,False,Hair
APT0002218,ORD0002218,CLT00119,BIZ008,Posh Nails & Spa,Denver,PRV0011,2024-08-12,14:15:00,30,completed,phone,2024-08-11,1,,False,Hair
APT0002219,ORD0002219,CLT00119,BIZ008,Posh Nails & Spa,Denver,PRV0008,2024-09-03,13:00:00,45,cancelled,online_booking,2024-08-13,21,illness,False,Hair
APT0002220,ORD0002220,CLT00119,BIZ008,Posh Nails & Spa,Denver,PRV0019,2024-09-30,17:00:00,120,completed,walk_in,2024-09-23,7,,False,Hair
APT0002221,ORD0002221,CLT00119,BIZ008,Posh Nails & Spa,Denver,PRV0010,2024-10-20,14:30:00,60,completed,phone,2024-10-06,14,,False,Hair
APT0002222,ORD0002222,CLT00119,BIZ008,Posh Nails & Spa,Denver,PRV0004,2024-11-12,18:00:00,45,completed,app,2024-11-05,7,,False,Hair
APT0002223,ORD0002223,CLT00119,BIZ008,Posh Nails & Spa,Denver,PRV0015,2024-12-02,15:15:00,150,completed,phone,2024-11-29,3,,False,Hair
APT0002224,ORD0002224,CLT00119,BIZ008,Posh Nails & Spa,Denver,PRV0002,2024-12-28,14:45:00,120,completed,online_booking,2024-12-14,14,,False,Hair
APT0002225,ORD0002225,CLT00119,BIZ008,Posh Nails & Spa,Denver,PRV0002,2025-01-25,17:45:00,60,completed,online_booking,2025-01-22,3,,False,Hair
APT0002226,ORD0002226,CLT00119,BIZ008,Posh Nails & Spa,Denver,PRV0001,2025-02-21,17:15:00,150,completed,walk_in,2025-02-14,7,,False,Hair
APT0002227,ORD0002227,CLT00119,BIZ008,Posh Nails & Spa,Denver,PRV0015,2025-03-13,16:15:00,150,completed,online_booking,2025-03-06,7,,False,Hair
APT0002228,ORD0002228,CLT00119,BIZ008,Posh Nails & Spa,Denver,PRV0005,2025-03-28,17:30:00,60,completed,referral,2025-03-21,7,,False,Hair
APT0002229,ORD0002229,CLT00119,BIZ008,Posh Nails & Spa,Denver,PRV0019,2025-04-14,13:15:00,120,completed,walk_in,2025-04-07,7,,False,Hair
APT0002230,ORD0002230,CLT00119,BIZ008,Posh Nails & Spa,Denver,PRV0009,2025-05-04,13:30:00,150,cancelled,phone,2025-04-27,7,weather,False,Hair
APT0002231,ORD0002231,CLT00119,BIZ008,Posh Nails & Spa,Denver,PRV0004,2025-05-29,13:30:00,150,completed,online_booking,2025-05-22,7,,False,Hair
APT0002232,ORD0002232,CLT00119,BIZ008,Posh Nails & Spa,Denver,PRV0008,2025-06-18,14:30:00,60,completed,phone,2025-06-04,14,,False,Hair
APT0002233,ORD0002233,CLT00119,BIZ008,Posh Nails & Spa,Denver,PRV0019,2025-07-15,12:30:00,30,completed,referral,2025-07-08,7,,False,Hair
APT0002234,ORD0002234,CLT00119,BIZ008,Posh Nails & Spa,Denver,PRV0012,2025-07-30,18:45:00,45,completed,referral,2025-07-23,7,,False,Hair
APT0002235,ORD0002235,CLT00119,BIZ008,Posh Nails & Spa,Denver,PRV0013,2025-08-22,17:00:00,120,completed,walk_in,2025-08-01,21,,False,Hair
APT0002236,ORD0002236,CLT00119,BIZ008,Posh Nails & Spa,Denver,PRV0004,2025-09-18,09:45:00,45,completed,walk_in,2025-09-11,7,,False,Hair
APT0002237,ORD0002237,CLT00119,BIZ008,Posh Nails & Spa,Denver,PRV0017,2025-10-02,09:45:00,120,completed,referral,2025-09-25,7,,False,Hair
APT0002238,ORD0002238,CLT00119,BIZ008,Posh Nails & Spa,Denver,PRV0005,2025-10-24,18:30:00,120,cancelled,referral,2025-10-21,3,weather,False,Hair
APT0002239,ORD0002239,CLT00119,BIZ008,Posh Nails & Spa,Denver,PRV0005,2025-11-20,12:00:00,150,completed,walk_in,2025-11-13,7,,False,Hair
APT0002240,ORD0002240,CLT00119,BIZ008,Posh Nails & Spa,Denver,PRV0020,2025-12-06,11:30:00,60,completed,online_booking,2025-11-29,7,,False,Hair
APT0002241,ORD0002241,CLT00119,BIZ008,Posh Nails & Spa,Denver,PRV0019,2025-12-29,14:00:00,30,completed,app,2025-12-15,14,,False,Hair
APT0002242,ORD0002242,CLT00119,BIZ008,Posh Nails & Spa,Denver,PRV0007,2026-01-24,13:00:00,60,cancelled,walk_in,2026-01-23,1,personal_emergency,False,Hair
APT0002243,ORD0002243,CLT00119,BIZ008,Posh Nails & Spa,Denver,PRV0016,2026-02-13,18:30:00,120,completed,walk_in,2026-01-30,14,,False,Hair
APT0002244,ORD0002244,CLT00120,BIZ001,Luxe Hair Studio,San Francisco,PRV0012,2024-04-19,12:00:00,75,completed,walk_in,2024-04-12,7,,True,Skin
APT0002245,ORD0002245,CLT00120,BIZ001,Luxe Hair Studio,San Francisco,PRV0002,2024-05-31,14:30:00,45,completed,app,2024-05-17,14,,False,Nails
APT0002246,ORD0002246,CLT00120,BIZ001,Luxe Hair Studio,San Francisco,PRV0005,2024-06-29,12:15:00,15,completed,walk_in,2024-06-22,7,,False,Nails
APT0002247,ORD0002247,CLT00120,BIZ001,Luxe Hair Studio,San Francisco,PRV0019,2024-08-02,11:45:00,60,completed,online_booking,2024-07-26,7,,False,Skin
APT0002248,ORD0002248,CLT00120,BIZ001,Luxe Hair Studio,San Francisco,PRV0014,2024-09-10,18:00:00,30,completed,walk_in,2024-09-03,7,,False,Nails
APT0002249,ORD0002249,CLT00120,BIZ001,Luxe Hair Studio,San Francisco,PRV0013,2024-10-15,11:00:00,15,cancelled,app,2024-10-08,7,personal_emergency,False,Nails
APT0002250,ORD0002250,CLT00120,BIZ001,Luxe Hair Studio,San Francisco,PRV0020,2024-11-12,12:00:00,45,completed,app,2024-11-05,7,,False,Skin
APT0002251,ORD0002251,CLT00120,BIZ001,Luxe Hair Studio,San Francisco,PRV0005,2024-12-15,09:15:00,75,completed,referral,2024-12-15,0,,False,Skin
APT0002252,ORD0002252,CLT00120,BIZ001,Luxe Hair Studio,San Francisco,PRV0006,2025-01-18,16:45:00,60,completed,referral,2025-01-11,7,,False,Skin
APT0002253,ORD0002253,CLT00120,BIZ001,Luxe Hair Studio,San Francisco,PRV0010,2025-02-28,18:00:00,60,completed,phone,2025-02-27,1,,False,Skin
APT0002254,ORD0002254,CLT00120,BIZ001,Luxe Hair Studio,San Francisco,PRV0005,2025-03-28,13:45:00,30,completed,phone,2025-03-14,14,,False,Nails
APT0002255,ORD0002255,CLT00120,BIZ001,Luxe Hair Studio,San Francisco,PRV0014,2025-05-07,18:30:00,30,completed,phone,2025-04-23,14,,False,Nails
APT0002256,ORD0002256,CLT00120,BIZ001,Luxe Hair Studio,San Francisco,PRV0017,2025-06-16,18:15:00,45,completed,app,2025-06-15,1,,False,Nails
APT0002257,ORD0002257,CLT00120,BIZ001,Luxe Hair Studio,San Francisco,PRV0003,2025-07-25,12:45:00,30,completed,referral,2025-07-25,0,,False,Nails
APT0002258,ORD0002258,CLT00120,BIZ001,Luxe Hair Studio,San Francisco,PRV0010,2025-09-01,15:45:00,60,completed,walk_in,2025-08-11,21,,False,Skin
APT0002259,ORD0002259,CLT00120,BIZ001,Luxe Hair Studio,San Francisco,PRV0003,2025-10-06,14:30:00,45,completed,walk_in,2025-10-03,3,,False,Nails
APT0002260,ORD0002260,CLT00120,BIZ001,Luxe Hair Studio,San Francisco,PRV0001,2025-11-05,10:45:00,45,completed,referral,2025-10-15,21,,False,Skin
APT0002261,ORD0002261,CLT00120,BIZ001,Luxe Hair Studio,San Francisco,PRV0014,2025-12-13,12:15:00,60,completed,referral,2025-12-12,1,,False,Skin
APT0002262,ORD0002262,CLT00120,BIZ001,Luxe Hair Studio,San Francisco,PRV0002,2026-01-11,10:00:00,60,no_show,referral,2026-01-08,3,schedule_conflict,False,Nails
APT0002263,ORD0002263,CLT00120,BIZ001,Luxe Hair Studio,San Francisco,PRV0018,2026-02-17,10:45:00,60,completed,phone,2026-02-16,1,,False,Skin
APT0002264,ORD0002264,CLT00121,BIZ008,Posh Nails & Spa,Denver,PRV0020,2024-05-08,15:30:00,60,completed,walk_in,2024-04-24,14,,True,Skin
APT0002265,ORD0002265,CLT00121,BIZ008,Posh Nails & Spa,Denver,PRV0002,2024-06-09,13:15:00,60,completed,phone,2024-06-02,7,,False,Skin
APT0002266,ORD0002266,CLT00121,BIZ008,Posh Nails & Spa,Denver,PRV0007,2024-07-14,14:00:00,60,completed,app,2024-06-23,21,,False,Skin
APT0002267,ORD0002267,CLT00121,BIZ008,Posh Nails & Spa,Denver,PRV0013,2024-08-20,18:45:00,60,completed,referral,2024-08-17,3,,False,Skin
APT0002268,ORD0002268,CLT00121,BIZ008,Posh Nails & Spa,Denver,PRV0020,2024-09-29,16:30:00,60,completed,online_booking,2024-09-28,1,,False,Skin
APT0002269,ORD0002269,CLT00121,BIZ008,Posh Nails & Spa,Denver,PRV0007,2024-11-05,17:00:00,60,completed,phone,2024-10-29,7,,False,Skin
APT0002270,ORD0002270,CLT00121,BIZ008,Posh Nails & Spa,Denver,PRV0007,2024-12-17,18:45:00,60,completed,app,2024-12-10,7,,False,Skin
APT0002271,ORD0002271,CLT00121,BIZ008,Posh Nails & Spa,Denver,PRV0003,2025-01-19,09:30:00,60,completed,referral,2025-01-18,1,,False,Skin
APT0002272,ORD0002272,CLT00121,BIZ008,Posh Nails & Spa,Denver,PRV0019,2025-02-23,12:30:00,45,completed,walk_in,2025-02-22,1,,False,Skin
APT0002273,ORD0002273,CLT00121,BIZ008,Posh Nails & Spa,Denver,PRV0002,2025-04-06,17:00:00,75,completed,app,2025-03-30,7,,False,Skin
APT0002274,ORD0002274,CLT00121,BIZ008,Posh Nails & Spa,Denver,PRV0018,2025-05-18,11:45:00,75,cancelled,online_booking,2025-05-15,3,rescheduled,False,Skin
APT0002275,ORD0002275,CLT00121,BIZ008,Posh Nails & Spa,Denver,PRV0020,2025-06-24,16:30:00,60,completed,referral,2025-06-10,14,,False,Skin
APT0002276,ORD0002276,CLT00121,BIZ008,Posh Nails & Spa,Denver,PRV0016,2025-07-24,17:30:00,60,completed,app,2025-07-17,7,,False,Skin
APT0002277,ORD0002277,CLT00121,BIZ008,Posh Nails & Spa,Denver,PRV0014,2025-08-31,11:15:00,45,cancelled,walk_in,2025-08-28,3,no_reason_given,False,Skin
APT0002278,ORD0002278,CLT00121,BIZ008,Posh Nails & Spa,Denver,PRV0019,2025-09-28,18:45:00,45,completed,referral,2025-09-21,7,,False,Skin
APT0002279,ORD0002279,CLT00121,BIZ008,Posh Nails & Spa,Denver,PRV0008,2025-10-27,13:00:00,45,completed,phone,2025-10-20,7,,False,Skin
APT0002280,ORD0002280,CLT00121,BIZ008,Posh Nails & Spa,Denver,PRV0006,2025-11-24,14:45:00,60,completed,walk_in,2025-11-03,21,,False,Skin
APT0002281,ORD0002281,CLT00121,BIZ008,Posh Nails & Spa,Denver,PRV0004,2025-12-24,18:00:00,60,completed,app,2025-12-21,3,,False,Skin
APT0002282,ORD0002282,CLT00121,BIZ008,Posh Nails & Spa,Denver,PRV0004,2026-01-30,14:45:00,45,completed,online_booking,2026-01-23,7,,False,Skin
APT0002283,ORD0002283,CLT00121,BIZ008,Posh Nails & Spa,Denver,PRV0014,2026-03-09,16:00:00,75,completed,phone,2026-03-08,1,,False,Skin
APT0002284,ORD0002284,CLT00122,BIZ008,Posh Nails & Spa,Denver,PRV0003,2024-04-28,11:45:00,60,completed,referral,2024-04-07,21,,True,Hair
APT0002285,ORD0002285,CLT00122,BIZ008,Posh Nails & Spa,Denver,PRV0003,2024-06-08,10:15:00,15,completed,app,2024-06-07,1,,False,Waxing
APT0002286,ORD0002286,CLT00122,BIZ008,Posh Nails & Spa,Denver,PRV0020,2024-07-20,13:30:00,45,completed,referral,2024-07-17,3,,False,Hair
APT0002287,ORD0002287,CLT00122,BIZ008,Posh Nails & Spa,Denver,PRV0014,2024-09-10,17:45:00,120,completed,referral,2024-08-20,21,,False,Hair
APT0002288,ORD0002288,CLT00122,BIZ008,Posh Nails & Spa,Denver,PRV0011,2024-10-28,16:00:00,150,completed,app,2024-10-07,21,,False,Hair
APT0002289,ORD0002289,CLT00122,BIZ008,Posh Nails & Spa,Denver,PRV0006,2024-12-12,11:15:00,15,completed,online_booking,2024-11-28,14,,False,Waxing
APT0002290,ORD0002290,CLT00122,BIZ008,Posh Nails & Spa,Denver,PRV0005,2025-01-21,16:45:00,60,completed,walk_in,2025-01-07,14,,False,Hair
APT0002291,ORD0002291,CLT00122,BIZ008,Posh Nails & Spa,Denver,PRV0017,2025-03-11,11:00:00,15,completed,walk_in,2025-03-04,7,,False,Waxing
APT0002292,ORD0002292,CLT00122,BIZ008,Posh Nails & Spa,Denver,PRV0012,2025-04-20,12:30:00,45,completed,phone,2025-04-13,7,,False,Hair
APT0002293,ORD0002293,CLT00122,BIZ008,Posh Nails & Spa,Denver,PRV0002,2025-05-28,16:00:00,60,completed,phone,2025-05-14,14,,False,Hair
APT0002294,ORD0002294,CLT00122,BIZ008,Posh Nails & Spa,Denver,PRV0018,2025-07-11,11:15:00,60,completed,phone,2025-07-08,3,,False,Hair
APT0002295,ORD0002295,CLT00122,BIZ008,Posh Nails & Spa,Denver,PRV0019,2025-08-19,17:15:00,120,no_show,walk_in,2025-07-29,21,no_reason_given,False,Hair
APT0002296,ORD0002296,CLT00123,BIZ001,Luxe Hair Studio,San Francisco,PRV0010,2024-04-14,14:45:00,120,completed,walk_in,2024-03-24,21,,True,Hair
APT0002297,ORD0002297,CLT00123,BIZ001,Luxe Hair Studio,San Francisco,PRV0016,2024-07-07,13:45:00,120,cancelled,app,2024-06-30,7,no_reason_given,False,Hair
APT0002298,ORD0002298,CLT00123,BIZ001,Luxe Hair Studio,San Francisco,PRV0010,2024-09-29,10:15:00,45,completed,referral,2024-09-22,7,,False,Nails
APT0002299,ORD0002299,CLT00123,BIZ001,Luxe Hair Studio,San Francisco,PRV0011,2024-12-25,12:30:00,30,cancelled,referral,2024-12-11,14,personal_emergency,False,Hair
APT0002300,ORD0002300,CLT00123,BIZ001,Luxe Hair Studio,San Francisco,PRV0018,2025-03-18,15:00:00,60,completed,referral,2025-03-18,0,,False,Hair
APT0002301,ORD0002301,CLT00123,BIZ001,Luxe Hair Studio,San Francisco,PRV0003,2025-06-19,12:45:00,15,completed,walk_in,2025-06-12,7,,False,Nails
APT0002302,ORD0002302,CLT00123,BIZ001,Luxe Hair Studio,San Francisco,PRV0018,2025-09-17,10:00:00,45,completed,online_booking,2025-09-10,7,,False,Nails
APT0002303,ORD0002303,CLT00123,BIZ001,Luxe Hair Studio,San Francisco,PRV0005,2025-12-23,16:00:00,60,completed,walk_in,2025-12-20,3,,False,Hair
APT0002304,ORD0002304,CLT00123,BIZ001,Luxe Hair Studio,San Francisco,PRV0019,2026-03-30,14:45:00,120,completed,phone,2026-03-23,7,,False,Hair
APT0002305,ORD0002305,CLT00124,BIZ003,The Glam Room,New York,PRV0018,2024-04-28,13:00:00,60,completed,app,2024-04-21,7,,True,Nails
APT0002306,ORD0002306,CLT00124,BIZ003,The Glam Room,New York,PRV0003,2024-06-14,16:15:00,75,completed,walk_in,2024-06-13,1,,False,Skin
APT0002307,ORD0002307,CLT00124,BIZ003,The Glam Room,New York,PRV0011,2024-07-24,13:30:00,45,completed,app,2024-07-21,3,,False,Nails
APT0002308,ORD0002308,CLT00124,BIZ003,The Glam Room,New York,PRV0007,2024-09-06,13:45:00,60,completed,online_booking,2024-08-23,14,,False,Nails
APT0002309,ORD0002309,CLT00124,BIZ003,The Glam Room,New York,PRV0010,2024-10-24,10:15:00,45,completed,phone,2024-10-21,3,,False,Nails
APT0002310,ORD0002310,CLT00124,BIZ003,The Glam Room,New York,PRV0003,2024-12-12,09:30:00,45,completed,app,2024-11-28,14,,False,Nails
APT0002311,ORD0002311,CLT00124,BIZ003,The Glam Room,New York,PRV0001,2025-01-22,18:00:00,45,completed,phone,2025-01-19,3,,False,Nails
APT0002312,ORD0002312,CLT00124,BIZ003,The Glam Room,New York,PRV0003,2025-03-11,15:00:00,45,completed,referral,2025-03-08,3,,False,Nails
APT0002313,ORD0002313,CLT00124,BIZ003,The Glam Room,New York,PRV0007,2025-05-02,16:00:00,45,completed,app,2025-04-25,7,,False,Nails
APT0002314,ORD0002314,CLT00124,BIZ003,The Glam Room,New York,PRV0010,2025-06-14,16:15:00,60,completed,app,2025-06-13,1,,False,Skin
APT0002315,ORD0002315,CLT00124,BIZ003,The Glam Room,New York,PRV0018,2025-07-27,13:30:00,15,no_show,online_booking,2025-07-27,0,weather,False,Nails
APT0002316,ORD0002316,CLT00124,BIZ003,The Glam Room,New York,PRV0019,2025-09-17,17:00:00,15,completed,walk_in,2025-09-10,7,,False,Nails
APT0002317,ORD0002317,CLT00124,BIZ003,The Glam Room,New York,PRV0017,2025-10-25,18:00:00,15,completed,app,2025-10-18,7,,False,Nails
APT0002318,ORD0002318,CLT00124,BIZ003,The Glam Room,New York,PRV0016,2025-12-07,15:45:00,30,completed,online_booking,2025-12-06,1,,False,Nails
APT0002319,ORD0002319,CLT00124,BIZ003,The Glam Room,New York,PRV0020,2026-01-19,18:00:00,60,no_show,online_booking,2026-01-12,7,weather,False,Nails
APT0002320,ORD0002320,CLT00124,BIZ003,The Glam Room,New York,PRV0001,2026-03-07,12:15:00,60,cancelled,app,2026-03-06,1,schedule_conflict,False,Skin
APT0002321,ORD0002321,CLT00125,BIZ004,Serenity Spa,Chicago,PRV0008,2024-05-03,16:15:00,60,completed,online_booking,2024-04-30,3,,True,Hair
APT0002322,ORD0002322,CLT00125,BIZ004,Serenity Spa,Chicago,PRV0003,2024-06-07,17:00:00,45,completed,online_booking,2024-05-17,21,,False,Nails
APT0002323,ORD0002323,CLT00125,BIZ004,Serenity Spa,Chicago,PRV0014,2024-07-16,12:00:00,15,completed,walk_in,2024-07-02,14,,False,Nails
APT0002324,ORD0002324,CLT00125,BIZ004,Serenity Spa,Chicago,PRV0007,2024-08-26,11:15:00,45,completed,walk_in,2024-08-23,3,,False,Hair
APT0002325,ORD0002325,CLT00125,BIZ004,Serenity Spa,Chicago,PRV0002,2024-09-23,10:30:00,30,completed,referral,2024-09-09,14,,False,Nails
APT0002326,ORD0002326,CLT00125,BIZ004,Serenity Spa,Chicago,PRV0010,2024-10-26,16:30:00,60,completed,referral,2024-10-19,7,,False,Nails
APT0002327,ORD0002327,CLT00125,BIZ004,Serenity Spa,Chicago,PRV0006,2024-11-29,09:45:00,45,completed,app,2024-11-22,7,,False,Nails
APT0002328,ORD0002328,CLT00125,BIZ004,Serenity Spa,Chicago,PRV0011,2025-01-08,13:30:00,45,completed,online_booking,2025-01-05,3,,False,Nails
APT0002329,ORD0002329,CLT00125,BIZ004,Serenity Spa,Chicago,PRV0014,2025-02-12,11:15:00,45,completed,walk_in,2025-02-05,7,,False,Nails
APT0002330,ORD0002330,CLT00125,BIZ004,Serenity Spa,Chicago,PRV0008,2025-03-20,12:15:00,60,completed,referral,2025-03-06,14,,False,Nails
APT0002331,ORD0002331,CLT00125,BIZ004,Serenity Spa,Chicago,PRV0016,2025-05-01,13:45:00,120,completed,phone,2025-04-28,3,,False,Hair
APT0002332,ORD0002332,CLT00125,BIZ004,Serenity Spa,Chicago,PRV0019,2025-06-02,14:15:00,60,completed,walk_in,2025-05-26,7,,False,Nails
APT0002333,ORD0002333,CLT00125,BIZ004,Serenity Spa,Chicago,PRV0015,2025-07-01,10:30:00,30,completed,app,2025-06-28,3,,False,Nails
APT0002334,ORD0002334,CLT00125,BIZ004,Serenity Spa,Chicago,PRV0013,2025-08-05,10:30:00,30,no_show,online_booking,2025-08-02,3,,False,Hair
APT0002335,ORD0002335,CLT00125,BIZ004,Serenity Spa,Chicago,PRV0011,2025-09-02,15:00:00,60,no_show,phone,2025-08-26,7,,False,Nails
APT0002336,ORD0002336,CLT00125,BIZ004,Serenity Spa,Chicago,PRV0006,2025-10-06,14:30:00,150,completed,walk_in,2025-10-03,3,,False,Hair
APT0002337,ORD0002337,CLT00125,BIZ004,Serenity Spa,Chicago,PRV0010,2025-11-08,09:15:00,60,completed,phone,2025-10-18,21,,False,Nails
APT0002338,ORD0002338,CLT00125,BIZ004,Serenity Spa,Chicago,PRV0001,2025-12-15,09:15:00,150,completed,online_booking,2025-12-12,3,,False,Hair
APT0002339,ORD0002339,CLT00125,BIZ004,Serenity Spa,Chicago,PRV0019,2026-01-16,17:45:00,60,completed,walk_in,2025-12-26,21,,False,Nails
APT0002340,ORD0002340,CLT00125,BIZ004,Serenity Spa,Chicago,PRV0018,2026-02-25,17:15:00,150,completed,phone,2026-02-22,3,,False,Hair
APT0002341,ORD0002341,CLT00125,BIZ004,Serenity Spa,Chicago,PRV0020,2026-03-29,13:00:00,30,completed,referral,2026-03-22,7,,False,Hair
APT0002342,ORD0002342,CLT00126,BIZ002,Bloom Salon & Spa,Los Angeles,PRV0002,2024-05-13,16:45:00,45,completed,online_booking,2024-04-29,14,,True,Skin
APT0002343,ORD0002343,CLT00126,BIZ002,Bloom Salon & Spa,Los Angeles,PRV0010,2024-06-18,14:30:00,60,completed,referral,2024-06-17,1,,False,Skin
APT0002344,ORD0002344,CLT00126,BIZ002,Bloom Salon & Spa,Los Angeles,PRV0005,2024-07-29,14:45:00,150,completed,walk_in,2024-07-22,7,,False,Hair
APT0002345,ORD0002345,CLT00126,BIZ002,Bloom Salon & Spa,Los Angeles,PRV0015,2024-08-30,13:30:00,60,completed,referral,2024-08-27,3,,False,Skin
APT0002346,ORD0002346,CLT00126,BIZ002,Bloom Salon & Spa,Los Angeles,PRV0018,2024-09-30,15:15:00,60,completed,app,2024-09-29,1,,False,Hair
APT0002347,ORD0002347,CLT00126,BIZ002,Bloom Salon & Spa,Los Angeles,PRV0003,2024-10-28,09:00:00,60,completed,walk_in,2024-10-21,7,,False,Skin
APT0002348,ORD0002348,CLT00126,BIZ002,Bloom Salon & Spa,Los Angeles,PRV0009,2024-12-07,12:00:00,60,completed,referral,2024-11-16,21,,False,Skin
APT0002349,ORD0002349,CLT00126,BIZ002,Bloom Salon & Spa,Los Angeles,PRV0012,2025-01-16,12:30:00,150,completed,app,2025-01-09,7,,False,Hair
APT0002350,ORD0002350,CLT00126,BIZ002,Bloom Salon & Spa,Los Angeles,PRV0013,2025-02-27,16:30:00,45,completed,walk_in,2025-02-20,7,,False,Hair
APT0002351,ORD0002351,CLT00126,BIZ002,Bloom Salon & Spa,Los Angeles,PRV0004,2025-04-09,16:45:00,45,completed,online_booking,2025-04-06,3,,False,Hair
APT0002352,ORD0002352,CLT00126,BIZ002,Bloom Salon & Spa,Los Angeles,PRV0017,2025-05-11,16:00:00,60,completed,referral,2025-04-20,21,,False,Hair
APT0002353,ORD0002353,CLT00126,BIZ002,Bloom Salon & Spa,Los Angeles,PRV0009,2025-06-20,13:45:00,30,completed,phone,2025-06-19,1,,False,Hair
APT0002354,ORD0002354,CLT00126,BIZ002,Bloom Salon & Spa,Los Angeles,PRV0010,2025-07-29,13:15:00,30,completed,walk_in,2025-07-22,7,,False,Hair
APT0002355,ORD0002355,CLT00126,BIZ002,Bloom Salon & Spa,Los Angeles,PRV0018,2025-09-07,16:30:00,75,completed,walk_in,2025-08-17,21,,False,Skin
APT0002356,ORD0002356,CLT00126,BIZ002,Bloom Salon & Spa,Los Angeles,PRV0003,2025-10-11,10:15:00,120,completed,referral,2025-10-08,3,,False,Hair
APT0002357,ORD0002357,CLT00126,BIZ002,Bloom Salon & Spa,Los Angeles,PRV0013,2025-11-11,18:45:00,60,completed,walk_in,2025-11-04,7,,False,Skin
APT0002358,ORD0002358,CLT00126,BIZ002,Bloom Salon & Spa,Los Angeles,PRV0014,2025-12-10,16:00:00,60,completed,phone,2025-11-19,21,,False,Hair
APT0002359,ORD0002359,CLT00126,BIZ002,Bloom Salon & Spa,Los Angeles,PRV0015,2026-01-08,18:00:00,60,cancelled,online_booking,2026-01-08,0,,False,Hair
APT0002360,ORD0002360,CLT00126,BIZ002,Bloom Salon & Spa,Los Angeles,PRV0014,2026-02-13,17:45:00,45,completed,referral,2026-02-12,1,,False,Hair
APT0002361,ORD0002361,CLT00127,BIZ001,Luxe Hair Studio,San Francisco,PRV0012,2024-05-14,11:45:00,120,completed,online_booking,2024-05-11,3,,True,Hair
APT0002362,ORD0002362,CLT00127,BIZ001,Luxe Hair Studio,San Francisco,PRV0012,2024-06-27,16:45:00,45,completed,phone,2024-06-26,1,,False,Hair
APT0002363,ORD0002363,CLT00127,BIZ001,Luxe Hair Studio,San Francisco,PRV0002,2024-08-15,14:00:00,120,completed,app,2024-08-08,7,,False,Hair
APT0002364,ORD0002364,CLT00127,BIZ001,Luxe Hair Studio,San Francisco,PRV0007,2024-10-03,12:00:00,45,completed,app,2024-09-30,3,,False,Hair
APT0002365,ORD0002365,CLT00127,BIZ001,Luxe Hair Studio,San Francisco,PRV0008,2024-11-20,16:15:00,60,completed,online_booking,2024-11-17,3,,False,Hair
APT0002366,ORD0002366,CLT00127,BIZ001,Luxe Hair Studio,San Francisco,PRV0003,2024-12-30,12:30:00,60,completed,walk_in,2024-12-23,7,,False,Hair
APT0002367,ORD0002367,CLT00127,BIZ001,Luxe Hair Studio,San Francisco,PRV0016,2025-02-15,17:15:00,120,completed,referral,2025-02-12,3,,False,Hair
APT0002368,ORD0002368,CLT00127,BIZ001,Luxe Hair Studio,San Francisco,PRV0005,2025-03-29,12:15:00,150,completed,walk_in,2025-03-26,3,,False,Hair
APT0002369,ORD0002369,CLT00127,BIZ001,Luxe Hair Studio,San Francisco,PRV0015,2025-05-14,17:15:00,150,completed,app,2025-04-30,14,,False,Hair
APT0002370,ORD0002370,CLT00127,BIZ001,Luxe Hair Studio,San Francisco,PRV0008,2025-06-25,10:00:00,60,completed,app,2025-06-18,7,,False,Hair
APT0002371,ORD0002371,CLT00127,BIZ001,Luxe Hair Studio,San Francisco,PRV0009,2025-08-05,11:15:00,30,completed,online_booking,2025-07-29,7,,False,Hair
APT0002372,ORD0002372,CLT00127,BIZ001,Luxe Hair Studio,San Francisco,PRV0018,2025-09-20,17:15:00,60,completed,phone,2025-09-19,1,,False,Hair
APT0002373,ORD0002373,CLT00127,BIZ001,Luxe Hair Studio,San Francisco,PRV0015,2025-11-11,09:30:00,150,completed,app,2025-11-04,7,,False,Hair
APT0002374,ORD0002374,CLT00127,BIZ001,Luxe Hair Studio,San Francisco,PRV0019,2026-01-02,16:45:00,60,completed,walk_in,2025-12-26,7,,False,Hair
APT0002375,ORD0002375,CLT00127,BIZ001,Luxe Hair Studio,San Francisco,PRV0004,2026-02-18,13:15:00,120,completed,phone,2026-02-15,3,,False,Hair
APT0002376,ORD0002376,CLT00127,BIZ001,Luxe Hair Studio,San Francisco,PRV0007,2026-03-28,11:45:00,45,completed,referral,2026-03-25,3,,False,Hair
APT0002377,ORD0002377,CLT00128,BIZ008,Posh Nails & Spa,Denver,PRV0020,2024-05-02,11:00:00,45,no_show,referral,2024-05-02,0,rescheduled,True,Nails
APT0002378,ORD0002378,CLT00128,BIZ008,Posh Nails & Spa,Denver,PRV0003,2024-06-18,14:30:00,60,completed,online_booking,2024-06-11,7,,False,Hair
APT0002379,ORD0002379,CLT00128,BIZ008,Posh Nails & Spa,Denver,PRV0010,2024-08-09,16:15:00,150,completed,walk_in,2024-08-09,0,,False,Hair
APT0002380,ORD0002380,CLT00128,BIZ008,Posh Nails & Spa,Denver,PRV0001,2024-09-25,18:00:00,60,completed,app,2024-09-18,7,,False,Hair
APT0002381,ORD0002381,CLT00128,BIZ008,Posh Nails & Spa,Denver,PRV0015,2024-11-09,15:15:00,30,completed,phone,2024-11-02,7,,False,Nails
APT0002382,ORD0002382,CLT00128,BIZ008,Posh Nails & Spa,Denver,PRV0018,2024-12-26,09:15:00,120,completed,referral,2024-12-19,7,,False,Hair
APT0002383,ORD0002383,CLT00128,BIZ008,Posh Nails & Spa,Denver,PRV0002,2025-02-05,10:45:00,60,completed,referral,2025-02-02,3,,False,Hair
APT0002384,ORD0002384,CLT00128,BIZ008,Posh Nails & Spa,Denver,PRV0006,2025-03-15,15:15:00,60,completed,phone,2025-03-12,3,,False,Nails
APT0002385,ORD0002385,CLT00128,BIZ008,Posh Nails & Spa,Denver,PRV0009,2025-05-01,17:45:00,45,completed,referral,2025-04-28,3,,False,Nails
APT0002386,ORD0002386,CLT00128,BIZ008,Posh Nails & Spa,Denver,PRV0018,2025-06-20,09:30:00,30,completed,referral,2025-06-20,0,,False,Nails
APT0002387,ORD0002387,CLT00128,BIZ008,Posh Nails & Spa,Denver,PRV0010,2025-08-07,15:30:00,60,completed,walk_in,2025-07-31,7,,False,Hair
APT0002388,ORD0002388,CLT00128,BIZ008,Posh Nails & Spa,Denver,PRV0016,2025-09-17,13:00:00,60,completed,walk_in,2025-09-10,7,,False,Nails
APT0002389,ORD0002389,CLT00128,BIZ008,Posh Nails & Spa,Denver,PRV0001,2025-11-02,14:00:00,60,no_show,phone,2025-10-30,3,personal_emergency,False,Nails
APT0002390,ORD0002390,CLT00128,BIZ008,Posh Nails & Spa,Denver,PRV0014,2025-12-18,13:45:00,60,completed,referral,2025-12-15,3,,False,Hair
APT0002391,ORD0002391,CLT00128,BIZ008,Posh Nails & Spa,Denver,PRV0005,2026-01-27,09:30:00,15,completed,referral,2026-01-20,7,,False,Nails
APT0002392,ORD0002392,CLT00128,BIZ008,Posh Nails & Spa,Denver,PRV0003,2026-03-17,16:45:00,60,completed,referral,2026-03-03,14,,False,Nails
APT0002393,ORD0002393,CLT00129,BIZ004,Serenity Spa,Chicago,PRV0008,2024-04-12,11:30:00,15,completed,phone,2024-03-29,14,,True,Waxing
APT0002394,ORD0002394,CLT00129,BIZ004,Serenity Spa,Chicago,PRV0013,2024-05-12,10:30:00,60,completed,online_booking,2024-05-11,1,,False,Hair
APT0002395,ORD0002395,CLT00129,BIZ004,Serenity Spa,Chicago,PRV0013,2024-06-09,18:30:00,45,completed,walk_in,2024-06-06,3,,False,Waxing
APT0002396,ORD0002396,CLT00129,BIZ004,Serenity Spa,Chicago,PRV0003,2024-07-12,15:00:00,45,completed,walk_in,2024-07-09,3,,False,Hair
APT0002397,ORD0002397,CLT00129,BIZ004,Serenity Spa,Chicago,PRV0019,2024-08-20,15:00:00,150,completed,online_booking,2024-08-17,3,,False,Hair
APT0002398,ORD0002398,CLT00129,BIZ004,Serenity Spa,Chicago,PRV0013,2024-09-19,17:45:00,45,completed,online_booking,2024-09-18,1,,False,Waxing
APT0002399,ORD0002399,CLT00129,BIZ004,Serenity Spa,Chicago,PRV0017,2024-10-23,16:15:00,15,completed,online_booking,2024-10-20,3,,False,Waxing
APT0002400,ORD0002400,CLT00129,BIZ004,Serenity Spa,Chicago,PRV0012,2024-11-20,17:00:00,60,completed,referral,2024-11-13,7,,False,Hair
APT0002401,ORD0002401,CLT00129,BIZ004,Serenity Spa,Chicago,PRV0012,2024-12-26,12:45:00,120,completed,online_booking,2024-12-19,7,,False,Hair
APT0002402,ORD0002402,CLT00129,BIZ004,Serenity Spa,Chicago,PRV0003,2025-01-26,15:45:00,15,completed,walk_in,2025-01-25,1,,False,Waxing
APT0002403,ORD0002403,CLT00129,BIZ004,Serenity Spa,Chicago,PRV0001,2025-03-04,17:30:00,45,completed,walk_in,2025-02-11,21,,False,Waxing
APT0002404,ORD0002404,CLT00129,BIZ004,Serenity Spa,Chicago,PRV0019,2025-04-06,12:30:00,45,completed,phone,2025-04-05,1,,False,Waxing
APT0002405,ORD0002405,CLT00129,BIZ004,Serenity Spa,Chicago,PRV0016,2025-05-12,16:00:00,15,completed,walk_in,2025-04-28,14,,False,Waxing
APT0002406,ORD0002406,CLT00129,BIZ004,Serenity Spa,Chicago,PRV0006,2025-06-15,10:00:00,120,completed,walk_in,2025-06-12,3,,False,Hair
APT0002407,ORD0002407,CLT00129,BIZ004,Serenity Spa,Chicago,PRV0014,2025-07-26,14:00:00,15,completed,phone,2025-07-19,7,,False,Waxing
APT0002408,ORD0002408,CLT00129,BIZ004,Serenity Spa,Chicago,PRV0020,2025-09-01,11:15:00,15,completed,referral,2025-08-25,7,,False,Waxing
APT0002409,ORD0002409,CLT00129,BIZ004,Serenity Spa,Chicago,PRV0008,2025-09-29,15:15:00,120,completed,online_booking,2025-09-28,1,,False,Hair
APT0002410,ORD0002410,CLT00129,BIZ004,Serenity Spa,Chicago,PRV0018,2025-11-01,10:45:00,15,completed,online_booking,2025-10-25,7,,False,Waxing
APT0002411,ORD0002411,CLT00129,BIZ004,Serenity Spa,Chicago,PRV0017,2025-12-03,15:00:00,45,completed,online_booking,2025-11-19,14,,False,Waxing
APT0002412,ORD0002412,CLT00129,BIZ004,Serenity Spa,Chicago,PRV0018,2026-01-13,15:00:00,30,completed,online_booking,2025-12-30,14,,False,Waxing
APT0002413,ORD0002413,CLT00129,BIZ004,Serenity Spa,Chicago,PRV0001,2026-02-13,13:30:00,30,completed,walk_in,2026-02-10,3,,False,Waxing
APT0002414,ORD0002414,CLT00129,BIZ004,Serenity Spa,Chicago,PRV0011,2026-03-17,16:30:00,15,completed,walk_in,2026-03-10,7,,False,Waxing
APT0002415,ORD0002415,CLT00130,BIZ008,Posh Nails & Spa,Denver,PRV0006,2024-05-12,16:45:00,60,completed,phone,2024-04-21,21,,True,Massage
APT0002416,ORD0002416,CLT00130,BIZ008,Posh Nails & Spa,Denver,PRV0007,2024-06-13,18:30:00,60,completed,online_booking,2024-06-06,7,,False,Massage
APT0002417,ORD0002417,CLT00130,BIZ008,Posh Nails & Spa,Denver,PRV0013,2024-07-11,16:30:00,45,completed,referral,2024-07-08,3,,False,Skin
APT0002418,ORD0002418,CLT00130,BIZ008,Posh Nails & Spa,Denver,PRV0004,2024-08-18,15:00:00,60,completed,walk_in,2024-08-15,3,,False,Massage
APT0002419,ORD0002419,CLT00130,BIZ008,Posh Nails & Spa,Denver,PRV0018,2024-09-24,13:45:00,75,completed,referral,2024-09-17,7,,False,Skin
APT0002420,ORD0002420,CLT00130,BIZ008,Posh Nails & Spa,Denver,PRV0010,2024-11-01,16:45:00,60,completed,online_booking,2024-10-29,3,,False,Skin
APT0002421,ORD0002421,CLT00130,BIZ008,Posh Nails & Spa,Denver,PRV0007,2024-12-01,13:15:00,75,no_show,phone,2024-11-28,3,forgot,False,Skin
APT0002422,ORD0002422,CLT00130,BIZ008,Posh Nails & Spa,Denver,PRV0017,2025-01-02,09:00:00,60,completed,phone,2024-12-30,3,,False,Skin
APT0002423,ORD0002423,CLT00130,BIZ008,Posh Nails & Spa,Denver,PRV0005,2025-01-31,09:30:00,60,completed,online_booking,2025-01-30,1,,False,Massage
APT0002424,ORD0002424,CLT00130,BIZ008,Posh Nails & Spa,Denver,PRV0014,2025-03-04,13:30:00,60,completed,online_booking,2025-03-03,1,,False,Skin
APT0002425,ORD0002425,CLT00130,BIZ008,Posh Nails & Spa,Denver,PRV0020,2025-04-10,10:00:00,75,completed,online_booking,2025-04-03,7,,False,Skin
APT0002426,ORD0002426,CLT00130,BIZ008,Posh Nails & Spa,Denver,PRV0001,2025-05-10,10:30:00,60,completed,referral,2025-05-07,3,,False,Skin
APT0002427,ORD0002427,CLT00130,BIZ008,Posh Nails & Spa,Denver,PRV0010,2025-06-11,17:15:00,60,completed,online_booking,2025-06-04,7,,False,Skin
APT0002428,ORD0002428,CLT00130,BIZ008,Posh Nails & Spa,Denver,PRV0017,2025-07-16,18:00:00,60,completed,online_booking,2025-07-09,7,,False,Skin
APT0002429,ORD0002429,CLT00130,BIZ008,Posh Nails & Spa,Denver,PRV0015,2025-08-13,15:30:00,60,completed,referral,2025-08-12,1,,False,Massage
APT0002430,ORD0002430,CLT00130,BIZ008,Posh Nails & Spa,Denver,PRV0005,2025-09-20,13:30:00,75,completed,walk_in,2025-09-13,7,,False,Massage
APT0002431,ORD0002431,CLT00130,BIZ008,Posh Nails & Spa,Denver,PRV0010,2025-10-27,11:30:00,75,completed,phone,2025-10-06,21,,False,Skin
APT0002432,ORD0002432,CLT00130,BIZ008,Posh Nails & Spa,Denver,PRV0011,2025-11-29,12:30:00,60,completed,phone,2025-11-26,3,,False,Massage
APT0002433,ORD0002433,CLT00130,BIZ008,Posh Nails & Spa,Denver,PRV0013,2026-01-09,16:45:00,60,completed,walk_in,2026-01-06,3,,False,Skin
APT0002434,ORD0002434,CLT00130,BIZ008,Posh Nails & Spa,Denver,PRV0005,2026-02-20,16:00:00,75,completed,online_booking,2026-02-06,14,,False,Massage
APT0002435,ORD0002435,CLT00130,BIZ008,Posh Nails & Spa,Denver,PRV0005,2026-03-28,11:45:00,75,completed,online_booking,2026-03-27,1,,False,Massage
APT0002436,ORD0002436,CLT00131,BIZ008,Posh Nails & Spa,Denver,PRV0005,2024-07-06,13:30:00,15,completed,referral,2024-07-05,1,,True,Waxing
APT0002437,ORD0002437,CLT00131,BIZ008,Posh Nails & Spa,Denver,PRV0004,2024-09-27,10:45:00,120,completed,online_booking,2024-09-24,3,,False,Hair
APT0002438,ORD0002438,CLT00131,BIZ008,Posh Nails & Spa,Denver,PRV0020,2024-12-22,18:45:00,60,completed,walk_in,2024-12-15,7,,False,Hair
APT0002439,ORD0002439,CLT00131,BIZ008,Posh Nails & Spa,Denver,PRV0018,2025-03-19,16:30:00,60,completed,phone,2025-03-12,7,,False,Hair
APT0002440,ORD0002440,CLT00131,BIZ008,Posh Nails & Spa,Denver,PRV0012,2025-06-22,11:00:00,15,completed,referral,2025-06-21,1,,False,Waxing
APT0002441,ORD0002441,CLT00131,BIZ008,Posh Nails & Spa,Denver,PRV0007,2025-09-17,18:00:00,60,late_cancel,app,2025-08-27,21,,False,Hair
APT0002442,ORD0002442,CLT00132,BIZ002,Bloom Salon & Spa,Los Angeles,PRV0017,2024-04-28,10:30:00,30,completed,app,2024-04-25,3,,True,Nails
APT0002443,ORD0002443,CLT00132,BIZ002,Bloom Salon & Spa,Los Angeles,PRV0012,2024-07-04,15:45:00,45,cancelled,walk_in,2024-07-01,3,schedule_conflict,False,Nails
APT0002444,ORD0002444,CLT00132,BIZ002,Bloom Salon & Spa,Los Angeles,PRV0018,2024-08-26,11:15:00,30,completed,app,2024-08-23,3,,False,Nails
APT0002445,ORD0002445,CLT00132,BIZ002,Bloom Salon & Spa,Los Angeles,PRV0018,2024-10-26,17:45:00,30,completed,app,2024-10-05,21,,False,Nails
APT0002446,ORD0002446,CLT00132,BIZ002,Bloom Salon & Spa,Los Angeles,PRV0001,2024-12-22,12:15:00,45,completed,phone,2024-12-19,3,,False,Nails
APT0002447,ORD0002447,CLT00132,BIZ002,Bloom Salon & Spa,Los Angeles,PRV0009,2025-02-18,15:00:00,30,completed,referral,2025-02-15,3,,False,Nails
APT0002448,ORD0002448,CLT00132,BIZ002,Bloom Salon & Spa,Los Angeles,PRV0004,2025-04-21,13:00:00,45,completed,referral,2025-04-14,7,,False,Nails
APT0002449,ORD0002449,CLT00132,BIZ002,Bloom Salon & Spa,Los Angeles,PRV0008,2025-06-26,09:45:00,45,completed,walk_in,2025-06-25,1,,False,Nails
APT0002450,ORD0002450,CLT00132,BIZ002,Bloom Salon & Spa,Los Angeles,PRV0014,2025-08-21,10:00:00,60,completed,phone,2025-07-31,21,,False,Nails
APT0002451,ORD0002451,CLT00132,BIZ002,Bloom Salon & Spa,Los Angeles,PRV0016,2025-10-15,18:15:00,15,completed,referral,2025-10-14,1,,False,Nails
APT0002452,ORD0002452,CLT00132,BIZ002,Bloom Salon & Spa,Los Angeles,PRV0015,2025-12-09,16:45:00,60,completed,walk_in,2025-12-02,7,,False,Nails
APT0002453,ORD0002453,CLT00132,BIZ002,Bloom Salon & Spa,Los Angeles,PRV0016,2026-02-02,13:00:00,15,completed,phone,2026-01-30,3,,False,Nails
APT0002454,ORD0002454,CLT00132,BIZ002,Bloom Salon & Spa,Los Angeles,PRV0016,2026-03-28,11:45:00,15,completed,app,2026-03-14,14,,False,Nails
APT0002455,ORD0002455,CLT00133,BIZ002,Bloom Salon & Spa,Los Angeles,PRV0009,2024-05-11,11:00:00,60,completed,referral,2024-05-04,7,,True,Nails
APT0002456,ORD0002456,CLT00133,BIZ002,Bloom Salon & Spa,Los Angeles,PRV0020,2024-06-10,13:45:00,60,completed,online_booking,2024-05-20,21,,False,Nails
APT0002457,ORD0002457,CLT00133,BIZ002,Bloom Salon & Spa,Los Angeles,PRV0013,2024-07-12,17:00:00,45,completed,walk_in,2024-07-05,7,,False,Nails
APT0002458,ORD0002458,CLT00133,BIZ002,Bloom Salon & Spa,Los Angeles,PRV0002,2024-08-13,15:00:00,15,completed,app,2024-08-13,0,,False,Waxing
APT0002459,ORD0002459,CLT00133,BIZ002,Bloom Salon & Spa,Los Angeles,PRV0006,2024-09-10,18:45:00,30,completed,phone,2024-08-27,14,,False,Nails
APT0002460,ORD0002460,CLT00133,BIZ002,Bloom Salon & Spa,Los Angeles,PRV0016,2024-10-16,12:15:00,30,completed,walk_in,2024-10-13,3,,False,Waxing
APT0002461,ORD0002461,CLT00133,BIZ002,Bloom Salon & Spa,Los Angeles,PRV0019,2024-11-17,15:00:00,15,completed,walk_in,2024-11-03,14,,False,Waxing
APT0002462,ORD0002462,CLT00133,BIZ002,Bloom Salon & Spa,Los Angeles,PRV0007,2024-12-20,18:45:00,15,cancelled,phone,2024-12-17,3,,False,Waxing
APT0002463,ORD0002463,CLT00133,BIZ002,Bloom Salon & Spa,Los Angeles,PRV0007,2025-01-18,18:30:00,15,completed,app,2025-01-04,14,,False,Waxing
APT0002464,ORD0002464,CLT00133,BIZ002,Bloom Salon & Spa,Los Angeles,PRV0014,2025-02-24,15:45:00,45,completed,phone,2025-02-23,1,,False,Nails
APT0002465,ORD0002465,CLT00133,BIZ002,Bloom Salon & Spa,Los Angeles,PRV0019,2025-03-27,18:30:00,15,completed,phone,2025-03-24,3,,False,Waxing
APT0002466,ORD0002466,CLT00133,BIZ002,Bloom Salon & Spa,Los Angeles,PRV0005,2025-04-25,14:00:00,45,completed,phone,2025-04-04,21,,False,Nails
APT0002467,ORD0002467,CLT00133,BIZ002,Bloom Salon & Spa,Los Angeles,PRV0011,2025-05-24,17:45:00,15,completed,app,2025-05-17,7,,False,Nails
APT0002468,ORD0002468,CLT00133,BIZ002,Bloom Salon & Spa,Los Angeles,PRV0017,2025-06-22,09:45:00,30,completed,online_booking,2025-06-08,14,,False,Waxing
APT0002469,ORD0002469,CLT00133,BIZ002,Bloom Salon & Spa,Los Angeles,PRV0008,2025-07-20,18:00:00,15,completed,walk_in,2025-07-19,1,,False,Waxing
APT0002470,ORD0002470,CLT00133,BIZ002,Bloom Salon & Spa,Los Angeles,PRV0003,2025-08-17,09:30:00,15,completed,phone,2025-08-10,7,,False,Waxing
APT0002471,ORD0002471,CLT00133,BIZ002,Bloom Salon & Spa,Los Angeles,PRV0012,2025-09-27,11:45:00,15,completed,referral,2025-09-27,0,,False,Waxing
APT0002472,ORD0002472,CLT00133,BIZ002,Bloom Salon & Spa,Los Angeles,PRV0014,2025-10-30,16:30:00,45,completed,phone,2025-10-09,21,,False,Nails
APT0002473,ORD0002473,CLT00133,BIZ002,Bloom Salon & Spa,Los Angeles,PRV0007,2025-11-28,11:45:00,15,completed,referral,2025-11-14,14,,False,Waxing
APT0002474,ORD0002474,CLT00133,BIZ002,Bloom Salon & Spa,Los Angeles,PRV0001,2026-01-01,09:00:00,15,completed,app,2025-12-18,14,,False,Nails
APT0002475,ORD0002475,CLT00133,BIZ002,Bloom Salon & Spa,Los Angeles,PRV0019,2026-02-11,17:30:00,15,completed,walk_in,2026-02-08,3,,False,Nails
APT0002476,ORD0002476,CLT00134,BIZ006,Radiance Salon,Seattle,PRV0002,2024-04-25,11:45:00,75,cancelled,app,2024-04-18,7,rescheduled,True,Massage
APT0002477,ORD0002477,CLT00134,BIZ006,Radiance Salon,Seattle,PRV0014,2024-05-31,16:30:00,60,completed,walk_in,2024-05-17,14,,False,Massage
APT0002478,ORD0002478,CLT00134,BIZ006,Radiance Salon,Seattle,PRV0007,2024-07-05,15:00:00,60,completed,referral,2024-07-02,3,,False,Massage
APT0002479,ORD0002479,CLT00134,BIZ006,Radiance Salon,Seattle,PRV0014,2024-08-13,12:45:00,60,completed,referral,2024-07-23,21,,False,Massage
APT0002480,ORD0002480,CLT00134,BIZ006,Radiance Salon,Seattle,PRV0004,2024-09-14,15:30:00,60,completed,online_booking,2024-09-07,7,,False,Massage
APT0002481,ORD0002481,CLT00134,BIZ006,Radiance Salon,Seattle,PRV0001,2024-10-17,17:15:00,75,completed,app,2024-10-10,7,,False,Massage
APT0002482,ORD0002482,CLT00134,BIZ006,Radiance Salon,Seattle,PRV0009,2024-11-24,09:30:00,75,completed,referral,2024-11-17,7,,False,Massage
APT0002483,ORD0002483,CLT00134,BIZ006,Radiance Salon,Seattle,PRV0003,2025-01-04,13:15:00,60,completed,walk_in,2024-12-21,14,,False,Massage
APT0002484,ORD0002484,CLT00134,BIZ006,Radiance Salon,Seattle,PRV0019,2025-02-08,17:30:00,75,completed,app,2025-01-25,14,,False,Massage
APT0002485,ORD0002485,CLT00134,BIZ006,Radiance Salon,Seattle,PRV0014,2025-03-13,14:15:00,75,completed,referral,2025-02-27,14,,False,Massage
APT0002486,ORD0002486,CLT00134,BIZ006,Radiance Salon,Seattle,PRV0013,2025-04-24,18:45:00,60,completed,app,2025-04-17,7,,False,Massage
APT0002487,ORD0002487,CLT00134,BIZ006,Radiance Salon,Seattle,PRV0008,2025-05-25,13:00:00,75,completed,online_booking,2025-05-22,3,,False,Massage
APT0002488,ORD0002488,CLT00134,BIZ006,Radiance Salon,Seattle,PRV0001,2025-06-26,12:15:00,60,completed,online_booking,2025-06-19,7,,False,Massage
APT0002489,ORD0002489,CLT00134,BIZ006,Radiance Salon,Seattle,PRV0002,2025-07-28,10:15:00,75,cancelled,walk_in,2025-07-27,1,no_reason_given,False,Massage
APT0002490,ORD0002490,CLT00134,BIZ006,Radiance Salon,Seattle,PRV0002,2025-08-26,09:15:00,60,completed,phone,2025-08-12,14,,False,Massage
APT0002491,ORD0002491,CLT00134,BIZ006,Radiance Salon,Seattle,PRV0019,2025-09-29,16:15:00,60,completed,referral,2025-09-22,7,,False,Massage
APT0002492,ORD0002492,CLT00134,BIZ006,Radiance Salon,Seattle,PRV0016,2025-10-27,10:15:00,60,completed,app,2025-10-26,1,,False,Massage
APT0002493,ORD0002493,CLT00134,BIZ006,Radiance Salon,Seattle,PRV0012,2025-12-07,14:15:00,75,completed,phone,2025-12-06,1,,False,Massage
APT0002494,ORD0002494,CLT00134,BIZ006,Radiance Salon,Seattle,PRV0017,2026-01-17,12:00:00,75,completed,online_booking,2026-01-10,7,,False,Massage
APT0002495,ORD0002495,CLT00134,BIZ006,Radiance Salon,Seattle,PRV0011,2026-02-17,15:00:00,75,completed,online_booking,2026-02-10,7,,False,Massage
APT0002496,ORD0002496,CLT00135,BIZ008,Posh Nails & Spa,Denver,PRV0017,2024-04-15,10:00:00,75,completed,app,2024-04-08,7,,True,Massage
APT0002497,ORD0002497,CLT00135,BIZ008,Posh Nails & Spa,Denver,PRV0012,2024-05-04,16:30:00,60,completed,referral,2024-04-27,7,,False,Hair
APT0002498,ORD0002498,CLT00135,BIZ008,Posh Nails & Spa,Denver,PRV0016,2024-05-30,13:15:00,60,completed,referral,2024-05-29,1,,False,Massage
APT0002499,ORD0002499,CLT00135,BIZ008,Posh Nails & Spa,Denver,PRV0015,2024-06-18,13:45:00,120,completed,phone,2024-06-11,7,,False,Hair
APT0002500,ORD0002500,CLT00135,BIZ008,Posh Nails & Spa,Denver,PRV0004,2024-07-07,15:45:00,60,completed,app,2024-07-04,3,,False,Massage
APT0002501,ORD0002501,CLT00135,BIZ008,Posh Nails & Spa,Denver,PRV0010,2024-08-04,09:45:00,60,completed,online_booking,2024-08-01,3,,False,Massage
APT0002502,ORD0002502,CLT00135,BIZ008,Posh Nails & Spa,Denver,PRV0012,2024-08-27,10:30:00,60,completed,online_booking,2024-08-26,1,,False,Massage
APT0002503,ORD0002503,CLT00135,BIZ008,Posh Nails & Spa,Denver,PRV0010,2024-09-16,14:15:00,60,completed,phone,2024-08-26,21,,False,Massage
APT0002504,ORD0002504,CLT00135,BIZ008,Posh Nails & Spa,Denver,PRV0007,2024-10-13,17:15:00,60,completed,phone,2024-10-12,1,,False,Hair
APT0002505,ORD0002505,CLT00135,BIZ008,Posh Nails & Spa,Denver,PRV0019,2024-11-10,09:30:00,120,cancelled,online_booking,2024-11-07,3,,False,Hair
APT0002506,ORD0002506,CLT00135,BIZ008,Posh Nails & Spa,Denver,PRV0016,2024-12-01,12:00:00,60,completed,online_booking,2024-11-30,1,,False,Massage
APT0002507,ORD0002507,CLT00135,BIZ008,Posh Nails & Spa,Denver,PRV0008,2024-12-15,18:15:00,60,completed,walk_in,2024-12-08,7,,False,Massage
APT0002508,ORD0002508,CLT00135,BIZ008,Posh Nails & Spa,Denver,PRV0001,2025-01-03,17:30:00,60,completed,online_booking,2024-12-31,3,,False,Massage
APT0002509,ORD0002509,CLT00135,BIZ008,Posh Nails & Spa,Denver,PRV0006,2025-01-31,11:00:00,60,completed,walk_in,2025-01-17,14,,False,Massage
APT0002510,ORD0002510,CLT00135,BIZ008,Posh Nails & Spa,Denver,PRV0006,2025-02-17,16:00:00,60,completed,online_booking,2025-02-14,3,,False,Massage
APT0002511,ORD0002511,CLT00135,BIZ008,Posh Nails & Spa,Denver,PRV0017,2025-03-03,10:15:00,120,completed,phone,2025-02-24,7,,False,Hair
APT0002512,ORD0002512,CLT00135,BIZ008,Posh Nails & Spa,Denver,PRV0001,2025-03-21,13:15:00,45,completed,referral,2025-03-14,7,,False,Hair
APT0002513,ORD0002513,CLT00135,BIZ008,Posh Nails & Spa,Denver,PRV0010,2025-04-15,11:45:00,60,completed,phone,2025-04-08,7,,False,Massage
APT0002514,ORD0002514,CLT00135,BIZ008,Posh Nails & Spa,Denver,PRV0020,2025-05-05,12:45:00,60,completed,phone,2025-05-02,3,,False,Massage
APT0002515,ORD0002515,CLT00135,BIZ008,Posh Nails & Spa,Denver,PRV0003,2025-05-23,15:45:00,120,completed,phone,2025-05-22,1,,False,Hair
APT0002516,ORD0002516,CLT00135,BIZ008,Posh Nails & Spa,Denver,PRV0010,2025-06-10,15:45:00,60,no_show,app,2025-06-07,3,rescheduled,False,Hair
APT0002517,ORD0002517,CLT00135,BIZ008,Posh Nails & Spa,Denver,PRV0018,2025-07-04,18:00:00,75,cancelled,referral,2025-06-27,7,forgot,False,Massage
APT0002518,ORD0002518,CLT00135,BIZ008,Posh Nails & Spa,Denver,PRV0017,2025-07-20,15:45:00,120,completed,online_booking,2025-07-13,7,,False,Hair
APT0002519,ORD0002519,CLT00135,BIZ008,Posh Nails & Spa,Denver,PRV0013,2025-08-12,11:30:00,60,completed,referral,2025-08-05,7,,False,Massage
APT0002520,ORD0002520,CLT00135,BIZ008,Posh Nails & Spa,Denver,PRV0007,2025-09-03,15:00:00,150,completed,referral,2025-08-31,3,,False,Hair
APT0002521,ORD0002521,CLT00135,BIZ008,Posh Nails & Spa,Denver,PRV0011,2025-09-17,13:30:00,45,completed,referral,2025-09-16,1,,False,Hair
APT0002522,ORD0002522,CLT00135,BIZ008,Posh Nails & Spa,Denver,PRV0017,2025-10-12,14:45:00,150,completed,walk_in,2025-09-28,14,,False,Hair
APT0002523,ORD0002523,CLT00135,BIZ008,Posh Nails & Spa,Denver,PRV0009,2025-10-31,15:30:00,60,completed,referral,2025-10-24,7,,False,Massage
APT0002524,ORD0002524,CLT00135,BIZ008,Posh Nails & Spa,Denver,PRV0007,2025-11-27,15:30:00,30,completed,phone,2025-11-26,1,,False,Hair
APT0002525,ORD0002525,CLT00135,BIZ008,Posh Nails & Spa,Denver,PRV0002,2025-12-22,14:15:00,45,completed,app,2025-12-15,7,,False,Hair
APT0002526,ORD0002526,CLT00135,BIZ008,Posh Nails & Spa,Denver,PRV0012,2026-01-19,14:45:00,150,completed,online_booking,2026-01-19,0,,False,Hair
APT0002527,ORD0002527,CLT00135,BIZ008,Posh Nails & Spa,Denver,PRV0019,2026-02-03,11:15:00,60,completed,referral,2026-01-13,21,,False,Massage
APT0002528,ORD0002528,CLT00135,BIZ008,Posh Nails & Spa,Denver,PRV0005,2026-02-28,09:30:00,60,completed,app,2026-02-21,7,,False,Massage
APT0002529,ORD0002529,CLT00135,BIZ008,Posh Nails & Spa,Denver,PRV0017,2026-03-23,18:00:00,60,cancelled,phone,2026-03-22,1,rescheduled,False,Massage
APT0002530,ORD0002530,CLT00136,BIZ002,Bloom Salon & Spa,Los Angeles,PRV0020,2024-04-23,11:30:00,45,completed,referral,2024-04-16,7,,True,Nails
APT0002531,ORD0002531,CLT00136,BIZ002,Bloom Salon & Spa,Los Angeles,PRV0016,2024-06-05,09:45:00,120,completed,phone,2024-06-05,0,,False,Hair
APT0002532,ORD0002532,CLT00136,BIZ002,Bloom Salon & Spa,Los Angeles,PRV0007,2024-07-19,13:30:00,30,completed,walk_in,2024-07-12,7,,False,Nails
APT0002533,ORD0002533,CLT00136,BIZ002,Bloom Salon & Spa,Los Angeles,PRV0008,2024-09-07,16:30:00,45,completed,online_booking,2024-08-31,7,,False,Nails
APT0002534,ORD0002534,CLT00136,BIZ002,Bloom Salon & Spa,Los Angeles,PRV0011,2024-10-28,15:30:00,45,completed,referral,2024-10-27,1,,False,Nails
APT0002535,ORD0002535,CLT00136,BIZ002,Bloom Salon & Spa,Los Angeles,PRV0008,2024-12-14,11:00:00,120,completed,walk_in,2024-12-07,7,,False,Hair
APT0002536,ORD0002536,CLT00136,BIZ002,Bloom Salon & Spa,Los Angeles,PRV0002,2025-01-25,15:45:00,30,cancelled,walk_in,2025-01-04,21,rescheduled,False,Hair
APT0002537,ORD0002537,CLT00136,BIZ002,Bloom Salon & Spa,Los Angeles,PRV0003,2025-03-18,10:15:00,45,completed,referral,2025-03-17,1,,False,Nails
APT0002538,ORD0002538,CLT00136,BIZ002,Bloom Salon & Spa,Los Angeles,PRV0008,2025-05-08,12:15:00,45,completed,online_booking,2025-05-05,3,,False,Nails
APT0002539,ORD0002539,CLT00136,BIZ002,Bloom Salon & Spa,Los Angeles,PRV0015,2025-06-27,16:00:00,30,completed,referral,2025-06-24,3,,False,Hair
APT0002540,ORD0002540,CLT00136,BIZ002,Bloom Salon & Spa,Los Angeles,PRV0011,2025-08-14,15:30:00,45,completed,online_booking,2025-08-07,7,,False,Nails
APT0002541,ORD0002541,CLT00136,BIZ002,Bloom Salon & Spa,Los Angeles,PRV0004,2025-10-04,09:30:00,45,completed,online_booking,2025-09-27,7,,False,Nails
APT0002542,ORD0002542,CLT00136,BIZ002,Bloom Salon & Spa,Los Angeles,PRV0012,2025-11-25,14:45:00,60,completed,phone,2025-11-22,3,,False,Nails
APT0002543,ORD0002543,CLT00136,BIZ002,Bloom Salon & Spa,Los Angeles,PRV0015,2026-01-09,12:45:00,30,completed,online_booking,2025-12-19,21,,False,Hair
APT0002544,ORD0002544,CLT00136,BIZ002,Bloom Salon & Spa,Los Angeles,PRV0018,2026-02-21,18:15:00,45,cancelled,app,2026-02-18,3,forgot,False,Hair
APT0002545,ORD0002545,CLT00137,BIZ005,Revive Beauty Bar,Austin,PRV0012,2024-05-12,18:45:00,45,completed,online_booking,2024-05-05,7,,True,Hair
APT0002546,ORD0002546,CLT00137,BIZ005,Revive Beauty Bar,Austin,PRV0012,2024-07-11,09:30:00,15,completed,referral,2024-07-10,1,,False,Waxing
APT0002547,ORD0002547,CLT00137,BIZ005,Revive Beauty Bar,Austin,PRV0016,2024-09-03,15:30:00,15,completed,online_booking,2024-08-31,3,,False,Waxing
APT0002548,ORD0002548,CLT00137,BIZ005,Revive Beauty Bar,Austin,PRV0005,2024-11-02,13:30:00,15,completed,phone,2024-10-26,7,,False,Waxing
APT0002549,ORD0002549,CLT00137,BIZ005,Revive Beauty Bar,Austin,PRV0019,2025-01-05,14:00:00,60,completed,phone,2025-01-02,3,,False,Hair
APT0002550,ORD0002550,CLT00137,BIZ005,Revive Beauty Bar,Austin,PRV0004,2025-03-08,11:45:00,45,completed,referral,2025-02-15,21,,False,Hair
APT0002551,ORD0002551,CLT00137,BIZ005,Revive Beauty Bar,Austin,PRV0017,2025-05-13,10:45:00,60,completed,online_booking,2025-04-22,21,,False,Hair
APT0002552,ORD0002552,CLT00137,BIZ005,Revive Beauty Bar,Austin,PRV0018,2025-07-15,18:00:00,60,cancelled,online_booking,2025-07-08,7,illness,False,Hair
APT0002553,ORD0002553,CLT00137,BIZ005,Revive Beauty Bar,Austin,PRV0006,2025-09-20,16:45:00,30,cancelled,referral,2025-08-30,21,weather,False,Hair
APT0002554,ORD0002554,CLT00137,BIZ005,Revive Beauty Bar,Austin,PRV0015,2025-11-26,17:45:00,30,completed,walk_in,2025-11-12,14,,False,Waxing
APT0002555,ORD0002555,CLT00137,BIZ005,Revive Beauty Bar,Austin,PRV0019,2026-01-21,10:00:00,60,completed,phone,2026-01-14,7,,False,Hair
APT0002556,ORD0002556,CLT00137,BIZ005,Revive Beauty Bar,Austin,PRV0013,2026-03-28,14:30:00,45,cancelled,referral,2026-03-25,3,,False,Hair
APT0002557,ORD0002557,CLT00138,BIZ004,Serenity Spa,Chicago,PRV0010,2024-04-18,18:45:00,45,completed,referral,2024-04-15,3,,True,Nails
APT0002558,ORD0002558,CLT00138,BIZ004,Serenity Spa,Chicago,PRV0016,2024-06-23,17:45:00,60,completed,app,2024-06-20,3,,False,Nails
APT0002559,ORD0002559,CLT00138,BIZ004,Serenity Spa,Chicago,PRV0018,2024-08-20,14:30:00,45,completed,phone,2024-08-13,7,,False,Nails
APT0002560,ORD0002560,CLT00138,BIZ004,Serenity Spa,Chicago,PRV0002,2024-10-12,10:15:00,45,completed,walk_in,2024-09-28,14,,False,Nails
APT0002561,ORD0002561,CLT00138,BIZ004,Serenity Spa,Chicago,PRV0007,2024-12-06,12:00:00,15,completed,online_booking,2024-12-03,3,,False,Nails
APT0002562,ORD0002562,CLT00138,BIZ004,Serenity Spa,Chicago,PRV0002,2025-01-30,15:15:00,45,completed,app,2025-01-27,3,,False,Nails
APT0002563,ORD0002563,CLT00138,BIZ004,Serenity Spa,Chicago,PRV0005,2025-04-06,12:15:00,45,completed,app,2025-04-05,1,,False,Nails
APT0002564,ORD0002564,CLT00138,BIZ004,Serenity Spa,Chicago,PRV0002,2025-06-07,16:30:00,45,completed,phone,2025-06-04,3,,False,Nails
APT0002565,ORD0002565,CLT00138,BIZ004,Serenity Spa,Chicago,PRV0007,2025-07-31,11:30:00,60,completed,phone,2025-07-30,1,,False,Nails
APT0002566,ORD0002566,CLT00138,BIZ004,Serenity Spa,Chicago,PRV0013,2025-10-02,09:15:00,60,no_show,referral,2025-09-29,3,,False,Nails
APT0002567,ORD0002567,CLT00139,BIZ010,Elevate Salon,Nashville,PRV0011,2024-05-05,17:30:00,60,completed,online_booking,2024-04-21,14,,True,Nails
APT0002568,ORD0002568,CLT00139,BIZ010,Elevate Salon,Nashville,PRV0010,2024-06-13,10:00:00,45,completed,app,2024-06-12,1,,False,Nails
APT0002569,ORD0002569,CLT00139,BIZ010,Elevate Salon,Nashville,PRV0017,2024-07-30,09:00:00,45,completed,online_booking,2024-07-29,1,,False,Nails
APT0002570,ORD0002570,CLT00139,BIZ010,Elevate Salon,Nashville,PRV0012,2024-09-09,18:15:00,75,completed,walk_in,2024-08-26,14,,False,Skin
APT0002571,ORD0002571,CLT00139,BIZ010,Elevate Salon,Nashville,PRV0015,2024-10-20,12:30:00,60,no_show,phone,2024-10-20,0,,False,Skin
APT0002572,ORD0002572,CLT00139,BIZ010,Elevate Salon,Nashville,PRV0006,2024-12-01,15:30:00,30,completed,walk_in,2024-11-17,14,,False,Nails
APT0002573,ORD0002573,CLT00139,BIZ010,Elevate Salon,Nashville,PRV0005,2025-01-17,18:15:00,60,completed,app,2025-01-03,14,,False,Skin
APT0002574,ORD0002574,CLT00139,BIZ010,Elevate Salon,Nashville,PRV0002,2025-03-10,13:45:00,45,completed,online_booking,2025-02-24,14,,False,Skin
APT0002575,ORD0002575,CLT00139,BIZ010,Elevate Salon,Nashville,PRV0013,2025-04-19,14:00:00,60,completed,app,2025-03-29,21,,False,Skin
APT0002576,ORD0002576,CLT00139,BIZ010,Elevate Salon,Nashville,PRV0014,2025-06-02,18:30:00,60,cancelled,phone,2025-06-02,0,,False,Nails
APT0002577,ORD0002577,CLT00139,BIZ010,Elevate Salon,Nashville,PRV0007,2025-07-15,13:00:00,45,completed,app,2025-06-24,21,,False,Skin
APT0002578,ORD0002578,CLT00139,BIZ010,Elevate Salon,Nashville,PRV0012,2025-09-01,18:00:00,45,completed,walk_in,2025-08-29,3,,False,Nails
APT0002579,ORD0002579,CLT00139,BIZ010,Elevate Salon,Nashville,PRV0004,2025-10-16,18:00:00,15,completed,phone,2025-10-15,1,,False,Nails
APT0002580,ORD0002580,CLT00139,BIZ010,Elevate Salon,Nashville,PRV0010,2025-11-28,18:00:00,60,completed,app,2025-11-21,7,,False,Nails
APT0002581,ORD0002581,CLT00139,BIZ010,Elevate Salon,Nashville,PRV0020,2026-01-18,13:45:00,45,completed,referral,2026-01-11,7,,False,Skin
APT0002582,ORD0002582,CLT00139,BIZ010,Elevate Salon,Nashville,PRV0020,2026-03-08,16:30:00,45,completed,online_booking,2026-03-01,7,,False,Skin
APT0002583,ORD0002583,CLT00140,BIZ005,Revive Beauty Bar,Austin,PRV0008,2024-05-01,17:15:00,75,completed,phone,2024-04-28,3,,True,Skin
APT0002584,ORD0002584,CLT00140,BIZ005,Revive Beauty Bar,Austin,PRV0006,2024-06-16,13:45:00,75,completed,walk_in,2024-06-02,14,,False,Skin
APT0002585,ORD0002585,CLT00140,BIZ005,Revive Beauty Bar,Austin,PRV0008,2024-07-24,13:15:00,60,completed,referral,2024-07-10,14,,False,Skin
APT0002586,ORD0002586,CLT00140,BIZ005,Revive Beauty Bar,Austin,PRV0014,2024-09-03,12:45:00,60,completed,walk_in,2024-09-02,1,,False,Massage
APT0002587,ORD0002587,CLT00140,BIZ005,Revive Beauty Bar,Austin,PRV0006,2024-10-12,16:30:00,60,completed,phone,2024-10-11,1,,False,Massage
APT0002588,ORD0002588,CLT00140,BIZ005,Revive Beauty Bar,Austin,PRV0010,2024-11-20,16:15:00,60,cancelled,walk_in,2024-11-13,7,,False,Massage
APT0002589,ORD0002589,CLT00140,BIZ005,Revive Beauty Bar,Austin,PRV0014,2025-01-11,13:00:00,60,completed,referral,2025-01-08,3,,False,Skin
APT0002590,ORD0002590,CLT00140,BIZ005,Revive Beauty Bar,Austin,PRV0018,2025-02-18,12:00:00,45,completed,app,2025-02-11,7,,False,Skin
APT0002591,ORD0002591,CLT00140,BIZ005,Revive Beauty Bar,Austin,PRV0016,2025-04-07,15:00:00,75,completed,online_booking,2025-03-31,7,,False,Skin
APT0002592,ORD0002592,CLT00140,BIZ005,Revive Beauty Bar,Austin,PRV0003,2025-05-23,18:15:00,60,completed,online_booking,2025-05-16,7,,False,Skin
APT0002593,ORD0002593,CLT00140,BIZ005,Revive Beauty Bar,Austin,PRV0012,2025-07-01,16:00:00,75,completed,online_booking,2025-06-28,3,,False,Skin
APT0002594,ORD0002594,CLT00140,BIZ005,Revive Beauty Bar,Austin,PRV0019,2025-08-19,17:30:00,60,completed,phone,2025-08-12,7,,False,Massage
APT0002595,ORD0002595,CLT00140,BIZ005,Revive Beauty Bar,Austin,PRV0003,2025-09-28,15:15:00,60,completed,app,2025-09-21,7,,False,Skin
APT0002596,ORD0002596,CLT00140,BIZ005,Revive Beauty Bar,Austin,PRV0012,2025-11-17,11:15:00,75,completed,referral,2025-11-14,3,,False,Massage
APT0002597,ORD0002597,CLT00140,BIZ005,Revive Beauty Bar,Austin,PRV0007,2025-12-28,10:45:00,60,completed,phone,2025-12-25,3,,False,Skin
APT0002598,ORD0002598,CLT00140,BIZ005,Revive Beauty Bar,Austin,PRV0014,2026-02-09,10:15:00,45,completed,app,2026-02-06,3,,False,Skin
APT0002599,ORD0002599,CLT00140,BIZ005,Revive Beauty Bar,Austin,PRV0008,2026-04-02,11:15:00,60,cancelled,phone,2026-03-26,7,weather,False,Skin
APT0002600,ORD0002600,CLT00141,BIZ008,Posh Nails & Spa,Denver,PRV0012,2024-04-15,17:15:00,45,completed,phone,2024-04-12,3,,True,Waxing
APT0002601,ORD0002601,CLT00141,BIZ008,Posh Nails & Spa,Denver,PRV0008,2024-05-16,14:45:00,15,no_show,walk_in,2024-05-13,3,forgot,False,Waxing
APT0002602,ORD0002602,CLT00141,BIZ008,Posh Nails & Spa,Denver,PRV0004,2024-06-15,12:15:00,15,no_show,online_booking,2024-06-01,14,,False,Waxing
APT0002603,ORD0002603,CLT00141,BIZ008,Posh Nails & Spa,Denver,PRV0019,2024-07-23,15:30:00,45,completed,phone,2024-07-22,1,,False,Waxing
APT0002604,ORD0002604,CLT00141,BIZ008,Posh Nails & Spa,Denver,PRV0002,2024-09-02,14:00:00,45,completed,online_booking,2024-08-30,3,,False,Waxing
APT0002605,ORD0002605,CLT00141,BIZ008,Posh Nails & Spa,Denver,PRV0014,2024-10-14,11:30:00,15,completed,online_booking,2024-10-11,3,,False,Waxing
APT0002606,ORD0002606,CLT00141,BIZ008,Posh Nails & Spa,Denver,PRV0001,2024-11-14,18:45:00,45,completed,app,2024-11-11,3,,False,Waxing
APT0002607,ORD0002607,CLT00141,BIZ008,Posh Nails & Spa,Denver,PRV0005,2024-12-23,13:30:00,15,completed,online_booking,2024-12-16,7,,False,Waxing
APT0002608,ORD0002608,CLT00141,BIZ008,Posh Nails & Spa,Denver,PRV0004,2025-01-20,10:15:00,15,cancelled,app,2025-01-13,7,schedule_conflict,False,Waxing
APT0002609,ORD0002609,CLT00141,BIZ008,Posh Nails & Spa,Denver,PRV0005,2025-03-02,18:30:00,30,completed,online_booking,2025-02-23,7,,False,Waxing
APT0002610,ORD0002610,CLT00141,BIZ008,Posh Nails & Spa,Denver,PRV0003,2025-04-06,16:15:00,45,completed,walk_in,2025-04-03,3,,False,Waxing
APT0002611,ORD0002611,CLT00141,BIZ008,Posh Nails & Spa,Denver,PRV0003,2025-05-16,16:30:00,15,completed,app,2025-05-09,7,,False,Waxing
APT0002612,ORD0002612,CLT00141,BIZ008,Posh Nails & Spa,Denver,PRV0009,2025-06-25,11:00:00,45,completed,referral,2025-06-18,7,,False,Waxing
APT0002613,ORD0002613,CLT00141,BIZ008,Posh Nails & Spa,Denver,PRV0008,2025-07-31,10:45:00,15,completed,phone,2025-07-17,14,,False,Waxing
APT0002614,ORD0002614,CLT00141,BIZ008,Posh Nails & Spa,Denver,PRV0016,2025-09-10,10:30:00,30,completed,phone,2025-09-10,0,,False,Waxing
APT0002615,ORD0002615,CLT00141,BIZ008,Posh Nails & Spa,Denver,PRV0009,2025-10-15,09:30:00,45,completed,phone,2025-10-08,7,,False,Waxing
APT0002616,ORD0002616,CLT00141,BIZ008,Posh Nails & Spa,Denver,PRV0014,2025-11-23,12:30:00,30,completed,walk_in,2025-11-02,21,,False,Waxing
APT0002617,ORD0002617,CLT00141,BIZ008,Posh Nails & Spa,Denver,PRV0002,2026-01-03,13:15:00,30,completed,phone,2025-12-27,7,,False,Waxing
APT0002618,ORD0002618,CLT00141,BIZ008,Posh Nails & Spa,Denver,PRV0017,2026-02-06,09:45:00,30,completed,referral,2026-01-23,14,,False,Waxing
APT0002619,ORD0002619,CLT00141,BIZ008,Posh Nails & Spa,Denver,PRV0015,2026-03-08,09:00:00,45,completed,app,2026-02-22,14,,False,Waxing
APT0002620,ORD0002620,CLT00142,BIZ005,Revive Beauty Bar,Austin,PRV0014,2024-05-10,13:45:00,120,no_show,walk_in,2024-04-19,21,schedule_conflict,True,Hair
APT0002621,ORD0002621,CLT00142,BIZ005,Revive Beauty Bar,Austin,PRV0005,2024-06-24,11:45:00,120,completed,phone,2024-06-03,21,,False,Hair
APT0002622,ORD0002622,CLT00142,BIZ005,Revive Beauty Bar,Austin,PRV0008,2024-08-11,09:15:00,30,completed,app,2024-08-04,7,,False,Hair
APT0002623,ORD0002623,CLT00142,BIZ005,Revive Beauty Bar,Austin,PRV0009,2024-09-23,18:45:00,150,completed,referral,2024-09-16,7,,False,Hair
APT0002624,ORD0002624,CLT00142,BIZ005,Revive Beauty Bar,Austin,PRV0015,2024-11-07,10:45:00,60,completed,referral,2024-10-31,7,,False,Hair
APT0002625,ORD0002625,CLT00142,BIZ005,Revive Beauty Bar,Austin,PRV0002,2024-12-26,10:15:00,30,completed,online_booking,2024-12-19,7,,False,Hair
APT0002626,ORD0002626,CLT00142,BIZ005,Revive Beauty Bar,Austin,PRV0016,2025-02-03,14:00:00,120,completed,online_booking,2025-02-02,1,,False,Hair
APT0002627,ORD0002627,CLT00142,BIZ005,Revive Beauty Bar,Austin,PRV0003,2025-03-19,11:30:00,120,cancelled,app,2025-03-16,3,rescheduled,False,Hair
APT0002628,ORD0002628,CLT00142,BIZ005,Revive Beauty Bar,Austin,PRV0019,2025-04-30,10:00:00,30,no_show,online_booking,2025-04-27,3,rescheduled,False,Hair
APT0002629,ORD0002629,CLT00142,BIZ005,Revive Beauty Bar,Austin,PRV0019,2025-06-09,12:45:00,30,completed,app,2025-06-02,7,,False,Hair
APT0002630,ORD0002630,CLT00142,BIZ005,Revive Beauty Bar,Austin,PRV0005,2025-07-29,17:30:00,150,completed,phone,2025-07-15,14,,False,Hair
APT0002631,ORD0002631,CLT00142,BIZ005,Revive Beauty Bar,Austin,PRV0011,2025-09-06,13:30:00,45,completed,app,2025-09-05,1,,False,Hair
APT0002632,ORD0002632,CLT00142,BIZ005,Revive Beauty Bar,Austin,PRV0018,2025-10-15,14:00:00,120,completed,online_booking,2025-10-08,7,,False,Hair
APT0002633,ORD0002633,CLT00142,BIZ005,Revive Beauty Bar,Austin,PRV0007,2025-12-04,14:00:00,120,completed,phone,2025-11-27,7,,False,Hair
APT0002634,ORD0002634,CLT00142,BIZ005,Revive Beauty Bar,Austin,PRV0012,2026-01-18,13:15:00,60,completed,app,2026-01-15,3,,False,Hair
APT0002635,ORD0002635,CLT00142,BIZ005,Revive Beauty Bar,Austin,PRV0014,2026-03-01,09:00:00,30,completed,online_booking,2026-02-26,3,,False,Hair
APT0002636,ORD0002636,CLT00143,BIZ005,Revive Beauty Bar,Austin,PRV0019,2024-05-19,15:00:00,30,completed,online_booking,2024-05-05,14,,True,Waxing
APT0002637,ORD0002637,CLT00143,BIZ005,Revive Beauty Bar,Austin,PRV0002,2024-08-17,12:45:00,120,completed,online_booking,2024-08-14,3,,False,Hair
APT0002638,ORD0002638,CLT00143,BIZ005,Revive Beauty Bar,Austin,PRV0005,2024-11-11,11:45:00,30,completed,phone,2024-11-08,3,,False,Waxing
APT0002639,ORD0002639,CLT00143,BIZ005,Revive Beauty Bar,Austin,PRV0005,2025-02-14,09:15:00,60,completed,phone,2025-02-11,3,,False,Hair
APT0002640,ORD0002640,CLT00143,BIZ005,Revive Beauty Bar,Austin,PRV0009,2025-05-13,17:30:00,60,completed,app,2025-05-06,7,,False,Hair
APT0002641,ORD0002641,CLT00143,BIZ005,Revive Beauty Bar,Austin,PRV0009,2025-08-16,13:45:00,30,completed,phone,2025-08-09,7,,False,Hair
APT0002642,ORD0002642,CLT00144,BIZ001,Luxe Hair Studio,San Francisco,PRV0004,2024-05-21,11:45:00,15,completed,referral,2024-05-07,14,,True,Waxing
APT0002643,ORD0002643,CLT00144,BIZ001,Luxe Hair Studio,San Francisco,PRV0016,2024-07-20,15:15:00,45,completed,walk_in,2024-06-29,21,,False,Waxing
APT0002644,ORD0002644,CLT00144,BIZ001,Luxe Hair Studio,San Francisco,PRV0012,2024-09-13,15:30:00,30,completed,online_booking,2024-09-10,3,,False,Waxing
APT0002645,ORD0002645,CLT00144,BIZ001,Luxe Hair Studio,San Francisco,PRV0002,2024-11-06,11:15:00,15,completed,walk_in,2024-10-16,21,,False,Waxing
APT0002646,ORD0002646,CLT00144,BIZ001,Luxe Hair Studio,San Francisco,PRV0014,2025-01-12,11:45:00,75,completed,walk_in,2024-12-22,21,,False,Skin
APT0002647,ORD0002647,CLT00144,BIZ001,Luxe Hair Studio,San Francisco,PRV0005,2025-03-14,16:15:00,60,completed,walk_in,2025-02-28,14,,False,Skin
APT0002648,ORD0002648,CLT00144,BIZ001,Luxe Hair Studio,San Francisco,PRV0005,2025-05-17,09:00:00,15,completed,walk_in,2025-05-14,3,,False,Waxing
APT0002649,ORD0002649,CLT00144,BIZ001,Luxe Hair Studio,San Francisco,PRV0011,2025-07-16,15:45:00,30,completed,app,2025-07-09,7,,False,Waxing
APT0002650,ORD0002650,CLT00144,BIZ001,Luxe Hair Studio,San Francisco,PRV0003,2025-09-20,17:15:00,30,completed,referral,2025-09-13,7,,False,Waxing
APT0002651,ORD0002651,CLT00144,BIZ001,Luxe Hair Studio,San Francisco,PRV0004,2025-11-17,16:15:00,45,completed,app,2025-11-14,3,,False,Skin
APT0002652,ORD0002652,CLT00144,BIZ001,Luxe Hair Studio,San Francisco,PRV0012,2026-01-18,11:45:00,30,completed,referral,2026-01-17,1,,False,Waxing
APT0002653,ORD0002653,CLT00144,BIZ001,Luxe Hair Studio,San Francisco,PRV0005,2026-03-23,09:45:00,45,completed,app,2026-03-23,0,,False,Skin
APT0002654,ORD0002654,CLT00145,BIZ010,Elevate Salon,Nashville,PRV0012,2024-04-22,18:45:00,60,completed,online_booking,2024-04-08,14,,True,Massage
APT0002655,ORD0002655,CLT00145,BIZ010,Elevate Salon,Nashville,PRV0001,2024-05-22,09:45:00,60,cancelled,referral,2024-05-15,7,,False,Massage
APT0002656,ORD0002656,CLT00145,BIZ010,Elevate Salon,Nashville,PRV0008,2024-06-19,13:00:00,30,completed,online_booking,2024-06-19,0,,False,Hair
APT0002657,ORD0002657,CLT00145,BIZ010,Elevate Salon,Nashville,PRV0001,2024-07-29,14:30:00,120,completed,referral,2024-07-22,7,,False,Hair
APT0002658,ORD0002658,CLT00145,BIZ010,Elevate Salon,Nashville,PRV0014,2024-09-01,12:45:00,120,completed,referral,2024-08-29,3,,False,Hair
APT0002659,ORD0002659,CLT00145,BIZ010,Elevate Salon,Nashville,PRV0002,2024-10-08,13:15:00,120,completed,phone,2024-09-17,21,,False,Hair
APT0002660,ORD0002660,CLT00145,BIZ010,Elevate Salon,Nashville,PRV0004,2024-11-10,15:15:00,30,completed,walk_in,2024-11-03,7,,False,Hair
APT0002661,ORD0002661,CLT00145,BIZ010,Elevate Salon,Nashville,PRV0009,2024-12-19,15:45:00,75,completed,online_booking,2024-12-05,14,,False,Massage
APT0002662,ORD0002662,CLT00145,BIZ010,Elevate Salon,Nashville,PRV0015,2025-01-26,14:30:00,120,completed,phone,2025-01-12,14,,False,Hair
APT0002663,ORD0002663,CLT00145,BIZ010,Elevate Salon,Nashville,PRV0017,2025-03-04,13:00:00,45,completed,walk_in,2025-02-11,21,,False,Hair
APT0002664,ORD0002664,CLT00145,BIZ010,Elevate Salon,Nashville,PRV0019,2025-04-04,11:30:00,60,completed,app,2025-04-03,1,,False,Hair
APT0002665,ORD0002665,CLT00145,BIZ010,Elevate Salon,Nashville,PRV0009,2025-05-04,16:00:00,75,completed,walk_in,2025-04-13,21,,False,Massage
APT0002666,ORD0002666,CLT00145,BIZ010,Elevate Salon,Nashville,PRV0019,2025-06-06,11:45:00,60,completed,app,2025-05-23,14,,False,Massage
APT0002667,ORD0002667,CLT00145,BIZ010,Elevate Salon,Nashville,PRV0005,2025-07-08,16:00:00,60,completed,phone,2025-06-17,21,,False,Massage
APT0002668,ORD0002668,CLT00145,BIZ010,Elevate Salon,Nashville,PRV0019,2025-08-17,16:30:00,60,cancelled,online_booking,2025-08-03,14,,False,Massage
APT0002669,ORD0002669,CLT00145,BIZ010,Elevate Salon,Nashville,PRV0013,2025-09-27,14:45:00,60,completed,online_booking,2025-09-24,3,,False,Hair
APT0002670,ORD0002670,CLT00145,BIZ010,Elevate Salon,Nashville,PRV0007,2025-11-03,18:00:00,45,completed,online_booking,2025-10-31,3,,False,Hair
APT0002671,ORD0002671,CLT00145,BIZ010,Elevate Salon,Nashville,PRV0014,2025-12-09,17:30:00,120,completed,referral,2025-12-08,1,,False,Hair
APT0002672,ORD0002672,CLT00145,BIZ010,Elevate Salon,Nashville,PRV0002,2026-01-07,09:45:00,60,completed,online_booking,2025-12-31,7,,False,Hair
APT0002673,ORD0002673,CLT00145,BIZ010,Elevate Salon,Nashville,PRV0019,2026-02-16,09:30:00,60,completed,online_booking,2026-02-16,0,,False,Massage
APT0002674,ORD0002674,CLT00146,BIZ003,The Glam Room,New York,PRV0016,2024-05-24,14:45:00,15,completed,phone,2024-05-23,1,,True,Waxing
APT0002675,ORD0002675,CLT00146,BIZ003,The Glam Room,New York,PRV0010,2024-07-09,17:45:00,15,completed,online_booking,2024-07-08,1,,False,Waxing
APT0002676,ORD0002676,CLT00146,BIZ003,The Glam Room,New York,PRV0006,2024-08-19,17:45:00,60,completed,walk_in,2024-08-12,7,,False,Skin
APT0002677,ORD0002677,CLT00146,BIZ003,The Glam Room,New York,PRV0004,2024-10-02,18:15:00,75,completed,phone,2024-09-29,3,,False,Skin
APT0002678,ORD0002678,CLT00146,BIZ003,The Glam Room,New York,PRV0012,2024-11-23,17:30:00,60,completed,walk_in,2024-11-20,3,,False,Skin
APT0002679,ORD0002679,CLT00146,BIZ003,The Glam Room,New York,PRV0001,2025-01-13,15:45:00,15,completed,phone,2025-01-06,7,,False,Waxing
APT0002680,ORD0002680,CLT00146,BIZ003,The Glam Room,New York,PRV0015,2025-03-05,13:30:00,60,completed,walk_in,2025-02-19,14,,False,Skin
APT0002681,ORD0002681,CLT00146,BIZ003,The Glam Room,New York,PRV0009,2025-04-22,15:45:00,30,completed,walk_in,2025-04-15,7,,False,Waxing
APT0002682,ORD0002682,CLT00146,BIZ003,The Glam Room,New York,PRV0003,2025-06-10,14:15:00,45,completed,walk_in,2025-06-07,3,,False,Waxing
APT0002683,ORD0002683,CLT00146,BIZ003,The Glam Room,New York,PRV0012,2025-07-28,11:45:00,45,completed,phone,2025-07-21,7,,False,Waxing
APT0002684,ORD0002684,CLT00146,BIZ003,The Glam Room,New York,PRV0008,2025-09-05,18:45:00,15,completed,referral,2025-08-29,7,,False,Waxing
APT0002685,ORD0002685,CLT00146,BIZ003,The Glam Room,New York,PRV0019,2025-10-20,15:15:00,45,completed,online_booking,2025-10-06,14,,False,Waxing
APT0002686,ORD0002686,CLT00146,BIZ003,The Glam Room,New York,PRV0001,2025-12-05,12:15:00,75,no_show,online_booking,2025-11-14,21,weather,False,Skin
APT0002687,ORD0002687,CLT00146,BIZ003,The Glam Room,New York,PRV0012,2026-01-18,09:45:00,60,completed,phone,2026-01-11,7,,False,Skin
APT0002688,ORD0002688,CLT00146,BIZ003,The Glam Room,New York,PRV0004,2026-02-28,18:45:00,45,completed,phone,2026-02-25,3,,False,Waxing
APT0002689,ORD0002689,CLT00147,BIZ006,Radiance Salon,Seattle,PRV0008,2024-05-10,15:45:00,75,completed,app,2024-04-19,21,,True,Skin
APT0002690,ORD0002690,CLT00147,BIZ006,Radiance Salon,Seattle,PRV0011,2024-06-18,17:15:00,150,completed,walk_in,2024-06-11,7,,False,Hair
APT0002691,ORD0002691,CLT00147,BIZ006,Radiance Salon,Seattle,PRV0016,2024-07-23,18:30:00,60,completed,walk_in,2024-07-09,14,,False,Skin
APT0002692,ORD0002692,CLT00147,BIZ006,Radiance Salon,Seattle,PRV0019,2024-08-28,10:45:00,60,completed,walk_in,2024-08-14,14,,False,Hair
APT0002693,ORD0002693,CLT00147,BIZ006,Radiance Salon,Seattle,PRV0020,2024-10-05,16:00:00,60,completed,online_booking,2024-10-05,0,,False,Skin
APT0002694,ORD0002694,CLT00147,BIZ006,Radiance Salon,Seattle,PRV0004,2024-11-05,16:15:00,60,completed,app,2024-10-15,21,,False,Skin
APT0002695,ORD0002695,CLT00147,BIZ006,Radiance Salon,Seattle,PRV0010,2024-12-11,15:15:00,60,completed,phone,2024-12-04,7,,False,Skin
APT0002696,ORD0002696,CLT00147,BIZ006,Radiance Salon,Seattle,PRV0002,2025-01-22,12:30:00,60,completed,referral,2025-01-19,3,,False,Hair
APT0002697,ORD0002697,CLT00147,BIZ006,Radiance Salon,Seattle,PRV0020,2025-02-28,14:30:00,60,cancelled,referral,2025-02-21,7,schedule_conflict,False,Skin
APT0002698,ORD0002698,CLT00147,BIZ006,Radiance Salon,Seattle,PRV0010,2025-04-04,09:15:00,30,completed,referral,2025-03-21,14,,False,Hair
APT0002699,ORD0002699,CLT00147,BIZ006,Radiance Salon,Seattle,PRV0017,2025-05-16,12:15:00,120,cancelled,online_booking,2025-05-13,3,,False,Hair
APT0002700,ORD0002700,CLT00147,BIZ006,Radiance Salon,Seattle,PRV0003,2025-06-14,13:15:00,30,completed,online_booking,2025-06-11,3,,False,Hair
APT0002701,ORD0002701,CLT00147,BIZ006,Radiance Salon,Seattle,PRV0016,2025-07-17,11:45:00,60,completed,app,2025-07-14,3,,False,Skin
APT0002702,ORD0002702,CLT00147,BIZ006,Radiance Salon,Seattle,PRV0011,2025-08-17,12:30:00,60,completed,phone,2025-08-14,3,,False,Skin
APT0002703,ORD0002703,CLT00147,BIZ006,Radiance Salon,Seattle,PRV0019,2025-09-22,12:15:00,45,completed,app,2025-09-08,14,,False,Hair
APT0002704,ORD0002704,CLT00147,BIZ006,Radiance Salon,Seattle,PRV0008,2025-10-31,13:15:00,30,completed,referral,2025-10-30,1,,False,Hair
APT0002705,ORD0002705,CLT00147,BIZ006,Radiance Salon,Seattle,PRV0007,2025-12-05,16:15:00,120,no_show,referral,2025-11-21,14,no_reason_given,False,Hair
APT0002706,ORD0002706,CLT00148,BIZ009,Glow Studio,Boston,PRV0011,2024-04-22,12:30:00,60,completed,walk_in,2024-04-19,3,,True,Massage
APT0002707,ORD0002707,CLT00148,BIZ009,Glow Studio,Boston,PRV0013,2024-06-13,11:00:00,60,completed,phone,2024-06-12,1,,False,Massage
APT0002708,ORD0002708,CLT00148,BIZ009,Glow Studio,Boston,PRV0007,2024-07-28,13:30:00,120,completed,app,2024-07-25,3,,False,Hair
APT0002709,ORD0002709,CLT00148,BIZ009,Glow Studio,Boston,PRV0015,2024-09-07,09:00:00,75,completed,app,2024-08-31,7,,False,Massage
APT0002710,ORD0002710,CLT00148,BIZ009,Glow Studio,Boston,PRV0018,2024-10-15,17:45:00,75,completed,phone,2024-10-08,7,,False,Massage
APT0002711,ORD0002711,CLT00148,BIZ009,Glow Studio,Boston,PRV0007,2024-12-05,09:45:00,60,cancelled,app,2024-11-28,7,schedule_conflict,False,Hair
APT0002712,ORD0002712,CLT00148,BIZ009,Glow Studio,Boston,PRV0011,2025-01-21,16:45:00,120,completed,phone,2025-01-18,3,,False,Hair
APT0002713,ORD0002713,CLT00148,BIZ009,Glow Studio,Boston,PRV0007,2025-03-13,13:45:00,45,completed,app,2025-03-10,3,,False,Hair
APT0002714,ORD0002714,CLT00148,BIZ009,Glow Studio,Boston,PRV0010,2025-04-29,10:30:00,60,completed,walk_in,2025-04-26,3,,False,Hair
APT0002715,ORD0002715,CLT00148,BIZ009,Glow Studio,Boston,PRV0004,2025-06-08,17:30:00,75,completed,walk_in,2025-05-25,14,,False,Massage
APT0002716,ORD0002716,CLT00148,BIZ009,Glow Studio,Boston,PRV0008,2025-07-29,09:00:00,120,completed,app,2025-07-15,14,,False,Hair
APT0002717,ORD0002717,CLT00148,BIZ009,Glow Studio,Boston,PRV0006,2025-09-06,18:15:00,120,no_show,app,2025-09-05,1,forgot,False,Hair
APT0002718,ORD0002718,CLT00149,BIZ005,Revive Beauty Bar,Austin,PRV0008,2024-04-23,09:00:00,60,completed,walk_in,2024-04-09,14,,True,Skin
APT0002719,ORD0002719,CLT00149,BIZ005,Revive Beauty Bar,Austin,PRV0006,2024-05-13,12:15:00,60,completed,referral,2024-05-12,1,,False,Skin
APT0002720,ORD0002720,CLT00149,BIZ005,Revive Beauty Bar,Austin,PRV0007,2024-06-10,15:30:00,60,completed,referral,2024-06-10,0,,False,Hair
APT0002721,ORD0002721,CLT00149,BIZ005,Revive Beauty Bar,Austin,PRV0002,2024-06-26,18:00:00,60,completed,walk_in,2024-06-19,7,,False,Hair
APT0002722,ORD0002722,CLT00149,BIZ005,Revive Beauty Bar,Austin,PRV0019,2024-07-14,15:00:00,120,completed,phone,2024-07-07,7,,False,Hair
APT0002723,ORD0002723,CLT00149,BIZ005,Revive Beauty Bar,Austin,PRV0014,2024-07-29,11:30:00,150,cancelled,app,2024-07-26,3,rescheduled,False,Hair
APT0002724,ORD0002724,CLT00149,BIZ005,Revive Beauty Bar,Austin,PRV0005,2024-08-16,11:15:00,60,completed,phone,2024-08-13,3,,False,Hair
APT0002725,ORD0002725,CLT00149,BIZ005,Revive Beauty Bar,Austin,PRV0016,2024-08-30,17:15:00,150,completed,online_booking,2024-08-27,3,,False,Hair
APT0002726,ORD0002726,CLT00149,BIZ005,Revive Beauty Bar,Austin,PRV0013,2024-09-19,15:45:00,60,completed,online_booking,2024-09-05,14,,False,Skin
APT0002727,ORD0002727,CLT00149,BIZ005,Revive Beauty Bar,Austin,PRV0006,2024-10-09,17:45:00,30,completed,referral,2024-09-18,21,,False,Hair
APT0002728,ORD0002728,CLT00149,BIZ005,Revive Beauty Bar,Austin,PRV0001,2024-10-30,13:30:00,120,completed,app,2024-10-27,3,,False,Hair
APT0002729,ORD0002729,CLT00149,BIZ005,Revive Beauty Bar,Austin,PRV0003,2024-11-16,14:45:00,30,completed,app,2024-11-13,3,,False,Hair
APT0002730,ORD0002730,CLT00149,BIZ005,Revive Beauty Bar,Austin,PRV0004,2024-12-02,17:00:00,75,completed,walk_in,2024-11-25,7,,False,Skin
APT0002731,ORD0002731,CLT00149,BIZ005,Revive Beauty Bar,Austin,PRV0003,2024-12-26,12:00:00,60,completed,app,2024-12-19,7,,False,Skin
APT0002732,ORD0002732,CLT00149,BIZ005,Revive Beauty Bar,Austin,PRV0008,2025-01-16,09:15:00,45,completed,referral,2025-01-15,1,,False,Skin
APT0002733,ORD0002733,CLT00149,BIZ005,Revive Beauty Bar,Austin,PRV0003,2025-02-02,17:15:00,60,completed,app,2025-02-02,0,,False,Skin
APT0002734,ORD0002734,CLT00149,BIZ005,Revive Beauty Bar,Austin,PRV0008,2025-02-27,14:00:00,60,cancelled,online_booking,2025-02-26,1,illness,False,Hair
APT0002735,ORD0002735,CLT00149,BIZ005,Revive Beauty Bar,Austin,PRV0001,2025-03-26,18:00:00,45,completed,online_booking,2025-03-23,3,,False,Hair
APT0002736,ORD0002736,CLT00149,BIZ005,Revive Beauty Bar,Austin,PRV0010,2025-04-14,12:15:00,60,completed,phone,2025-04-11,3,,False,Skin
APT0002737,ORD0002737,CLT00149,BIZ005,Revive Beauty Bar,Austin,PRV0010,2025-05-08,13:45:00,30,completed,walk_in,2025-05-07,1,,False,Hair
APT0002738,ORD0002738,CLT00149,BIZ005,Revive Beauty Bar,Austin,PRV0009,2025-05-31,11:00:00,30,completed,online_booking,2025-05-30,1,,False,Hair
APT0002739,ORD0002739,CLT00149,BIZ005,Revive Beauty Bar,Austin,PRV0006,2025-06-28,18:00:00,45,completed,app,2025-06-25,3,,False,Skin
APT0002740,ORD0002740,CLT00149,BIZ005,Revive Beauty Bar,Austin,PRV0003,2025-07-19,11:30:00,60,completed,referral,2025-07-12,7,,False,Hair
APT0002741,ORD0002741,CLT00149,BIZ005,Revive Beauty Bar,Austin,PRV0003,2025-08-07,09:15:00,45,completed,app,2025-08-06,1,,False,Hair
APT0002742,ORD0002742,CLT00149,BIZ005,Revive Beauty Bar,Austin,PRV0013,2025-08-26,12:15:00,60,completed,walk_in,2025-08-05,21,,False,Hair
APT0002743,ORD0002743,CLT00149,BIZ005,Revive Beauty Bar,Austin,PRV0005,2025-09-13,16:45:00,60,completed,referral,2025-08-23,21,,False,Skin
APT0002744,ORD0002744,CLT00149,BIZ005,Revive Beauty Bar,Austin,PRV0001,2025-10-08,16:15:00,60,completed,app,2025-10-07,1,,False,Hair
APT0002745,ORD0002745,CLT00149,BIZ005,Revive Beauty Bar,Austin,PRV0007,2025-10-23,09:30:00,60,completed,online_booking,2025-10-23,0,,False,Hair
APT0002746,ORD0002746,CLT00149,BIZ005,Revive Beauty Bar,Austin,PRV0006,2025-11-11,13:30:00,30,late_cancel,referral,2025-11-11,0,rescheduled,False,Hair
APT0002747,ORD0002747,CLT00150,BIZ007,The Beauty Loft,Miami,PRV0013,2024-04-24,09:45:00,15,completed,phone,2024-04-17,7,,True,Waxing
APT0002748,ORD0002748,CLT00150,BIZ007,The Beauty Loft,Miami,PRV0006,2024-05-31,10:45:00,30,completed,walk_in,2024-05-17,14,,False,Waxing
APT0002749,ORD0002749,CLT00150,BIZ007,The Beauty Loft,Miami,PRV0005,2024-07-05,17:15:00,45,completed,online_booking,2024-07-04,1,,False,Waxing
APT0002750,ORD0002750,CLT00150,BIZ007,The Beauty Loft,Miami,PRV0003,2024-08-08,17:00:00,15,completed,referral,2024-07-25,14,,False,Waxing
APT0002751,ORD0002751,CLT00150,BIZ007,The Beauty Loft,Miami,PRV0003,2024-09-09,13:45:00,75,cancelled,online_booking,2024-09-02,7,,False,Massage
APT0002752,ORD0002752,CLT00150,BIZ007,The Beauty Loft,Miami,PRV0019,2024-10-15,14:45:00,60,completed,walk_in,2024-10-12,3,,False,Massage
APT0002753,ORD0002753,CLT00150,BIZ007,The Beauty Loft,Miami,PRV0015,2024-11-19,13:00:00,45,completed,referral,2024-11-05,14,,False,Waxing
APT0002754,ORD0002754,CLT00150,BIZ007,The Beauty Loft,Miami,PRV0011,2024-12-29,10:30:00,15,completed,walk_in,2024-12-08,21,,False,Waxing
APT0002755,ORD0002755,CLT00150,BIZ007,The Beauty Loft,Miami,PRV0016,2025-01-29,09:00:00,30,completed,online_booking,2025-01-22,7,,False,Waxing
APT0002756,ORD0002756,CLT00150,BIZ007,The Beauty Loft,Miami,PRV0005,2025-02-26,16:00:00,60,completed,app,2025-02-19,7,,False,Massage
APT0002757,ORD0002757,CLT00150,BIZ007,The Beauty Loft,Miami,PRV0005,2025-04-02,16:45:00,30,completed,phone,2025-03-19,14,,False,Waxing
APT0002758,ORD0002758,CLT00150,BIZ007,The Beauty Loft,Miami,PRV0017,2025-05-07,12:30:00,30,completed,walk_in,2025-04-30,7,,False,Waxing
APT0002759,ORD0002759,CLT00150,BIZ007,The Beauty Loft,Miami,PRV0006,2025-06-18,16:00:00,45,completed,phone,2025-06-15,3,,False,Waxing
APT0002760,ORD0002760,CLT00150,BIZ007,The Beauty Loft,Miami,PRV0013,2025-07-22,17:30:00,60,completed,phone,2025-07-15,7,,False,Massage
APT0002761,ORD0002761,CLT00150,BIZ007,The Beauty Loft,Miami,PRV0008,2025-08-23,14:15:00,30,completed,referral,2025-08-20,3,,False,Waxing
APT0002762,ORD0002762,CLT00151,BIZ002,Bloom Salon & Spa,Los Angeles,PRV0009,2024-05-13,12:15:00,30,completed,online_booking,2024-05-10,3,,True,Nails
APT0002763,ORD0002763,CLT00151,BIZ002,Bloom Salon & Spa,Los Angeles,PRV0014,2024-06-20,14:15:00,75,completed,app,2024-06-13,7,,False,Skin
APT0002764,ORD0002764,CLT00151,BIZ002,Bloom Salon & Spa,Los Angeles,PRV0009,2024-08-11,13:30:00,45,completed,phone,2024-08-04,7,,False,Nails
APT0002765,ORD0002765,CLT00151,BIZ002,Bloom Salon & Spa,Los Angeles,PRV0003,2024-09-22,11:00:00,75,completed,online_booking,2024-09-19,3,,False,Skin
APT0002766,ORD0002766,CLT00151,BIZ002,Bloom Salon & Spa,Los Angeles,PRV0006,2024-11-12,10:30:00,60,completed,phone,2024-11-11,1,,False,Skin
APT0002767,ORD0002767,CLT00151,BIZ002,Bloom Salon & Spa,Los Angeles,PRV0016,2024-12-23,15:30:00,15,completed,referral,2024-12-02,21,,False,Nails
APT0002768,ORD0002768,CLT00151,BIZ002,Bloom Salon & Spa,Los Angeles,PRV0020,2025-02-12,14:15:00,75,completed,referral,2025-02-05,7,,False,Skin
APT0002769,ORD0002769,CLT00151,BIZ002,Bloom Salon & Spa,Los Angeles,PRV0004,2025-03-25,16:30:00,45,completed,phone,2025-03-25,0,,False,Nails
APT0002770,ORD0002770,CLT00151,BIZ002,Bloom Salon & Spa,Los Angeles,PRV0011,2025-05-15,12:00:00,45,completed,walk_in,2025-05-08,7,,False,Nails
APT0002771,ORD0002771,CLT00151,BIZ002,Bloom Salon & Spa,Los Angeles,PRV0010,2025-06-27,13:45:00,30,cancelled,app,2025-06-26,1,,False,Nails
APT0002772,ORD0002772,CLT00151,BIZ002,Bloom Salon & Spa,Los Angeles,PRV0010,2025-08-07,15:15:00,45,completed,app,2025-07-24,14,,False,Skin
APT0002773,ORD0002773,CLT00151,BIZ002,Bloom Salon & Spa,Los Angeles,PRV0004,2025-09-21,18:45:00,60,completed,online_booking,2025-09-14,7,,False,Skin
APT0002774,ORD0002774,CLT00151,BIZ002,Bloom Salon & Spa,Los Angeles,PRV0017,2025-10-31,11:00:00,60,completed,walk_in,2025-10-17,14,,False,Skin
APT0002775,ORD0002775,CLT00151,BIZ002,Bloom Salon & Spa,Los Angeles,PRV0004,2025-12-20,14:00:00,60,no_show,online_booking,2025-12-17,3,no_reason_given,False,Nails
APT0002776,ORD0002776,CLT00151,BIZ002,Bloom Salon & Spa,Los Angeles,PRV0009,2026-01-29,09:00:00,45,cancelled,online_booking,2026-01-28,1,weather,False,Nails
APT0002777,ORD0002777,CLT00151,BIZ002,Bloom Salon & Spa,Los Angeles,PRV0017,2026-03-14,18:45:00,60,completed,app,2026-02-21,21,,False,Nails
APT0002778,ORD0002778,CLT00152,BIZ002,Bloom Salon & Spa,Los Angeles,PRV0010,2024-04-20,09:00:00,15,completed,online_booking,2024-04-19,1,,True,Nails
APT0002779,ORD0002779,CLT00152,BIZ002,Bloom Salon & Spa,Los Angeles,PRV0003,2024-06-03,17:45:00,45,completed,phone,2024-06-02,1,,False,Nails
APT0002780,ORD0002780,CLT00152,BIZ002,Bloom Salon & Spa,Los Angeles,PRV0016,2024-07-23,15:15:00,60,completed,referral,2024-07-16,7,,False,Nails
APT0002781,ORD0002781,CLT00152,BIZ002,Bloom Salon & Spa,Los Angeles,PRV0013,2024-09-05,18:15:00,60,completed,walk_in,2024-08-29,7,,False,Nails
APT0002782,ORD0002782,CLT00152,BIZ002,Bloom Salon & Spa,Los Angeles,PRV0011,2024-10-22,17:00:00,60,completed,online_booking,2024-10-15,7,,False,Skin
APT0002783,ORD0002783,CLT00152,BIZ002,Bloom Salon & Spa,Los Angeles,PRV0017,2024-12-06,09:15:00,60,completed,phone,2024-12-03,3,,False,Skin
APT0002784,ORD0002784,CLT00152,BIZ002,Bloom Salon & Spa,Los Angeles,PRV0015,2025-01-26,14:30:00,30,completed,walk_in,2025-01-23,3,,False,Nails
APT0002785,ORD0002785,CLT00152,BIZ002,Bloom Salon & Spa,Los Angeles,PRV0013,2025-03-05,11:15:00,60,no_show,phone,2025-03-04,1,no_reason_given,False,Skin
APT0002786,ORD0002786,CLT00152,BIZ002,Bloom Salon & Spa,Los Angeles,PRV0012,2025-04-17,11:30:00,30,completed,referral,2025-04-03,14,,False,Nails
APT0002787,ORD0002787,CLT00152,BIZ002,Bloom Salon & Spa,Los Angeles,PRV0008,2025-05-27,11:30:00,60,completed,walk_in,2025-05-24,3,,False,Skin
APT0002788,ORD0002788,CLT00152,BIZ002,Bloom Salon & Spa,Los Angeles,PRV0015,2025-07-08,14:30:00,60,completed,app,2025-07-05,3,,False,Skin
APT0002789,ORD0002789,CLT00152,BIZ002,Bloom Salon & Spa,Los Angeles,PRV0014,2025-08-23,14:30:00,45,completed,walk_in,2025-08-22,1,,False,Nails
APT0002790,ORD0002790,CLT00152,BIZ002,Bloom Salon & Spa,Los Angeles,PRV0020,2025-10-09,16:15:00,45,completed,phone,2025-09-25,14,,False,Nails
APT0002791,ORD0002791,CLT00152,BIZ002,Bloom Salon & Spa,Los Angeles,PRV0005,2025-11-27,13:00:00,75,completed,online_booking,2025-11-24,3,,False,Skin
APT0002792,ORD0002792,CLT00152,BIZ002,Bloom Salon & Spa,Los Angeles,PRV0005,2026-01-15,14:00:00,30,cancelled,phone,2026-01-01,14,no_reason_given,False,Nails
APT0002793,ORD0002793,CLT00152,BIZ002,Bloom Salon & Spa,Los Angeles,PRV0018,2026-02-26,14:15:00,60,completed,phone,2026-02-23,3,,False,Skin
APT0002794,ORD0002794,CLT00153,BIZ004,Serenity Spa,Chicago,PRV0007,2024-04-20,15:15:00,60,cancelled,phone,2024-04-19,1,rescheduled,True,Skin
APT0002795,ORD0002795,CLT00153,BIZ004,Serenity Spa,Chicago,PRV0015,2024-06-08,16:15:00,60,cancelled,app,2024-06-01,7,,False,Skin
APT0002796,ORD0002796,CLT00153,BIZ004,Serenity Spa,Chicago,PRV0017,2024-07-22,12:15:00,60,completed,online_booking,2024-07-01,21,,False,Skin
APT0002797,ORD0002797,CLT00153,BIZ004,Serenity Spa,Chicago,PRV0017,2024-09-09,12:00:00,60,cancelled,phone,2024-09-06,3,weather,False,Skin
APT0002798,ORD0002798,CLT00153,BIZ004,Serenity Spa,Chicago,PRV0006,2024-10-19,15:00:00,60,no_show,online_booking,2024-10-16,3,no_reason_given,False,Skin
APT0002799,ORD0002799,CLT00153,BIZ004,Serenity Spa,Chicago,PRV0006,2024-11-30,17:00:00,60,completed,online_booking,2024-11-09,21,,False,Skin
APT0002800,ORD0002800,CLT00153,BIZ004,Serenity Spa,Chicago,PRV0014,2025-01-08,16:15:00,60,completed,phone,2024-12-25,14,,False,Skin
APT0002801,ORD0002801,CLT00153,BIZ004,Serenity Spa,Chicago,PRV0020,2025-02-21,13:00:00,60,completed,phone,2025-02-20,1,,False,Skin
APT0002802,ORD0002802,CLT00153,BIZ004,Serenity Spa,Chicago,PRV0019,2025-04-04,18:15:00,60,completed,phone,2025-04-03,1,,False,Skin
APT0002803,ORD0002803,CLT00153,BIZ004,Serenity Spa,Chicago,PRV0012,2025-05-21,10:15:00,75,completed,online_booking,2025-05-20,1,,False,Skin
APT0002804,ORD0002804,CLT00153,BIZ004,Serenity Spa,Chicago,PRV0014,2025-06-30,15:15:00,60,cancelled,online_booking,2025-06-27,3,personal_emergency,False,Skin
APT0002805,ORD0002805,CLT00153,BIZ004,Serenity Spa,Chicago,PRV0010,2025-08-12,10:30:00,60,completed,referral,2025-08-11,1,,False,Skin
APT0002806,ORD0002806,CLT00153,BIZ004,Serenity Spa,Chicago,PRV0015,2025-09-22,13:15:00,45,completed,referral,2025-09-15,7,,False,Skin
APT0002807,ORD0002807,CLT00153,BIZ004,Serenity Spa,Chicago,PRV0008,2025-11-10,09:15:00,60,completed,phone,2025-11-07,3,,False,Skin
APT0002808,ORD0002808,CLT00153,BIZ004,Serenity Spa,Chicago,PRV0019,2025-12-24,17:00:00,60,completed,referral,2025-12-17,7,,False,Skin
APT0002809,ORD0002809,CLT00153,BIZ004,Serenity Spa,Chicago,PRV0011,2026-02-07,18:30:00,60,completed,walk_in,2026-02-06,1,,False,Skin
APT0002810,ORD0002810,CLT00153,BIZ004,Serenity Spa,Chicago,PRV0003,2026-03-30,09:30:00,75,completed,phone,2026-03-23,7,,False,Skin
APT0002811,ORD0002811,CLT00154,BIZ003,The Glam Room,New York,PRV0016,2024-05-31,17:45:00,45,completed,referral,2024-05-17,14,,True,Hair
APT0002812,ORD0002812,CLT00154,BIZ003,The Glam Room,New York,PRV0017,2024-08-27,09:15:00,60,completed,online_booking,2024-08-06,21,,False,Hair
APT0002813,ORD0002813,CLT00154,BIZ003,The Glam Room,New York,PRV0008,2024-11-26,15:00:00,60,completed,online_booking,2024-11-23,3,,False,Hair
APT0002814,ORD0002814,CLT00154,BIZ003,The Glam Room,New York,PRV0016,2025-02-24,13:30:00,60,completed,phone,2025-02-23,1,,False,Hair
APT0002815,ORD0002815,CLT00154,BIZ003,The Glam Room,New York,PRV0017,2025-05-24,15:45:00,60,completed,phone,2025-05-17,7,,False,Hair
APT0002816,ORD0002816,CLT00154,BIZ003,The Glam Room,New York,PRV0004,2025-08-23,14:45:00,120,completed,phone,2025-08-22,1,,False,Hair
APT0002817,ORD0002817,CLT00155,BIZ003,The Glam Room,New York,PRV0011,2024-06-12,14:30:00,45,completed,online_booking,2024-06-05,7,,True,Hair
APT0002818,ORD0002818,CLT00155,BIZ003,The Glam Room,New York,PRV0003,2024-09-09,13:30:00,45,completed,referral,2024-09-08,1,,False,Hair
APT0002819,ORD0002819,CLT00155,BIZ003,The Glam Room,New York,PRV0010,2024-12-04,15:45:00,30,completed,referral,2024-11-27,7,,False,Hair
APT0002820,ORD0002820,CLT00155,BIZ003,The Glam Room,New York,PRV0007,2025-03-06,17:45:00,120,completed,online_booking,2025-02-20,14,,False,Hair
APT0002821,ORD0002821,CLT00155,BIZ003,The Glam Room,New York,PRV0012,2025-05-28,11:15:00,150,cancelled,referral,2025-05-25,3,weather,False,Hair
APT0002822,ORD0002822,CLT00155,BIZ003,The Glam Room,New York,PRV0016,2025-08-23,10:15:00,45,completed,phone,2025-08-20,3,,False,Hair
APT0002823,ORD0002823,CLT00155,BIZ003,The Glam Room,New York,PRV0019,2025-11-28,18:00:00,45,completed,referral,2025-11-27,1,,False,Hair
APT0002824,ORD0002824,CLT00155,BIZ003,The Glam Room,New York,PRV0001,2026-02-28,12:45:00,60,completed,walk_in,2026-02-21,7,,False,Hair
APT0002825,ORD0002825,CLT00156,BIZ003,The Glam Room,New York,PRV0002,2024-05-25,13:00:00,75,completed,app,2024-05-25,0,,True,Massage
APT0002826,ORD0002826,CLT00156,BIZ003,The Glam Room,New York,PRV0011,2024-07-28,15:15:00,45,completed,app,2024-07-25,3,,False,Skin
APT0002827,ORD0002827,CLT00156,BIZ003,The Glam Room,New York,PRV0008,2024-09-28,11:00:00,60,completed,referral,2024-09-21,7,,False,Massage
APT0002828,ORD0002828,CLT00156,BIZ003,The Glam Room,New York,PRV0018,2024-11-26,11:00:00,45,completed,phone,2024-11-23,3,,False,Skin
APT0002829,ORD0002829,CLT00156,BIZ003,The Glam Room,New York,PRV0016,2025-01-23,10:45:00,60,completed,referral,2025-01-22,1,,False,Massage
APT0002830,ORD0002830,CLT00156,BIZ003,The Glam Room,New York,PRV0016,2025-03-24,18:30:00,60,completed,app,2025-03-17,7,,False,Skin
APT0002831,ORD0002831,CLT00156,BIZ003,The Glam Room,New York,PRV0006,2025-05-23,16:00:00,60,cancelled,referral,2025-05-02,21,weather,False,Skin
APT0002832,ORD0002832,CLT00156,BIZ003,The Glam Room,New York,PRV0007,2025-07-20,12:30:00,60,completed,online_booking,2025-07-13,7,,False,Skin
APT0002833,ORD0002833,CLT00156,BIZ003,The Glam Room,New York,PRV0002,2025-09-22,18:30:00,60,completed,app,2025-09-08,14,,False,Skin
APT0002834,ORD0002834,CLT00156,BIZ003,The Glam Room,New York,PRV0005,2025-11-24,15:30:00,60,completed,phone,2025-11-10,14,,False,Skin
APT0002835,ORD0002835,CLT00156,BIZ003,The Glam Room,New York,PRV0017,2026-01-19,17:15:00,75,completed,referral,2026-01-12,7,,False,Massage
APT0002836,ORD0002836,CLT00156,BIZ003,The Glam Room,New York,PRV0009,2026-03-20,16:45:00,60,completed,referral,2026-03-13,7,,False,Skin
APT0002837,ORD0002837,CLT00157,BIZ001,Luxe Hair Studio,San Francisco,PRV0007,2024-04-13,13:30:00,75,completed,phone,2024-04-06,7,,True,Skin
APT0002838,ORD0002838,CLT00157,BIZ001,Luxe Hair Studio,San Francisco,PRV0011,2024-05-21,15:30:00,75,completed,online_booking,2024-05-14,7,,False,Skin
APT0002839,ORD0002839,CLT00157,BIZ001,Luxe Hair Studio,San Francisco,PRV0005,2024-06-23,16:15:00,60,completed,app,2024-06-16,7,,False,Skin
APT0002840,ORD0002840,CLT00157,BIZ001,Luxe Hair Studio,San Francisco,PRV0003,2024-07-31,18:30:00,60,completed,app,2024-07-10,21,,False,Skin
APT0002841,ORD0002841,CLT00157,BIZ001,Luxe Hair Studio,San Francisco,PRV0005,2024-09-06,09:45:00,30,completed,online_booking,2024-08-30,7,,False,Hair
APT0002842,ORD0002842,CLT00157,BIZ001,Luxe Hair Studio,San Francisco,PRV0013,2024-10-17,18:45:00,60,completed,walk_in,2024-10-03,14,,False,Skin
APT0002843,ORD0002843,CLT00157,BIZ001,Luxe Hair Studio,San Francisco,PRV0019,2024-11-15,16:00:00,60,completed,online_booking,2024-11-08,7,,False,Skin
APT0002844,ORD0002844,CLT00157,BIZ001,Luxe Hair Studio,San Francisco,PRV0013,2024-12-19,14:30:00,45,completed,walk_in,2024-12-12,7,,False,Skin
APT0002845,ORD0002845,CLT00157,BIZ001,Luxe Hair Studio,San Francisco,PRV0008,2025-01-28,17:45:00,120,completed,online_booking,2025-01-14,14,,False,Hair
APT0002846,ORD0002846,CLT00157,BIZ001,Luxe Hair Studio,San Francisco,PRV0016,2025-03-09,14:30:00,60,completed,referral,2025-03-06,3,,False,Skin
APT0002847,ORD0002847,CLT00157,BIZ001,Luxe Hair Studio,San Francisco,PRV0001,2025-04-17,09:00:00,60,completed,online_booking,2025-04-10,7,,False,Skin
APT0002848,ORD0002848,CLT00157,BIZ001,Luxe Hair Studio,San Francisco,PRV0016,2025-05-17,12:30:00,120,completed,phone,2025-04-26,21,,False,Hair
APT0002849,ORD0002849,CLT00157,BIZ001,Luxe Hair Studio,San Francisco,PRV0019,2025-06-16,10:30:00,45,completed,walk_in,2025-06-15,1,,False,Skin
APT0002850,ORD0002850,CLT00157,BIZ001,Luxe Hair Studio,San Francisco,PRV0012,2025-07-28,13:15:00,120,completed,online_booking,2025-07-21,7,,False,Hair
APT0002851,ORD0002851,CLT00157,BIZ001,Luxe Hair Studio,San Francisco,PRV0019,2025-09-02,11:30:00,60,completed,walk_in,2025-08-30,3,,False,Hair
APT0002852,ORD0002852,CLT00157,BIZ001,Luxe Hair Studio,San Francisco,PRV0013,2025-10-02,15:45:00,75,completed,walk_in,2025-09-25,7,,False,Skin
APT0002853,ORD0002853,CLT00157,BIZ001,Luxe Hair Studio,San Francisco,PRV0007,2025-11-04,13:00:00,60,no_show,referral,2025-10-21,14,weather,False,Hair
APT0002854,ORD0002854,CLT00157,BIZ001,Luxe Hair Studio,San Francisco,PRV0001,2025-12-15,13:15:00,120,completed,referral,2025-12-08,7,,False,Hair
APT0002855,ORD0002855,CLT00157,BIZ001,Luxe Hair Studio,San Francisco,PRV0001,2026-01-18,12:15:00,150,cancelled,walk_in,2026-01-04,14,personal_emergency,False,Hair
APT0002856,ORD0002856,CLT00157,BIZ001,Luxe Hair Studio,San Francisco,PRV0004,2026-02-22,17:30:00,60,completed,app,2026-02-15,7,,False,Skin
APT0002857,ORD0002857,CLT00158,BIZ006,Radiance Salon,Seattle,PRV0011,2024-05-12,11:45:00,30,completed,walk_in,2024-05-11,1,,True,Nails
APT0002858,ORD0002858,CLT00158,BIZ006,Radiance Salon,Seattle,PRV0017,2024-06-22,16:45:00,30,completed,walk_in,2024-06-22,0,,False,Nails
APT0002859,ORD0002859,CLT00158,BIZ006,Radiance Salon,Seattle,PRV0007,2024-08-02,16:00:00,45,completed,walk_in,2024-07-30,3,,False,Waxing
APT0002860,ORD0002860,CLT00158,BIZ006,Radiance Salon,Seattle,PRV0012,2024-09-11,12:45:00,15,completed,app,2024-09-08,3,,False,Waxing
APT0002861,ORD0002861,CLT00158,BIZ006,Radiance Salon,Seattle,PRV0004,2024-10-20,18:00:00,45,completed,referral,2024-10-17,3,,False,Nails
APT0002862,ORD0002862,CLT00158,BIZ006,Radiance Salon,Seattle,PRV0003,2024-11-19,17:30:00,15,completed,phone,2024-11-05,14,,False,Waxing
APT0002863,ORD0002863,CLT00158,BIZ006,Radiance Salon,Seattle,PRV0020,2024-12-26,17:00:00,15,completed,referral,2024-12-12,14,,False,Waxing
APT0002864,ORD0002864,CLT00158,BIZ006,Radiance Salon,Seattle,PRV0011,2025-01-24,11:45:00,45,completed,referral,2025-01-17,7,,False,Nails
APT0002865,ORD0002865,CLT00158,BIZ006,Radiance Salon,Seattle,PRV0008,2025-02-28,12:15:00,15,completed,phone,2025-02-25,3,,False,Waxing
APT0002866,ORD0002866,CLT00158,BIZ006,Radiance Salon,Seattle,PRV0017,2025-04-04,14:45:00,15,completed,app,2025-04-01,3,,False,Waxing
APT0002867,ORD0002867,CLT00158,BIZ006,Radiance Salon,Seattle,PRV0003,2025-05-15,11:45:00,45,completed,walk_in,2025-04-24,21,,False,Nails
APT0002868,ORD0002868,CLT00158,BIZ006,Radiance Salon,Seattle,PRV0007,2025-06-18,15:15:00,15,completed,walk_in,2025-06-15,3,,False,Waxing
APT0002869,ORD0002869,CLT00158,BIZ006,Radiance Salon,Seattle,PRV0019,2025-07-23,15:00:00,15,completed,app,2025-07-16,7,,False,Waxing
APT0002870,ORD0002870,CLT00158,BIZ006,Radiance Salon,Seattle,PRV0005,2025-09-02,11:15:00,15,completed,referral,2025-08-26,7,,False,Waxing
APT0002871,ORD0002871,CLT00158,BIZ006,Radiance Salon,Seattle,PRV0009,2025-10-07,10:30:00,45,completed,phone,2025-09-30,7,,False,Nails
APT0002872,ORD0002872,CLT00158,BIZ006,Radiance Salon,Seattle,PRV0013,2025-11-09,12:30:00,30,completed,app,2025-11-09,0,,False,Nails
APT0002873,ORD0002873,CLT00158,BIZ006,Radiance Salon,Seattle,PRV0015,2025-12-07,09:30:00,15,no_show,referral,2025-11-23,14,no_reason_given,False,Waxing
APT0002874,ORD0002874,CLT00159,BIZ008,Posh Nails & Spa,Denver,PRV0017,2024-05-23,14:00:00,150,completed,walk_in,2024-05-22,1,,True,Hair
APT0002875,ORD0002875,CLT00159,BIZ008,Posh Nails & Spa,Denver,PRV0002,2024-07-08,16:45:00,120,completed,referral,2024-07-05,3,,False,Hair
APT0002876,ORD0002876,CLT00159,BIZ008,Posh Nails & Spa,Denver,PRV0013,2024-08-27,17:30:00,60,completed,walk_in,2024-08-24,3,,False,Hair
APT0002877,ORD0002877,CLT00159,BIZ008,Posh Nails & Spa,Denver,PRV0002,2024-10-17,13:45:00,60,completed,online_booking,2024-10-03,14,,False,Hair
APT0002878,ORD0002878,CLT00159,BIZ008,Posh Nails & Spa,Denver,PRV0020,2024-11-30,15:30:00,60,completed,online_booking,2024-11-23,7,,False,Hair
APT0002879,ORD0002879,CLT00159,BIZ008,Posh Nails & Spa,Denver,PRV0009,2025-01-08,15:15:00,120,completed,app,2025-01-01,7,,False,Hair
APT0002880,ORD0002880,CLT00159,BIZ008,Posh Nails & Spa,Denver,PRV0013,2025-02-22,15:15:00,150,completed,walk_in,2025-02-21,1,,False,Hair
APT0002881,ORD0002881,CLT00159,BIZ008,Posh Nails & Spa,Denver,PRV0015,2025-04-06,09:30:00,60,completed,referral,2025-04-05,1,,False,Hair
APT0002882,ORD0002882,CLT00159,BIZ008,Posh Nails & Spa,Denver,PRV0017,2025-05-20,09:30:00,30,completed,walk_in,2025-05-19,1,,False,Hair
APT0002883,ORD0002883,CLT00159,BIZ008,Posh Nails & Spa,Denver,PRV0010,2025-07-05,15:00:00,150,completed,walk_in,2025-07-04,1,,False,Hair
APT0002884,ORD0002884,CLT00159,BIZ008,Posh Nails & Spa,Denver,PRV0005,2025-08-24,10:45:00,60,completed,phone,2025-08-17,7,,False,Hair
APT0002885,ORD0002885,CLT00159,BIZ008,Posh Nails & Spa,Denver,PRV0003,2025-10-14,12:15:00,120,late_cancel,walk_in,2025-09-23,21,rescheduled,False,Hair
APT0002886,ORD0002886,CLT00160,BIZ004,Serenity Spa,Chicago,PRV0006,2024-05-01,09:45:00,15,no_show,referral,2024-04-24,7,illness,True,Waxing
APT0002887,ORD0002887,CLT00160,BIZ004,Serenity Spa,Chicago,PRV0001,2024-06-11,09:30:00,60,completed,walk_in,2024-06-04,7,,False,Skin
APT0002888,ORD0002888,CLT00160,BIZ004,Serenity Spa,Chicago,PRV0012,2024-07-13,16:30:00,15,completed,phone,2024-07-12,1,,False,Waxing
APT0002889,ORD0002889,CLT00160,BIZ004,Serenity Spa,Chicago,PRV0006,2024-08-21,11:00:00,30,completed,referral,2024-08-14,7,,False,Waxing
APT0002890,ORD0002890,CLT00160,BIZ004,Serenity Spa,Chicago,PRV0004,2024-09-22,14:15:00,15,completed,walk_in,2024-09-08,14,,False,Waxing
APT0002891,ORD0002891,CLT00160,BIZ004,Serenity Spa,Chicago,PRV0002,2024-10-25,09:30:00,45,completed,walk_in,2024-10-22,3,,False,Skin
APT0002892,ORD0002892,CLT00160,BIZ004,Serenity Spa,Chicago,PRV0006,2024-11-25,09:15:00,45,completed,phone,2024-11-22,3,,False,Waxing
APT0002893,ORD0002893,CLT00160,BIZ004,Serenity Spa,Chicago,PRV0010,2025-01-01,12:30:00,75,completed,online_booking,2024-12-29,3,,False,Skin
APT0002894,ORD0002894,CLT00160,BIZ004,Serenity Spa,Chicago,PRV0005,2025-02-06,12:30:00,15,completed,referral,2025-02-03,3,,False,Waxing
APT0002895,ORD0002895,CLT00160,BIZ004,Serenity Spa,Chicago,PRV0008,2025-03-18,13:45:00,15,completed,app,2025-03-04,14,,False,Waxing
APT0002896,ORD0002896,CLT00160,BIZ004,Serenity Spa,Chicago,PRV0011,2025-04-18,14:00:00,45,completed,online_booking,2025-04-11,7,,False,Skin
APT0002897,ORD0002897,CLT00160,BIZ004,Serenity Spa,Chicago,PRV0016,2025-05-30,13:30:00,15,completed,referral,2025-05-23,7,,False,Waxing
APT0002898,ORD0002898,CLT00160,BIZ004,Serenity Spa,Chicago,PRV0007,2025-06-29,09:00:00,15,completed,phone,2025-06-15,14,,False,Waxing
APT0002899,ORD0002899,CLT00160,BIZ004,Serenity Spa,Chicago,PRV0016,2025-07-31,16:15:00,45,completed,phone,2025-07-24,7,,False,Skin
APT0002900,ORD0002900,CLT00160,BIZ004,Serenity Spa,Chicago,PRV0016,2025-09-07,09:30:00,75,completed,phone,2025-09-04,3,,False,Skin
APT0002901,ORD0002901,CLT00160,BIZ004,Serenity Spa,Chicago,PRV0001,2025-10-19,17:30:00,45,completed,phone,2025-10-05,14,,False,Waxing
APT0002902,ORD0002902,CLT00160,BIZ004,Serenity Spa,Chicago,PRV0015,2025-11-18,14:45:00,45,completed,phone,2025-11-04,14,,False,Waxing
APT0002903,ORD0002903,CLT00160,BIZ004,Serenity Spa,Chicago,PRV0016,2025-12-29,12:45:00,45,completed,referral,2025-12-28,1,,False,Waxing
APT0002904,ORD0002904,CLT00160,BIZ004,Serenity Spa,Chicago,PRV0020,2026-01-26,13:15:00,45,completed,referral,2026-01-19,7,,False,Waxing
APT0002905,ORD0002905,CLT00160,BIZ004,Serenity Spa,Chicago,PRV0017,2026-02-28,15:00:00,75,completed,referral,2026-02-27,1,,False,Skin
APT0002906,ORD0002906,CLT00161,BIZ004,Serenity Spa,Chicago,PRV0016,2024-06-03,14:30:00,60,completed,app,2024-05-27,7,,True,Hair
APT0002907,ORD0002907,CLT00161,BIZ004,Serenity Spa,Chicago,PRV0015,2024-08-07,18:45:00,60,completed,referral,2024-07-31,7,,False,Hair
APT0002908,ORD0002908,CLT00161,BIZ004,Serenity Spa,Chicago,PRV0004,2024-10-08,18:45:00,120,completed,online_booking,2024-10-01,7,,False,Hair
APT0002909,ORD0002909,CLT00161,BIZ004,Serenity Spa,Chicago,PRV0002,2024-12-04,18:00:00,60,completed,referral,2024-12-01,3,,False,Hair
APT0002910,ORD0002910,CLT00161,BIZ004,Serenity Spa,Chicago,PRV0016,2025-01-27,12:00:00,45,completed,app,2025-01-24,3,,False,Hair
APT0002911,ORD0002911,CLT00161,BIZ004,Serenity Spa,Chicago,PRV0013,2025-03-22,15:00:00,150,completed,phone,2025-03-21,1,,False,Hair
APT0002912,ORD0002912,CLT00161,BIZ004,Serenity Spa,Chicago,PRV0015,2025-05-14,16:45:00,60,completed,online_booking,2025-04-30,14,,False,Massage
APT0002913,ORD0002913,CLT00161,BIZ004,Serenity Spa,Chicago,PRV0006,2025-07-19,18:00:00,60,completed,walk_in,2025-07-18,1,,False,Massage
APT0002914,ORD0002914,CLT00161,BIZ004,Serenity Spa,Chicago,PRV0020,2025-09-21,18:00:00,150,completed,walk_in,2025-09-14,7,,False,Hair
APT0002915,ORD0002915,CLT00161,BIZ004,Serenity Spa,Chicago,PRV0015,2025-11-17,14:15:00,150,completed,app,2025-11-03,14,,False,Hair
APT0002916,ORD0002916,CLT00161,BIZ004,Serenity Spa,Chicago,PRV0001,2026-01-12,15:45:00,60,completed,walk_in,2026-01-09,3,,False,Massage
APT0002917,ORD0002917,CLT00161,BIZ004,Serenity Spa,Chicago,PRV0001,2026-03-20,13:30:00,120,completed,online_booking,2026-03-06,14,,False,Hair
APT0002918,ORD0002918,CLT00162,BIZ003,The Glam Room,New York,PRV0017,2024-04-29,11:45:00,15,completed,app,2024-04-22,7,,True,Waxing
APT0002919,ORD0002919,CLT00162,BIZ003,The Glam Room,New York,PRV0019,2024-06-25,13:30:00,45,completed,walk_in,2024-06-22,3,,False,Nails
APT0002920,ORD0002920,CLT00162,BIZ003,The Glam Room,New York,PRV0018,2024-08-23,17:45:00,45,completed,app,2024-08-02,21,,False,Nails
APT0002921,ORD0002921,CLT00162,BIZ003,The Glam Room,New York,PRV0019,2024-10-26,11:30:00,45,completed,online_booking,2024-10-19,7,,False,Nails
APT0002922,ORD0002922,CLT00162,BIZ003,The Glam Room,New York,PRV0009,2024-12-18,12:00:00,15,cancelled,online_booking,2024-12-11,7,illness,False,Waxing
APT0002923,ORD0002923,CLT00162,BIZ003,The Glam Room,New York,PRV0004,2025-02-10,09:30:00,30,completed,app,2025-01-27,14,,False,Waxing
APT0002924,ORD0002924,CLT00162,BIZ003,The Glam Room,New York,PRV0015,2025-04-17,10:15:00,15,completed,referral,2025-04-17,0,,False,Waxing
APT0002925,ORD0002925,CLT00162,BIZ003,The Glam Room,New York,PRV0015,2025-06-21,13:15:00,30,completed,app,2025-06-07,14,,False,Nails
APT0002926,ORD0002926,CLT00162,BIZ003,The Glam Room,New York,PRV0005,2025-08-16,16:00:00,45,completed,phone,2025-08-15,1,,False,Nails
APT0002927,ORD0002927,CLT00162,BIZ003,The Glam Room,New York,PRV0011,2025-10-10,16:15:00,15,completed,walk_in,2025-10-07,3,,False,Nails
APT0002928,ORD0002928,CLT00162,BIZ003,The Glam Room,New York,PRV0006,2025-12-02,14:00:00,15,completed,walk_in,2025-12-01,1,,False,Waxing
APT0002929,ORD0002929,CLT00162,BIZ003,The Glam Room,New York,PRV0013,2026-01-30,09:45:00,45,no_show,walk_in,2026-01-29,1,forgot,False,Nails
APT0002930,ORD0002930,CLT00162,BIZ003,The Glam Room,New York,PRV0008,2026-03-29,09:30:00,60,completed,app,2026-03-26,3,,False,Nails
APT0002931,ORD0002931,CLT00163,BIZ001,Luxe Hair Studio,San Francisco,PRV0011,2024-05-07,17:00:00,120,completed,walk_in,2024-05-06,1,,True,Hair
APT0002932,ORD0002932,CLT00163,BIZ001,Luxe Hair Studio,San Francisco,PRV0004,2024-06-21,11:45:00,60,completed,phone,2024-06-07,14,,False,Skin
APT0002933,ORD0002933,CLT00163,BIZ001,Luxe Hair Studio,San Francisco,PRV0002,2024-07-30,18:30:00,60,completed,referral,2024-07-09,21,,False,Skin
APT0002934,ORD0002934,CLT00163,BIZ001,Luxe Hair Studio,San Francisco,PRV0011,2024-09-20,15:15:00,120,completed,walk_in,2024-09-13,7,,False,Hair
APT0002935,ORD0002935,CLT00163,BIZ001,Luxe Hair Studio,San Francisco,PRV0019,2024-11-03,17:30:00,60,completed,phone,2024-10-31,3,,False,Skin
APT0002936,ORD0002936,CLT00163,BIZ001,Luxe Hair Studio,San Francisco,PRV0007,2024-12-22,11:00:00,150,cancelled,phone,2024-12-19,3,,False,Hair
APT0002937,ORD0002937,CLT00163,BIZ001,Luxe Hair Studio,San Francisco,PRV0005,2025-02-06,10:30:00,60,completed,walk_in,2025-01-30,7,,False,Skin
APT0002938,ORD0002938,CLT00163,BIZ001,Luxe Hair Studio,San Francisco,PRV0009,2025-03-18,09:00:00,60,cancelled,referral,2025-03-17,1,,False,Skin
APT0002939,ORD0002939,CLT00163,BIZ001,Luxe Hair Studio,San Francisco,PRV0002,2025-05-06,18:30:00,60,completed,referral,2025-05-03,3,,False,Hair
APT0002940,ORD0002940,CLT00163,BIZ001,Luxe Hair Studio,San Francisco,PRV0013,2025-06-16,10:15:00,45,completed,referral,2025-05-26,21,,False,Skin
APT0002941,ORD0002941,CLT00163,BIZ001,Luxe Hair Studio,San Francisco,PRV0011,2025-07-29,18:00:00,120,completed,referral,2025-07-15,14,,False,Hair
APT0002942,ORD0002942,CLT00163,BIZ001,Luxe Hair Studio,San Francisco,PRV0013,2025-09-08,09:30:00,60,completed,app,2025-09-01,7,,False,Skin
APT0002943,ORD0002943,CLT00163,BIZ001,Luxe Hair Studio,San Francisco,PRV0004,2025-10-20,12:00:00,150,completed,walk_in,2025-10-19,1,,False,Hair
APT0002944,ORD0002944,CLT00163,BIZ001,Luxe Hair Studio,San Francisco,PRV0014,2025-12-06,15:45:00,60,completed,phone,2025-11-22,14,,False,Hair
APT0002945,ORD0002945,CLT00164,BIZ007,The Beauty Loft,Miami,PRV0006,2024-05-08,18:00:00,45,completed,walk_in,2024-05-01,7,,True,Skin
APT0002946,ORD0002946,CLT00164,BIZ007,The Beauty Loft,Miami,PRV0004,2024-06-27,14:45:00,45,completed,walk_in,2024-06-24,3,,False,Nails
APT0002947,ORD0002947,CLT00164,BIZ007,The Beauty Loft,Miami,PRV0008,2024-08-12,09:30:00,45,cancelled,referral,2024-08-05,7,,False,Nails
APT0002948,ORD0002948,CLT00164,BIZ007,The Beauty Loft,Miami,PRV0017,2024-10-02,14:00:00,60,completed,walk_in,2024-09-29,3,,False,Skin
APT0002949,ORD0002949,CLT00164,BIZ007,The Beauty Loft,Miami,PRV0005,2024-11-17,09:45:00,45,completed,phone,2024-11-03,14,,False,Nails
APT0002950,ORD0002950,CLT00164,BIZ007,The Beauty Loft,Miami,PRV0012,2025-01-03,12:30:00,60,no_show,walk_in,2024-12-31,3,forgot,False,Skin
APT0002951,ORD0002951,CLT00164,BIZ007,The Beauty Loft,Miami,PRV0017,2025-02-14,09:30:00,60,completed,app,2025-02-13,1,,False,Skin
APT0002952,ORD0002952,CLT00164,BIZ007,The Beauty Loft,Miami,PRV0016,2025-04-05,13:15:00,45,completed,referral,2025-03-22,14,,False,Nails
APT0002953,ORD0002953,CLT00164,BIZ007,The Beauty Loft,Miami,PRV0006,2025-05-26,15:15:00,30,completed,phone,2025-05-23,3,,False,Nails
APT0002954,ORD0002954,CLT00164,BIZ007,The Beauty Loft,Miami,PRV0006,2025-07-10,12:00:00,75,completed,walk_in,2025-07-07,3,,False,Skin
APT0002955,ORD0002955,CLT00164,BIZ007,The Beauty Loft,Miami,PRV0006,2025-08-17,17:00:00,60,completed,app,2025-08-10,7,,False,Skin
APT0002956,ORD0002956,CLT00164,BIZ007,The Beauty Loft,Miami,PRV0013,2025-09-26,09:15:00,60,completed,referral,2025-09-23,3,,False,Nails
APT0002957,ORD0002957,CLT00164,BIZ007,The Beauty Loft,Miami,PRV0001,2025-11-15,18:00:00,45,no_show,app,2025-11-08,7,no_reason_given,False,Nails
APT0002958,ORD0002958,CLT00164,BIZ007,The Beauty Loft,Miami,PRV0014,2025-12-29,17:45:00,45,completed,walk_in,2025-12-28,1,,False,Nails
APT0002959,ORD0002959,CLT00164,BIZ007,The Beauty Loft,Miami,PRV0004,2026-02-08,11:00:00,60,completed,online_booking,2026-02-01,7,,False,Skin
APT0002960,ORD0002960,CLT00164,BIZ007,The Beauty Loft,Miami,PRV0018,2026-03-31,09:00:00,60,completed,walk_in,2026-03-30,1,,False,Nails
APT0002961,ORD0002961,CLT00165,BIZ008,Posh Nails & Spa,Denver,PRV0006,2024-04-20,17:30:00,45,completed,online_booking,2024-04-13,7,,True,Nails
APT0002962,ORD0002962,CLT00165,BIZ008,Posh Nails & Spa,Denver,PRV0018,2024-05-14,12:45:00,45,completed,walk_in,2024-05-13,1,,False,Nails
APT0002963,ORD0002963,CLT00165,BIZ008,Posh Nails & Spa,Denver,PRV0012,2024-06-04,18:15:00,15,completed,referral,2024-05-28,7,,False,Waxing
APT0002964,ORD0002964,CLT00165,BIZ008,Posh Nails & Spa,Denver,PRV0005,2024-06-23,14:15:00,45,completed,online_booking,2024-06-22,1,,False,Waxing
APT0002965,ORD0002965,CLT00165,BIZ008,Posh Nails & Spa,Denver,PRV0014,2024-07-11,16:30:00,60,completed,walk_in,2024-07-04,7,,False,Nails
APT0002966,ORD0002966,CLT00165,BIZ008,Posh Nails & Spa,Denver,PRV0019,2024-08-01,10:15:00,45,completed,phone,2024-07-25,7,,False,Waxing
APT0002967,ORD0002967,CLT00165,BIZ008,Posh Nails & Spa,Denver,PRV0008,2024-08-22,16:15:00,30,completed,phone,2024-08-15,7,,False,Nails
APT0002968,ORD0002968,CLT00165,BIZ008,Posh Nails & Spa,Denver,PRV0012,2024-09-07,17:45:00,15,completed,phone,2024-08-31,7,,False,Waxing
APT0002969,ORD0002969,CLT00165,BIZ008,Posh Nails & Spa,Denver,PRV0001,2024-10-03,11:15:00,15,completed,online_booking,2024-09-26,7,,False,Waxing
APT0002970,ORD0002970,CLT00165,BIZ008,Posh Nails & Spa,Denver,PRV0013,2024-10-24,15:00:00,45,completed,app,2024-10-10,14,,False,Nails
APT0002971,ORD0002971,CLT00165,BIZ008,Posh Nails & Spa,Denver,PRV0015,2024-11-14,09:45:00,45,completed,online_booking,2024-10-31,14,,False,Nails
APT0002972,ORD0002972,CLT00165,BIZ008,Posh Nails & Spa,Denver,PRV0006,2024-12-05,14:45:00,30,completed,phone,2024-11-28,7,,False,Nails
APT0002973,ORD0002973,CLT00165,BIZ008,Posh Nails & Spa,Denver,PRV0017,2024-12-31,18:30:00,15,completed,app,2024-12-24,7,,False,Waxing
APT0002974,ORD0002974,CLT00165,BIZ008,Posh Nails & Spa,Denver,PRV0007,2025-01-28,10:15:00,15,completed,phone,2025-01-21,7,,False,Nails
APT0002975,ORD0002975,CLT00165,BIZ008,Posh Nails & Spa,Denver,PRV0007,2025-02-16,16:45:00,30,completed,phone,2025-02-09,7,,False,Waxing
APT0002976,ORD0002976,CLT00165,BIZ008,Posh Nails & Spa,Denver,PRV0020,2025-03-04,18:45:00,30,cancelled,online_booking,2025-03-04,0,illness,False,Waxing
APT0002977,ORD0002977,CLT00165,BIZ008,Posh Nails & Spa,Denver,PRV0014,2025-03-22,11:00:00,15,completed,online_booking,2025-03-15,7,,False,Waxing
APT0002978,ORD0002978,CLT00165,BIZ008,Posh Nails & Spa,Denver,PRV0009,2025-04-07,15:45:00,15,completed,walk_in,2025-03-31,7,,False,Waxing
APT0002979,ORD0002979,CLT00165,BIZ008,Posh Nails & Spa,Denver,PRV0013,2025-04-23,12:30:00,15,completed,walk_in,2025-04-22,1,,False,Waxing
APT0002980,ORD0002980,CLT00165,BIZ008,Posh Nails & Spa,Denver,PRV0005,2025-05-16,15:30:00,45,completed,phone,2025-05-02,14,,False,Nails
APT0002981,ORD0002981,CLT00165,BIZ008,Posh Nails & Spa,Denver,PRV0002,2025-06-02,17:00:00,45,completed,walk_in,2025-06-02,0,,False,Waxing
APT0002982,ORD0002982,CLT00165,BIZ008,Posh Nails & Spa,Denver,PRV0013,2025-06-25,10:15:00,15,completed,online_booking,2025-06-18,7,,False,Waxing
APT0002983,ORD0002983,CLT00165,BIZ008,Posh Nails & Spa,Denver,PRV0011,2025-07-12,11:45:00,45,completed,walk_in,2025-07-05,7,,False,Waxing
APT0002984,ORD0002984,CLT00165,BIZ008,Posh Nails & Spa,Denver,PRV0007,2025-07-31,15:45:00,15,completed,online_booking,2025-07-17,14,,False,Waxing
APT0002985,ORD0002985,CLT00165,BIZ008,Posh Nails & Spa,Denver,PRV0015,2025-08-16,13:00:00,30,completed,referral,2025-08-15,1,,False,Nails
APT0002986,ORD0002986,CLT00165,BIZ008,Posh Nails & Spa,Denver,PRV0012,2025-09-01,10:15:00,45,completed,app,2025-08-25,7,,False,Nails
APT0002987,ORD0002987,CLT00165,BIZ008,Posh Nails & Spa,Denver,PRV0020,2025-09-19,16:15:00,15,completed,phone,2025-08-29,21,,False,Nails
APT0002988,ORD0002988,CLT00165,BIZ008,Posh Nails & Spa,Denver,PRV0016,2025-10-17,18:00:00,45,completed,online_booking,2025-10-10,7,,False,Nails
APT0002989,ORD0002989,CLT00165,BIZ008,Posh Nails & Spa,Denver,PRV0002,2025-11-11,16:00:00,45,completed,app,2025-11-04,7,,False,Nails
APT0002990,ORD0002990,CLT00165,BIZ008,Posh Nails & Spa,Denver,PRV0014,2025-12-09,16:30:00,45,completed,online_booking,2025-12-02,7,,False,Nails
APT0002991,ORD0002991,CLT00165,BIZ008,Posh Nails & Spa,Denver,PRV0017,2026-01-05,11:00:00,15,completed,phone,2025-12-29,7,,False,Waxing
APT0002992,ORD0002992,CLT00165,BIZ008,Posh Nails & Spa,Denver,PRV0018,2026-01-22,14:30:00,15,completed,referral,2026-01-15,7,,False,Waxing
APT0002993,ORD0002993,CLT00165,BIZ008,Posh Nails & Spa,Denver,PRV0001,2026-02-08,15:15:00,15,completed,app,2026-01-25,14,,False,Waxing
APT0002994,ORD0002994,CLT00165,BIZ008,Posh Nails & Spa,Denver,PRV0004,2026-03-04,16:45:00,45,completed,phone,2026-03-03,1,,False,Nails
APT0002995,ORD0002995,CLT00166,BIZ005,Revive Beauty Bar,Austin,PRV0001,2024-04-19,13:30:00,15,completed,phone,2024-04-16,3,,True,Nails
APT0002996,ORD0002996,CLT00166,BIZ005,Revive Beauty Bar,Austin,PRV0020,2024-05-03,15:45:00,30,completed,walk_in,2024-04-26,7,,False,Nails
APT0002997,ORD0002997,CLT00166,BIZ005,Revive Beauty Bar,Austin,PRV0013,2024-05-27,17:45:00,60,completed,app,2024-05-13,14,,False,Nails
APT0002998,ORD0002998,CLT00166,BIZ005,Revive Beauty Bar,Austin,PRV0019,2024-06-21,16:30:00,45,completed,walk_in,2024-06-07,14,,False,Nails
APT0002999,ORD0002999,CLT00166,BIZ005,Revive Beauty Bar,Austin,PRV0012,2024-07-10,10:00:00,60,completed,online_booking,2024-07-09,1,,False,Nails
APT0003000,ORD0003000,CLT00166,BIZ005,Revive Beauty Bar,Austin,PRV0004,2024-08-01,14:15:00,45,completed,referral,2024-07-29,3,,False,Waxing
APT0003001,ORD0003001,CLT00166,BIZ005,Revive Beauty Bar,Austin,PRV0006,2024-08-16,16:45:00,45,completed,referral,2024-08-16,0,,False,Waxing
APT0003002,ORD0003002,CLT00166,BIZ005,Revive Beauty Bar,Austin,PRV0020,2024-09-13,14:00:00,60,completed,referral,2024-09-06,7,,False,Nails
APT0003003,ORD0003003,CLT00166,BIZ005,Revive Beauty Bar,Austin,PRV0017,2024-09-27,16:30:00,60,completed,walk_in,2024-09-24,3,,False,Nails
APT0003004,ORD0003004,CLT00166,BIZ005,Revive Beauty Bar,Austin,PRV0009,2024-10-23,18:30:00,30,completed,phone,2024-10-20,3,,False,Waxing
APT0003005,ORD0003005,CLT00166,BIZ005,Revive Beauty Bar,Austin,PRV0009,2024-11-07,14:45:00,45,completed,walk_in,2024-11-04,3,,False,Waxing
APT0003006,ORD0003006,CLT00166,BIZ005,Revive Beauty Bar,Austin,PRV0012,2024-11-24,16:45:00,45,completed,walk_in,2024-11-21,3,,False,Nails
APT0003007,ORD0003007,CLT00166,BIZ005,Revive Beauty Bar,Austin,PRV0005,2024-12-16,17:15:00,30,completed,app,2024-12-09,7,,False,Waxing
APT0003008,ORD0003008,CLT00166,BIZ005,Revive Beauty Bar,Austin,PRV0013,2025-01-13,16:15:00,45,completed,phone,2025-01-06,7,,False,Nails
APT0003009,ORD0003009,CLT00166,BIZ005,Revive Beauty Bar,Austin,PRV0014,2025-01-29,11:30:00,15,completed,app,2025-01-26,3,,False,Nails
APT0003010,ORD0003010,CLT00166,BIZ005,Revive Beauty Bar,Austin,PRV0011,2025-02-22,09:45:00,15,completed,app,2025-02-01,21,,False,Nails
APT0003011,ORD0003011,CLT00166,BIZ005,Revive Beauty Bar,Austin,PRV0019,2025-03-15,18:00:00,15,completed,walk_in,2025-02-22,21,,False,Waxing
APT0003012,ORD0003012,CLT00166,BIZ005,Revive Beauty Bar,Austin,PRV0017,2025-03-29,14:45:00,15,completed,referral,2025-03-22,7,,False,Waxing
APT0003013,ORD0003013,CLT00166,BIZ005,Revive Beauty Bar,Austin,PRV0008,2025-04-17,16:45:00,15,completed,referral,2025-04-10,7,,False,Waxing
APT0003014,ORD0003014,CLT00166,BIZ005,Revive Beauty Bar,Austin,PRV0011,2025-05-06,16:30:00,15,cancelled,online_booking,2025-04-29,7,,False,Waxing
APT0003015,ORD0003015,CLT00166,BIZ005,Revive Beauty Bar,Austin,PRV0005,2025-05-30,09:45:00,45,completed,referral,2025-05-27,3,,False,Nails
APT0003016,ORD0003016,CLT00166,BIZ005,Revive Beauty Bar,Austin,PRV0013,2025-06-17,11:15:00,30,cancelled,phone,2025-06-10,7,,False,Nails
APT0003017,ORD0003017,CLT00166,BIZ005,Revive Beauty Bar,Austin,PRV0001,2025-07-07,15:15:00,60,completed,phone,2025-07-04,3,,False,Nails
APT0003018,ORD0003018,CLT00166,BIZ005,Revive Beauty Bar,Austin,PRV0006,2025-07-25,18:45:00,15,cancelled,phone,2025-07-22,3,,False,Waxing
APT0003019,ORD0003019,CLT00166,BIZ005,Revive Beauty Bar,Austin,PRV0002,2025-08-15,17:45:00,15,completed,referral,2025-08-08,7,,False,Waxing
APT0003020,ORD0003020,CLT00166,BIZ005,Revive Beauty Bar,Austin,PRV0013,2025-09-09,14:15:00,45,completed,phone,2025-08-26,14,,False,Waxing
APT0003021,ORD0003021,CLT00166,BIZ005,Revive Beauty Bar,Austin,PRV0003,2025-10-06,09:30:00,15,completed,app,2025-09-29,7,,False,Waxing
APT0003022,ORD0003022,CLT00166,BIZ005,Revive Beauty Bar,Austin,PRV0018,2025-10-24,17:15:00,45,completed,walk_in,2025-10-21,3,,False,Nails
APT0003023,ORD0003023,CLT00166,BIZ005,Revive Beauty Bar,Austin,PRV0004,2025-11-17,17:15:00,45,completed,phone,2025-11-03,14,,False,Waxing
APT0003024,ORD0003024,CLT00166,BIZ005,Revive Beauty Bar,Austin,PRV0019,2025-12-09,15:15:00,60,completed,online_booking,2025-12-06,3,,False,Nails
APT0003025,ORD0003025,CLT00166,BIZ005,Revive Beauty Bar,Austin,PRV0014,2025-12-29,15:00:00,30,completed,walk_in,2025-12-22,7,,False,Waxing
APT0003026,ORD0003026,CLT00166,BIZ005,Revive Beauty Bar,Austin,PRV0019,2026-01-14,14:30:00,15,completed,phone,2026-01-07,7,,False,Waxing
APT0003027,ORD0003027,CLT00166,BIZ005,Revive Beauty Bar,Austin,PRV0005,2026-02-04,16:45:00,15,completed,phone,2026-02-01,3,,False,Waxing
APT0003028,ORD0003028,CLT00166,BIZ005,Revive Beauty Bar,Austin,PRV0005,2026-02-22,14:45:00,30,completed,app,2026-02-01,21,,False,Nails
APT0003029,ORD0003029,CLT00167,BIZ002,Bloom Salon & Spa,Los Angeles,PRV0009,2024-04-27,13:00:00,15,completed,walk_in,2024-04-26,1,,True,Waxing
APT0003030,ORD0003030,CLT00167,BIZ002,Bloom Salon & Spa,Los Angeles,PRV0013,2024-05-16,18:00:00,15,completed,phone,2024-05-02,14,,False,Waxing
APT0003031,ORD0003031,CLT00167,BIZ002,Bloom Salon & Spa,Los Angeles,PRV0013,2024-05-31,17:15:00,45,completed,phone,2024-05-28,3,,False,Nails
APT0003032,ORD0003032,CLT00167,BIZ002,Bloom Salon & Spa,Los Angeles,PRV0006,2024-06-15,10:30:00,60,cancelled,phone,2024-06-12,3,weather,False,Nails
APT0003033,ORD0003033,CLT00167,BIZ002,Bloom Salon & Spa,Los Angeles,PRV0002,2024-07-12,18:00:00,15,completed,online_booking,2024-07-09,3,,False,Waxing
APT0003034,ORD0003034,CLT00167,BIZ002,Bloom Salon & Spa,Los Angeles,PRV0010,2024-08-05,14:00:00,15,completed,online_booking,2024-08-04,1,,False,Waxing
APT0003035,ORD0003035,CLT00167,BIZ002,Bloom Salon & Spa,Los Angeles,PRV0013,2024-08-31,17:00:00,45,no_show,walk_in,2024-08-10,21,schedule_conflict,False,Waxing
APT0003036,ORD0003036,CLT00167,BIZ002,Bloom Salon & Spa,Los Angeles,PRV0013,2024-09-20,17:30:00,45,completed,referral,2024-09-17,3,,False,Nails
APT0003037,ORD0003037,CLT00167,BIZ002,Bloom Salon & Spa,Los Angeles,PRV0014,2024-10-05,14:15:00,15,completed,online_booking,2024-10-04,1,,False,Waxing
APT0003038,ORD0003038,CLT00167,BIZ002,Bloom Salon & Spa,Los Angeles,PRV0004,2024-10-29,09:45:00,15,completed,walk_in,2024-10-29,0,,False,Waxing
APT0003039,ORD0003039,CLT00167,BIZ002,Bloom Salon & Spa,Los Angeles,PRV0009,2024-11-20,10:30:00,60,cancelled,walk_in,2024-11-19,1,no_reason_given,False,Nails
APT0003040,ORD0003040,CLT00167,BIZ002,Bloom Salon & Spa,Los Angeles,PRV0012,2024-12-04,13:00:00,60,completed,app,2024-11-20,14,,False,Nails
APT0003041,ORD0003041,CLT00167,BIZ002,Bloom Salon & Spa,Los Angeles,PRV0012,2024-12-24,18:30:00,15,completed,phone,2024-12-21,3,,False,Nails
APT0003042,ORD0003042,CLT00167,BIZ002,Bloom Salon & Spa,Los Angeles,PRV0001,2025-01-13,15:15:00,15,completed,referral,2025-01-06,7,,False,Waxing
APT0003043,ORD0003043,CLT00167,BIZ002,Bloom Salon & Spa,Los Angeles,PRV0001,2025-01-28,16:45:00,45,completed,walk_in,2025-01-27,1,,False,Waxing
APT0003044,ORD0003044,CLT00167,BIZ002,Bloom Salon & Spa,Los Angeles,PRV0012,2025-02-14,10:15:00,15,completed,app,2025-02-11,3,,False,Waxing
APT0003045,ORD0003045,CLT00167,BIZ002,Bloom Salon & Spa,Los Angeles,PRV0004,2025-03-09,12:30:00,60,completed,phone,2025-02-23,14,,False,Nails
APT0003046,ORD0003046,CLT00167,BIZ002,Bloom Salon & Spa,Los Angeles,PRV0017,2025-03-27,17:00:00,30,cancelled,phone,2025-03-06,21,personal_emergency,False,Waxing
APT0003047,ORD0003047,CLT00167,BIZ002,Bloom Salon & Spa,Los Angeles,PRV0007,2025-04-22,11:45:00,30,completed,app,2025-04-15,7,,False,Nails
APT0003048,ORD0003048,CLT00167,BIZ002,Bloom Salon & Spa,Los Angeles,PRV0005,2025-05-20,11:45:00,15,completed,walk_in,2025-05-17,3,,False,Waxing
APT0003049,ORD0003049,CLT00167,BIZ002,Bloom Salon & Spa,Los Angeles,PRV0015,2025-06-14,15:45:00,15,completed,phone,2025-05-31,14,,False,Waxing
APT0003050,ORD0003050,CLT00167,BIZ002,Bloom Salon & Spa,Los Angeles,PRV0017,2025-07-05,15:45:00,45,completed,phone,2025-06-21,14,,False,Waxing
APT0003051,ORD0003051,CLT00167,BIZ002,Bloom Salon & Spa,Los Angeles,PRV0016,2025-07-31,12:00:00,45,cancelled,walk_in,2025-07-28,3,illness,False,Nails
APT0003052,ORD0003052,CLT00167,BIZ002,Bloom Salon & Spa,Los Angeles,PRV0007,2025-08-14,12:15:00,45,completed,app,2025-08-14,0,,False,Nails
APT0003053,ORD0003053,CLT00167,BIZ002,Bloom Salon & Spa,Los Angeles,PRV0020,2025-09-02,09:00:00,45,completed,app,2025-09-01,1,,False,Nails
APT0003054,ORD0003054,CLT00167,BIZ002,Bloom Salon & Spa,Los Angeles,PRV0018,2025-09-17,12:45:00,45,no_show,online_booking,2025-09-14,3,rescheduled,False,Waxing
APT0003055,ORD0003055,CLT00167,BIZ002,Bloom Salon & Spa,Los Angeles,PRV0001,2025-10-05,14:00:00,15,completed,walk_in,2025-09-21,14,,False,Waxing
APT0003056,ORD0003056,CLT00167,BIZ002,Bloom Salon & Spa,Los Angeles,PRV0005,2025-10-31,16:15:00,45,completed,phone,2025-10-28,3,,False,Waxing
APT0003057,ORD0003057,CLT00167,BIZ002,Bloom Salon & Spa,Los Angeles,PRV0014,2025-11-14,14:00:00,15,completed,app,2025-10-31,14,,False,Waxing
APT0003058,ORD0003058,CLT00167,BIZ002,Bloom Salon & Spa,Los Angeles,PRV0002,2025-11-29,17:00:00,15,completed,referral,2025-11-22,7,,False,Waxing
APT0003059,ORD0003059,CLT00167,BIZ002,Bloom Salon & Spa,Los Angeles,PRV0013,2025-12-17,17:00:00,30,cancelled,referral,2025-12-14,3,,False,Waxing
APT0003060,ORD0003060,CLT00167,BIZ002,Bloom Salon & Spa,Los Angeles,PRV0007,2026-01-02,12:45:00,30,completed,online_booking,2025-12-30,3,,False,Nails
APT0003061,ORD0003061,CLT00167,BIZ002,Bloom Salon & Spa,Los Angeles,PRV0002,2026-01-16,11:00:00,45,completed,phone,2026-01-09,7,,False,Nails
APT0003062,ORD0003062,CLT00167,BIZ002,Bloom Salon & Spa,Los Angeles,PRV0010,2026-02-07,13:45:00,15,completed,referral,2026-01-17,21,,False,Waxing
APT0003063,ORD0003063,CLT00167,BIZ002,Bloom Salon & Spa,Los Angeles,PRV0011,2026-02-21,17:00:00,30,completed,app,2026-02-14,7,,False,Nails
APT0003064,ORD0003064,CLT00167,BIZ002,Bloom Salon & Spa,Los Angeles,PRV0018,2026-03-09,18:15:00,45,completed,phone,2026-03-08,1,,False,Nails
APT0003065,ORD0003065,CLT00167,BIZ002,Bloom Salon & Spa,Los Angeles,PRV0009,2026-04-02,18:15:00,15,completed,walk_in,2026-04-01,1,,False,Waxing
APT0003066,ORD0003066,CLT00168,BIZ003,The Glam Room,New York,PRV0015,2024-05-05,12:00:00,60,completed,app,2024-05-04,1,,True,Skin
APT0003067,ORD0003067,CLT00168,BIZ003,The Glam Room,New York,PRV0019,2024-06-19,14:45:00,120,completed,walk_in,2024-06-16,3,,False,Hair
APT0003068,ORD0003068,CLT00168,BIZ003,The Glam Room,New York,PRV0006,2024-08-07,15:15:00,60,completed,walk_in,2024-08-07,0,,False,Hair
APT0003069,ORD0003069,CLT00168,BIZ003,The Glam Room,New York,PRV0004,2024-09-27,12:15:00,75,completed,walk_in,2024-09-24,3,,False,Skin
APT0003070,ORD0003070,CLT00168,BIZ003,The Glam Room,New York,PRV0011,2024-11-04,10:30:00,30,completed,walk_in,2024-10-28,7,,False,Hair
APT0003071,ORD0003071,CLT00168,BIZ003,The Glam Room,New York,PRV0011,2024-12-12,09:00:00,60,completed,walk_in,2024-12-05,7,,False,Skin
APT0003072,ORD0003072,CLT00168,BIZ003,The Glam Room,New York,PRV0003,2025-01-24,18:30:00,60,completed,walk_in,2025-01-21,3,,False,Hair
APT0003073,ORD0003073,CLT00168,BIZ003,The Glam Room,New York,PRV0016,2025-03-10,11:45:00,150,completed,online_booking,2025-03-09,1,,False,Hair
APT0003074,ORD0003074,CLT00168,BIZ003,The Glam Room,New York,PRV0015,2025-04-25,14:45:00,120,completed,walk_in,2025-04-04,21,,False,Hair
APT0003075,ORD0003075,CLT00168,BIZ003,The Glam Room,New York,PRV0020,2025-06-05,11:45:00,60,completed,referral,2025-06-04,1,,False,Skin
APT0003076,ORD0003076,CLT00168,BIZ003,The Glam Room,New York,PRV0013,2025-07-21,16:00:00,45,completed,referral,2025-07-18,3,,False,Hair
APT0003077,ORD0003077,CLT00168,BIZ003,The Glam Room,New York,PRV0010,2025-09-02,10:15:00,30,completed,referral,2025-08-26,7,,False,Hair
APT0003078,ORD0003078,CLT00168,BIZ003,The Glam Room,New York,PRV0003,2025-10-24,16:30:00,75,no_show,referral,2025-10-21,3,weather,False,Skin
APT0003079,ORD0003079,CLT00168,BIZ003,The Glam Room,New York,PRV0002,2025-12-14,13:30:00,150,completed,referral,2025-12-07,7,,False,Hair
APT0003080,ORD0003080,CLT00168,BIZ003,The Glam Room,New York,PRV0003,2026-01-25,16:45:00,30,completed,walk_in,2026-01-11,14,,False,Hair
APT0003081,ORD0003081,CLT00168,BIZ003,The Glam Room,New York,PRV0015,2026-03-04,10:00:00,45,completed,app,2026-03-01,3,,False,Hair
APT0003082,ORD0003082,CLT00169,BIZ005,Revive Beauty Bar,Austin,PRV0006,2024-04-13,12:30:00,60,completed,phone,2024-03-30,14,,True,Skin
APT0003083,ORD0003083,CLT00169,BIZ005,Revive Beauty Bar,Austin,PRV0005,2024-05-10,15:45:00,60,completed,phone,2024-05-07,3,,False,Skin
APT0003084,ORD0003084,CLT00169,BIZ005,Revive Beauty Bar,Austin,PRV0017,2024-06-01,10:45:00,60,completed,phone,2024-05-31,1,,False,Skin
APT0003085,ORD0003085,CLT00169,BIZ005,Revive Beauty Bar,Austin,PRV0009,2024-06-22,11:15:00,60,completed,walk_in,2024-06-19,3,,False,Skin
APT0003086,ORD0003086,CLT00169,BIZ005,Revive Beauty Bar,Austin,PRV0009,2024-07-19,10:45:00,60,completed,referral,2024-06-28,21,,False,Skin
APT0003087,ORD0003087,CLT00169,BIZ005,Revive Beauty Bar,Austin,PRV0010,2024-08-16,10:15:00,30,completed,walk_in,2024-08-13,3,,False,Nails
APT0003088,ORD0003088,CLT00169,BIZ005,Revive Beauty Bar,Austin,PRV0018,2024-09-10,09:45:00,60,completed,walk_in,2024-08-27,14,,False,Nails
APT0003089,ORD0003089,CLT00169,BIZ005,Revive Beauty Bar,Austin,PRV0001,2024-09-24,17:15:00,60,completed,phone,2024-09-10,14,,False,Skin
APT0003090,ORD0003090,CLT00169,BIZ005,Revive Beauty Bar,Austin,PRV0008,2024-10-19,12:30:00,60,completed,phone,2024-10-12,7,,False,Skin
APT0003091,ORD0003091,CLT00169,BIZ005,Revive Beauty Bar,Austin,PRV0017,2024-11-08,10:45:00,60,completed,phone,2024-11-01,7,,False,Nails
APT0003092,ORD0003092,CLT00169,BIZ005,Revive Beauty Bar,Austin,PRV0001,2024-12-04,12:45:00,60,cancelled,online_booking,2024-11-20,14,schedule_conflict,False,Skin
APT0003093,ORD0003093,CLT00169,BIZ005,Revive Beauty Bar,Austin,PRV0009,2024-12-20,18:45:00,15,completed,online_booking,2024-12-17,3,,False,Nails
APT0003094,ORD0003094,CLT00169,BIZ005,Revive Beauty Bar,Austin,PRV0017,2025-01-16,18:15:00,60,completed,online_booking,2025-01-09,7,,False,Skin
APT0003095,ORD0003095,CLT00169,BIZ005,Revive Beauty Bar,Austin,PRV0010,2025-02-03,18:15:00,60,completed,online_booking,2025-01-27,7,,False,Nails
APT0003096,ORD0003096,CLT00169,BIZ005,Revive Beauty Bar,Austin,PRV0016,2025-02-22,15:15:00,60,completed,referral,2025-02-15,7,,False,Skin
APT0003097,ORD0003097,CLT00169,BIZ005,Revive Beauty Bar,Austin,PRV0004,2025-03-22,10:15:00,60,completed,walk_in,2025-03-19,3,,False,Nails
APT0003098,ORD0003098,CLT00169,BIZ005,Revive Beauty Bar,Austin,PRV0013,2025-04-16,11:30:00,45,completed,walk_in,2025-03-26,21,,False,Nails
APT0003099,ORD0003099,CLT00169,BIZ005,Revive Beauty Bar,Austin,PRV0014,2025-05-14,15:00:00,15,completed,app,2025-04-23,21,,False,Nails
APT0003100,ORD0003100,CLT00169,BIZ005,Revive Beauty Bar,Austin,PRV0005,2025-06-07,16:15:00,45,completed,app,2025-06-06,1,,False,Nails
APT0003101,ORD0003101,CLT00169,BIZ005,Revive Beauty Bar,Austin,PRV0020,2025-07-04,11:00:00,30,completed,phone,2025-07-01,3,,False,Nails
APT0003102,ORD0003102,CLT00169,BIZ005,Revive Beauty Bar,Austin,PRV0005,2025-07-30,10:30:00,60,completed,phone,2025-07-23,7,,False,Skin
APT0003103,ORD0003103,CLT00169,BIZ005,Revive Beauty Bar,Austin,PRV0012,2025-08-23,09:30:00,45,completed,referral,2025-08-09,14,,False,Nails
APT0003104,ORD0003104,CLT00169,BIZ005,Revive Beauty Bar,Austin,PRV0015,2025-09-07,16:15:00,60,completed,referral,2025-08-24,14,,False,Nails
APT0003105,ORD0003105,CLT00169,BIZ005,Revive Beauty Bar,Austin,PRV0004,2025-09-30,14:00:00,45,completed,online_booking,2025-09-29,1,,False,Nails
APT0003106,ORD0003106,CLT00169,BIZ005,Revive Beauty Bar,Austin,PRV0009,2025-10-15,09:15:00,75,completed,walk_in,2025-10-01,14,,False,Skin
APT0003107,ORD0003107,CLT00169,BIZ005,Revive Beauty Bar,Austin,PRV0008,2025-10-29,11:15:00,45,completed,app,2025-10-15,14,,False,Nails
APT0003108,ORD0003108,CLT00169,BIZ005,Revive Beauty Bar,Austin,PRV0008,2025-11-12,18:00:00,60,cancelled,walk_in,2025-11-09,3,,False,Skin
APT0003109,ORD0003109,CLT00169,BIZ005,Revive Beauty Bar,Austin,PRV0016,2025-11-30,16:15:00,15,completed,referral,2025-11-23,7,,False,Nails
APT0003110,ORD0003110,CLT00169,BIZ005,Revive Beauty Bar,Austin,PRV0015,2025-12-20,09:15:00,45,completed,online_booking,2025-12-19,1,,False,Nails
APT0003111,ORD0003111,CLT00169,BIZ005,Revive Beauty Bar,Austin,PRV0007,2026-01-16,12:00:00,60,completed,walk_in,2026-01-09,7,,False,Skin
APT0003112,ORD0003112,CLT00169,BIZ005,Revive Beauty Bar,Austin,PRV0002,2026-02-04,12:45:00,15,completed,phone,2026-02-01,3,,False,Nails
APT0003113,ORD0003113,CLT00169,BIZ005,Revive Beauty Bar,Austin,PRV0011,2026-02-24,09:00:00,60,cancelled,app,2026-02-10,14,,False,Skin
APT0003114,ORD0003114,CLT00170,BIZ009,Glow Studio,Boston,PRV0002,2024-04-21,12:30:00,45,completed,app,2024-04-14,7,,True,Skin
APT0003115,ORD0003115,CLT00170,BIZ009,Glow Studio,Boston,PRV0003,2024-06-08,12:45:00,60,completed,phone,2024-06-01,7,,False,Skin
APT0003116,ORD0003116,CLT00170,BIZ009,Glow Studio,Boston,PRV0008,2024-07-17,15:15:00,45,completed,online_booking,2024-07-10,7,,False,Hair
APT0003117,ORD0003117,CLT00170,BIZ009,Glow Studio,Boston,PRV0016,2024-09-04,09:15:00,45,completed,app,2024-08-28,7,,False,Skin
APT0003118,ORD0003118,CLT00170,BIZ009,Glow Studio,Boston,PRV0004,2024-10-20,09:45:00,60,completed,referral,2024-10-13,7,,False,Skin
APT0003119,ORD0003119,CLT00170,BIZ009,Glow Studio,Boston,PRV0006,2024-12-01,10:45:00,120,completed,phone,2024-11-24,7,,False,Hair
APT0003120,ORD0003120,CLT00170,BIZ009,Glow Studio,Boston,PRV0014,2025-01-22,14:00:00,60,completed,phone,2025-01-08,14,,False,Hair
APT0003121,ORD0003121,CLT00170,BIZ009,Glow Studio,Boston,PRV0005,2025-03-04,18:00:00,60,completed,online_booking,2025-02-11,21,,False,Skin
APT0003122,ORD0003122,CLT00170,BIZ009,Glow Studio,Boston,PRV0008,2025-04-24,18:00:00,45,completed,phone,2025-04-17,7,,False,Hair
APT0003123,ORD0003123,CLT00170,BIZ009,Glow Studio,Boston,PRV0015,2025-06-03,16:00:00,120,completed,phone,2025-05-31,3,,False,Hair
APT0003124,ORD0003124,CLT00170,BIZ009,Glow Studio,Boston,PRV0002,2025-07-19,09:15:00,45,completed,online_booking,2025-06-28,21,,False,Hair
APT0003125,ORD0003125,CLT00170,BIZ009,Glow Studio,Boston,PRV0003,2025-09-03,12:30:00,60,completed,phone,2025-09-03,0,,False,Skin
APT0003126,ORD0003126,CLT00170,BIZ009,Glow Studio,Boston,PRV0001,2025-10-21,09:00:00,45,completed,online_booking,2025-10-14,7,,False,Hair
APT0003127,ORD0003127,CLT00170,BIZ009,Glow Studio,Boston,PRV0010,2025-12-03,13:15:00,120,completed,walk_in,2025-11-30,3,,False,Hair
APT0003128,ORD0003128,CLT00170,BIZ009,Glow Studio,Boston,PRV0006,2026-01-15,10:00:00,60,completed,online_booking,2026-01-08,7,,False,Skin
APT0003129,ORD0003129,CLT00170,BIZ009,Glow Studio,Boston,PRV0003,2026-03-08,09:45:00,120,cancelled,walk_in,2026-03-07,1,weather,False,Hair
APT0003130,ORD0003130,CLT00171,BIZ007,The Beauty Loft,Miami,PRV0004,2024-04-27,11:15:00,30,completed,referral,2024-04-13,14,,True,Nails
APT0003131,ORD0003131,CLT00171,BIZ007,The Beauty Loft,Miami,PRV0013,2024-06-07,13:30:00,30,completed,referral,2024-06-04,3,,False,Hair
APT0003132,ORD0003132,CLT00171,BIZ007,The Beauty Loft,Miami,PRV0006,2024-07-17,17:15:00,45,completed,referral,2024-07-16,1,,False,Nails
APT0003133,ORD0003133,CLT00171,BIZ007,The Beauty Loft,Miami,PRV0020,2024-08-27,13:45:00,150,completed,app,2024-08-06,21,,False,Hair
APT0003134,ORD0003134,CLT00171,BIZ007,The Beauty Loft,Miami,PRV0001,2024-09-27,17:30:00,45,completed,online_booking,2024-09-24,3,,False,Nails
APT0003135,ORD0003135,CLT00171,BIZ007,The Beauty Loft,Miami,PRV0010,2024-11-08,18:15:00,45,completed,referral,2024-10-18,21,,False,Hair
APT0003136,ORD0003136,CLT00171,BIZ007,The Beauty Loft,Miami,PRV0009,2024-12-12,16:45:00,60,completed,referral,2024-12-09,3,,False,Hair
APT0003137,ORD0003137,CLT00171,BIZ007,The Beauty Loft,Miami,PRV0018,2025-01-19,18:00:00,45,completed,walk_in,2025-01-16,3,,False,Nails
APT0003138,ORD0003138,CLT00171,BIZ007,The Beauty Loft,Miami,PRV0020,2025-02-27,15:00:00,60,completed,online_booking,2025-02-24,3,,False,Hair
APT0003139,ORD0003139,CLT00171,BIZ007,The Beauty Loft,Miami,PRV0004,2025-04-08,18:15:00,60,completed,walk_in,2025-04-05,3,,False,Hair
APT0003140,ORD0003140,CLT00171,BIZ007,The Beauty Loft,Miami,PRV0001,2025-05-19,18:00:00,45,completed,phone,2025-05-16,3,,False,Hair
APT0003141,ORD0003141,CLT00171,BIZ007,The Beauty Loft,Miami,PRV0016,2025-06-23,16:45:00,45,cancelled,online_booking,2025-06-09,14,no_reason_given,False,Hair
APT0003142,ORD0003142,CLT00171,BIZ007,The Beauty Loft,Miami,PRV0005,2025-08-02,16:00:00,30,completed,phone,2025-07-26,7,,False,Hair
APT0003143,ORD0003143,CLT00171,BIZ007,The Beauty Loft,Miami,PRV0015,2025-09-06,18:30:00,120,completed,phone,2025-09-03,3,,False,Hair
APT0003144,ORD0003144,CLT00171,BIZ007,The Beauty Loft,Miami,PRV0011,2025-10-08,14:30:00,120,completed,walk_in,2025-10-01,7,,False,Hair
APT0003145,ORD0003145,CLT00171,BIZ007,The Beauty Loft,Miami,PRV0011,2025-11-15,11:00:00,45,completed,online_booking,2025-11-08,7,,False,Nails
APT0003146,ORD0003146,CLT00171,BIZ007,The Beauty Loft,Miami,PRV0016,2025-12-19,11:15:00,60,completed,walk_in,2025-12-12,7,,False,Hair
APT0003147,ORD0003147,CLT00171,BIZ007,The Beauty Loft,Miami,PRV0013,2026-01-26,11:45:00,15,completed,online_booking,2026-01-23,3,,False,Nails
APT0003148,ORD0003148,CLT00171,BIZ007,The Beauty Loft,Miami,PRV0018,2026-02-24,13:30:00,45,completed,app,2026-02-21,3,,False,Nails
APT0003149,ORD0003149,CLT00171,BIZ007,The Beauty Loft,Miami,PRV0014,2026-03-28,15:00:00,45,cancelled,phone,2026-03-21,7,,False,Nails
APT0003150,ORD0003150,CLT00172,BIZ008,Posh Nails & Spa,Denver,PRV0020,2024-04-26,14:45:00,120,cancelled,walk_in,2024-04-19,7,personal_emergency,True,Hair
APT0003151,ORD0003151,CLT00172,BIZ008,Posh Nails & Spa,Denver,PRV0002,2024-05-12,09:45:00,45,completed,online_booking,2024-05-11,1,,False,Hair
APT0003152,ORD0003152,CLT00172,BIZ008,Posh Nails & Spa,Denver,PRV0014,2024-06-07,12:15:00,60,completed,referral,2024-05-31,7,,False,Hair
APT0003153,ORD0003153,CLT00172,BIZ008,Posh Nails & Spa,Denver,PRV0004,2024-06-28,14:00:00,150,completed,app,2024-06-21,7,,False,Hair
APT0003154,ORD0003154,CLT00172,BIZ008,Posh Nails & Spa,Denver,PRV0003,2024-07-22,14:00:00,120,completed,app,2024-07-19,3,,False,Hair
APT0003155,ORD0003155,CLT00172,BIZ008,Posh Nails & Spa,Denver,PRV0005,2024-08-18,18:30:00,60,completed,app,2024-08-11,7,,False,Massage
APT0003156,ORD0003156,CLT00172,BIZ008,Posh Nails & Spa,Denver,PRV0017,2024-09-14,13:15:00,75,completed,referral,2024-09-07,7,,False,Massage
APT0003157,ORD0003157,CLT00172,BIZ008,Posh Nails & Spa,Denver,PRV0005,2024-09-28,16:45:00,30,completed,online_booking,2024-09-21,7,,False,Hair
APT0003158,ORD0003158,CLT00172,BIZ008,Posh Nails & Spa,Denver,PRV0010,2024-10-17,11:30:00,60,completed,referral,2024-10-10,7,,False,Hair
APT0003159,ORD0003159,CLT00172,BIZ008,Posh Nails & Spa,Denver,PRV0020,2024-11-09,17:30:00,60,completed,online_booking,2024-10-26,14,,False,Massage
APT0003160,ORD0003160,CLT00172,BIZ008,Posh Nails & Spa,Denver,PRV0020,2024-11-29,11:45:00,60,cancelled,walk_in,2024-11-26,3,schedule_conflict,False,Massage
APT0003161,ORD0003161,CLT00172,BIZ008,Posh Nails & Spa,Denver,PRV0008,2024-12-23,14:45:00,60,completed,online_booking,2024-12-20,3,,False,Massage
APT0003162,ORD0003162,CLT00172,BIZ008,Posh Nails & Spa,Denver,PRV0008,2025-01-09,11:30:00,45,completed,app,2025-01-02,7,,False,Hair
APT0003163,ORD0003163,CLT00172,BIZ008,Posh Nails & Spa,Denver,PRV0001,2025-01-29,14:30:00,120,completed,online_booking,2025-01-26,3,,False,Hair
APT0003164,ORD0003164,CLT00172,BIZ008,Posh Nails & Spa,Denver,PRV0016,2025-02-13,10:15:00,60,completed,online_booking,2025-01-23,21,,False,Massage
APT0003165,ORD0003165,CLT00172,BIZ008,Posh Nails & Spa,Denver,PRV0008,2025-03-08,09:45:00,60,no_show,online_booking,2025-03-05,3,,False,Massage
APT0003166,ORD0003166,CLT00172,BIZ008,Posh Nails & Spa,Denver,PRV0015,2025-03-23,16:15:00,30,completed,app,2025-03-16,7,,False,Hair
APT0003167,ORD0003167,CLT00172,BIZ008,Posh Nails & Spa,Denver,PRV0006,2025-04-15,17:15:00,45,completed,phone,2025-04-01,14,,False,Hair
APT0003168,ORD0003168,CLT00172,BIZ008,Posh Nails & Spa,Denver,PRV0011,2025-05-03,13:15:00,150,completed,referral,2025-05-02,1,,False,Hair
APT0003169,ORD0003169,CLT00172,BIZ008,Posh Nails & Spa,Denver,PRV0019,2025-05-23,10:00:00,75,cancelled,phone,2025-05-16,7,rescheduled,False,Massage
APT0003170,ORD0003170,CLT00172,BIZ008,Posh Nails & Spa,Denver,PRV0009,2025-06-07,15:15:00,60,completed,walk_in,2025-06-06,1,,False,Massage
APT0003171,ORD0003171,CLT00172,BIZ008,Posh Nails & Spa,Denver,PRV0006,2025-06-28,13:15:00,120,completed,phone,2025-06-28,0,,False,Hair
APT0003172,ORD0003172,CLT00172,BIZ008,Posh Nails & Spa,Denver,PRV0004,2025-07-16,14:30:00,60,completed,referral,2025-07-02,14,,False,Massage
APT0003173,ORD0003173,CLT00172,BIZ008,Posh Nails & Spa,Denver,PRV0011,2025-08-01,10:45:00,120,completed,phone,2025-08-01,0,,False,Hair
APT0003174,ORD0003174,CLT00172,BIZ008,Posh Nails & Spa,Denver,PRV0020,2025-08-19,13:15:00,60,completed,phone,2025-07-29,21,,False,Massage
APT0003175,ORD0003175,CLT00172,BIZ008,Posh Nails & Spa,Denver,PRV0006,2025-09-10,17:45:00,120,completed,walk_in,2025-09-07,3,,False,Hair
APT0003176,ORD0003176,CLT00172,BIZ008,Posh Nails & Spa,Denver,PRV0013,2025-10-04,09:45:00,120,completed,referral,2025-09-13,21,,False,Hair
APT0003177,ORD0003177,CLT00172,BIZ008,Posh Nails & Spa,Denver,PRV0014,2025-10-25,16:45:00,60,completed,online_booking,2025-10-22,3,,False,Massage
APT0003178,ORD0003178,CLT00172,BIZ008,Posh Nails & Spa,Denver,PRV0012,2025-11-20,10:45:00,60,cancelled,online_booking,2025-11-17,3,,False,Massage
APT0003179,ORD0003179,CLT00172,BIZ008,Posh Nails & Spa,Denver,PRV0006,2025-12-17,17:30:00,30,completed,referral,2025-11-26,21,,False,Hair
APT0003180,ORD0003180,CLT00172,BIZ008,Posh Nails & Spa,Denver,PRV0005,2026-01-07,15:45:00,60,completed,online_booking,2026-01-07,0,,False,Massage
APT0003181,ORD0003181,CLT00172,BIZ008,Posh Nails & Spa,Denver,PRV0020,2026-01-28,11:30:00,30,completed,walk_in,2026-01-21,7,,False,Hair
APT0003182,ORD0003182,CLT00172,BIZ008,Posh Nails & Spa,Denver,PRV0019,2026-02-14,09:30:00,120,completed,referral,2026-02-13,1,,False,Hair
APT0003183,ORD0003183,CLT00173,BIZ003,The Glam Room,New York,PRV0004,2024-04-08,12:45:00,60,completed,online_booking,2024-04-07,1,,True,Nails
APT0003184,ORD0003184,CLT00173,BIZ003,The Glam Room,New York,PRV0013,2024-05-28,11:00:00,30,completed,app,2024-05-14,14,,False,Nails
APT0003185,ORD0003185,CLT00173,BIZ003,The Glam Room,New York,PRV0003,2024-07-15,16:45:00,15,completed,walk_in,2024-07-14,1,,False,Nails
APT0003186,ORD0003186,CLT00173,BIZ003,The Glam Room,New York,PRV0008,2024-08-24,11:30:00,45,completed,walk_in,2024-08-03,21,,False,Nails
APT0003187,ORD0003187,CLT00173,BIZ003,The Glam Room,New York,PRV0013,2024-10-02,17:00:00,45,completed,referral,2024-09-29,3,,False,Nails
APT0003188,ORD0003188,CLT00173,BIZ003,The Glam Room,New York,PRV0010,2024-11-09,17:15:00,15,completed,online_booking,2024-11-08,1,,False,Nails
APT0003189,ORD0003189,CLT00173,BIZ003,The Glam Room,New York,PRV0001,2024-12-25,12:15:00,45,completed,online_booking,2024-12-18,7,,False,Nails
APT0003190,ORD0003190,CLT00173,BIZ003,The Glam Room,New York,PRV0013,2025-02-14,16:00:00,30,completed,phone,2025-02-07,7,,False,Nails
APT0003191,ORD0003191,CLT00173,BIZ003,The Glam Room,New York,PRV0018,2025-04-01,09:30:00,45,completed,app,2025-03-18,14,,False,Nails
APT0003192,ORD0003192,CLT00173,BIZ003,The Glam Room,New York,PRV0007,2025-05-22,14:00:00,45,completed,online_booking,2025-05-19,3,,False,Nails
APT0003193,ORD0003193,CLT00173,BIZ003,The Glam Room,New York,PRV0011,2025-07-10,14:45:00,30,completed,phone,2025-07-03,7,,False,Nails
APT0003194,ORD0003194,CLT00173,BIZ003,The Glam Room,New York,PRV0017,2025-08-26,11:15:00,45,completed,phone,2025-08-26,0,,False,Nails
APT0003195,ORD0003195,CLT00173,BIZ003,The Glam Room,New York,PRV0011,2025-10-09,14:00:00,30,late_cancel,phone,2025-09-18,21,forgot,False,Nails
APT0003196,ORD0003196,CLT00174,BIZ007,The Beauty Loft,Miami,PRV0001,2024-06-29,16:30:00,60,completed,phone,2024-06-22,7,,True,Massage
APT0003197,ORD0003197,CLT00174,BIZ007,The Beauty Loft,Miami,PRV0004,2024-09-24,10:30:00,75,no_show,app,2024-09-21,3,schedule_conflict,False,Massage
APT0003198,ORD0003198,CLT00174,BIZ007,The Beauty Loft,Miami,PRV0012,2024-12-18,09:30:00,60,completed,online_booking,2024-12-11,7,,False,Massage
APT0003199,ORD0003199,CLT00174,BIZ007,The Beauty Loft,Miami,PRV0018,2025-03-16,11:45:00,60,completed,referral,2025-03-09,7,,False,Massage
APT0003200,ORD0003200,CLT00174,BIZ007,The Beauty Loft,Miami,PRV0006,2025-06-10,11:30:00,45,completed,app,2025-06-03,7,,False,Skin
APT0003201,ORD0003201,CLT00174,BIZ007,The Beauty Loft,Miami,PRV0004,2025-09-02,11:30:00,60,completed,app,2025-08-30,3,,False,Massage
APT0003202,ORD0003202,CLT00174,BIZ007,The Beauty Loft,Miami,PRV0014,2025-11-24,18:15:00,75,completed,walk_in,2025-11-10,14,,False,Massage
APT0003203,ORD0003203,CLT00174,BIZ007,The Beauty Loft,Miami,PRV0020,2026-03-01,13:30:00,60,completed,phone,2026-02-28,1,,False,Skin
APT0003204,ORD0003204,CLT00175,BIZ009,Glow Studio,Boston,PRV0007,2024-05-09,09:15:00,60,completed,online_booking,2024-05-06,3,,True,Skin
APT0003205,ORD0003205,CLT00175,BIZ009,Glow Studio,Boston,PRV0001,2024-06-14,11:30:00,30,completed,referral,2024-06-11,3,,False,Hair
APT0003206,ORD0003206,CLT00175,BIZ009,Glow Studio,Boston,PRV0013,2024-07-21,16:15:00,45,completed,online_booking,2024-07-21,0,,False,Skin
APT0003207,ORD0003207,CLT00175,BIZ009,Glow Studio,Boston,PRV0007,2024-08-25,12:45:00,75,completed,referral,2024-08-25,0,,False,Skin
APT0003208,ORD0003208,CLT00175,BIZ009,Glow Studio,Boston,PRV0004,2024-09-30,16:30:00,120,completed,referral,2024-09-29,1,,False,Hair
APT0003209,ORD0003209,CLT00175,BIZ009,Glow Studio,Boston,PRV0014,2024-10-29,11:00:00,75,completed,referral,2024-10-22,7,,False,Skin
APT0003210,ORD0003210,CLT00175,BIZ009,Glow Studio,Boston,PRV0006,2024-12-10,11:30:00,60,completed,referral,2024-12-10,0,,False,Hair
APT0003211,ORD0003211,CLT00175,BIZ009,Glow Studio,Boston,PRV0020,2025-01-17,13:00:00,150,completed,referral,2025-01-16,1,,False,Hair
APT0003212,ORD0003212,CLT00175,BIZ009,Glow Studio,Boston,PRV0017,2025-02-26,13:30:00,120,completed,walk_in,2025-02-12,14,,False,Hair
APT0003213,ORD0003213,CLT00175,BIZ009,Glow Studio,Boston,PRV0006,2025-03-29,15:00:00,60,completed,online_booking,2025-03-22,7,,False,Skin
APT0003214,ORD0003214,CLT00175,BIZ009,Glow Studio,Boston,PRV0010,2025-05-07,18:45:00,60,completed,app,2025-05-04,3,,False,Skin
APT0003215,ORD0003215,CLT00175,BIZ009,Glow Studio,Boston,PRV0015,2025-06-10,14:15:00,45,completed,online_booking,2025-05-20,21,,False,Hair
APT0003216,ORD0003216,CLT00175,BIZ009,Glow Studio,Boston,PRV0008,2025-07-12,16:00:00,60,completed,walk_in,2025-06-21,21,,False,Skin
APT0003217,ORD0003217,CLT00175,BIZ009,Glow Studio,Boston,PRV0009,2025-08-23,18:30:00,60,completed,app,2025-08-20,3,,False,Skin
APT0003218,ORD0003218,CLT00175,BIZ009,Glow Studio,Boston,PRV0005,2025-09-21,15:45:00,120,completed,online_booking,2025-09-14,7,,False,Hair
APT0003219,ORD0003219,CLT00175,BIZ009,Glow Studio,Boston,PRV0015,2025-10-24,14:45:00,60,completed,phone,2025-10-10,14,,False,Skin
APT0003220,ORD0003220,CLT00175,BIZ009,Glow Studio,Boston,PRV0005,2025-11-30,14:30:00,60,completed,phone,2025-11-29,1,,False,Skin
APT0003221,ORD0003221,CLT00175,BIZ009,Glow Studio,Boston,PRV0020,2026-01-05,15:45:00,45,completed,phone,2025-12-15,21,,False,Hair
APT0003222,ORD0003222,CLT00175,BIZ009,Glow Studio,Boston,PRV0007,2026-02-14,18:15:00,45,completed,referral,2026-01-24,21,,False,Skin
APT0003223,ORD0003223,CLT00175,BIZ009,Glow Studio,Boston,PRV0012,2026-03-14,14:45:00,60,completed,walk_in,2026-03-13,1,,False,Skin
APT0003224,ORD0003224,CLT00176,BIZ002,Bloom Salon & Spa,Los Angeles,PRV0019,2024-05-17,15:00:00,60,completed,walk_in,2024-05-14,3,,True,Skin
APT0003225,ORD0003225,CLT00176,BIZ002,Bloom Salon & Spa,Los Angeles,PRV0010,2024-07-20,14:30:00,60,completed,phone,2024-07-17,3,,False,Skin
APT0003226,ORD0003226,CLT00176,BIZ002,Bloom Salon & Spa,Los Angeles,PRV0016,2024-09-11,15:15:00,60,completed,phone,2024-08-28,14,,False,Skin
APT0003227,ORD0003227,CLT00176,BIZ002,Bloom Salon & Spa,Los Angeles,PRV0007,2024-11-03,17:45:00,45,completed,online_booking,2024-11-02,1,,False,Nails
APT0003228,ORD0003228,CLT00176,BIZ002,Bloom Salon & Spa,Los Angeles,PRV0002,2025-01-01,18:00:00,45,completed,walk_in,2024-12-11,21,,False,Nails
APT0003229,ORD0003229,CLT00176,BIZ002,Bloom Salon & Spa,Los Angeles,PRV0002,2025-03-05,11:30:00,60,no_show,online_booking,2025-03-05,0,no_reason_given,False,Skin
APT0003230,ORD0003230,CLT00176,BIZ002,Bloom Salon & Spa,Los Angeles,PRV0008,2025-04-27,15:30:00,45,completed,phone,2025-04-06,21,,False,Nails
APT0003231,ORD0003231,CLT00176,BIZ002,Bloom Salon & Spa,Los Angeles,PRV0011,2025-06-24,14:00:00,45,completed,app,2025-06-17,7,,False,Nails
APT0003232,ORD0003232,CLT00176,BIZ002,Bloom Salon & Spa,Los Angeles,PRV0019,2025-08-26,17:30:00,60,completed,phone,2025-08-26,0,,False,Skin
APT0003233,ORD0003233,CLT00176,BIZ002,Bloom Salon & Spa,Los Angeles,PRV0011,2025-10-21,17:45:00,45,completed,referral,2025-10-14,7,,False,Nails
APT0003234,ORD0003234,CLT00176,BIZ002,Bloom Salon & Spa,Los Angeles,PRV0002,2025-12-20,11:15:00,45,completed,online_booking,2025-11-29,21,,False,Nails
APT0003235,ORD0003235,CLT00176,BIZ002,Bloom Salon & Spa,Los Angeles,PRV0010,2026-02-13,13:30:00,75,completed,app,2026-02-06,7,,False,Skin
APT0003236,ORD0003236,CLT00177,BIZ010,Elevate Salon,Nashville,PRV0014,2024-04-22,10:00:00,45,completed,walk_in,2024-04-08,14,,True,Skin
APT0003237,ORD0003237,CLT00177,BIZ010,Elevate Salon,Nashville,PRV0020,2024-05-15,13:15:00,45,completed,referral,2024-05-08,7,,False,Skin
APT0003238,ORD0003238,CLT00177,BIZ010,Elevate Salon,Nashville,PRV0017,2024-06-12,15:30:00,75,completed,phone,2024-06-05,7,,False,Skin
APT0003239,ORD0003239,CLT00177,BIZ010,Elevate Salon,Nashville,PRV0019,2024-06-30,14:45:00,45,completed,referral,2024-06-30,0,,False,Skin
APT0003240,ORD0003240,CLT00177,BIZ010,Elevate Salon,Nashville,PRV0004,2024-07-25,15:30:00,75,completed,app,2024-07-04,21,,False,Skin
APT0003241,ORD0003241,CLT00177,BIZ010,Elevate Salon,Nashville,PRV0014,2024-08-14,09:00:00,60,completed,app,2024-08-07,7,,False,Skin
APT0003242,ORD0003242,CLT00177,BIZ010,Elevate Salon,Nashville,PRV0020,2024-09-09,13:30:00,75,completed,online_booking,2024-09-06,3,,False,Skin
APT0003243,ORD0003243,CLT00177,BIZ010,Elevate Salon,Nashville,PRV0013,2024-10-03,10:15:00,45,completed,phone,2024-09-26,7,,False,Skin
APT0003244,ORD0003244,CLT00177,BIZ010,Elevate Salon,Nashville,PRV0015,2024-10-27,12:45:00,60,completed,online_booking,2024-10-20,7,,False,Skin
APT0003245,ORD0003245,CLT00177,BIZ010,Elevate Salon,Nashville,PRV0006,2024-11-14,15:15:00,60,completed,walk_in,2024-10-24,21,,False,Skin
APT0003246,ORD0003246,CLT00177,BIZ010,Elevate Salon,Nashville,PRV0009,2024-11-30,16:00:00,60,completed,walk_in,2024-11-29,1,,False,Skin
APT0003247,ORD0003247,CLT00177,BIZ010,Elevate Salon,Nashville,PRV0006,2024-12-21,16:30:00,60,completed,app,2024-12-14,7,,False,Skin
APT0003248,ORD0003248,CLT00177,BIZ010,Elevate Salon,Nashville,PRV0009,2025-01-11,13:30:00,45,completed,phone,2024-12-28,14,,False,Skin
APT0003249,ORD0003249,CLT00177,BIZ010,Elevate Salon,Nashville,PRV0017,2025-02-08,18:15:00,45,completed,app,2025-02-01,7,,False,Skin
APT0003250,ORD0003250,CLT00177,BIZ010,Elevate Salon,Nashville,PRV0010,2025-03-07,11:45:00,60,completed,walk_in,2025-02-28,7,,False,Skin
APT0003251,ORD0003251,CLT00177,BIZ010,Elevate Salon,Nashville,PRV0003,2025-03-25,12:15:00,60,completed,walk_in,2025-03-18,7,,False,Skin
APT0003252,ORD0003252,CLT00177,BIZ010,Elevate Salon,Nashville,PRV0020,2025-04-08,15:00:00,60,completed,walk_in,2025-04-05,3,,False,Skin
APT0003253,ORD0003253,CLT00177,BIZ010,Elevate Salon,Nashville,PRV0006,2025-05-03,09:00:00,75,completed,walk_in,2025-05-03,0,,False,Skin
APT0003254,ORD0003254,CLT00177,BIZ010,Elevate Salon,Nashville,PRV0001,2025-05-31,16:00:00,45,completed,phone,2025-05-17,14,,False,Skin
APT0003255,ORD0003255,CLT00177,BIZ010,Elevate Salon,Nashville,PRV0007,2025-06-18,09:30:00,60,completed,walk_in,2025-06-11,7,,False,Skin
APT0003256,ORD0003256,CLT00177,BIZ010,Elevate Salon,Nashville,PRV0013,2025-07-13,16:30:00,45,completed,app,2025-07-06,7,,False,Skin
APT0003257,ORD0003257,CLT00177,BIZ010,Elevate Salon,Nashville,PRV0018,2025-08-06,13:15:00,75,no_show,walk_in,2025-08-05,1,rescheduled,False,Skin
APT0003258,ORD0003258,CLT00177,BIZ010,Elevate Salon,Nashville,PRV0010,2025-08-31,12:00:00,60,completed,phone,2025-08-28,3,,False,Skin
APT0003259,ORD0003259,CLT00177,BIZ010,Elevate Salon,Nashville,PRV0009,2025-09-21,15:15:00,60,completed,app,2025-09-14,7,,False,Skin
APT0003260,ORD0003260,CLT00177,BIZ010,Elevate Salon,Nashville,PRV0008,2025-10-19,14:45:00,60,completed,walk_in,2025-10-18,1,,False,Skin
APT0003261,ORD0003261,CLT00177,BIZ010,Elevate Salon,Nashville,PRV0018,2025-11-16,12:00:00,60,no_show,walk_in,2025-11-02,14,illness,False,Skin
APT0003262,ORD0003262,CLT00177,BIZ010,Elevate Salon,Nashville,PRV0009,2025-12-06,18:00:00,75,completed,phone,2025-11-29,7,,False,Skin
APT0003263,ORD0003263,CLT00177,BIZ010,Elevate Salon,Nashville,PRV0011,2025-12-28,09:00:00,60,completed,online_booking,2025-12-21,7,,False,Skin
APT0003264,ORD0003264,CLT00177,BIZ010,Elevate Salon,Nashville,PRV0010,2026-01-18,16:45:00,75,completed,walk_in,2026-01-15,3,,False,Skin
APT0003265,ORD0003265,CLT00177,BIZ010,Elevate Salon,Nashville,PRV0016,2026-02-11,18:45:00,60,completed,phone,2026-02-04,7,,False,Skin
APT0003266,ORD0003266,CLT00177,BIZ010,Elevate Salon,Nashville,PRV0006,2026-03-02,13:45:00,75,completed,online_booking,2026-03-01,1,,False,Skin
APT0003267,ORD0003267,CLT00177,BIZ010,Elevate Salon,Nashville,PRV0001,2026-03-20,16:15:00,60,completed,phone,2026-03-17,3,,False,Skin
APT0003268,ORD0003268,CLT00178,BIZ001,Luxe Hair Studio,San Francisco,PRV0014,2024-05-17,10:00:00,60,completed,walk_in,2024-05-16,1,,True,Skin
APT0003269,ORD0003269,CLT00178,BIZ001,Luxe Hair Studio,San Francisco,PRV0019,2024-06-23,10:45:00,120,completed,walk_in,2024-06-20,3,,False,Hair
APT0003270,ORD0003270,CLT00178,BIZ001,Luxe Hair Studio,San Francisco,PRV0002,2024-08-04,18:45:00,60,completed,referral,2024-07-28,7,,False,Skin
APT0003271,ORD0003271,CLT00178,BIZ001,Luxe Hair Studio,San Francisco,PRV0018,2024-09-01,09:45:00,120,completed,referral,2024-08-25,7,,False,Hair
APT0003272,ORD0003272,CLT00178,BIZ001,Luxe Hair Studio,San Francisco,PRV0017,2024-10-02,18:45:00,120,completed,walk_in,2024-09-25,7,,False,Hair
APT0003273,ORD0003273,CLT00178,BIZ001,Luxe Hair Studio,San Francisco,PRV0003,2024-11-08,09:45:00,150,completed,phone,2024-10-25,14,,False,Hair
APT0003274,ORD0003274,CLT00178,BIZ001,Luxe Hair Studio,San Francisco,PRV0015,2024-12-08,12:45:00,30,completed,app,2024-12-07,1,,False,Hair
APT0003275,ORD0003275,CLT00178,BIZ001,Luxe Hair Studio,San Francisco,PRV0013,2025-01-11,11:30:00,120,cancelled,phone,2024-12-21,21,forgot,False,Hair
APT0003276,ORD0003276,CLT00178,BIZ001,Luxe Hair Studio,San Francisco,PRV0019,2025-02-21,14:00:00,150,completed,phone,2025-02-20,1,,False,Hair
APT0003277,ORD0003277,CLT00178,BIZ001,Luxe Hair Studio,San Francisco,PRV0008,2025-04-04,17:00:00,45,completed,online_booking,2025-04-01,3,,False,Skin
APT0003278,ORD0003278,CLT00178,BIZ001,Luxe Hair Studio,San Francisco,PRV0009,2025-05-12,09:00:00,150,completed,walk_in,2025-04-28,14,,False,Hair
APT0003279,ORD0003279,CLT00178,BIZ001,Luxe Hair Studio,San Francisco,PRV0011,2025-06-10,17:00:00,60,completed,online_booking,2025-06-03,7,,False,Skin
APT0003280,ORD0003280,CLT00178,BIZ001,Luxe Hair Studio,San Francisco,PRV0014,2025-07-16,10:15:00,45,completed,referral,2025-07-15,1,,False,Skin
APT0003281,ORD0003281,CLT00178,BIZ001,Luxe Hair Studio,San Francisco,PRV0010,2025-08-24,10:30:00,150,completed,online_booking,2025-08-03,21,,False,Hair
APT0003282,ORD0003282,CLT00178,BIZ001,Luxe Hair Studio,San Francisco,PRV0006,2025-09-28,11:30:00,30,completed,online_booking,2025-09-21,7,,False,Hair
APT0003283,ORD0003283,CLT00178,BIZ001,Luxe Hair Studio,San Francisco,PRV0001,2025-10-26,11:30:00,45,completed,phone,2025-10-23,3,,False,Skin
APT0003284,ORD0003284,CLT00178,BIZ001,Luxe Hair Studio,San Francisco,PRV0003,2025-12-02,09:15:00,60,no_show,phone,2025-12-02,0,schedule_conflict,False,Skin
APT0003285,ORD0003285,CLT00179,BIZ010,Elevate Salon,Nashville,PRV0015,2024-04-29,18:30:00,60,completed,walk_in,2024-04-22,7,,True,Hair
APT0003286,ORD0003286,CLT00179,BIZ010,Elevate Salon,Nashville,PRV0020,2024-06-28,14:00:00,60,completed,referral,2024-06-25,3,,False,Hair
APT0003287,ORD0003287,CLT00179,BIZ010,Elevate Salon,Nashville,PRV0016,2024-08-21,11:45:00,60,completed,walk_in,2024-08-07,14,,False,Skin
APT0003288,ORD0003288,CLT00179,BIZ010,Elevate Salon,Nashville,PRV0009,2024-10-19,14:30:00,60,completed,app,2024-10-16,3,,False,Skin
APT0003289,ORD0003289,CLT00179,BIZ010,Elevate Salon,Nashville,PRV0016,2024-12-24,14:30:00,45,completed,walk_in,2024-12-23,1,,False,Skin
APT0003290,ORD0003290,CLT00179,BIZ010,Elevate Salon,Nashville,PRV0008,2025-02-23,14:30:00,75,completed,app,2025-02-09,14,,False,Skin
APT0003291,ORD0003291,CLT00179,BIZ010,Elevate Salon,Nashville,PRV0011,2025-04-29,14:15:00,45,completed,app,2025-04-28,1,,False,Skin
APT0003292,ORD0003292,CLT00179,BIZ010,Elevate Salon,Nashville,PRV0016,2025-07-02,18:30:00,150,completed,referral,2025-06-25,7,,False,Hair
APT0003293,ORD0003293,CLT00179,BIZ010,Elevate Salon,Nashville,PRV0009,2025-08-25,09:45:00,60,no_show,phone,2025-08-22,3,weather,False,Skin
APT0003294,ORD0003294,CLT00180,BIZ004,Serenity Spa,Chicago,PRV0019,2024-04-25,16:15:00,45,completed,app,2024-04-22,3,,True,Nails
APT0003295,ORD0003295,CLT00180,BIZ004,Serenity Spa,Chicago,PRV0013,2024-05-25,16:15:00,150,completed,online_booking,2024-05-11,14,,False,Hair
APT0003296,ORD0003296,CLT00180,BIZ004,Serenity Spa,Chicago,PRV0015,2024-06-30,10:45:00,45,completed,phone,2024-06-27,3,,False,Hair
APT0003297,ORD0003297,CLT00180,BIZ004,Serenity Spa,Chicago,PRV0010,2024-08-07,13:00:00,30,completed,walk_in,2024-08-04,3,,False,Nails
APT0003298,ORD0003298,CLT00180,BIZ004,Serenity Spa,Chicago,PRV0001,2024-09-17,16:45:00,45,completed,referral,2024-09-16,1,,False,Nails
APT0003299,ORD0003299,CLT00180,BIZ004,Serenity Spa,Chicago,PRV0006,2024-10-22,17:00:00,120,completed,app,2024-10-01,21,,False,Hair
APT0003300,ORD0003300,CLT00180,BIZ004,Serenity Spa,Chicago,PRV0013,2024-11-19,12:45:00,45,completed,phone,2024-11-12,7,,False,Nails
APT0003301,ORD0003301,CLT00180,BIZ004,Serenity Spa,Chicago,PRV0009,2024-12-21,17:15:00,45,completed,walk_in,2024-12-20,1,,False,Nails
APT0003302,ORD0003302,CLT00180,BIZ004,Serenity Spa,Chicago,PRV0002,2025-02-01,10:45:00,30,completed,walk_in,2025-01-31,1,,False,Nails
APT0003303,ORD0003303,CLT00180,BIZ004,Serenity Spa,Chicago,PRV0017,2025-03-10,17:15:00,45,no_show,app,2025-03-03,7,personal_emergency,False,Nails
APT0003304,ORD0003304,CLT00180,BIZ004,Serenity Spa,Chicago,PRV0001,2025-04-09,17:45:00,30,completed,phone,2025-03-19,21,,False,Hair
APT0003305,ORD0003305,CLT00180,BIZ004,Serenity Spa,Chicago,PRV0013,2025-05-15,09:30:00,60,cancelled,referral,2025-05-08,7,personal_emergency,False,Hair
APT0003306,ORD0003306,CLT00180,BIZ004,Serenity Spa,Chicago,PRV0020,2025-06-24,09:45:00,60,completed,phone,2025-06-21,3,,False,Nails
APT0003307,ORD0003307,CLT00180,BIZ004,Serenity Spa,Chicago,PRV0001,2025-07-26,17:45:00,150,completed,referral,2025-07-19,7,,False,Hair
APT0003308,ORD0003308,CLT00180,BIZ004,Serenity Spa,Chicago,PRV0001,2025-09-06,12:45:00,15,completed,app,2025-08-16,21,,False,Nails
APT0003309,ORD0003309,CLT00180,BIZ004,Serenity Spa,Chicago,PRV0016,2025-10-04,13:15:00,15,completed,app,2025-10-01,3,,False,Nails
APT0003310,ORD0003310,CLT00180,BIZ004,Serenity Spa,Chicago,PRV0003,2025-11-09,17:15:00,60,completed,referral,2025-11-06,3,,False,Nails
APT0003311,ORD0003311,CLT00180,BIZ004,Serenity Spa,Chicago,PRV0019,2025-12-18,09:45:00,120,completed,walk_in,2025-12-11,7,,False,Hair
APT0003312,ORD0003312,CLT00180,BIZ004,Serenity Spa,Chicago,PRV0017,2026-01-20,09:00:00,30,completed,walk_in,2026-01-13,7,,False,Hair
APT0003313,ORD0003313,CLT00180,BIZ004,Serenity Spa,Chicago,PRV0010,2026-03-01,18:45:00,30,completed,walk_in,2026-02-26,3,,False,Hair
APT0003314,ORD0003314,CLT00181,BIZ010,Elevate Salon,Nashville,PRV0007,2024-04-27,09:45:00,120,completed,online_booking,2024-04-13,14,,True,Hair
APT0003315,ORD0003315,CLT00181,BIZ010,Elevate Salon,Nashville,PRV0008,2024-05-26,09:30:00,30,completed,online_booking,2024-05-19,7,,False,Hair
APT0003316,ORD0003316,CLT00181,BIZ010,Elevate Salon,Nashville,PRV0007,2024-07-01,11:15:00,60,completed,referral,2024-06-28,3,,False,Hair
APT0003317,ORD0003317,CLT00181,BIZ010,Elevate Salon,Nashville,PRV0001,2024-08-06,10:30:00,60,completed,online_booking,2024-07-23,14,,False,Hair
APT0003318,ORD0003318,CLT00181,BIZ010,Elevate Salon,Nashville,PRV0016,2024-09-11,09:45:00,60,completed,app,2024-08-28,14,,False,Hair
APT0003319,ORD0003319,CLT00181,BIZ010,Elevate Salon,Nashville,PRV0008,2024-10-14,14:15:00,45,completed,app,2024-09-30,14,,False,Hair
APT0003320,ORD0003320,CLT00181,BIZ010,Elevate Salon,Nashville,PRV0008,2024-11-24,10:45:00,30,cancelled,online_booking,2024-11-21,3,,False,Hair
APT0003321,ORD0003321,CLT00181,BIZ010,Elevate Salon,Nashville,PRV0001,2024-12-29,12:15:00,150,no_show,referral,2024-12-28,1,rescheduled,False,Hair
APT0003322,ORD0003322,CLT00181,BIZ010,Elevate Salon,Nashville,PRV0010,2025-01-28,18:15:00,45,completed,online_booking,2025-01-14,14,,False,Hair
APT0003323,ORD0003323,CLT00181,BIZ010,Elevate Salon,Nashville,PRV0013,2025-03-10,09:15:00,45,completed,app,2025-03-07,3,,False,Hair
APT0003324,ORD0003324,CLT00181,BIZ010,Elevate Salon,Nashville,PRV0001,2025-04-10,14:00:00,60,completed,online_booking,2025-04-09,1,,False,Hair
APT0003325,ORD0003325,CLT00181,BIZ010,Elevate Salon,Nashville,PRV0017,2025-05-19,13:45:00,45,completed,app,2025-05-18,1,,False,Hair
APT0003326,ORD0003326,CLT00181,BIZ010,Elevate Salon,Nashville,PRV0017,2025-06-18,14:30:00,120,completed,phone,2025-06-11,7,,False,Hair
APT0003327,ORD0003327,CLT00181,BIZ010,Elevate Salon,Nashville,PRV0005,2025-07-20,18:00:00,120,completed,app,2025-07-13,7,,False,Hair
APT0003328,ORD0003328,CLT00181,BIZ010,Elevate Salon,Nashville,PRV0012,2025-08-17,10:45:00,45,completed,online_booking,2025-08-03,14,,False,Hair
APT0003329,ORD0003329,CLT00181,BIZ010,Elevate Salon,Nashville,PRV0009,2025-09-26,14:00:00,45,completed,walk_in,2025-09-19,7,,False,Hair
APT0003330,ORD0003330,CLT00181,BIZ010,Elevate Salon,Nashville,PRV0018,2025-11-05,14:45:00,60,completed,referral,2025-10-29,7,,False,Hair
APT0003331,ORD0003331,CLT00181,BIZ010,Elevate Salon,Nashville,PRV0003,2025-12-10,17:45:00,60,completed,online_booking,2025-12-07,3,,False,Hair
APT0003332,ORD0003332,CLT00181,BIZ010,Elevate Salon,Nashville,PRV0005,2026-01-08,13:30:00,45,completed,walk_in,2026-01-05,3,,False,Hair
APT0003333,ORD0003333,CLT00181,BIZ010,Elevate Salon,Nashville,PRV0001,2026-02-13,14:30:00,60,cancelled,referral,2026-02-10,3,no_reason_given,False,Hair
APT0003334,ORD0003334,CLT00181,BIZ010,Elevate Salon,Nashville,PRV0019,2026-03-20,09:45:00,30,completed,phone,2026-03-13,7,,False,Hair
APT0003335,ORD0003335,CLT00182,BIZ008,Posh Nails & Spa,Denver,PRV0005,2024-04-25,16:00:00,60,completed,app,2024-04-18,7,,True,Skin
APT0003336,ORD0003336,CLT00182,BIZ008,Posh Nails & Spa,Denver,PRV0007,2024-05-23,14:30:00,30,completed,online_booking,2024-05-20,3,,False,Nails
APT0003337,ORD0003337,CLT00182,BIZ008,Posh Nails & Spa,Denver,PRV0012,2024-06-25,10:45:00,45,cancelled,phone,2024-06-22,3,,False,Skin
APT0003338,ORD0003338,CLT00182,BIZ008,Posh Nails & Spa,Denver,PRV0012,2024-07-27,16:00:00,60,completed,referral,2024-07-06,21,,False,Skin
APT0003339,ORD0003339,CLT00182,BIZ008,Posh Nails & Spa,Denver,PRV0018,2024-08-26,10:00:00,45,completed,app,2024-08-19,7,,False,Skin
APT0003340,ORD0003340,CLT00182,BIZ008,Posh Nails & Spa,Denver,PRV0013,2024-10-01,15:30:00,30,completed,phone,2024-09-30,1,,False,Nails
APT0003341,ORD0003341,CLT00182,BIZ008,Posh Nails & Spa,Denver,PRV0002,2024-11-07,11:30:00,60,completed,referral,2024-11-04,3,,False,Nails
APT0003342,ORD0003342,CLT00182,BIZ008,Posh Nails & Spa,Denver,PRV0012,2024-12-05,18:15:00,45,completed,walk_in,2024-11-21,14,,False,Nails
APT0003343,ORD0003343,CLT00182,BIZ008,Posh Nails & Spa,Denver,PRV0009,2025-01-11,14:00:00,30,cancelled,app,2025-01-08,3,,False,Nails
APT0003344,ORD0003344,CLT00182,BIZ008,Posh Nails & Spa,Denver,PRV0018,2025-02-20,12:15:00,60,completed,walk_in,2025-02-19,1,,False,Skin
APT0003345,ORD0003345,CLT00182,BIZ008,Posh Nails & Spa,Denver,PRV0011,2025-03-20,18:00:00,60,completed,app,2025-03-06,14,,False,Skin
APT0003346,ORD0003346,CLT00182,BIZ008,Posh Nails & Spa,Denver,PRV0004,2025-04-18,13:00:00,60,completed,walk_in,2025-03-28,21,,False,Skin
APT0003347,ORD0003347,CLT00182,BIZ008,Posh Nails & Spa,Denver,PRV0001,2025-05-26,09:30:00,45,completed,walk_in,2025-05-25,1,,False,Skin
APT0003348,ORD0003348,CLT00182,BIZ008,Posh Nails & Spa,Denver,PRV0001,2025-06-29,14:30:00,45,completed,walk_in,2025-06-15,14,,False,Nails
APT0003349,ORD0003349,CLT00182,BIZ008,Posh Nails & Spa,Denver,PRV0008,2025-07-30,12:30:00,45,completed,online_booking,2025-07-27,3,,False,Skin
APT0003350,ORD0003350,CLT00182,BIZ008,Posh Nails & Spa,Denver,PRV0019,2025-08-31,16:15:00,60,completed,walk_in,2025-08-28,3,,False,Nails
APT0003351,ORD0003351,CLT00182,BIZ008,Posh Nails & Spa,Denver,PRV0007,2025-10-07,16:00:00,75,completed,referral,2025-09-16,21,,False,Skin
APT0003352,ORD0003352,CLT00182,BIZ008,Posh Nails & Spa,Denver,PRV0008,2025-11-06,13:00:00,45,completed,phone,2025-10-16,21,,False,Nails
APT0003353,ORD0003353,CLT00182,BIZ008,Posh Nails & Spa,Denver,PRV0018,2025-12-15,16:45:00,75,completed,online_booking,2025-12-01,14,,False,Skin
APT0003354,ORD0003354,CLT00182,BIZ008,Posh Nails & Spa,Denver,PRV0006,2026-01-19,11:30:00,45,completed,app,2026-01-05,14,,False,Skin
APT0003355,ORD0003355,CLT00182,BIZ008,Posh Nails & Spa,Denver,PRV0017,2026-02-28,12:00:00,60,completed,phone,2026-02-28,0,,False,Skin
APT0003356,ORD0003356,CLT00182,BIZ008,Posh Nails & Spa,Denver,PRV0004,2026-03-30,10:00:00,60,completed,phone,2026-03-29,1,,False,Skin
APT0003357,ORD0003357,CLT00183,BIZ006,Radiance Salon,Seattle,PRV0003,2024-04-13,16:15:00,60,completed,online_booking,2024-03-30,14,,True,Hair
APT0003358,ORD0003358,CLT00183,BIZ006,Radiance Salon,Seattle,PRV0018,2024-05-26,09:00:00,45,completed,referral,2024-05-19,7,,False,Hair
APT0003359,ORD0003359,CLT00183,BIZ006,Radiance Salon,Seattle,PRV0013,2024-07-16,17:00:00,45,completed,phone,2024-07-13,3,,False,Nails
APT0003360,ORD0003360,CLT00183,BIZ006,Radiance Salon,Seattle,PRV0010,2024-08-27,11:30:00,30,completed,walk_in,2024-08-20,7,,False,Hair
APT0003361,ORD0003361,CLT00183,BIZ006,Radiance Salon,Seattle,PRV0007,2024-10-05,17:45:00,60,completed,walk_in,2024-10-02,3,,False,Hair
APT0003362,ORD0003362,CLT00183,BIZ006,Radiance Salon,Seattle,PRV0017,2024-11-16,11:15:00,45,completed,online_booking,2024-11-15,1,,False,Nails
APT0003363,ORD0003363,CLT00183,BIZ006,Radiance Salon,Seattle,PRV0016,2024-12-29,15:30:00,45,completed,walk_in,2024-12-22,7,,False,Nails
APT0003364,ORD0003364,CLT00183,BIZ006,Radiance Salon,Seattle,PRV0006,2025-02-16,16:15:00,45,completed,walk_in,2025-01-26,21,,False,Nails
APT0003365,ORD0003365,CLT00183,BIZ006,Radiance Salon,Seattle,PRV0017,2025-03-29,11:30:00,120,completed,referral,2025-03-22,7,,False,Hair
APT0003366,ORD0003366,CLT00183,BIZ006,Radiance Salon,Seattle,PRV0003,2025-05-18,12:30:00,30,completed,walk_in,2025-05-11,7,,False,Hair
APT0003367,ORD0003367,CLT00183,BIZ006,Radiance Salon,Seattle,PRV0009,2025-07-07,11:45:00,120,completed,referral,2025-07-07,0,,False,Hair
APT0003368,ORD0003368,CLT00183,BIZ006,Radiance Salon,Seattle,PRV0015,2025-08-28,17:15:00,45,completed,referral,2025-08-27,1,,False,Hair
APT0003369,ORD0003369,CLT00183,BIZ006,Radiance Salon,Seattle,PRV0017,2025-10-12,11:45:00,30,completed,online_booking,2025-09-28,14,,False,Nails
APT0003370,ORD0003370,CLT00183,BIZ006,Radiance Salon,Seattle,PRV0002,2025-11-27,12:15:00,60,completed,walk_in,2025-11-20,7,,False,Nails
APT0003371,ORD0003371,CLT00183,BIZ006,Radiance Salon,Seattle,PRV0002,2026-01-11,11:15:00,45,completed,walk_in,2025-12-28,14,,False,Nails
APT0003372,ORD0003372,CLT00183,BIZ006,Radiance Salon,Seattle,PRV0009,2026-02-22,11:00:00,30,completed,phone,2026-02-01,21,,False,Nails
APT0003373,ORD0003373,CLT00183,BIZ006,Radiance Salon,Seattle,PRV0010,2026-04-04,13:45:00,15,completed,referral,2026-04-01,3,,False,Nails
APT0003374,ORD0003374,CLT00184,BIZ004,Serenity Spa,Chicago,PRV0019,2024-04-09,10:45:00,45,completed,referral,2024-04-02,7,,True,Hair
APT0003375,ORD0003375,CLT00184,BIZ004,Serenity Spa,Chicago,PRV0003,2024-04-29,14:45:00,150,completed,referral,2024-04-22,7,,False,Hair
APT0003376,ORD0003376,CLT00184,BIZ004,Serenity Spa,Chicago,PRV0011,2024-05-16,18:30:00,15,completed,referral,2024-05-15,1,,False,Nails
APT0003377,ORD0003377,CLT00184,BIZ004,Serenity Spa,Chicago,PRV0007,2024-06-10,18:15:00,45,completed,referral,2024-06-03,7,,False,Hair
APT0003378,ORD0003378,CLT00184,BIZ004,Serenity Spa,Chicago,PRV0002,2024-06-25,15:45:00,45,cancelled,app,2024-06-11,14,rescheduled,False,Nails
APT0003379,ORD0003379,CLT00184,BIZ004,Serenity Spa,Chicago,PRV0013,2024-07-19,14:00:00,45,completed,online_booking,2024-07-18,1,,False,Hair
APT0003380,ORD0003380,CLT00184,BIZ004,Serenity Spa,Chicago,PRV0010,2024-08-07,12:00:00,60,completed,app,2024-08-04,3,,False,Hair
APT0003381,ORD0003381,CLT00184,BIZ004,Serenity Spa,Chicago,PRV0017,2024-08-31,10:00:00,120,completed,walk_in,2024-08-28,3,,False,Hair
APT0003382,ORD0003382,CLT00184,BIZ004,Serenity Spa,Chicago,PRV0005,2024-09-24,10:15:00,15,completed,referral,2024-09-10,14,,False,Nails
APT0003383,ORD0003383,CLT00184,BIZ004,Serenity Spa,Chicago,PRV0015,2024-10-22,15:30:00,120,completed,phone,2024-10-21,1,,False,Hair
APT0003384,ORD0003384,CLT00184,BIZ004,Serenity Spa,Chicago,PRV0011,2024-11-14,16:00:00,120,no_show,walk_in,2024-11-07,7,schedule_conflict,False,Hair
APT0003385,ORD0003385,CLT00184,BIZ004,Serenity Spa,Chicago,PRV0017,2024-12-01,16:15:00,60,completed,phone,2024-11-10,21,,False,Hair
APT0003386,ORD0003386,CLT00184,BIZ004,Serenity Spa,Chicago,PRV0007,2024-12-27,10:30:00,60,completed,online_booking,2024-12-24,3,,False,Nails
APT0003387,ORD0003387,CLT00184,BIZ004,Serenity Spa,Chicago,PRV0017,2025-01-16,16:00:00,45,completed,online_booking,2025-01-13,3,,False,Nails
APT0003388,ORD0003388,CLT00184,BIZ004,Serenity Spa,Chicago,PRV0013,2025-02-10,14:30:00,45,completed,online_booking,2025-01-27,14,,False,Nails
APT0003389,ORD0003389,CLT00184,BIZ004,Serenity Spa,Chicago,PRV0020,2025-02-24,11:30:00,45,completed,referral,2025-02-17,7,,False,Nails
APT0003390,ORD0003390,CLT00184,BIZ004,Serenity Spa,Chicago,PRV0010,2025-03-16,17:00:00,120,completed,online_booking,2025-03-13,3,,False,Hair
APT0003391,ORD0003391,CLT00184,BIZ004,Serenity Spa,Chicago,PRV0019,2025-04-06,15:00:00,45,completed,app,2025-04-05,1,,False,Nails
APT0003392,ORD0003392,CLT00184,BIZ004,Serenity Spa,Chicago,PRV0003,2025-04-27,13:15:00,30,completed,app,2025-04-20,7,,False,Hair
APT0003393,ORD0003393,CLT00184,BIZ004,Serenity Spa,Chicago,PRV0006,2025-05-23,09:45:00,15,completed,phone,2025-05-23,0,,False,Nails
APT0003394,ORD0003394,CLT00184,BIZ004,Serenity Spa,Chicago,PRV0012,2025-06-08,12:45:00,45,completed,walk_in,2025-06-07,1,,False,Nails
APT0003395,ORD0003395,CLT00184,BIZ004,Serenity Spa,Chicago,PRV0013,2025-07-04,10:15:00,30,completed,walk_in,2025-07-03,1,,False,Nails
APT0003396,ORD0003396,CLT00184,BIZ004,Serenity Spa,Chicago,PRV0009,2025-07-30,11:15:00,15,completed,referral,2025-07-23,7,,False,Nails
APT0003397,ORD0003397,CLT00184,BIZ004,Serenity Spa,Chicago,PRV0001,2025-08-16,10:15:00,45,completed,referral,2025-08-09,7,,False,Nails
APT0003398,ORD0003398,CLT00184,BIZ004,Serenity Spa,Chicago,PRV0013,2025-09-13,17:15:00,45,completed,referral,2025-08-23,21,,False,Nails
APT0003399,ORD0003399,CLT00184,BIZ004,Serenity Spa,Chicago,PRV0017,2025-10-04,17:45:00,60,completed,referral,2025-09-20,14,,False,Nails
APT0003400,ORD0003400,CLT00184,BIZ004,Serenity Spa,Chicago,PRV0004,2025-10-19,10:30:00,15,completed,referral,2025-10-12,7,,False,Nails
APT0003401,ORD0003401,CLT00184,BIZ004,Serenity Spa,Chicago,PRV0009,2025-11-13,13:45:00,15,cancelled,app,2025-10-30,14,no_reason_given,False,Nails
APT0003402,ORD0003402,CLT00184,BIZ004,Serenity Spa,Chicago,PRV0016,2025-12-03,14:15:00,30,late_cancel,referral,2025-11-30,3,rescheduled,False,Nails
APT0003403,ORD0003403,CLT00185,BIZ005,Revive Beauty Bar,Austin,PRV0020,2024-04-28,18:15:00,30,completed,online_booking,2024-04-07,21,,True,Hair
APT0003404,ORD0003404,CLT00185,BIZ005,Revive Beauty Bar,Austin,PRV0017,2024-06-13,14:45:00,120,completed,referral,2024-06-13,0,,False,Hair
APT0003405,ORD0003405,CLT00185,BIZ005,Revive Beauty Bar,Austin,PRV0001,2024-07-23,16:30:00,120,completed,online_booking,2024-07-16,7,,False,Hair
APT0003406,ORD0003406,CLT00185,BIZ005,Revive Beauty Bar,Austin,PRV0010,2024-09-09,18:45:00,120,completed,walk_in,2024-08-19,21,,False,Hair
APT0003407,ORD0003407,CLT00185,BIZ005,Revive Beauty Bar,Austin,PRV0003,2024-10-30,17:45:00,60,completed,walk_in,2024-10-23,7,,False,Hair
APT0003408,ORD0003408,CLT00185,BIZ005,Revive Beauty Bar,Austin,PRV0014,2024-12-14,12:15:00,60,completed,app,2024-12-11,3,,False,Hair
APT0003409,ORD0003409,CLT00185,BIZ005,Revive Beauty Bar,Austin,PRV0015,2025-01-25,13:45:00,120,completed,online_booking,2025-01-22,3,,False,Hair
APT0003410,ORD0003410,CLT00185,BIZ005,Revive Beauty Bar,Austin,PRV0015,2025-03-09,11:00:00,120,completed,walk_in,2025-03-06,3,,False,Hair
APT0003411,ORD0003411,CLT00185,BIZ005,Revive Beauty Bar,Austin,PRV0018,2025-04-25,13:15:00,60,completed,online_booking,2025-04-22,3,,False,Hair
APT0003412,ORD0003412,CLT00185,BIZ005,Revive Beauty Bar,Austin,PRV0013,2025-06-02,13:30:00,60,completed,referral,2025-05-30,3,,False,Hair
APT0003413,ORD0003413,CLT00185,BIZ005,Revive Beauty Bar,Austin,PRV0010,2025-07-11,14:15:00,60,completed,online_booking,2025-06-27,14,,False,Hair
APT0003414,ORD0003414,CLT00185,BIZ005,Revive Beauty Bar,Austin,PRV0014,2025-08-24,11:45:00,120,late_cancel,referral,2025-08-17,7,no_reason_given,False,Hair
APT0003415,ORD0003415,CLT00186,BIZ004,Serenity Spa,Chicago,PRV0005,2024-05-25,15:30:00,45,completed,online_booking,2024-05-11,14,,True,Nails
APT0003416,ORD0003416,CLT00186,BIZ004,Serenity Spa,Chicago,PRV0003,2024-07-28,09:15:00,60,completed,referral,2024-07-25,3,,False,Massage
APT0003417,ORD0003417,CLT00186,BIZ004,Serenity Spa,Chicago,PRV0012,2024-10-03,13:45:00,60,completed,phone,2024-10-02,1,,False,Nails
APT0003418,ORD0003418,CLT00186,BIZ004,Serenity Spa,Chicago,PRV0014,2024-12-08,16:15:00,15,completed,phone,2024-11-17,21,,False,Nails
APT0003419,ORD0003419,CLT00186,BIZ004,Serenity Spa,Chicago,PRV0009,2025-02-06,12:30:00,45,completed,app,2025-01-23,14,,False,Nails
APT0003420,ORD0003420,CLT00186,BIZ004,Serenity Spa,Chicago,PRV0017,2025-04-07,10:15:00,60,completed,phone,2025-03-17,21,,False,Massage
APT0003421,ORD0003421,CLT00186,BIZ004,Serenity Spa,Chicago,PRV0018,2025-06-01,09:30:00,60,completed,app,2025-05-25,7,,False,Massage
APT0003422,ORD0003422,CLT00186,BIZ004,Serenity Spa,Chicago,PRV0004,2025-08-05,09:45:00,60,completed,online_booking,2025-08-02,3,,False,Massage
APT0003423,ORD0003423,CLT00186,BIZ004,Serenity Spa,Chicago,PRV0011,2025-10-07,12:00:00,60,completed,referral,2025-09-23,14,,False,Massage
APT0003424,ORD0003424,CLT00186,BIZ004,Serenity Spa,Chicago,PRV0002,2025-11-30,13:00:00,60,completed,referral,2025-11-23,7,,False,Massage
APT0003425,ORD0003425,CLT00186,BIZ004,Serenity Spa,Chicago,PRV0002,2026-02-04,18:00:00,60,cancelled,app,2026-01-28,7,rescheduled,False,Massage
APT0003426,ORD0003426,CLT00186,BIZ004,Serenity Spa,Chicago,PRV0005,2026-04-04,11:45:00,60,completed,online_booking,2026-03-28,7,,False,Massage
APT0003427,ORD0003427,CLT00187,BIZ007,The Beauty Loft,Miami,PRV0020,2024-04-15,12:15:00,15,completed,referral,2024-04-12,3,,True,Waxing
APT0003428,ORD0003428,CLT00187,BIZ007,The Beauty Loft,Miami,PRV0018,2024-06-12,14:45:00,15,completed,walk_in,2024-06-05,7,,False,Waxing
APT0003429,ORD0003429,CLT00187,BIZ007,The Beauty Loft,Miami,PRV0020,2024-08-11,17:15:00,15,completed,walk_in,2024-07-28,14,,False,Waxing
APT0003430,ORD0003430,CLT00187,BIZ007,The Beauty Loft,Miami,PRV0013,2024-10-12,17:30:00,30,completed,online_booking,2024-10-05,7,,False,Waxing
APT0003431,ORD0003431,CLT00187,BIZ007,The Beauty Loft,Miami,PRV0007,2024-12-08,16:00:00,150,completed,app,2024-12-01,7,,False,Hair
APT0003432,ORD0003432,CLT00187,BIZ007,The Beauty Loft,Miami,PRV0005,2025-02-07,09:00:00,30,completed,online_booking,2025-01-24,14,,False,Waxing
APT0003433,ORD0003433,CLT00187,BIZ007,The Beauty Loft,Miami,PRV0010,2025-04-15,09:45:00,120,completed,app,2025-04-01,14,,False,Hair
APT0003434,ORD0003434,CLT00187,BIZ007,The Beauty Loft,Miami,PRV0005,2025-06-09,11:00:00,15,completed,phone,2025-06-08,1,,False,Waxing
APT0003435,ORD0003435,CLT00187,BIZ007,The Beauty Loft,Miami,PRV0003,2025-08-14,18:45:00,150,completed,referral,2025-08-07,7,,False,Hair
APT0003436,ORD0003436,CLT00187,BIZ007,The Beauty Loft,Miami,PRV0020,2025-10-12,16:15:00,30,completed,online_booking,2025-09-28,14,,False,Hair
APT0003437,ORD0003437,CLT00187,BIZ007,The Beauty Loft,Miami,PRV0014,2025-12-15,15:45:00,15,completed,phone,2025-12-01,14,,False,Waxing
APT0003438,ORD0003438,CLT00187,BIZ007,The Beauty Loft,Miami,PRV0001,2026-02-20,14:15:00,120,completed,referral,2026-02-17,3,,False,Hair
APT0003439,ORD0003439,CLT00188,BIZ007,The Beauty Loft,Miami,PRV0016,2024-07-06,09:00:00,60,no_show,phone,2024-06-15,21,forgot,True,Hair
APT0003440,ORD0003440,CLT00188,BIZ007,The Beauty Loft,Miami,PRV0002,2024-09-28,13:15:00,60,completed,referral,2024-09-14,14,,False,Hair
APT0003441,ORD0003441,CLT00188,BIZ007,The Beauty Loft,Miami,PRV0004,2024-12-26,13:45:00,60,completed,online_booking,2024-12-23,3,,False,Nails
APT0003442,ORD0003442,CLT00188,BIZ007,The Beauty Loft,Miami,PRV0003,2025-03-30,18:15:00,45,completed,phone,2025-03-23,7,,False,Hair
APT0003443,ORD0003443,CLT00188,BIZ007,The Beauty Loft,Miami,PRV0015,2025-06-22,15:30:00,150,no_show,walk_in,2025-06-15,7,schedule_conflict,False,Hair
APT0003444,ORD0003444,CLT00188,BIZ007,The Beauty Loft,Miami,PRV0019,2025-09-13,14:45:00,15,completed,online_booking,2025-09-06,7,,False,Nails
APT0003445,ORD0003445,CLT00188,BIZ007,The Beauty Loft,Miami,PRV0001,2025-12-15,16:00:00,15,completed,referral,2025-11-24,21,,False,Nails
APT0003446,ORD0003446,CLT00188,BIZ007,The Beauty Loft,Miami,PRV0007,2026-03-08,13:30:00,60,completed,app,2026-03-01,7,,False,Hair
APT0003447,ORD0003447,CLT00189,BIZ006,Radiance Salon,Seattle,PRV0005,2024-05-04,10:45:00,60,completed,app,2024-05-01,3,,True,Massage
APT0003448,ORD0003448,CLT00189,BIZ006,Radiance Salon,Seattle,PRV0008,2024-06-12,15:15:00,45,completed,online_booking,2024-06-11,1,,False,Hair
APT0003449,ORD0003449,CLT00189,BIZ006,Radiance Salon,Seattle,PRV0004,2024-07-22,15:00:00,60,completed,app,2024-07-15,7,,False,Massage
APT0003450,ORD0003450,CLT00189,BIZ006,Radiance Salon,Seattle,PRV0005,2024-08-23,16:45:00,30,completed,online_booking,2024-08-20,3,,False,Hair
APT0003451,ORD0003451,CLT00189,BIZ006,Radiance Salon,Seattle,PRV0014,2024-10-02,16:45:00,30,completed,app,2024-09-18,14,,False,Hair
APT0003452,ORD0003452,CLT00189,BIZ006,Radiance Salon,Seattle,PRV0001,2024-11-05,09:45:00,60,completed,walk_in,2024-11-04,1,,False,Hair
APT0003453,ORD0003453,CLT00189,BIZ006,Radiance Salon,Seattle,PRV0014,2024-12-12,14:30:00,60,completed,referral,2024-11-28,14,,False,Massage
APT0003454,ORD0003454,CLT00189,BIZ006,Radiance Salon,Seattle,PRV0016,2025-01-21,17:45:00,120,completed,app,2024-12-31,21,,False,Hair
APT0003455,ORD0003455,CLT00189,BIZ006,Radiance Salon,Seattle,PRV0001,2025-03-01,12:45:00,60,completed,online_booking,2025-02-28,1,,False,Massage
APT0003456,ORD0003456,CLT00189,BIZ006,Radiance Salon,Seattle,PRV0004,2025-04-10,10:30:00,150,completed,referral,2025-04-03,7,,False,Hair
APT0003457,ORD0003457,CLT00189,BIZ006,Radiance Salon,Seattle,PRV0005,2025-05-11,16:45:00,60,completed,phone,2025-05-04,7,,False,Hair
APT0003458,ORD0003458,CLT00189,BIZ006,Radiance Salon,Seattle,PRV0013,2025-06-13,13:00:00,60,completed,app,2025-05-30,14,,False,Massage
APT0003459,ORD0003459,CLT00189,BIZ006,Radiance Salon,Seattle,PRV0011,2025-07-18,17:00:00,45,completed,walk_in,2025-07-11,7,,False,Hair
APT0003460,ORD0003460,CLT00189,BIZ006,Radiance Salon,Seattle,PRV0009,2025-08-19,10:15:00,120,completed,app,2025-08-16,3,,False,Hair
APT0003461,ORD0003461,CLT00189,BIZ006,Radiance Salon,Seattle,PRV0020,2025-09-21,16:45:00,60,completed,app,2025-08-31,21,,False,Massage
APT0003462,ORD0003462,CLT00189,BIZ006,Radiance Salon,Seattle,PRV0010,2025-10-24,17:45:00,60,completed,app,2025-10-23,1,,False,Massage
APT0003463,ORD0003463,CLT00189,BIZ006,Radiance Salon,Seattle,PRV0001,2025-11-28,13:45:00,60,completed,referral,2025-11-25,3,,False,Hair
APT0003464,ORD0003464,CLT00189,BIZ006,Radiance Salon,Seattle,PRV0018,2026-01-07,18:00:00,45,completed,phone,2025-12-31,7,,False,Hair
APT0003465,ORD0003465,CLT00189,BIZ006,Radiance Salon,Seattle,PRV0017,2026-02-10,11:30:00,60,completed,online_booking,2026-02-07,3,,False,Massage
APT0003466,ORD0003466,CLT00189,BIZ006,Radiance Salon,Seattle,PRV0009,2026-03-12,10:45:00,60,completed,phone,2026-03-12,0,,False,Massage
APT0003467,ORD0003467,CLT00190,BIZ005,Revive Beauty Bar,Austin,PRV0015,2024-04-30,14:00:00,60,completed,online_booking,2024-04-29,1,,True,Skin
APT0003468,ORD0003468,CLT00190,BIZ005,Revive Beauty Bar,Austin,PRV0011,2024-06-27,16:30:00,30,completed,referral,2024-06-24,3,,False,Hair
APT0003469,ORD0003469,CLT00190,BIZ005,Revive Beauty Bar,Austin,PRV0015,2024-08-31,10:15:00,30,completed,walk_in,2024-08-24,7,,False,Hair
APT0003470,ORD0003470,CLT00190,BIZ005,Revive Beauty Bar,Austin,PRV0013,2024-10-31,13:00:00,75,completed,online_booking,2024-10-28,3,,False,Skin
APT0003471,ORD0003471,CLT00190,BIZ005,Revive Beauty Bar,Austin,PRV0002,2024-12-29,18:00:00,30,completed,online_booking,2024-12-28,1,,False,Hair
APT0003472,ORD0003472,CLT00190,BIZ005,Revive Beauty Bar,Austin,PRV0017,2025-03-01,12:30:00,75,completed,phone,2025-02-22,7,,False,Skin
APT0003473,ORD0003473,CLT00190,BIZ005,Revive Beauty Bar,Austin,PRV0007,2025-05-06,17:30:00,150,completed,referral,2025-05-03,3,,False,Hair
APT0003474,ORD0003474,CLT00190,BIZ005,Revive Beauty Bar,Austin,PRV0019,2025-07-04,11:15:00,75,cancelled,online_booking,2025-06-27,7,,False,Skin
APT0003475,ORD0003475,CLT00190,BIZ005,Revive Beauty Bar,Austin,PRV0018,2025-08-30,15:30:00,120,completed,phone,2025-08-23,7,,False,Hair
APT0003476,ORD0003476,CLT00190,BIZ005,Revive Beauty Bar,Austin,PRV0011,2025-10-24,12:45:00,60,completed,walk_in,2025-10-03,21,,False,Hair
APT0003477,ORD0003477,CLT00190,BIZ005,Revive Beauty Bar,Austin,PRV0015,2025-12-28,14:15:00,60,completed,referral,2025-12-28,0,,False,Skin
APT0003478,ORD0003478,CLT00190,BIZ005,Revive Beauty Bar,Austin,PRV0018,2026-03-04,10:00:00,75,cancelled,online_booking,2026-03-04,0,weather,False,Skin
APT0003479,ORD0003479,CLT00191,BIZ009,Glow Studio,Boston,PRV0015,2024-05-03,09:15:00,120,completed,app,2024-05-02,1,,True,Hair
APT0003480,ORD0003480,CLT00191,BIZ009,Glow Studio,Boston,PRV0019,2024-06-01,12:30:00,75,completed,app,2024-05-18,14,,False,Skin
APT0003481,ORD0003481,CLT00191,BIZ009,Glow Studio,Boston,PRV0020,2024-07-03,10:00:00,60,completed,app,2024-06-30,3,,False,Skin
APT0003482,ORD0003482,CLT00191,BIZ009,Glow Studio,Boston,PRV0009,2024-08-05,11:15:00,45,completed,walk_in,2024-07-29,7,,False,Skin
APT0003483,ORD0003483,CLT00191,BIZ009,Glow Studio,Boston,PRV0012,2024-09-03,14:45:00,60,completed,app,2024-09-03,0,,False,Skin
APT0003484,ORD0003484,CLT00191,BIZ009,Glow Studio,Boston,PRV0003,2024-10-03,18:30:00,45,completed,walk_in,2024-09-19,14,,False,Skin
APT0003485,ORD0003485,CLT00191,BIZ009,Glow Studio,Boston,PRV0009,2024-11-06,17:00:00,60,completed,phone,2024-10-23,14,,False,Hair
APT0003486,ORD0003486,CLT00191,BIZ009,Glow Studio,Boston,PRV0018,2024-12-14,14:30:00,45,completed,walk_in,2024-12-07,7,,False,Hair
APT0003487,ORD0003487,CLT00191,BIZ009,Glow Studio,Boston,PRV0012,2025-01-17,17:45:00,45,completed,referral,2024-12-27,21,,False,Hair
APT0003488,ORD0003488,CLT00191,BIZ009,Glow Studio,Boston,PRV0019,2025-02-21,09:00:00,60,cancelled,walk_in,2025-02-18,3,schedule_conflict,False,Hair
APT0003489,ORD0003489,CLT00191,BIZ009,Glow Studio,Boston,PRV0011,2025-03-30,14:45:00,75,completed,app,2025-03-23,7,,False,Skin
APT0003490,ORD0003490,CLT00191,BIZ009,Glow Studio,Boston,PRV0014,2025-05-08,17:30:00,60,completed,referral,2025-05-01,7,,False,Skin
APT0003491,ORD0003491,CLT00191,BIZ009,Glow Studio,Boston,PRV0010,2025-06-18,13:15:00,60,completed,referral,2025-06-04,14,,False,Hair
APT0003492,ORD0003492,CLT00191,BIZ009,Glow Studio,Boston,PRV0013,2025-07-19,10:00:00,30,completed,walk_in,2025-06-28,21,,False,Hair
APT0003493,ORD0003493,CLT00191,BIZ009,Glow Studio,Boston,PRV0006,2025-08-18,16:45:00,120,completed,phone,2025-08-04,14,,False,Hair
APT0003494,ORD0003494,CLT00191,BIZ009,Glow Studio,Boston,PRV0020,2025-09-17,11:00:00,150,completed,online_booking,2025-09-14,3,,False,Hair
APT0003495,ORD0003495,CLT00191,BIZ009,Glow Studio,Boston,PRV0009,2025-10-26,10:00:00,75,completed,app,2025-10-19,7,,False,Skin
APT0003496,ORD0003496,CLT00191,BIZ009,Glow Studio,Boston,PRV0017,2025-12-02,15:15:00,60,completed,walk_in,2025-11-29,3,,False,Skin
APT0003497,ORD0003497,CLT00191,BIZ009,Glow Studio,Boston,PRV0018,2026-01-05,14:45:00,75,completed,phone,2026-01-02,3,,False,Skin
APT0003498,ORD0003498,CLT00191,BIZ009,Glow Studio,Boston,PRV0004,2026-02-14,17:45:00,45,completed,app,2026-02-11,3,,False,Skin
APT0003499,ORD0003499,CLT00191,BIZ009,Glow Studio,Boston,PRV0005,2026-03-28,16:30:00,60,completed,referral,2026-03-25,3,,False,Skin
APT0003500,ORD0003500,CLT00192,BIZ004,Serenity Spa,Chicago,PRV0004,2024-04-16,10:45:00,150,completed,app,2024-04-15,1,,True,Hair
APT0003501,ORD0003501,CLT00192,BIZ004,Serenity Spa,Chicago,PRV0007,2024-05-23,17:00:00,120,completed,app,2024-05-22,1,,False,Hair
APT0003502,ORD0003502,CLT00192,BIZ004,Serenity Spa,Chicago,PRV0017,2024-06-26,10:00:00,60,completed,online_booking,2024-06-19,7,,False,Hair
APT0003503,ORD0003503,CLT00192,BIZ004,Serenity Spa,Chicago,PRV0019,2024-07-24,13:00:00,60,completed,referral,2024-07-23,1,,False,Hair
APT0003504,ORD0003504,CLT00192,BIZ004,Serenity Spa,Chicago,PRV0013,2024-08-28,13:45:00,45,completed,referral,2024-08-21,7,,False,Hair
APT0003505,ORD0003505,CLT00192,BIZ004,Serenity Spa,Chicago,PRV0007,2024-09-28,09:30:00,120,completed,online_booking,2024-09-25,3,,False,Hair
APT0003506,ORD0003506,CLT00192,BIZ004,Serenity Spa,Chicago,PRV0001,2024-11-07,11:45:00,60,completed,phone,2024-10-31,7,,False,Hair
APT0003507,ORD0003507,CLT00192,BIZ004,Serenity Spa,Chicago,PRV0019,2024-12-08,16:45:00,120,completed,phone,2024-12-01,7,,False,Hair
APT0003508,ORD0003508,CLT00192,BIZ004,Serenity Spa,Chicago,PRV0017,2025-01-11,12:00:00,60,cancelled,app,2025-01-08,3,,False,Hair
APT0003509,ORD0003509,CLT00192,BIZ004,Serenity Spa,Chicago,PRV0011,2025-02-19,12:30:00,120,completed,referral,2025-02-18,1,,False,Hair
APT0003510,ORD0003510,CLT00192,BIZ004,Serenity Spa,Chicago,PRV0013,2025-03-29,10:00:00,120,completed,app,2025-03-15,14,,False,Hair
APT0003511,ORD0003511,CLT00192,BIZ004,Serenity Spa,Chicago,PRV0009,2025-05-01,10:45:00,45,completed,online_booking,2025-04-30,1,,False,Hair
APT0003512,ORD0003512,CLT00192,BIZ004,Serenity Spa,Chicago,PRV0007,2025-05-29,11:45:00,60,completed,app,2025-05-26,3,,False,Hair
APT0003513,ORD0003513,CLT00192,BIZ004,Serenity Spa,Chicago,PRV0003,2025-07-01,10:30:00,30,completed,phone,2025-06-28,3,,False,Hair
APT0003514,ORD0003514,CLT00192,BIZ004,Serenity Spa,Chicago,PRV0002,2025-08-02,15:30:00,45,completed,phone,2025-08-01,1,,False,Hair
APT0003515,ORD0003515,CLT00192,BIZ004,Serenity Spa,Chicago,PRV0002,2025-09-10,11:30:00,120,completed,phone,2025-09-03,7,,False,Hair
APT0003516,ORD0003516,CLT00192,BIZ004,Serenity Spa,Chicago,PRV0016,2025-10-19,18:15:00,30,completed,phone,2025-10-12,7,,False,Hair
APT0003517,ORD0003517,CLT00192,BIZ004,Serenity Spa,Chicago,PRV0011,2025-11-17,12:15:00,120,completed,phone,2025-10-27,21,,False,Hair
APT0003518,ORD0003518,CLT00192,BIZ004,Serenity Spa,Chicago,PRV0010,2025-12-28,18:45:00,120,completed,referral,2025-12-25,3,,False,Hair
APT0003519,ORD0003519,CLT00192,BIZ004,Serenity Spa,Chicago,PRV0015,2026-01-29,12:00:00,150,completed,referral,2026-01-15,14,,False,Hair
APT0003520,ORD0003520,CLT00192,BIZ004,Serenity Spa,Chicago,PRV0014,2026-02-26,09:30:00,30,completed,walk_in,2026-02-12,14,,False,Hair
APT0003521,ORD0003521,CLT00192,BIZ004,Serenity Spa,Chicago,PRV0005,2026-04-02,15:45:00,150,completed,app,2026-03-26,7,,False,Hair
APT0003522,ORD0003522,CLT00193,BIZ003,The Glam Room,New York,PRV0005,2024-05-15,10:30:00,30,completed,online_booking,2024-05-01,14,,True,Waxing
APT0003523,ORD0003523,CLT00193,BIZ003,The Glam Room,New York,PRV0001,2024-06-25,10:30:00,45,completed,app,2024-06-18,7,,False,Waxing
APT0003524,ORD0003524,CLT00193,BIZ003,The Glam Room,New York,PRV0008,2024-08-15,09:15:00,45,completed,app,2024-08-12,3,,False,Skin
APT0003525,ORD0003525,CLT00193,BIZ003,The Glam Room,New York,PRV0019,2024-10-03,09:45:00,45,completed,online_booking,2024-09-30,3,,False,Waxing
APT0003526,ORD0003526,CLT00193,BIZ003,The Glam Room,New York,PRV0019,2024-11-11,15:15:00,60,completed,phone,2024-10-21,21,,False,Skin
APT0003527,ORD0003527,CLT00193,BIZ003,The Glam Room,New York,PRV0015,2025-01-01,17:45:00,60,completed,referral,2024-12-18,14,,False,Skin
APT0003528,ORD0003528,CLT00193,BIZ003,The Glam Room,New York,PRV0008,2025-02-21,09:45:00,45,cancelled,app,2025-02-21,0,,False,Waxing
APT0003529,ORD0003529,CLT00193,BIZ003,The Glam Room,New York,PRV0014,2025-04-07,10:30:00,60,completed,walk_in,2025-03-17,21,,False,Skin
APT0003530,ORD0003530,CLT00193,BIZ003,The Glam Room,New York,PRV0015,2025-05-24,18:45:00,75,completed,walk_in,2025-05-21,3,,False,Skin
APT0003531,ORD0003531,CLT00193,BIZ003,The Glam Room,New York,PRV0006,2025-07-14,11:15:00,45,cancelled,app,2025-07-13,1,personal_emergency,False,Waxing
APT0003532,ORD0003532,CLT00193,BIZ003,The Glam Room,New York,PRV0006,2025-08-27,12:30:00,45,completed,app,2025-08-13,14,,False,Waxing
APT0003533,ORD0003533,CLT00193,BIZ003,The Glam Room,New York,PRV0004,2025-10-17,13:00:00,60,completed,phone,2025-10-03,14,,False,Skin
APT0003534,ORD0003534,CLT00193,BIZ003,The Glam Room,New York,PRV0019,2025-11-24,09:15:00,30,completed,app,2025-11-21,3,,False,Waxing
APT0003535,ORD0003535,CLT00193,BIZ003,The Glam Room,New York,PRV0015,2026-01-14,12:15:00,75,completed,phone,2026-01-07,7,,False,Skin
APT0003536,ORD0003536,CLT00193,BIZ003,The Glam Room,New York,PRV0020,2026-02-22,18:30:00,45,completed,online_booking,2026-02-19,3,,False,Waxing
APT0003537,ORD0003537,CLT00194,BIZ010,Elevate Salon,Nashville,PRV0001,2024-04-08,12:00:00,75,completed,walk_in,2024-04-01,7,,True,Skin
APT0003538,ORD0003538,CLT00194,BIZ010,Elevate Salon,Nashville,PRV0015,2024-05-20,16:30:00,30,completed,phone,2024-05-17,3,,False,Waxing
APT0003539,ORD0003539,CLT00194,BIZ010,Elevate Salon,Nashville,PRV0005,2024-06-29,15:15:00,15,completed,walk_in,2024-06-29,0,,False,Waxing
APT0003540,ORD0003540,CLT00194,BIZ010,Elevate Salon,Nashville,PRV0004,2024-08-01,14:30:00,60,completed,online_booking,2024-07-25,7,,False,Skin
APT0003541,ORD0003541,CLT00194,BIZ010,Elevate Salon,Nashville,PRV0014,2024-08-31,11:45:00,45,completed,walk_in,2024-08-10,21,,False,Waxing
APT0003542,ORD0003542,CLT00194,BIZ010,Elevate Salon,Nashville,PRV0002,2024-10-09,13:45:00,15,completed,app,2024-10-02,7,,False,Waxing
APT0003543,ORD0003543,CLT00194,BIZ010,Elevate Salon,Nashville,PRV0009,2024-11-14,15:30:00,45,completed,app,2024-11-13,1,,False,Waxing
APT0003544,ORD0003544,CLT00194,BIZ010,Elevate Salon,Nashville,PRV0003,2024-12-12,12:45:00,15,completed,phone,2024-11-21,21,,False,Waxing
APT0003545,ORD0003545,CLT00194,BIZ010,Elevate Salon,Nashville,PRV0008,2025-01-14,09:30:00,45,cancelled,online_booking,2025-01-07,7,personal_emergency,False,Skin
APT0003546,ORD0003546,CLT00194,BIZ010,Elevate Salon,Nashville,PRV0019,2025-02-20,15:30:00,75,completed,walk_in,2025-02-19,1,,False,Skin
APT0003547,ORD0003547,CLT00194,BIZ010,Elevate Salon,Nashville,PRV0015,2025-03-25,12:00:00,30,completed,online_booking,2025-03-18,7,,False,Waxing
APT0003548,ORD0003548,CLT00194,BIZ010,Elevate Salon,Nashville,PRV0012,2025-04-29,13:00:00,75,completed,walk_in,2025-04-15,14,,False,Skin
APT0003549,ORD0003549,CLT00194,BIZ010,Elevate Salon,Nashville,PRV0009,2025-06-04,09:30:00,30,completed,referral,2025-05-28,7,,False,Waxing
APT0003550,ORD0003550,CLT00194,BIZ010,Elevate Salon,Nashville,PRV0001,2025-07-07,13:15:00,75,completed,phone,2025-06-30,7,,False,Skin
APT0003551,ORD0003551,CLT00194,BIZ010,Elevate Salon,Nashville,PRV0015,2025-08-08,10:00:00,15,completed,online_booking,2025-08-07,1,,False,Waxing
APT0003552,ORD0003552,CLT00194,BIZ010,Elevate Salon,Nashville,PRV0017,2025-09-16,10:30:00,60,completed,referral,2025-09-16,0,,False,Skin
APT0003553,ORD0003553,CLT00194,BIZ010,Elevate Salon,Nashville,PRV0004,2025-10-24,10:30:00,15,completed,phone,2025-10-21,3,,False,Waxing
APT0003554,ORD0003554,CLT00194,BIZ010,Elevate Salon,Nashville,PRV0016,2025-11-30,11:45:00,45,completed,online_booking,2025-11-27,3,,False,Skin
APT0003555,ORD0003555,CLT00194,BIZ010,Elevate Salon,Nashville,PRV0016,2025-12-28,15:15:00,60,completed,online_booking,2025-12-27,1,,False,Skin
APT0003556,ORD0003556,CLT00194,BIZ010,Elevate Salon,Nashville,PRV0001,2026-02-06,15:30:00,60,completed,phone,2026-01-30,7,,False,Skin
APT0003557,ORD0003557,CLT00194,BIZ010,Elevate Salon,Nashville,PRV0016,2026-03-09,16:15:00,45,completed,online_booking,2026-03-02,7,,False,Waxing
APT0003558,ORD0003558,CLT00195,BIZ002,Bloom Salon & Spa,Los Angeles,PRV0011,2024-06-06,18:15:00,60,completed,app,2024-06-03,3,,True,Skin
APT0003559,ORD0003559,CLT00195,BIZ002,Bloom Salon & Spa,Los Angeles,PRV0002,2024-08-06,10:30:00,30,completed,online_booking,2024-07-30,7,,False,Nails
APT0003560,ORD0003560,CLT00195,BIZ002,Bloom Salon & Spa,Los Angeles,PRV0010,2024-09-28,11:45:00,60,completed,online_booking,2024-09-21,7,,False,Skin
APT0003561,ORD0003561,CLT00195,BIZ002,Bloom Salon & Spa,Los Angeles,PRV0005,2024-12-04,14:00:00,45,completed,walk_in,2024-12-03,1,,False,Nails
APT0003562,ORD0003562,CLT00195,BIZ002,Bloom Salon & Spa,Los Angeles,PRV0003,2025-01-30,13:00:00,45,completed,online_booking,2025-01-16,14,,False,Skin
APT0003563,ORD0003563,CLT00195,BIZ002,Bloom Salon & Spa,Los Angeles,PRV0016,2025-03-26,09:45:00,60,completed,walk_in,2025-03-23,3,,False,Nails
APT0003564,ORD0003564,CLT00195,BIZ002,Bloom Salon & Spa,Los Angeles,PRV0002,2025-05-29,11:30:00,45,cancelled,referral,2025-05-29,0,,False,Skin
APT0003565,ORD0003565,CLT00195,BIZ002,Bloom Salon & Spa,Los Angeles,PRV0015,2025-08-01,10:30:00,45,no_show,referral,2025-07-31,1,weather,False,Nails
APT0003566,ORD0003566,CLT00195,BIZ002,Bloom Salon & Spa,Los Angeles,PRV0003,2025-10-06,15:45:00,30,completed,walk_in,2025-09-29,7,,False,Nails
APT0003567,ORD0003567,CLT00195,BIZ002,Bloom Salon & Spa,Los Angeles,PRV0018,2025-12-03,15:00:00,60,completed,walk_in,2025-11-30,3,,False,Skin
APT0003568,ORD0003568,CLT00195,BIZ002,Bloom Salon & Spa,Los Angeles,PRV0019,2026-01-29,18:00:00,15,completed,app,2026-01-22,7,,False,Nails
APT0003569,ORD0003569,CLT00195,BIZ002,Bloom Salon & Spa,Los Angeles,PRV0008,2026-04-02,17:45:00,75,completed,app,2026-04-02,0,,False,Skin
APT0003570,ORD0003570,CLT00196,BIZ005,Revive Beauty Bar,Austin,PRV0012,2024-05-07,18:15:00,15,cancelled,online_booking,2024-05-07,0,weather,True,Nails
APT0003571,ORD0003571,CLT00196,BIZ005,Revive Beauty Bar,Austin,PRV0010,2024-06-04,15:30:00,45,completed,online_booking,2024-05-14,21,,False,Nails
APT0003572,ORD0003572,CLT00196,BIZ005,Revive Beauty Bar,Austin,PRV0006,2024-07-12,14:00:00,60,completed,referral,2024-07-09,3,,False,Hair
APT0003573,ORD0003573,CLT00196,BIZ005,Revive Beauty Bar,Austin,PRV0010,2024-08-09,17:00:00,45,no_show,referral,2024-07-26,14,illness,False,Hair
APT0003574,ORD0003574,CLT00196,BIZ005,Revive Beauty Bar,Austin,PRV0005,2024-09-16,09:15:00,60,completed,online_booking,2024-09-13,3,,False,Nails
APT0003575,ORD0003575,CLT00196,BIZ005,Revive Beauty Bar,Austin,PRV0001,2024-10-22,14:30:00,30,completed,online_booking,2024-10-19,3,,False,Nails
APT0003576,ORD0003576,CLT00196,BIZ005,Revive Beauty Bar,Austin,PRV0020,2024-11-19,11:15:00,45,completed,phone,2024-11-16,3,,False,Nails
APT0003577,ORD0003577,CLT00196,BIZ005,Revive Beauty Bar,Austin,PRV0010,2024-12-22,15:45:00,45,completed,referral,2024-12-21,1,,False,Nails
APT0003578,ORD0003578,CLT00196,BIZ005,Revive Beauty Bar,Austin,PRV0008,2025-01-24,10:30:00,60,completed,phone,2025-01-10,14,,False,Hair
APT0003579,ORD0003579,CLT00196,BIZ005,Revive Beauty Bar,Austin,PRV0001,2025-03-04,16:00:00,60,cancelled,app,2025-03-03,1,illness,False,Nails
APT0003580,ORD0003580,CLT00196,BIZ005,Revive Beauty Bar,Austin,PRV0001,2025-04-13,12:15:00,120,no_show,referral,2025-04-12,1,schedule_conflict,False,Hair
APT0003581,ORD0003581,CLT00196,BIZ005,Revive Beauty Bar,Austin,PRV0020,2025-05-11,15:00:00,45,completed,referral,2025-05-10,1,,False,Nails
APT0003582,ORD0003582,CLT00196,BIZ005,Revive Beauty Bar,Austin,PRV0016,2025-06-14,18:00:00,30,completed,walk_in,2025-06-11,3,,False,Hair
APT0003583,ORD0003583,CLT00196,BIZ005,Revive Beauty Bar,Austin,PRV0014,2025-07-19,15:00:00,15,completed,app,2025-07-12,7,,False,Nails
APT0003584,ORD0003584,CLT00196,BIZ005,Revive Beauty Bar,Austin,PRV0013,2025-08-26,09:15:00,60,completed,online_booking,2025-08-23,3,,False,Nails
APT0003585,ORD0003585,CLT00196,BIZ005,Revive Beauty Bar,Austin,PRV0013,2025-09-29,10:30:00,150,completed,referral,2025-09-28,1,,False,Hair
APT0003586,ORD0003586,CLT00196,BIZ005,Revive Beauty Bar,Austin,PRV0007,2025-11-07,13:30:00,45,completed,referral,2025-11-04,3,,False,Nails
APT0003587,ORD0003587,CLT00196,BIZ005,Revive Beauty Bar,Austin,PRV0009,2025-12-11,13:30:00,120,completed,app,2025-12-10,1,,False,Hair
APT0003588,ORD0003588,CLT00196,BIZ005,Revive Beauty Bar,Austin,PRV0017,2026-01-14,18:00:00,60,completed,phone,2026-01-07,7,,False,Nails
APT0003589,ORD0003589,CLT00196,BIZ005,Revive Beauty Bar,Austin,PRV0009,2026-02-11,17:15:00,45,completed,app,2026-02-08,3,,False,Hair
APT0003590,ORD0003590,CLT00197,BIZ002,Bloom Salon & Spa,Los Angeles,PRV0001,2024-05-11,16:45:00,75,completed,referral,2024-04-27,14,,True,Skin
APT0003591,ORD0003591,CLT00197,BIZ002,Bloom Salon & Spa,Los Angeles,PRV0010,2024-06-19,17:15:00,45,completed,app,2024-06-12,7,,False,Nails
APT0003592,ORD0003592,CLT00197,BIZ002,Bloom Salon & Spa,Los Angeles,PRV0010,2024-08-06,09:30:00,45,completed,phone,2024-08-03,3,,False,Skin
APT0003593,ORD0003593,CLT00197,BIZ002,Bloom Salon & Spa,Los Angeles,PRV0013,2024-09-24,13:45:00,45,completed,referral,2024-09-23,1,,False,Skin
APT0003594,ORD0003594,CLT00197,BIZ002,Bloom Salon & Spa,Los Angeles,PRV0006,2024-11-07,14:15:00,30,completed,referral,2024-10-31,7,,False,Nails
APT0003595,ORD0003595,CLT00197,BIZ002,Bloom Salon & Spa,Los Angeles,PRV0020,2024-12-19,18:00:00,60,completed,online_booking,2024-12-12,7,,False,Skin
APT0003596,ORD0003596,CLT00197,BIZ002,Bloom Salon & Spa,Los Angeles,PRV0009,2025-01-29,12:15:00,30,no_show,phone,2025-01-22,7,schedule_conflict,False,Nails
APT0003597,ORD0003597,CLT00197,BIZ002,Bloom Salon & Spa,Los Angeles,PRV0009,2025-03-21,13:30:00,75,completed,online_booking,2025-03-20,1,,False,Skin
APT0003598,ORD0003598,CLT00197,BIZ002,Bloom Salon & Spa,Los Angeles,PRV0008,2025-04-30,16:30:00,45,completed,referral,2025-04-27,3,,False,Nails
APT0003599,ORD0003599,CLT00197,BIZ002,Bloom Salon & Spa,Los Angeles,PRV0011,2025-06-12,16:30:00,60,completed,online_booking,2025-06-09,3,,False,Skin
APT0003600,ORD0003600,CLT00197,BIZ002,Bloom Salon & Spa,Los Angeles,PRV0007,2025-08-01,15:45:00,60,completed,app,2025-07-25,7,,False,Nails
APT0003601,ORD0003601,CLT00197,BIZ002,Bloom Salon & Spa,Los Angeles,PRV0005,2025-09-22,15:15:00,60,completed,referral,2025-09-21,1,,False,Skin
APT0003602,ORD0003602,CLT00197,BIZ002,Bloom Salon & Spa,Los Angeles,PRV0003,2025-11-07,17:30:00,60,completed,walk_in,2025-11-04,3,,False,Skin
APT0003603,ORD0003603,CLT00197,BIZ002,Bloom Salon & Spa,Los Angeles,PRV0013,2025-12-22,10:30:00,60,completed,online_booking,2025-12-08,14,,False,Nails
APT0003604,ORD0003604,CLT00197,BIZ002,Bloom Salon & Spa,Los Angeles,PRV0011,2026-02-08,18:15:00,45,cancelled,walk_in,2026-02-07,1,schedule_conflict,False,Nails
APT0003605,ORD0003605,CLT00198,BIZ001,Luxe Hair Studio,San Francisco,PRV0001,2024-04-14,14:30:00,15,completed,app,2024-04-07,7,,True,Nails
APT0003606,ORD0003606,CLT00198,BIZ001,Luxe Hair Studio,San Francisco,PRV0005,2024-05-24,13:00:00,75,completed,referral,2024-05-23,1,,False,Massage
APT0003607,ORD0003607,CLT00198,BIZ001,Luxe Hair Studio,San Francisco,PRV0012,2024-07-14,15:45:00,75,completed,walk_in,2024-07-11,3,,False,Massage
APT0003608,ORD0003608,CLT00198,BIZ001,Luxe Hair Studio,San Francisco,PRV0020,2024-08-27,17:15:00,60,completed,walk_in,2024-08-24,3,,False,Massage
APT0003609,ORD0003609,CLT00198,BIZ001,Luxe Hair Studio,San Francisco,PRV0015,2024-10-18,18:30:00,60,completed,online_booking,2024-10-18,0,,False,Massage
APT0003610,ORD0003610,CLT00198,BIZ001,Luxe Hair Studio,San Francisco,PRV0018,2024-12-05,09:00:00,60,completed,walk_in,2024-11-14,21,,False,Massage
APT0003611,ORD0003611,CLT00198,BIZ001,Luxe Hair Studio,San Francisco,PRV0017,2025-01-21,14:15:00,45,completed,walk_in,2025-01-14,7,,False,Nails
APT0003612,ORD0003612,CLT00198,BIZ001,Luxe Hair Studio,San Francisco,PRV0001,2025-03-14,13:15:00,45,completed,app,2025-03-07,7,,False,Nails
APT0003613,ORD0003613,CLT00198,BIZ001,Luxe Hair Studio,San Francisco,PRV0002,2025-04-26,11:30:00,15,completed,app,2025-04-23,3,,False,Nails
APT0003614,ORD0003614,CLT00198,BIZ001,Luxe Hair Studio,San Francisco,PRV0018,2025-06-13,15:00:00,45,completed,walk_in,2025-06-06,7,,False,Nails
APT0003615,ORD0003615,CLT00198,BIZ001,Luxe Hair Studio,San Francisco,PRV0004,2025-08-03,16:00:00,60,completed,phone,2025-07-31,3,,False,Nails
APT0003616,ORD0003616,CLT00198,BIZ001,Luxe Hair Studio,San Francisco,PRV0003,2025-09-24,15:15:00,45,completed,walk_in,2025-09-23,1,,False,Nails
APT0003617,ORD0003617,CLT00198,BIZ001,Luxe Hair Studio,San Francisco,PRV0019,2025-11-04,12:00:00,60,cancelled,online_booking,2025-10-28,7,schedule_conflict,False,Massage
APT0003618,ORD0003618,CLT00198,BIZ001,Luxe Hair Studio,San Francisco,PRV0006,2025-12-24,10:45:00,60,completed,phone,2025-12-10,14,,False,Massage
APT0003619,ORD0003619,CLT00198,BIZ001,Luxe Hair Studio,San Francisco,PRV0006,2026-02-08,10:15:00,60,completed,phone,2026-02-05,3,,False,Massage
APT0003620,ORD0003620,CLT00198,BIZ001,Luxe Hair Studio,San Francisco,PRV0015,2026-03-28,17:45:00,60,completed,online_booking,2026-03-07,21,,False,Massage
APT0003621,ORD0003621,CLT00199,BIZ001,Luxe Hair Studio,San Francisco,PRV0011,2024-06-03,11:15:00,45,completed,app,2024-05-31,3,,True,Nails
APT0003622,ORD0003622,CLT00199,BIZ001,Luxe Hair Studio,San Francisco,PRV0009,2024-07-31,13:30:00,60,completed,app,2024-07-28,3,,False,Massage
APT0003623,ORD0003623,CLT00199,BIZ001,Luxe Hair Studio,San Francisco,PRV0003,2024-10-01,11:15:00,45,completed,referral,2024-09-24,7,,False,Nails
APT0003624,ORD0003624,CLT00199,BIZ001,Luxe Hair Studio,San Francisco,PRV0020,2024-12-03,16:45:00,60,completed,app,2024-11-30,3,,False,Nails
APT0003625,ORD0003625,CLT00199,BIZ001,Luxe Hair Studio,San Francisco,PRV0012,2025-02-02,13:15:00,60,completed,phone,2025-02-01,1,,False,Massage
APT0003626,ORD0003626,CLT00199,BIZ001,Luxe Hair Studio,San Francisco,PRV0011,2025-03-31,10:15:00,45,completed,phone,2025-03-30,1,,False,Nails
APT0003627,ORD0003627,CLT00199,BIZ001,Luxe Hair Studio,San Francisco,PRV0016,2025-06-02,14:45:00,45,completed,online_booking,2025-05-26,7,,False,Nails
APT0003628,ORD0003628,CLT00199,BIZ001,Luxe Hair Studio,San Francisco,PRV0007,2025-07-26,10:30:00,60,late_cancel,phone,2025-07-25,1,weather,False,Massage
APT0003629,ORD0003629,CLT00200,BIZ003,The Glam Room,New York,PRV0017,2024-06-14,12:45:00,60,completed,walk_in,2024-06-07,7,,True,Skin
APT0003630,ORD0003630,CLT00200,BIZ003,The Glam Room,New York,PRV0013,2024-09-08,10:00:00,60,completed,app,2024-09-01,7,,False,Skin
APT0003631,ORD0003631,CLT00200,BIZ003,The Glam Room,New York,PRV0005,2024-12-13,18:30:00,150,cancelled,referral,2024-12-10,3,schedule_conflict,False,Hair
APT0003632,ORD0003632,CLT00200,BIZ003,The Glam Room,New York,PRV0009,2025-03-20,13:45:00,60,no_show,app,2025-03-06,14,,False,Hair
APT0003633,ORD0003633,CLT00200,BIZ003,The Glam Room,New York,PRV0002,2025-06-23,17:15:00,60,completed,referral,2025-06-16,7,,False,Skin
APT0003634,ORD0003634,CLT00200,BIZ003,The Glam Room,New York,PRV0019,2025-09-20,11:15:00,60,completed,referral,2025-09-17,3,,False,Hair
APT0003635,ORD0003635,CLT00200,BIZ003,The Glam Room,New York,PRV0014,2025-12-17,15:00:00,45,completed,referral,2025-12-14,3,,False,Skin
APT0003636,ORD0003636,CLT00200,BIZ003,The Glam Room,New York,PRV0011,2026-03-14,09:00:00,30,completed,phone,2026-02-21,21,,False,Hair
APT0003637,ORD0003637,CLT00201,BIZ006,Radiance Salon,Seattle,PRV0004,2024-05-25,12:15:00,15,cancelled,online_booking,2024-05-18,7,rescheduled,True,Waxing
APT0003638,ORD0003638,CLT00201,BIZ006,Radiance Salon,Seattle,PRV0019,2024-07-21,18:15:00,30,completed,online_booking,2024-07-18,3,,False,Waxing
APT0003639,ORD0003639,CLT00201,BIZ006,Radiance Salon,Seattle,PRV0008,2024-09-26,09:00:00,60,completed,walk_in,2024-09-12,14,,False,Hair
APT0003640,ORD0003640,CLT00201,BIZ006,Radiance Salon,Seattle,PRV0018,2024-12-01,18:30:00,15,completed,app,2024-11-17,14,,False,Waxing
APT0003641,ORD0003641,CLT00201,BIZ006,Radiance Salon,Seattle,PRV0007,2025-02-05,10:30:00,60,completed,walk_in,2025-02-04,1,,False,Hair
APT0003642,ORD0003642,CLT00201,BIZ006,Radiance Salon,Seattle,PRV0007,2025-03-31,13:45:00,150,completed,app,2025-03-30,1,,False,Hair
APT0003643,ORD0003643,CLT00201,BIZ006,Radiance Salon,Seattle,PRV0008,2025-05-26,09:30:00,60,completed,app,2025-05-12,14,,False,Hair
APT0003644,ORD0003644,CLT00201,BIZ006,Radiance Salon,Seattle,PRV0010,2025-07-30,17:00:00,150,completed,referral,2025-07-23,7,,False,Hair
APT0003645,ORD0003645,CLT00202,BIZ006,Radiance Salon,Seattle,PRV0003,2024-05-04,13:00:00,60,completed,referral,2024-04-13,21,,True,Hair
APT0003646,ORD0003646,CLT00202,BIZ006,Radiance Salon,Seattle,PRV0001,2024-06-16,16:45:00,150,completed,referral,2024-06-02,14,,False,Hair
APT0003647,ORD0003647,CLT00202,BIZ006,Radiance Salon,Seattle,PRV0009,2024-08-06,17:00:00,150,completed,app,2024-07-16,21,,False,Hair
APT0003648,ORD0003648,CLT00202,BIZ006,Radiance Salon,Seattle,PRV0017,2024-09-13,14:45:00,120,completed,app,2024-08-30,14,,False,Hair
APT0003649,ORD0003649,CLT00202,BIZ006,Radiance Salon,Seattle,PRV0002,2024-10-25,10:15:00,30,completed,phone,2024-10-18,7,,False,Hair
APT0003650,ORD0003650,CLT00202,BIZ006,Radiance Salon,Seattle,PRV0017,2024-12-13,16:30:00,120,completed,walk_in,2024-12-06,7,,False,Hair
APT0003651,ORD0003651,CLT00202,BIZ006,Radiance Salon,Seattle,PRV0002,2025-01-22,09:30:00,150,completed,online_booking,2025-01-01,21,,False,Hair
APT0003652,ORD0003652,CLT00202,BIZ006,Radiance Salon,Seattle,PRV0010,2025-03-04,13:30:00,45,completed,online_booking,2025-03-04,0,,False,Hair
APT0003653,ORD0003653,CLT00202,BIZ006,Radiance Salon,Seattle,PRV0011,2025-04-22,09:30:00,150,completed,app,2025-04-01,21,,False,Hair
APT0003654,ORD0003654,CLT00202,BIZ006,Radiance Salon,Seattle,PRV0004,2025-06-08,13:30:00,120,completed,app,2025-06-05,3,,False,Hair
APT0003655,ORD0003655,CLT00202,BIZ006,Radiance Salon,Seattle,PRV0011,2025-07-22,11:00:00,30,cancelled,app,2025-07-15,7,schedule_conflict,False,Hair
APT0003656,ORD0003656,CLT00202,BIZ006,Radiance Salon,Seattle,PRV0010,2025-09-08,10:00:00,30,completed,referral,2025-09-05,3,,False,Hair
APT0003657,ORD0003657,CLT00202,BIZ006,Radiance Salon,Seattle,PRV0004,2025-10-17,10:15:00,60,completed,walk_in,2025-10-10,7,,False,Hair
APT0003658,ORD0003658,CLT00202,BIZ006,Radiance Salon,Seattle,PRV0006,2025-11-29,10:00:00,150,completed,app,2025-11-28,1,,False,Hair
APT0003659,ORD0003659,CLT00202,BIZ006,Radiance Salon,Seattle,PRV0008,2026-01-11,15:45:00,120,completed,app,2026-01-04,7,,False,Hair
APT0003660,ORD0003660,CLT00202,BIZ006,Radiance Salon,Seattle,PRV0013,2026-02-23,13:30:00,120,completed,app,2026-02-20,3,,False,Hair
APT0003661,ORD0003661,CLT00203,BIZ010,Elevate Salon,Nashville,PRV0017,2024-04-10,13:15:00,30,completed,online_booking,2024-03-20,21,,True,Hair
APT0003662,ORD0003662,CLT00203,BIZ010,Elevate Salon,Nashville,PRV0004,2024-05-23,16:30:00,60,completed,online_booking,2024-05-16,7,,False,Massage
APT0003663,ORD0003663,CLT00203,BIZ010,Elevate Salon,Nashville,PRV0012,2024-06-30,13:30:00,75,completed,app,2024-06-29,1,,False,Massage
APT0003664,ORD0003664,CLT00203,BIZ010,Elevate Salon,Nashville,PRV0006,2024-08-17,11:00:00,60,completed,online_booking,2024-07-27,21,,False,Hair
APT0003665,ORD0003665,CLT00203,BIZ010,Elevate Salon,Nashville,PRV0005,2024-10-06,12:30:00,120,completed,online_booking,2024-09-29,7,,False,Hair
APT0003666,ORD0003666,CLT00203,BIZ010,Elevate Salon,Nashville,PRV0012,2024-11-22,15:15:00,60,completed,app,2024-11-01,21,,False,Massage
APT0003667,ORD0003667,CLT00203,BIZ010,Elevate Salon,Nashville,PRV0015,2025-01-10,13:15:00,120,completed,walk_in,2025-01-09,1,,False,Hair
APT0003668,ORD0003668,CLT00203,BIZ010,Elevate Salon,Nashville,PRV0019,2025-03-02,09:30:00,30,completed,walk_in,2025-03-01,1,,False,Hair
APT0003669,ORD0003669,CLT00203,BIZ010,Elevate Salon,Nashville,PRV0010,2025-04-19,18:45:00,150,completed,online_booking,2025-04-16,3,,False,Hair
APT0003670,ORD0003670,CLT00203,BIZ010,Elevate Salon,Nashville,PRV0007,2025-06-04,16:45:00,120,completed,app,2025-05-28,7,,False,Hair
APT0003671,ORD0003671,CLT00203,BIZ010,Elevate Salon,Nashville,PRV0002,2025-07-15,11:15:00,30,completed,online_booking,2025-07-01,14,,False,Hair
APT0003672,ORD0003672,CLT00203,BIZ010,Elevate Salon,Nashville,PRV0008,2025-08-27,14:15:00,75,completed,app,2025-08-06,21,,False,Massage
APT0003673,ORD0003673,CLT00203,BIZ010,Elevate Salon,Nashville,PRV0010,2025-10-04,16:30:00,150,completed,walk_in,2025-09-20,14,,False,Hair
APT0003674,ORD0003674,CLT00203,BIZ010,Elevate Salon,Nashville,PRV0005,2025-11-21,16:45:00,30,completed,app,2025-11-20,1,,False,Hair
APT0003675,ORD0003675,CLT00203,BIZ010,Elevate Salon,Nashville,PRV0006,2026-01-07,12:45:00,30,completed,phone,2026-01-04,3,,False,Hair
APT0003676,ORD0003676,CLT00203,BIZ010,Elevate Salon,Nashville,PRV0012,2026-02-24,17:45:00,60,cancelled,online_booking,2026-02-17,7,no_reason_given,False,Massage
APT0003677,ORD0003677,CLT00204,BIZ007,The Beauty Loft,Miami,PRV0002,2024-05-03,15:45:00,45,completed,phone,2024-04-30,3,,True,Hair
APT0003678,ORD0003678,CLT00204,BIZ007,The Beauty Loft,Miami,PRV0017,2024-05-21,15:00:00,60,completed,app,2024-05-14,7,,False,Skin
APT0003679,ORD0003679,CLT00204,BIZ007,The Beauty Loft,Miami,PRV0012,2024-06-08,17:30:00,60,completed,app,2024-06-05,3,,False,Skin
APT0003680,ORD0003680,CLT00204,BIZ007,The Beauty Loft,Miami,PRV0011,2024-06-24,17:00:00,150,completed,walk_in,2024-06-10,14,,False,Hair
APT0003681,ORD0003681,CLT00204,BIZ007,The Beauty Loft,Miami,PRV0015,2024-07-12,14:30:00,60,completed,referral,2024-06-28,14,,False,Skin
APT0003682,ORD0003682,CLT00204,BIZ007,The Beauty Loft,Miami,PRV0011,2024-08-04,13:30:00,45,completed,app,2024-07-28,7,,False,Hair
APT0003683,ORD0003683,CLT00204,BIZ007,The Beauty Loft,Miami,PRV0004,2024-08-26,18:15:00,60,completed,app,2024-08-05,21,,False,Hair
APT0003684,ORD0003684,CLT00204,BIZ007,The Beauty Loft,Miami,PRV0004,2024-09-21,11:30:00,120,cancelled,walk_in,2024-09-18,3,rescheduled,False,Hair
APT0003685,ORD0003685,CLT00204,BIZ007,The Beauty Loft,Miami,PRV0013,2024-10-09,14:15:00,60,completed,phone,2024-10-06,3,,False,Skin
APT0003686,ORD0003686,CLT00204,BIZ007,The Beauty Loft,Miami,PRV0006,2024-11-05,11:00:00,60,completed,app,2024-10-29,7,,False,Skin
APT0003687,ORD0003687,CLT00204,BIZ007,The Beauty Loft,Miami,PRV0009,2024-11-26,09:00:00,45,completed,referral,2024-11-23,3,,False,Hair
APT0003688,ORD0003688,CLT00204,BIZ007,The Beauty Loft,Miami,PRV0019,2024-12-21,11:00:00,120,cancelled,phone,2024-12-18,3,,False,Hair
APT0003689,ORD0003689,CLT00204,BIZ007,The Beauty Loft,Miami,PRV0014,2025-01-06,14:00:00,45,completed,phone,2025-01-05,1,,False,Skin
APT0003690,ORD0003690,CLT00204,BIZ007,The Beauty Loft,Miami,PRV0009,2025-01-20,17:30:00,150,completed,phone,2024-12-30,21,,False,Hair
APT0003691,ORD0003691,CLT00204,BIZ007,The Beauty Loft,Miami,PRV0002,2025-02-03,09:15:00,30,completed,referral,2025-02-03,0,,False,Hair
APT0003692,ORD0003692,CLT00204,BIZ007,The Beauty Loft,Miami,PRV0012,2025-02-21,11:00:00,60,completed,online_booking,2025-02-18,3,,False,Hair
APT0003693,ORD0003693,CLT00204,BIZ007,The Beauty Loft,Miami,PRV0001,2025-03-11,18:45:00,60,completed,phone,2025-03-10,1,,False,Skin
APT0003694,ORD0003694,CLT00204,BIZ007,The Beauty Loft,Miami,PRV0010,2025-04-04,16:00:00,120,completed,app,2025-04-03,1,,False,Hair
APT0003695,ORD0003695,CLT00204,BIZ007,The Beauty Loft,Miami,PRV0017,2025-04-22,18:30:00,60,completed,referral,2025-04-15,7,,False,Hair
APT0003696,ORD0003696,CLT00204,BIZ007,The Beauty Loft,Miami,PRV0007,2025-05-14,16:45:00,60,no_show,referral,2025-04-23,21,personal_emergency,False,Skin
APT0003697,ORD0003697,CLT00204,BIZ007,The Beauty Loft,Miami,PRV0006,2025-06-04,09:30:00,30,completed,referral,2025-05-21,14,,False,Hair
APT0003698,ORD0003698,CLT00204,BIZ007,The Beauty Loft,Miami,PRV0017,2025-07-01,13:30:00,60,completed,online_booking,2025-06-28,3,,False,Hair
APT0003699,ORD0003699,CLT00204,BIZ007,The Beauty Loft,Miami,PRV0014,2025-07-28,10:15:00,45,completed,online_booking,2025-07-28,0,,False,Skin
APT0003700,ORD0003700,CLT00204,BIZ007,The Beauty Loft,Miami,PRV0002,2025-08-25,18:45:00,45,completed,app,2025-08-24,1,,False,Hair
APT0003701,ORD0003701,CLT00204,BIZ007,The Beauty Loft,Miami,PRV0013,2025-09-09,13:45:00,45,completed,online_booking,2025-08-26,14,,False,Skin
APT0003702,ORD0003702,CLT00204,BIZ007,The Beauty Loft,Miami,PRV0007,2025-09-24,09:30:00,60,completed,walk_in,2025-09-17,7,,False,Skin
APT0003703,ORD0003703,CLT00204,BIZ007,The Beauty Loft,Miami,PRV0015,2025-10-18,11:15:00,60,completed,app,2025-10-15,3,,False,Skin
APT0003704,ORD0003704,CLT00204,BIZ007,The Beauty Loft,Miami,PRV0003,2025-11-08,14:00:00,60,completed,referral,2025-10-25,14,,False,Skin
APT0003705,ORD0003705,CLT00204,BIZ007,The Beauty Loft,Miami,PRV0004,2025-12-03,16:00:00,60,completed,online_booking,2025-11-26,7,,False,Hair
APT0003706,ORD0003706,CLT00204,BIZ007,The Beauty Loft,Miami,PRV0013,2025-12-27,18:00:00,150,completed,referral,2025-12-13,14,,False,Hair
APT0003707,ORD0003707,CLT00204,BIZ007,The Beauty Loft,Miami,PRV0011,2026-01-15,17:45:00,120,completed,walk_in,2026-01-12,3,,False,Hair
APT0003708,ORD0003708,CLT00204,BIZ007,The Beauty Loft,Miami,PRV0014,2026-01-29,14:15:00,75,completed,walk_in,2026-01-26,3,,False,Skin
APT0003709,ORD0003709,CLT00204,BIZ007,The Beauty Loft,Miami,PRV0017,2026-02-22,12:45:00,60,completed,app,2026-02-15,7,,False,Skin
APT0003710,ORD0003710,CLT00204,BIZ007,The Beauty Loft,Miami,PRV0018,2026-03-16,15:00:00,60,completed,online_booking,2026-03-09,7,,False,Hair
APT0003711,ORD0003711,CLT00205,BIZ003,The Glam Room,New York,PRV0008,2024-05-31,11:00:00,60,completed,app,2024-05-31,0,,True,Skin
APT0003712,ORD0003712,CLT00205,BIZ003,The Glam Room,New York,PRV0019,2024-08-03,18:15:00,60,completed,app,2024-07-27,7,,False,Massage
APT0003713,ORD0003713,CLT00205,BIZ003,The Glam Room,New York,PRV0020,2024-09-28,15:15:00,75,completed,app,2024-09-21,7,,False,Massage
APT0003714,ORD0003714,CLT00205,BIZ003,The Glam Room,New York,PRV0017,2024-11-29,16:15:00,75,completed,online_booking,2024-11-29,0,,False,Skin
APT0003715,ORD0003715,CLT00205,BIZ003,The Glam Room,New York,PRV0020,2025-01-21,09:00:00,60,completed,referral,2025-01-14,7,,False,Skin
APT0003716,ORD0003716,CLT00205,BIZ003,The Glam Room,New York,PRV0005,2025-03-20,13:30:00,60,completed,app,2025-03-17,3,,False,Skin
APT0003717,ORD0003717,CLT00205,BIZ003,The Glam Room,New York,PRV0006,2025-05-19,16:15:00,75,completed,app,2025-05-12,7,,False,Skin
APT0003718,ORD0003718,CLT00205,BIZ003,The Glam Room,New York,PRV0006,2025-07-13,18:15:00,60,completed,referral,2025-07-10,3,,False,Massage
APT0003719,ORD0003719,CLT00205,BIZ003,The Glam Room,New York,PRV0001,2025-09-16,10:45:00,75,completed,referral,2025-08-26,21,,False,Massage
APT0003720,ORD0003720,CLT00205,BIZ003,The Glam Room,New York,PRV0011,2025-11-10,15:00:00,60,completed,walk_in,2025-11-03,7,,False,Massage
APT0003721,ORD0003721,CLT00205,BIZ003,The Glam Room,New York,PRV0005,2026-01-02,10:15:00,60,completed,online_booking,2026-01-01,1,,False,Massage
APT0003722,ORD0003722,CLT00205,BIZ003,The Glam Room,New York,PRV0007,2026-02-24,09:45:00,60,completed,walk_in,2026-02-21,3,,False,Massage
APT0003723,ORD0003723,CLT00206,BIZ007,The Beauty Loft,Miami,PRV0010,2024-04-25,15:30:00,45,cancelled,referral,2024-04-24,1,forgot,True,Hair
APT0003724,ORD0003724,CLT00206,BIZ007,The Beauty Loft,Miami,PRV0009,2024-06-05,16:00:00,150,completed,app,2024-06-02,3,,False,Hair
APT0003725,ORD0003725,CLT00206,BIZ007,The Beauty Loft,Miami,PRV0016,2024-07-09,16:45:00,60,completed,phone,2024-07-08,1,,False,Nails
APT0003726,ORD0003726,CLT00206,BIZ007,The Beauty Loft,Miami,PRV0007,2024-08-15,18:45:00,45,completed,referral,2024-08-08,7,,False,Nails
APT0003727,ORD0003727,CLT00206,BIZ007,The Beauty Loft,Miami,PRV0004,2024-09-13,16:30:00,45,completed,online_booking,2024-09-10,3,,False,Nails
APT0003728,ORD0003728,CLT00206,BIZ007,The Beauty Loft,Miami,PRV0004,2024-10-20,11:45:00,30,completed,online_booking,2024-10-17,3,,False,Hair
APT0003729,ORD0003729,CLT00206,BIZ007,The Beauty Loft,Miami,PRV0003,2024-11-29,13:15:00,45,completed,walk_in,2024-11-22,7,,False,Nails
APT0003730,ORD0003730,CLT00206,BIZ007,The Beauty Loft,Miami,PRV0015,2025-01-05,14:30:00,60,completed,online_booking,2025-01-04,1,,False,Hair
APT0003731,ORD0003731,CLT00206,BIZ007,The Beauty Loft,Miami,PRV0016,2025-02-11,13:00:00,15,completed,walk_in,2025-02-10,1,,False,Nails
APT0003732,ORD0003732,CLT00206,BIZ007,The Beauty Loft,Miami,PRV0011,2025-03-16,18:30:00,60,completed,referral,2025-03-15,1,,False,Nails
APT0003733,ORD0003733,CLT00206,BIZ007,The Beauty Loft,Miami,PRV0014,2025-04-18,10:00:00,15,completed,app,2025-03-28,21,,False,Nails
APT0003734,ORD0003734,CLT00206,BIZ007,The Beauty Loft,Miami,PRV0007,2025-05-29,10:15:00,120,completed,referral,2025-05-26,3,,False,Hair
APT0003735,ORD0003735,CLT00206,BIZ007,The Beauty Loft,Miami,PRV0009,2025-07-06,09:30:00,30,completed,app,2025-07-03,3,,False,Hair
APT0003736,ORD0003736,CLT00206,BIZ007,The Beauty Loft,Miami,PRV0001,2025-08-09,13:45:00,60,completed,walk_in,2025-08-08,1,,False,Nails
APT0003737,ORD0003737,CLT00206,BIZ007,The Beauty Loft,Miami,PRV0001,2025-09-19,18:30:00,45,completed,walk_in,2025-09-05,14,,False,Nails
APT0003738,ORD0003738,CLT00206,BIZ007,The Beauty Loft,Miami,PRV0006,2025-10-28,17:45:00,60,completed,referral,2025-10-25,3,,False,Hair
APT0003739,ORD0003739,CLT00206,BIZ007,The Beauty Loft,Miami,PRV0018,2025-12-09,16:30:00,45,completed,walk_in,2025-11-25,14,,False,Hair
APT0003740,ORD0003740,CLT00206,BIZ007,The Beauty Loft,Miami,PRV0011,2026-01-13,16:30:00,45,completed,online_booking,2025-12-30,14,,False,Nails
APT0003741,ORD0003741,CLT00206,BIZ007,The Beauty Loft,Miami,PRV0008,2026-02-16,13:00:00,15,completed,referral,2026-01-26,21,,False,Nails
APT0003742,ORD0003742,CLT00207,BIZ008,Posh Nails & Spa,Denver,PRV0007,2024-04-15,11:15:00,60,completed,online_booking,2024-04-08,7,,True,Hair
APT0003743,ORD0003743,CLT00207,BIZ008,Posh Nails & Spa,Denver,PRV0020,2024-05-16,14:30:00,60,completed,referral,2024-05-13,3,,False,Hair
APT0003744,ORD0003744,CLT00207,BIZ008,Posh Nails & Spa,Denver,PRV0005,2024-06-19,15:15:00,45,completed,phone,2024-06-12,7,,False,Waxing
APT0003745,ORD0003745,CLT00207,BIZ008,Posh Nails & Spa,Denver,PRV0003,2024-07-22,16:00:00,45,completed,walk_in,2024-07-21,1,,False,Waxing
APT0003746,ORD0003746,CLT00207,BIZ008,Posh Nails & Spa,Denver,PRV0002,2024-08-28,13:30:00,30,completed,walk_in,2024-08-27,1,,False,Waxing
APT0003747,ORD0003747,CLT00207,BIZ008,Posh Nails & Spa,Denver,PRV0005,2024-09-25,09:45:00,120,completed,referral,2024-09-22,3,,False,Hair
APT0003748,ORD0003748,CLT00207,BIZ008,Posh Nails & Spa,Denver,PRV0010,2024-11-04,12:00:00,150,completed,referral,2024-10-28,7,,False,Hair
APT0003749,ORD0003749,CLT00207,BIZ008,Posh Nails & Spa,Denver,PRV0015,2024-12-12,09:45:00,30,completed,walk_in,2024-11-21,21,,False,Waxing
APT0003750,ORD0003750,CLT00207,BIZ008,Posh Nails & Spa,Denver,PRV0016,2025-01-23,14:15:00,30,cancelled,walk_in,2025-01-02,21,schedule_conflict,False,Waxing
APT0003751,ORD0003751,CLT00207,BIZ008,Posh Nails & Spa,Denver,PRV0008,2025-02-25,15:45:00,60,completed,online_booking,2025-02-04,21,,False,Hair
APT0003752,ORD0003752,CLT00207,BIZ008,Posh Nails & Spa,Denver,PRV0004,2025-03-27,15:30:00,30,no_show,referral,2025-03-20,7,schedule_conflict,False,Waxing
APT0003753,ORD0003753,CLT00207,BIZ008,Posh Nails & Spa,Denver,PRV0014,2025-04-28,12:30:00,15,completed,online_booking,2025-04-14,14,,False,Waxing
APT0003754,ORD0003754,CLT00207,BIZ008,Posh Nails & Spa,Denver,PRV0011,2025-05-27,09:15:00,120,completed,online_booking,2025-05-26,1,,False,Hair
APT0003755,ORD0003755,CLT00207,BIZ008,Posh Nails & Spa,Denver,PRV0006,2025-06-28,13:45:00,15,cancelled,referral,2025-06-25,3,illness,False,Waxing
APT0003756,ORD0003756,CLT00207,BIZ008,Posh Nails & Spa,Denver,PRV0016,2025-08-04,11:15:00,150,completed,referral,2025-08-01,3,,False,Hair
APT0003757,ORD0003757,CLT00207,BIZ008,Posh Nails & Spa,Denver,PRV0010,2025-09-01,15:30:00,15,completed,app,2025-08-29,3,,False,Waxing
APT0003758,ORD0003758,CLT00207,BIZ008,Posh Nails & Spa,Denver,PRV0010,2025-10-09,09:15:00,15,completed,referral,2025-10-02,7,,False,Waxing
APT0003759,ORD0003759,CLT00207,BIZ008,Posh Nails & Spa,Denver,PRV0019,2025-11-15,13:30:00,45,completed,online_booking,2025-11-12,3,,False,Hair
APT0003760,ORD0003760,CLT00207,BIZ008,Posh Nails & Spa,Denver,PRV0010,2025-12-26,12:15:00,45,completed,app,2025-12-19,7,,False,Hair
APT0003761,ORD0003761,CLT00207,BIZ008,Posh Nails & Spa,Denver,PRV0003,2026-01-29,10:15:00,15,completed,walk_in,2026-01-15,14,,False,Waxing
APT0003762,ORD0003762,CLT00207,BIZ008,Posh Nails & Spa,Denver,PRV0003,2026-03-05,17:00:00,60,cancelled,online_booking,2026-02-26,7,personal_emergency,False,Hair
APT0003763,ORD0003763,CLT00208,BIZ009,Glow Studio,Boston,PRV0012,2024-04-24,10:15:00,60,completed,phone,2024-04-17,7,,True,Massage
APT0003764,ORD0003764,CLT00208,BIZ009,Glow Studio,Boston,PRV0017,2024-05-13,11:15:00,60,completed,phone,2024-04-29,14,,False,Massage
APT0003765,ORD0003765,CLT00208,BIZ009,Glow Studio,Boston,PRV0007,2024-06-10,18:00:00,75,completed,referral,2024-06-03,7,,False,Massage
APT0003766,ORD0003766,CLT00208,BIZ009,Glow Studio,Boston,PRV0013,2024-07-03,10:00:00,75,completed,walk_in,2024-06-12,21,,False,Massage
APT0003767,ORD0003767,CLT00208,BIZ009,Glow Studio,Boston,PRV0006,2024-07-24,13:00:00,75,completed,phone,2024-07-03,21,,False,Massage
APT0003768,ORD0003768,CLT00208,BIZ009,Glow Studio,Boston,PRV0006,2024-08-12,14:30:00,60,completed,online_booking,2024-08-09,3,,False,Massage
APT0003769,ORD0003769,CLT00208,BIZ009,Glow Studio,Boston,PRV0020,2024-09-07,13:45:00,75,completed,app,2024-09-04,3,,False,Massage
APT0003770,ORD0003770,CLT00208,BIZ009,Glow Studio,Boston,PRV0015,2024-10-01,11:00:00,60,completed,walk_in,2024-09-24,7,,False,Massage
APT0003771,ORD0003771,CLT00208,BIZ009,Glow Studio,Boston,PRV0002,2024-10-28,13:00:00,60,cancelled,app,2024-10-27,1,weather,False,Massage
APT0003772,ORD0003772,CLT00208,BIZ009,Glow Studio,Boston,PRV0006,2024-11-23,11:45:00,60,completed,referral,2024-11-22,1,,False,Massage
APT0003773,ORD0003773,CLT00208,BIZ009,Glow Studio,Boston,PRV0020,2024-12-09,09:45:00,60,completed,walk_in,2024-12-02,7,,False,Massage
APT0003774,ORD0003774,CLT00208,BIZ009,Glow Studio,Boston,PRV0014,2025-01-02,15:45:00,60,completed,referral,2025-01-01,1,,False,Massage
APT0003775,ORD0003775,CLT00208,BIZ009,Glow Studio,Boston,PRV0018,2025-01-28,14:30:00,60,completed,app,2025-01-25,3,,False,Massage
APT0003776,ORD0003776,CLT00208,BIZ009,Glow Studio,Boston,PRV0019,2025-02-11,14:00:00,60,cancelled,referral,2025-02-04,7,forgot,False,Massage
APT0003777,ORD0003777,CLT00208,BIZ009,Glow Studio,Boston,PRV0014,2025-03-11,12:45:00,75,no_show,app,2025-03-04,7,no_reason_given,False,Massage
APT0003778,ORD0003778,CLT00208,BIZ009,Glow Studio,Boston,PRV0018,2025-04-01,13:30:00,60,completed,walk_in,2025-03-29,3,,False,Massage
APT0003779,ORD0003779,CLT00208,BIZ009,Glow Studio,Boston,PRV0004,2025-04-25,09:30:00,75,completed,referral,2025-04-18,7,,False,Massage
APT0003780,ORD0003780,CLT00208,BIZ009,Glow Studio,Boston,PRV0012,2025-05-18,10:00:00,60,completed,referral,2025-05-04,14,,False,Massage
APT0003781,ORD0003781,CLT00208,BIZ009,Glow Studio,Boston,PRV0020,2025-06-07,15:45:00,60,cancelled,phone,2025-06-04,3,forgot,False,Massage
APT0003782,ORD0003782,CLT00208,BIZ009,Glow Studio,Boston,PRV0001,2025-07-05,15:45:00,60,completed,walk_in,2025-07-02,3,,False,Massage
APT0003783,ORD0003783,CLT00208,BIZ009,Glow Studio,Boston,PRV0011,2025-07-22,11:45:00,60,completed,online_booking,2025-07-21,1,,False,Massage
APT0003784,ORD0003784,CLT00208,BIZ009,Glow Studio,Boston,PRV0006,2025-08-13,12:00:00,60,completed,referral,2025-08-12,1,,False,Massage
APT0003785,ORD0003785,CLT00208,BIZ009,Glow Studio,Boston,PRV0017,2025-09-04,10:30:00,60,completed,walk_in,2025-09-01,3,,False,Massage
APT0003786,ORD0003786,CLT00208,BIZ009,Glow Studio,Boston,PRV0018,2025-10-02,13:30:00,60,completed,referral,2025-09-11,21,,False,Massage
APT0003787,ORD0003787,CLT00208,BIZ009,Glow Studio,Boston,PRV0014,2025-10-19,18:00:00,75,completed,referral,2025-10-12,7,,False,Massage
APT0003788,ORD0003788,CLT00208,BIZ009,Glow Studio,Boston,PRV0005,2025-11-15,14:00:00,60,completed,online_booking,2025-11-08,7,,False,Massage
APT0003789,ORD0003789,CLT00208,BIZ009,Glow Studio,Boston,PRV0008,2025-12-13,13:45:00,60,completed,app,2025-12-12,1,,False,Massage
APT0003790,ORD0003790,CLT00208,BIZ009,Glow Studio,Boston,PRV0004,2025-12-29,14:45:00,60,completed,referral,2025-12-08,21,,False,Massage
APT0003791,ORD0003791,CLT00208,BIZ009,Glow Studio,Boston,PRV0009,2026-01-12,17:15:00,75,completed,phone,2026-01-09,3,,False,Massage
APT0003792,ORD0003792,CLT00208,BIZ009,Glow Studio,Boston,PRV0018,2026-02-09,10:15:00,60,cancelled,walk_in,2026-01-19,21,,False,Massage
APT0003793,ORD0003793,CLT00208,BIZ009,Glow Studio,Boston,PRV0006,2026-03-07,17:45:00,75,completed,phone,2026-02-21,14,,False,Massage
APT0003794,ORD0003794,CLT00208,BIZ009,Glow Studio,Boston,PRV0001,2026-03-29,16:45:00,60,completed,walk_in,2026-03-22,7,,False,Massage
APT0003795,ORD0003795,CLT00209,BIZ010,Elevate Salon,Nashville,PRV0013,2024-06-05,13:15:00,60,completed,referral,2024-05-22,14,,True,Hair
APT0003796,ORD0003796,CLT00209,BIZ010,Elevate Salon,Nashville,PRV0005,2024-07-31,15:15:00,45,completed,walk_in,2024-07-30,1,,False,Hair
APT0003797,ORD0003797,CLT00209,BIZ010,Elevate Salon,Nashville,PRV0014,2024-09-23,11:45:00,120,cancelled,online_booking,2024-09-09,14,schedule_conflict,False,Hair
APT0003798,ORD0003798,CLT00209,BIZ010,Elevate Salon,Nashville,PRV0001,2024-11-19,10:15:00,30,completed,referral,2024-11-16,3,,False,Hair
APT0003799,ORD0003799,CLT00209,BIZ010,Elevate Salon,Nashville,PRV0009,2025-01-20,16:15:00,120,completed,referral,2024-12-30,21,,False,Hair
APT0003800,ORD0003800,CLT00209,BIZ010,Elevate Salon,Nashville,PRV0019,2025-03-20,17:30:00,60,completed,online_booking,2025-03-13,7,,False,Hair
APT0003801,ORD0003801,CLT00209,BIZ010,Elevate Salon,Nashville,PRV0008,2025-05-22,10:00:00,60,cancelled,app,2025-05-15,7,,False,Hair
APT0003802,ORD0003802,CLT00209,BIZ010,Elevate Salon,Nashville,PRV0007,2025-07-28,11:15:00,120,completed,online_booking,2025-07-21,7,,False,Hair
APT0003803,ORD0003803,CLT00209,BIZ010,Elevate Salon,Nashville,PRV0020,2025-09-20,17:45:00,60,completed,walk_in,2025-09-19,1,,False,Hair
APT0003804,ORD0003804,CLT00209,BIZ010,Elevate Salon,Nashville,PRV0002,2025-11-18,11:15:00,60,completed,referral,2025-11-17,1,,False,Hair
APT0003805,ORD0003805,CLT00209,BIZ010,Elevate Salon,Nashville,PRV0014,2026-01-20,17:00:00,60,completed,phone,2026-01-13,7,,False,Hair
APT0003806,ORD0003806,CLT00209,BIZ010,Elevate Salon,Nashville,PRV0001,2026-03-27,18:00:00,60,completed,app,2026-03-24,3,,False,Hair
APT0003807,ORD0003807,CLT00210,BIZ008,Posh Nails & Spa,Denver,PRV0002,2024-06-04,12:30:00,60,completed,app,2024-05-28,7,,True,Hair
APT0003808,ORD0003808,CLT00210,BIZ008,Posh Nails & Spa,Denver,PRV0008,2024-08-06,10:45:00,120,completed,app,2024-07-30,7,,False,Hair
APT0003809,ORD0003809,CLT00210,BIZ008,Posh Nails & Spa,Denver,PRV0020,2024-10-11,14:15:00,60,completed,walk_in,2024-10-10,1,,False,Hair
APT0003810,ORD0003810,CLT00210,BIZ008,Posh Nails & Spa,Denver,PRV0006,2024-12-06,09:45:00,30,no_show,online_booking,2024-12-06,0,,False,Hair
APT0003811,ORD0003811,CLT00210,BIZ008,Posh Nails & Spa,Denver,PRV0014,2025-02-10,16:45:00,30,completed,phone,2025-02-07,3,,False,Hair
APT0003812,ORD0003812,CLT00210,BIZ008,Posh Nails & Spa,Denver,PRV0002,2025-04-14,12:30:00,60,completed,online_booking,2025-04-13,1,,False,Hair
APT0003813,ORD0003813,CLT00210,BIZ008,Posh Nails & Spa,Denver,PRV0017,2025-06-18,10:30:00,30,completed,referral,2025-06-04,14,,False,Hair
APT0003814,ORD0003814,CLT00210,BIZ008,Posh Nails & Spa,Denver,PRV0005,2025-08-22,13:45:00,150,completed,online_booking,2025-08-21,1,,False,Hair
APT0003815,ORD0003815,CLT00210,BIZ008,Posh Nails & Spa,Denver,PRV0019,2025-10-22,18:30:00,45,completed,online_booking,2025-10-19,3,,False,Hair
APT0003816,ORD0003816,CLT00210,BIZ008,Posh Nails & Spa,Denver,PRV0010,2025-12-15,14:45:00,120,completed,referral,2025-12-08,7,,False,Hair
APT0003817,ORD0003817,CLT00210,BIZ008,Posh Nails & Spa,Denver,PRV0010,2026-02-17,17:45:00,150,completed,walk_in,2026-02-03,14,,False,Hair
APT0003818,ORD0003818,CLT00211,BIZ008,Posh Nails & Spa,Denver,PRV0011,2024-04-17,18:45:00,120,no_show,phone,2024-04-10,7,personal_emergency,True,Hair
APT0003819,ORD0003819,CLT00211,BIZ008,Posh Nails & Spa,Denver,PRV0004,2024-07-11,11:45:00,120,completed,phone,2024-07-04,7,,False,Hair
APT0003820,ORD0003820,CLT00211,BIZ008,Posh Nails & Spa,Denver,PRV0004,2024-10-06,12:30:00,150,completed,app,2024-09-29,7,,False,Hair
APT0003821,ORD0003821,CLT00211,BIZ008,Posh Nails & Spa,Denver,PRV0012,2025-01-05,18:45:00,30,completed,app,2024-12-15,21,,False,Hair
APT0003822,ORD0003822,CLT00211,BIZ008,Posh Nails & Spa,Denver,PRV0015,2025-04-12,17:45:00,60,completed,app,2025-03-22,21,,False,Hair
APT0003823,ORD0003823,CLT00211,BIZ008,Posh Nails & Spa,Denver,PRV0018,2025-07-11,14:30:00,120,completed,app,2025-07-04,7,,False,Hair
APT0003824,ORD0003824,CLT00211,BIZ008,Posh Nails & Spa,Denver,PRV0018,2025-10-03,10:00:00,60,completed,referral,2025-09-19,14,,False,Hair
APT0003825,ORD0003825,CLT00211,BIZ008,Posh Nails & Spa,Denver,PRV0006,2025-12-28,18:30:00,120,completed,referral,2025-12-27,1,,False,Hair
APT0003826,ORD0003826,CLT00211,BIZ008,Posh Nails & Spa,Denver,PRV0007,2026-03-25,13:15:00,60,completed,referral,2026-03-25,0,,False,Hair
APT0003827,ORD0003827,CLT00212,BIZ006,Radiance Salon,Seattle,PRV0001,2024-04-09,12:00:00,75,completed,referral,2024-04-06,3,,True,Skin
APT0003828,ORD0003828,CLT00212,BIZ006,Radiance Salon,Seattle,PRV0001,2024-05-21,13:15:00,60,completed,referral,2024-05-18,3,,False,Skin
APT0003829,ORD0003829,CLT00212,BIZ006,Radiance Salon,Seattle,PRV0016,2024-07-01,18:00:00,45,completed,online_booking,2024-06-28,3,,False,Nails
APT0003830,ORD0003830,CLT00212,BIZ006,Radiance Salon,Seattle,PRV0019,2024-07-29,13:00:00,15,completed,referral,2024-07-29,0,,False,Nails
APT0003831,ORD0003831,CLT00212,BIZ006,Radiance Salon,Seattle,PRV0013,2024-08-30,09:45:00,45,completed,referral,2024-08-27,3,,False,Nails
APT0003832,ORD0003832,CLT00212,BIZ006,Radiance Salon,Seattle,PRV0004,2024-09-27,17:30:00,60,no_show,walk_in,2024-09-20,7,,False,Skin
APT0003833,ORD0003833,CLT00212,BIZ006,Radiance Salon,Seattle,PRV0002,2024-11-04,10:00:00,45,completed,phone,2024-11-03,1,,False,Nails
APT0003834,ORD0003834,CLT00212,BIZ006,Radiance Salon,Seattle,PRV0011,2024-12-04,15:15:00,60,cancelled,walk_in,2024-12-01,3,forgot,False,Nails
APT0003835,ORD0003835,CLT00212,BIZ006,Radiance Salon,Seattle,PRV0018,2025-01-08,15:45:00,30,cancelled,phone,2025-01-08,0,schedule_conflict,False,Nails
APT0003836,ORD0003836,CLT00212,BIZ006,Radiance Salon,Seattle,PRV0018,2025-02-14,16:15:00,45,completed,phone,2025-01-31,14,,False,Nails
APT0003837,ORD0003837,CLT00212,BIZ006,Radiance Salon,Seattle,PRV0006,2025-03-26,12:00:00,45,completed,online_booking,2025-03-12,14,,False,Nails
APT0003838,ORD0003838,CLT00212,BIZ006,Radiance Salon,Seattle,PRV0004,2025-04-24,11:30:00,45,completed,online_booking,2025-04-17,7,,False,Nails
APT0003839,ORD0003839,CLT00212,BIZ006,Radiance Salon,Seattle,PRV0012,2025-06-02,16:00:00,60,cancelled,online_booking,2025-06-01,1,personal_emergency,False,Skin
APT0003840,ORD0003840,CLT00212,BIZ006,Radiance Salon,Seattle,PRV0006,2025-07-07,11:30:00,60,completed,app,2025-06-30,7,,False,Nails
APT0003841,ORD0003841,CLT00212,BIZ006,Radiance Salon,Seattle,PRV0020,2025-08-14,10:45:00,45,completed,online_booking,2025-08-11,3,,False,Nails
APT0003842,ORD0003842,CLT00212,BIZ006,Radiance Salon,Seattle,PRV0007,2025-09-20,13:15:00,60,completed,walk_in,2025-09-17,3,,False,Skin
APT0003843,ORD0003843,CLT00212,BIZ006,Radiance Salon,Seattle,PRV0003,2025-10-22,16:45:00,45,completed,walk_in,2025-10-01,21,,False,Nails
APT0003844,ORD0003844,CLT00212,BIZ006,Radiance Salon,Seattle,PRV0012,2025-11-22,11:00:00,45,completed,referral,2025-11-19,3,,False,Nails
APT0003845,ORD0003845,CLT00212,BIZ006,Radiance Salon,Seattle,PRV0016,2025-12-23,13:15:00,15,completed,online_booking,2025-12-22,1,,False,Nails
APT0003846,ORD0003846,CLT00212,BIZ006,Radiance Salon,Seattle,PRV0008,2026-01-24,17:45:00,75,completed,online_booking,2026-01-10,14,,False,Skin
APT0003847,ORD0003847,CLT00212,BIZ006,Radiance Salon,Seattle,PRV0006,2026-03-05,14:30:00,45,completed,phone,2026-03-04,1,,False,Nails
APT0003848,ORD0003848,CLT00213,BIZ009,Glow Studio,Boston,PRV0009,2024-04-18,12:45:00,120,completed,phone,2024-04-11,7,,True,Hair
APT0003849,ORD0003849,CLT00213,BIZ009,Glow Studio,Boston,PRV0005,2024-05-27,16:30:00,120,completed,phone,2024-05-13,14,,False,Hair
APT0003850,ORD0003850,CLT00213,BIZ009,Glow Studio,Boston,PRV0013,2024-07-02,16:30:00,45,completed,referral,2024-06-25,7,,False,Nails
APT0003851,ORD0003851,CLT00213,BIZ009,Glow Studio,Boston,PRV0016,2024-08-04,16:45:00,30,completed,app,2024-07-21,14,,False,Hair
APT0003852,ORD0003852,CLT00213,BIZ009,Glow Studio,Boston,PRV0012,2024-09-04,17:30:00,120,cancelled,online_booking,2024-08-14,21,personal_emergency,False,Hair
APT0003853,ORD0003853,CLT00213,BIZ009,Glow Studio,Boston,PRV0014,2024-10-10,11:30:00,15,completed,walk_in,2024-10-03,7,,False,Nails
APT0003854,ORD0003854,CLT00213,BIZ009,Glow Studio,Boston,PRV0001,2024-11-19,10:00:00,60,completed,app,2024-11-16,3,,False,Nails
APT0003855,ORD0003855,CLT00213,BIZ009,Glow Studio,Boston,PRV0012,2024-12-25,17:45:00,60,completed,walk_in,2024-12-11,14,,False,Hair
APT0003856,ORD0003856,CLT00213,BIZ009,Glow Studio,Boston,PRV0009,2025-01-22,13:45:00,60,no_show,online_booking,2025-01-21,1,schedule_conflict,False,Nails
APT0003857,ORD0003857,CLT00213,BIZ009,Glow Studio,Boston,PRV0002,2025-02-27,13:00:00,60,completed,app,2025-02-13,14,,False,Hair
APT0003858,ORD0003858,CLT00213,BIZ009,Glow Studio,Boston,PRV0002,2025-04-09,17:30:00,45,completed,online_booking,2025-03-26,14,,False,Nails
APT0003859,ORD0003859,CLT00213,BIZ009,Glow Studio,Boston,PRV0015,2025-05-13,13:45:00,60,cancelled,referral,2025-05-12,1,,False,Nails
APT0003860,ORD0003860,CLT00213,BIZ009,Glow Studio,Boston,PRV0007,2025-06-18,12:45:00,15,completed,online_booking,2025-06-04,14,,False,Nails
APT0003861,ORD0003861,CLT00213,BIZ009,Glow Studio,Boston,PRV0002,2025-07-27,09:00:00,120,completed,online_booking,2025-07-24,3,,False,Hair
APT0003862,ORD0003862,CLT00213,BIZ009,Glow Studio,Boston,PRV0017,2025-08-24,09:00:00,120,cancelled,app,2025-08-17,7,,False,Hair
APT0003863,ORD0003863,CLT00213,BIZ009,Glow Studio,Boston,PRV0003,2025-10-03,15:45:00,45,completed,referral,2025-09-26,7,,False,Nails
APT0003864,ORD0003864,CLT00213,BIZ009,Glow Studio,Boston,PRV0005,2025-11-09,10:00:00,30,cancelled,app,2025-10-26,14,schedule_conflict,False,Hair
APT0003865,ORD0003865,CLT00213,BIZ009,Glow Studio,Boston,PRV0011,2025-12-14,12:00:00,30,completed,online_booking,2025-12-11,3,,False,Nails
APT0003866,ORD0003866,CLT00213,BIZ009,Glow Studio,Boston,PRV0001,2026-01-21,18:00:00,60,completed,walk_in,2026-01-07,14,,False,Nails
APT0003867,ORD0003867,CLT00213,BIZ009,Glow Studio,Boston,PRV0003,2026-03-03,18:30:00,30,completed,online_booking,2026-03-02,1,,False,Nails
APT0003868,ORD0003868,CLT00213,BIZ009,Glow Studio,Boston,PRV0009,2026-04-03,10:45:00,15,completed,app,2026-04-02,1,,False,Nails
APT0003869,ORD0003869,CLT00214,BIZ008,Posh Nails & Spa,Denver,PRV0011,2024-04-28,13:00:00,60,completed,walk_in,2024-04-14,14,,True,Massage
APT0003870,ORD0003870,CLT00214,BIZ008,Posh Nails & Spa,Denver,PRV0007,2024-05-14,11:45:00,75,completed,app,2024-05-11,3,,False,Massage
APT0003871,ORD0003871,CLT00214,BIZ008,Posh Nails & Spa,Denver,PRV0001,2024-06-08,12:15:00,15,completed,app,2024-05-18,21,,False,Nails
APT0003872,ORD0003872,CLT00214,BIZ008,Posh Nails & Spa,Denver,PRV0015,2024-07-06,16:45:00,60,completed,phone,2024-06-29,7,,False,Massage
APT0003873,ORD0003873,CLT00214,BIZ008,Posh Nails & Spa,Denver,PRV0020,2024-07-24,09:30:00,15,cancelled,walk_in,2024-07-17,7,weather,False,Nails
APT0003874,ORD0003874,CLT00214,BIZ008,Posh Nails & Spa,Denver,PRV0015,2024-08-18,15:45:00,60,completed,walk_in,2024-07-28,21,,False,Massage
APT0003875,ORD0003875,CLT00214,BIZ008,Posh Nails & Spa,Denver,PRV0016,2024-09-03,09:30:00,45,completed,online_booking,2024-08-27,7,,False,Nails
APT0003876,ORD0003876,CLT00214,BIZ008,Posh Nails & Spa,Denver,PRV0012,2024-09-17,13:45:00,45,completed,walk_in,2024-09-03,14,,False,Nails
APT0003877,ORD0003877,CLT00214,BIZ008,Posh Nails & Spa,Denver,PRV0006,2024-10-06,16:15:00,30,completed,referral,2024-10-03,3,,False,Nails
APT0003878,ORD0003878,CLT00214,BIZ008,Posh Nails & Spa,Denver,PRV0005,2024-10-25,17:30:00,60,completed,walk_in,2024-10-22,3,,False,Nails
APT0003879,ORD0003879,CLT00214,BIZ008,Posh Nails & Spa,Denver,PRV0001,2024-11-14,09:15:00,45,completed,online_booking,2024-11-11,3,,False,Nails
APT0003880,ORD0003880,CLT00214,BIZ008,Posh Nails & Spa,Denver,PRV0007,2024-12-07,17:15:00,45,completed,app,2024-12-04,3,,False,Nails
APT0003881,ORD0003881,CLT00214,BIZ008,Posh Nails & Spa,Denver,PRV0017,2025-01-03,11:15:00,60,completed,referral,2024-12-31,3,,False,Massage
APT0003882,ORD0003882,CLT00214,BIZ008,Posh Nails & Spa,Denver,PRV0020,2025-01-29,09:15:00,45,completed,referral,2025-01-22,7,,False,Nails
APT0003883,ORD0003883,CLT00214,BIZ008,Posh Nails & Spa,Denver,PRV0016,2025-02-16,14:45:00,30,completed,online_booking,2025-02-15,1,,False,Nails
APT0003884,ORD0003884,CLT00214,BIZ008,Posh Nails & Spa,Denver,PRV0003,2025-03-15,11:15:00,15,completed,phone,2025-03-12,3,,False,Nails
APT0003885,ORD0003885,CLT00214,BIZ008,Posh Nails & Spa,Denver,PRV0002,2025-04-02,15:30:00,15,completed,referral,2025-03-26,7,,False,Nails
APT0003886,ORD0003886,CLT00214,BIZ008,Posh Nails & Spa,Denver,PRV0004,2025-04-21,18:15:00,30,completed,phone,2025-04-18,3,,False,Nails
APT0003887,ORD0003887,CLT00214,BIZ008,Posh Nails & Spa,Denver,PRV0001,2025-05-18,13:15:00,60,completed,online_booking,2025-05-04,14,,False,Massage
APT0003888,ORD0003888,CLT00214,BIZ008,Posh Nails & Spa,Denver,PRV0007,2025-06-03,16:45:00,45,completed,referral,2025-05-31,3,,False,Nails
APT0003889,ORD0003889,CLT00214,BIZ008,Posh Nails & Spa,Denver,PRV0003,2025-06-29,12:00:00,60,completed,phone,2025-06-26,3,,False,Massage
APT0003890,ORD0003890,CLT00214,BIZ008,Posh Nails & Spa,Denver,PRV0010,2025-07-26,11:45:00,30,completed,app,2025-07-23,3,,False,Nails
APT0003891,ORD0003891,CLT00214,BIZ008,Posh Nails & Spa,Denver,PRV0014,2025-08-09,12:00:00,30,completed,walk_in,2025-08-08,1,,False,Nails
APT0003892,ORD0003892,CLT00214,BIZ008,Posh Nails & Spa,Denver,PRV0009,2025-08-30,13:45:00,45,completed,app,2025-08-27,3,,False,Nails
APT0003893,ORD0003893,CLT00214,BIZ008,Posh Nails & Spa,Denver,PRV0020,2025-09-26,13:30:00,60,completed,walk_in,2025-09-25,1,,False,Massage
APT0003894,ORD0003894,CLT00214,BIZ008,Posh Nails & Spa,Denver,PRV0005,2025-10-24,09:30:00,75,completed,online_booking,2025-10-17,7,,False,Massage
APT0003895,ORD0003895,CLT00214,BIZ008,Posh Nails & Spa,Denver,PRV0007,2025-11-08,13:30:00,60,completed,referral,2025-11-05,3,,False,Massage
APT0003896,ORD0003896,CLT00214,BIZ008,Posh Nails & Spa,Denver,PRV0007,2025-11-23,15:15:00,60,completed,app,2025-11-02,21,,False,Nails
APT0003897,ORD0003897,CLT00214,BIZ008,Posh Nails & Spa,Denver,PRV0012,2025-12-09,11:30:00,60,completed,app,2025-12-02,7,,False,Massage
APT0003898,ORD0003898,CLT00214,BIZ008,Posh Nails & Spa,Denver,PRV0004,2025-12-30,16:15:00,60,completed,app,2025-12-23,7,,False,Nails
APT0003899,ORD0003899,CLT00214,BIZ008,Posh Nails & Spa,Denver,PRV0015,2026-01-19,10:00:00,60,completed,phone,2026-01-18,1,,False,Massage
APT0003900,ORD0003900,CLT00214,BIZ008,Posh Nails & Spa,Denver,PRV0004,2026-02-03,18:15:00,60,completed,phone,2026-01-31,3,,False,Massage
APT0003901,ORD0003901,CLT00214,BIZ008,Posh Nails & Spa,Denver,PRV0011,2026-02-23,10:15:00,15,completed,referral,2026-02-16,7,,False,Nails
APT0003902,ORD0003902,CLT00214,BIZ008,Posh Nails & Spa,Denver,PRV0011,2026-03-19,13:15:00,60,completed,walk_in,2026-03-05,14,,False,Massage
APT0003903,ORD0003903,CLT00215,BIZ002,Bloom Salon & Spa,Los Angeles,PRV0018,2024-05-10,18:15:00,30,completed,walk_in,2024-05-10,0,,True,Hair
APT0003904,ORD0003904,CLT00215,BIZ002,Bloom Salon & Spa,Los Angeles,PRV0012,2024-08-14,09:45:00,60,completed,online_booking,2024-07-31,14,,False,Skin
APT0003905,ORD0003905,CLT00215,BIZ002,Bloom Salon & Spa,Los Angeles,PRV0019,2024-11-08,15:30:00,45,completed,phone,2024-10-25,14,,False,Skin
APT0003906,ORD0003906,CLT00215,BIZ002,Bloom Salon & Spa,Los Angeles,PRV0017,2025-02-11,11:00:00,120,completed,online_booking,2025-02-10,1,,False,Hair
APT0003907,ORD0003907,CLT00215,BIZ002,Bloom Salon & Spa,Los Angeles,PRV0020,2025-05-15,11:15:00,150,completed,online_booking,2025-05-12,3,,False,Hair
APT0003908,ORD0003908,CLT00215,BIZ002,Bloom Salon & Spa,Los Angeles,PRV0003,2025-08-09,17:45:00,150,completed,phone,2025-07-26,14,,False,Hair
APT0003909,ORD0003909,CLT00215,BIZ002,Bloom Salon & Spa,Los Angeles,PRV0016,2025-11-04,16:45:00,60,cancelled,phone,2025-10-21,14,no_reason_given,False,Skin
APT0003910,ORD0003910,CLT00215,BIZ002,Bloom Salon & Spa,Los Angeles,PRV0017,2026-02-07,14:00:00,60,completed,app,2026-01-24,14,,False,Skin
APT0003911,ORD0003911,CLT00216,BIZ004,Serenity Spa,Chicago,PRV0011,2024-06-17,09:15:00,60,completed,online_booking,2024-06-10,7,,True,Massage
APT0003912,ORD0003912,CLT00216,BIZ004,Serenity Spa,Chicago,PRV0002,2024-09-16,15:00:00,75,cancelled,walk_in,2024-09-09,7,rescheduled,False,Massage
APT0003913,ORD0003913,CLT00216,BIZ004,Serenity Spa,Chicago,PRV0013,2024-12-19,12:15:00,75,completed,phone,2024-12-05,14,,False,Massage
APT0003914,ORD0003914,CLT00216,BIZ004,Serenity Spa,Chicago,PRV0019,2025-03-19,13:15:00,60,completed,walk_in,2025-03-19,0,,False,Massage
APT0003915,ORD0003915,CLT00216,BIZ004,Serenity Spa,Chicago,PRV0017,2025-06-15,11:00:00,60,cancelled,walk_in,2025-06-08,7,illness,False,Massage
APT0003916,ORD0003916,CLT00216,BIZ004,Serenity Spa,Chicago,PRV0019,2025-09-17,17:00:00,60,completed,app,2025-09-10,7,,False,Massage
APT0003917,ORD0003917,CLT00216,BIZ004,Serenity Spa,Chicago,PRV0020,2025-12-16,12:00:00,60,completed,referral,2025-12-09,7,,False,Massage
APT0003918,ORD0003918,CLT00216,BIZ004,Serenity Spa,Chicago,PRV0015,2026-03-14,16:30:00,60,completed,walk_in,2026-02-21,21,,False,Massage
APT0003919,ORD0003919,CLT00217,BIZ004,Serenity Spa,Chicago,PRV0013,2024-05-03,17:00:00,150,completed,walk_in,2024-04-30,3,,True,Hair
APT0003920,ORD0003920,CLT00217,BIZ004,Serenity Spa,Chicago,PRV0019,2024-06-01,16:30:00,30,completed,app,2024-05-18,14,,False,Hair
APT0003921,ORD0003921,CLT00217,BIZ004,Serenity Spa,Chicago,PRV0020,2024-07-11,14:30:00,150,completed,app,2024-06-27,14,,False,Hair
APT0003922,ORD0003922,CLT00217,BIZ004,Serenity Spa,Chicago,PRV0013,2024-08-17,14:00:00,120,completed,app,2024-08-03,14,,False,Hair
APT0003923,ORD0003923,CLT00217,BIZ004,Serenity Spa,Chicago,PRV0007,2024-09-18,17:00:00,120,completed,phone,2024-09-15,3,,False,Hair
APT0003924,ORD0003924,CLT00217,BIZ004,Serenity Spa,Chicago,PRV0017,2024-10-18,18:45:00,45,cancelled,walk_in,2024-10-15,3,,False,Hair
APT0003925,ORD0003925,CLT00217,BIZ004,Serenity Spa,Chicago,PRV0010,2024-11-21,15:30:00,45,completed,phone,2024-11-14,7,,False,Hair
APT0003926,ORD0003926,CLT00217,BIZ004,Serenity Spa,Chicago,PRV0011,2024-12-21,10:15:00,120,completed,phone,2024-12-14,7,,False,Hair
APT0003927,ORD0003927,CLT00217,BIZ004,Serenity Spa,Chicago,PRV0003,2025-01-20,10:30:00,60,completed,app,2025-01-17,3,,False,Hair
APT0003928,ORD0003928,CLT00217,BIZ004,Serenity Spa,Chicago,PRV0018,2025-02-28,15:15:00,120,completed,walk_in,2025-02-21,7,,False,Hair
APT0003929,ORD0003929,CLT00217,BIZ004,Serenity Spa,Chicago,PRV0009,2025-04-02,17:15:00,120,no_show,online_booking,2025-03-26,7,rescheduled,False,Hair
APT0003930,ORD0003930,CLT00217,BIZ004,Serenity Spa,Chicago,PRV0014,2025-05-13,11:45:00,45,completed,walk_in,2025-05-06,7,,False,Hair
APT0003931,ORD0003931,CLT00217,BIZ004,Serenity Spa,Chicago,PRV0007,2025-06-20,12:15:00,60,completed,walk_in,2025-06-20,0,,False,Hair
APT0003932,ORD0003932,CLT00217,BIZ004,Serenity Spa,Chicago,PRV0007,2025-07-25,17:30:00,30,completed,referral,2025-07-11,14,,False,Hair
APT0003933,ORD0003933,CLT00218,BIZ006,Radiance Salon,Seattle,PRV0007,2024-04-19,11:00:00,60,completed,online_booking,2024-04-12,7,,True,Skin
APT0003934,ORD0003934,CLT00218,BIZ006,Radiance Salon,Seattle,PRV0017,2024-05-28,13:45:00,30,completed,referral,2024-05-21,7,,False,Hair
APT0003935,ORD0003935,CLT00218,BIZ006,Radiance Salon,Seattle,PRV0015,2024-07-02,16:30:00,120,completed,referral,2024-06-25,7,,False,Hair
APT0003936,ORD0003936,CLT00218,BIZ006,Radiance Salon,Seattle,PRV0008,2024-08-01,15:15:00,45,cancelled,referral,2024-07-31,1,,False,Hair
APT0003937,ORD0003937,CLT00218,BIZ006,Radiance Salon,Seattle,PRV0013,2024-09-06,16:45:00,30,cancelled,referral,2024-08-16,21,weather,False,Hair
APT0003938,ORD0003938,CLT00218,BIZ006,Radiance Salon,Seattle,PRV0005,2024-10-16,18:30:00,120,completed,online_booking,2024-09-25,21,,False,Hair
APT0003939,ORD0003939,CLT00218,BIZ006,Radiance Salon,Seattle,PRV0004,2024-11-24,13:00:00,60,completed,phone,2024-11-03,21,,False,Skin
APT0003940,ORD0003940,CLT00218,BIZ006,Radiance Salon,Seattle,PRV0016,2024-12-27,13:30:00,75,completed,walk_in,2024-12-13,14,,False,Skin
APT0003941,ORD0003941,CLT00218,BIZ006,Radiance Salon,Seattle,PRV0019,2025-01-27,17:30:00,60,completed,app,2025-01-06,21,,False,Hair
APT0003942,ORD0003942,CLT00218,BIZ006,Radiance Salon,Seattle,PRV0005,2025-03-07,15:00:00,45,completed,referral,2025-02-28,7,,False,Skin
APT0003943,ORD0003943,CLT00218,BIZ006,Radiance Salon,Seattle,PRV0008,2025-04-13,10:30:00,60,completed,online_booking,2025-04-10,3,,False,Skin
APT0003944,ORD0003944,CLT00218,BIZ006,Radiance Salon,Seattle,PRV0008,2025-05-11,18:30:00,120,completed,online_booking,2025-05-04,7,,False,Hair
APT0003945,ORD0003945,CLT00218,BIZ006,Radiance Salon,Seattle,PRV0009,2025-06-12,09:15:00,120,completed,online_booking,2025-06-09,3,,False,Hair
APT0003946,ORD0003946,CLT00218,BIZ006,Radiance Salon,Seattle,PRV0003,2025-07-24,12:15:00,60,completed,app,2025-07-10,14,,False,Hair
APT0003947,ORD0003947,CLT00218,BIZ006,Radiance Salon,Seattle,PRV0006,2025-09-04,16:45:00,30,completed,online_booking,2025-08-28,7,,False,Hair
APT0003948,ORD0003948,CLT00218,BIZ006,Radiance Salon,Seattle,PRV0004,2025-10-12,18:15:00,150,completed,online_booking,2025-09-21,21,,False,Hair
APT0003949,ORD0003949,CLT00218,BIZ006,Radiance Salon,Seattle,PRV0001,2025-11-12,16:30:00,60,completed,walk_in,2025-10-29,14,,False,Skin
APT0003950,ORD0003950,CLT00218,BIZ006,Radiance Salon,Seattle,PRV0011,2025-12-10,10:45:00,150,cancelled,online_booking,2025-12-03,7,no_reason_given,False,Hair
APT0003951,ORD0003951,CLT00218,BIZ006,Radiance Salon,Seattle,PRV0002,2026-01-21,14:45:00,45,completed,walk_in,2026-01-20,1,,False,Hair
APT0003952,ORD0003952,CLT00218,BIZ006,Radiance Salon,Seattle,PRV0017,2026-02-18,12:45:00,60,completed,phone,2026-01-28,21,,False,Hair
APT0003953,ORD0003953,CLT00218,BIZ006,Radiance Salon,Seattle,PRV0016,2026-03-29,12:00:00,75,cancelled,walk_in,2026-03-22,7,,False,Skin
APT0003954,ORD0003954,CLT00219,BIZ008,Posh Nails & Spa,Denver,PRV0011,2024-04-23,13:45:00,120,completed,referral,2024-04-23,0,,True,Hair
APT0003955,ORD0003955,CLT00219,BIZ008,Posh Nails & Spa,Denver,PRV0009,2024-05-07,13:45:00,120,completed,referral,2024-04-23,14,,False,Hair
APT0003956,ORD0003956,CLT00219,BIZ008,Posh Nails & Spa,Denver,PRV0001,2024-06-01,15:45:00,45,completed,app,2024-05-18,14,,False,Nails
APT0003957,ORD0003957,CLT00219,BIZ008,Posh Nails & Spa,Denver,PRV0007,2024-06-15,15:30:00,60,completed,online_booking,2024-06-12,3,,False,Hair
APT0003958,ORD0003958,CLT00219,BIZ008,Posh Nails & Spa,Denver,PRV0006,2024-07-02,11:15:00,30,completed,phone,2024-07-01,1,,False,Nails
APT0003959,ORD0003959,CLT00219,BIZ008,Posh Nails & Spa,Denver,PRV0019,2024-07-20,14:00:00,60,completed,phone,2024-07-06,14,,False,Nails
APT0003960,ORD0003960,CLT00219,BIZ008,Posh Nails & Spa,Denver,PRV0006,2024-08-16,15:45:00,60,no_show,app,2024-08-15,1,,False,Hair
APT0003961,ORD0003961,CLT00219,BIZ008,Posh Nails & Spa,Denver,PRV0017,2024-09-07,17:15:00,45,completed,online_booking,2024-09-07,0,,False,Hair
APT0003962,ORD0003962,CLT00219,BIZ008,Posh Nails & Spa,Denver,PRV0020,2024-09-28,18:15:00,120,completed,referral,2024-09-21,7,,False,Hair
APT0003963,ORD0003963,CLT00219,BIZ008,Posh Nails & Spa,Denver,PRV0017,2024-10-14,12:15:00,15,completed,walk_in,2024-10-11,3,,False,Nails
APT0003964,ORD0003964,CLT00219,BIZ008,Posh Nails & Spa,Denver,PRV0015,2024-11-02,14:00:00,120,completed,app,2024-10-26,7,,False,Hair
APT0003965,ORD0003965,CLT00219,BIZ008,Posh Nails & Spa,Denver,PRV0016,2024-11-20,14:00:00,120,completed,referral,2024-11-19,1,,False,Hair
APT0003966,ORD0003966,CLT00219,BIZ008,Posh Nails & Spa,Denver,PRV0013,2024-12-08,10:00:00,60,completed,referral,2024-12-05,3,,False,Hair
APT0003967,ORD0003967,CLT00219,BIZ008,Posh Nails & Spa,Denver,PRV0002,2025-01-02,18:30:00,45,completed,referral,2025-01-01,1,,False,Nails
APT0003968,ORD0003968,CLT00219,BIZ008,Posh Nails & Spa,Denver,PRV0015,2025-01-18,16:45:00,60,completed,walk_in,2025-01-04,14,,False,Hair
APT0003969,ORD0003969,CLT00219,BIZ008,Posh Nails & Spa,Denver,PRV0018,2025-02-13,16:00:00,150,completed,online_booking,2025-02-06,7,,False,Hair
APT0003970,ORD0003970,CLT00219,BIZ008,Posh Nails & Spa,Denver,PRV0014,2025-03-05,13:00:00,45,cancelled,app,2025-02-26,7,weather,False,Nails
APT0003971,ORD0003971,CLT00219,BIZ008,Posh Nails & Spa,Denver,PRV0005,2025-04-01,12:15:00,60,completed,phone,2025-03-31,1,,False,Hair
APT0003972,ORD0003972,CLT00219,BIZ008,Posh Nails & Spa,Denver,PRV0020,2025-04-24,18:00:00,30,completed,referral,2025-04-21,3,,False,Hair
APT0003973,ORD0003973,CLT00219,BIZ008,Posh Nails & Spa,Denver,PRV0009,2025-05-15,16:15:00,30,completed,walk_in,2025-04-24,21,,False,Hair
APT0003974,ORD0003974,CLT00219,BIZ008,Posh Nails & Spa,Denver,PRV0015,2025-06-08,09:00:00,60,completed,app,2025-06-01,7,,False,Nails
APT0003975,ORD0003975,CLT00219,BIZ008,Posh Nails & Spa,Denver,PRV0014,2025-06-24,09:45:00,120,completed,referral,2025-06-10,14,,False,Hair
APT0003976,ORD0003976,CLT00219,BIZ008,Posh Nails & Spa,Denver,PRV0008,2025-07-10,13:45:00,45,cancelled,phone,2025-07-03,7,no_reason_given,False,Nails
APT0003977,ORD0003977,CLT00219,BIZ008,Posh Nails & Spa,Denver,PRV0013,2025-07-24,14:15:00,120,completed,phone,2025-07-10,14,,False,Hair
APT0003978,ORD0003978,CLT00219,BIZ008,Posh Nails & Spa,Denver,PRV0005,2025-08-07,16:45:00,150,completed,app,2025-07-31,7,,False,Hair
APT0003979,ORD0003979,CLT00219,BIZ008,Posh Nails & Spa,Denver,PRV0005,2025-08-31,09:00:00,45,completed,walk_in,2025-08-28,3,,False,Nails
APT0003980,ORD0003980,CLT00219,BIZ008,Posh Nails & Spa,Denver,PRV0014,2025-09-21,18:45:00,60,completed,referral,2025-09-07,14,,False,Hair
APT0003981,ORD0003981,CLT00219,BIZ008,Posh Nails & Spa,Denver,PRV0004,2025-10-17,15:00:00,45,completed,walk_in,2025-10-03,14,,False,Nails
APT0003982,ORD0003982,CLT00219,BIZ008,Posh Nails & Spa,Denver,PRV0012,2025-11-13,15:00:00,120,completed,phone,2025-11-12,1,,False,Hair
APT0003983,ORD0003983,CLT00219,BIZ008,Posh Nails & Spa,Denver,PRV0011,2025-12-07,14:45:00,45,completed,app,2025-12-04,3,,False,Nails
APT0003984,ORD0003984,CLT00219,BIZ008,Posh Nails & Spa,Denver,PRV0003,2025-12-21,18:30:00,120,completed,walk_in,2025-12-20,1,,False,Hair
APT0003985,ORD0003985,CLT00219,BIZ008,Posh Nails & Spa,Denver,PRV0016,2026-01-11,18:00:00,15,no_show,online_booking,2026-01-04,7,personal_emergency,False,Nails
APT0003986,ORD0003986,CLT00219,BIZ008,Posh Nails & Spa,Denver,PRV0003,2026-02-05,18:30:00,150,completed,online_booking,2026-01-22,14,,False,Hair
APT0003987,ORD0003987,CLT00219,BIZ008,Posh Nails & Spa,Denver,PRV0003,2026-03-02,09:00:00,45,completed,walk_in,2026-02-23,7,,False,Nails
APT0003988,ORD0003988,CLT00220,BIZ010,Elevate Salon,Nashville,PRV0006,2024-04-12,12:00:00,60,completed,referral,2024-03-22,21,,True,Hair
APT0003989,ORD0003989,CLT00220,BIZ010,Elevate Salon,Nashville,PRV0019,2024-05-18,12:00:00,45,completed,online_booking,2024-05-17,1,,False,Nails
APT0003990,ORD0003990,CLT00220,BIZ010,Elevate Salon,Nashville,PRV0020,2024-06-27,14:30:00,150,completed,referral,2024-06-20,7,,False,Hair
APT0003991,ORD0003991,CLT00220,BIZ010,Elevate Salon,Nashville,PRV0015,2024-08-08,14:30:00,15,completed,online_booking,2024-07-25,14,,False,Nails
APT0003992,ORD0003992,CLT00220,BIZ010,Elevate Salon,Nashville,PRV0011,2024-09-12,16:00:00,120,completed,walk_in,2024-09-09,3,,False,Hair
APT0003993,ORD0003993,CLT00220,BIZ010,Elevate Salon,Nashville,PRV0013,2024-10-18,13:30:00,45,completed,online_booking,2024-10-18,0,,False,Nails
APT0003994,ORD0003994,CLT00220,BIZ010,Elevate Salon,Nashville,PRV0002,2024-11-17,15:45:00,45,cancelled,phone,2024-11-10,7,personal_emergency,False,Nails
APT0003995,ORD0003995,CLT00220,BIZ010,Elevate Salon,Nashville,PRV0015,2024-12-20,14:30:00,45,completed,walk_in,2024-12-06,14,,False,Nails
APT0003996,ORD0003996,CLT00220,BIZ010,Elevate Salon,Nashville,PRV0015,2025-01-21,13:15:00,15,no_show,app,2025-01-18,3,,False,Nails
APT0003997,ORD0003997,CLT00220,BIZ010,Elevate Salon,Nashville,PRV0001,2025-02-19,18:45:00,45,completed,referral,2025-02-18,1,,False,Nails
APT0003998,ORD0003998,CLT00220,BIZ010,Elevate Salon,Nashville,PRV0003,2025-03-21,12:15:00,45,completed,online_booking,2025-03-14,7,,False,Nails
APT0003999,ORD0003999,CLT00220,BIZ010,Elevate Salon,Nashville,PRV0018,2025-04-26,16:15:00,60,completed,online_booking,2025-04-23,3,,False,Hair
APT0004000,ORD0004000,CLT00220,BIZ010,Elevate Salon,Nashville,PRV0016,2025-06-06,11:15:00,30,completed,referral,2025-06-03,3,,False,Nails
APT0004001,ORD0004001,CLT00220,BIZ010,Elevate Salon,Nashville,PRV0005,2025-07-07,16:30:00,45,completed,phone,2025-07-06,1,,False,Nails
APT0004002,ORD0004002,CLT00220,BIZ010,Elevate Salon,Nashville,PRV0002,2025-08-13,14:00:00,45,completed,online_booking,2025-08-13,0,,False,Hair
APT0004003,ORD0004003,CLT00220,BIZ010,Elevate Salon,Nashville,PRV0011,2025-09-22,09:00:00,15,no_show,phone,2025-09-08,14,,False,Nails
APT0004004,ORD0004004,CLT00221,BIZ010,Elevate Salon,Nashville,PRV0015,2024-05-28,09:45:00,45,completed,referral,2024-05-21,7,,True,Hair
APT0004005,ORD0004005,CLT00221,BIZ010,Elevate Salon,Nashville,PRV0004,2024-08-30,10:30:00,45,completed,phone,2024-08-09,21,,False,Nails
APT0004006,ORD0004006,CLT00221,BIZ010,Elevate Salon,Nashville,PRV0012,2024-12-02,09:45:00,120,completed,walk_in,2024-12-01,1,,False,Hair
APT0004007,ORD0004007,CLT00221,BIZ010,Elevate Salon,Nashville,PRV0013,2025-03-03,14:15:00,120,completed,app,2025-02-28,3,,False,Hair
APT0004008,ORD0004008,CLT00221,BIZ010,Elevate Salon,Nashville,PRV0010,2025-06-04,12:30:00,120,completed,app,2025-06-03,1,,False,Hair
APT0004009,ORD0004009,CLT00221,BIZ010,Elevate Salon,Nashville,PRV0017,2025-08-29,13:00:00,45,late_cancel,walk_in,2025-08-22,7,no_reason_given,False,Nails
APT0004010,ORD0004010,CLT00222,BIZ010,Elevate Salon,Nashville,PRV0007,2024-05-02,12:00:00,60,no_show,phone,2024-05-01,1,rescheduled,True,Hair
APT0004011,ORD0004011,CLT00222,BIZ010,Elevate Salon,Nashville,PRV0016,2024-06-09,09:15:00,30,completed,referral,2024-05-19,21,,False,Hair
APT0004012,ORD0004012,CLT00222,BIZ010,Elevate Salon,Nashville,PRV0016,2024-07-07,18:00:00,45,completed,walk_in,2024-07-06,1,,False,Hair
APT0004013,ORD0004013,CLT00222,BIZ010,Elevate Salon,Nashville,PRV0007,2024-08-12,17:30:00,60,completed,online_booking,2024-08-05,7,,False,Hair
APT0004014,ORD0004014,CLT00222,BIZ010,Elevate Salon,Nashville,PRV0015,2024-09-14,13:00:00,120,cancelled,app,2024-09-11,3,,False,Hair
APT0004015,ORD0004015,CLT00222,BIZ010,Elevate Salon,Nashville,PRV0014,2024-10-23,16:30:00,60,completed,phone,2024-10-20,3,,False,Hair
APT0004016,ORD0004016,CLT00222,BIZ010,Elevate Salon,Nashville,PRV0005,2024-11-23,13:30:00,30,completed,phone,2024-11-20,3,,False,Hair
APT0004017,ORD0004017,CLT00222,BIZ010,Elevate Salon,Nashville,PRV0017,2024-12-27,14:15:00,120,no_show,walk_in,2024-12-24,3,forgot,False,Hair
APT0004018,ORD0004018,CLT00222,BIZ010,Elevate Salon,Nashville,PRV0015,2025-01-27,15:00:00,120,completed,online_booking,2025-01-27,0,,False,Hair
APT0004019,ORD0004019,CLT00222,BIZ010,Elevate Salon,Nashville,PRV0012,2025-03-04,12:45:00,120,completed,app,2025-03-01,3,,False,Hair
APT0004020,ORD0004020,CLT00222,BIZ010,Elevate Salon,Nashville,PRV0012,2025-04-09,13:00:00,45,completed,walk_in,2025-04-08,1,,False,Hair
APT0004021,ORD0004021,CLT00222,BIZ010,Elevate Salon,Nashville,PRV0016,2025-05-09,13:00:00,30,completed,referral,2025-05-08,1,,False,Hair
APT0004022,ORD0004022,CLT00222,BIZ010,Elevate Salon,Nashville,PRV0004,2025-06-20,13:30:00,45,completed,phone,2025-06-13,7,,False,Hair
APT0004023,ORD0004023,CLT00222,BIZ010,Elevate Salon,Nashville,PRV0018,2025-07-24,12:45:00,120,completed,online_booking,2025-07-17,7,,False,Hair
APT0004024,ORD0004024,CLT00222,BIZ010,Elevate Salon,Nashville,PRV0017,2025-08-25,13:15:00,60,completed,referral,2025-08-25,0,,False,Hair
APT0004025,ORD0004025,CLT00222,BIZ010,Elevate Salon,Nashville,PRV0015,2025-09-23,09:00:00,60,late_cancel,online_booking,2025-09-02,21,forgot,False,Hair
APT0004026,ORD0004026,CLT00223,BIZ003,The Glam Room,New York,PRV0012,2024-06-07,09:30:00,75,cancelled,online_booking,2024-06-04,3,schedule_conflict,True,Skin
APT0004027,ORD0004027,CLT00223,BIZ003,The Glam Room,New York,PRV0001,2024-09-02,12:00:00,45,no_show,app,2024-08-26,7,,False,Skin
APT0004028,ORD0004028,CLT00223,BIZ003,The Glam Room,New York,PRV0006,2024-11-28,11:45:00,150,completed,app,2024-11-25,3,,False,Hair
APT0004029,ORD0004029,CLT00223,BIZ003,The Glam Room,New York,PRV0011,2025-02-25,15:00:00,60,completed,referral,2025-02-24,1,,False,Skin
APT0004030,ORD0004030,CLT00223,BIZ003,The Glam Room,New York,PRV0019,2025-06-02,14:30:00,60,completed,app,2025-05-26,7,,False,Skin
APT0004031,ORD0004031,CLT00223,BIZ003,The Glam Room,New York,PRV0012,2025-09-04,10:15:00,60,completed,referral,2025-08-21,14,,False,Hair
APT0004032,ORD0004032,CLT00223,BIZ003,The Glam Room,New York,PRV0008,2025-11-30,10:30:00,120,completed,online_booking,2025-11-23,7,,False,Hair
APT0004033,ORD0004033,CLT00223,BIZ003,The Glam Room,New York,PRV0012,2026-03-05,09:15:00,75,completed,phone,2026-03-02,3,,False,Skin
APT0004034,ORD0004034,CLT00224,BIZ009,Glow Studio,Boston,PRV0005,2024-05-19,17:15:00,120,completed,phone,2024-05-05,14,,True,Hair
APT0004035,ORD0004035,CLT00224,BIZ009,Glow Studio,Boston,PRV0012,2024-06-29,14:45:00,15,completed,phone,2024-06-26,3,,False,Nails
APT0004036,ORD0004036,CLT00224,BIZ009,Glow Studio,Boston,PRV0014,2024-08-15,16:45:00,45,completed,phone,2024-08-14,1,,False,Hair
APT0004037,ORD0004037,CLT00224,BIZ009,Glow Studio,Boston,PRV0012,2024-10-06,17:45:00,30,completed,app,2024-09-29,7,,False,Nails
APT0004038,ORD0004038,CLT00224,BIZ009,Glow Studio,Boston,PRV0011,2024-11-22,14:30:00,120,completed,walk_in,2024-11-19,3,,False,Hair
APT0004039,ORD0004039,CLT00224,BIZ009,Glow Studio,Boston,PRV0005,2025-01-06,11:30:00,120,completed,phone,2024-12-30,7,,False,Hair
APT0004040,ORD0004040,CLT00224,BIZ009,Glow Studio,Boston,PRV0012,2025-02-26,11:00:00,150,completed,online_booking,2025-02-12,14,,False,Hair
APT0004041,ORD0004041,CLT00224,BIZ009,Glow Studio,Boston,PRV0009,2025-04-10,18:15:00,60,cancelled,walk_in,2025-03-20,21,personal_emergency,False,Hair
APT0004042,ORD0004042,CLT00224,BIZ009,Glow Studio,Boston,PRV0018,2025-05-21,10:00:00,45,completed,online_booking,2025-05-18,3,,False,Nails
APT0004043,ORD0004043,CLT00224,BIZ009,Glow Studio,Boston,PRV0004,2025-07-02,14:30:00,30,completed,app,2025-06-29,3,,False,Nails
APT0004044,ORD0004044,CLT00224,BIZ009,Glow Studio,Boston,PRV0009,2025-08-17,13:00:00,45,completed,app,2025-08-14,3,,False,Nails
APT0004045,ORD0004045,CLT00224,BIZ009,Glow Studio,Boston,PRV0011,2025-09-27,13:30:00,150,completed,app,2025-09-26,1,,False,Hair
APT0004046,ORD0004046,CLT00224,BIZ009,Glow Studio,Boston,PRV0003,2025-11-06,17:00:00,45,completed,online_booking,2025-11-03,3,,False,Hair
APT0004047,ORD0004047,CLT00224,BIZ009,Glow Studio,Boston,PRV0007,2025-12-16,11:45:00,120,completed,phone,2025-12-15,1,,False,Hair
APT0004048,ORD0004048,CLT00224,BIZ009,Glow Studio,Boston,PRV0003,2026-02-02,18:15:00,45,completed,online_booking,2026-01-19,14,,False,Nails
APT0004049,ORD0004049,CLT00224,BIZ009,Glow Studio,Boston,PRV0010,2026-03-21,10:30:00,60,completed,phone,2026-03-14,7,,False,Hair
APT0004050,ORD0004050,CLT00225,BIZ001,Luxe Hair Studio,San Francisco,PRV0017,2024-05-08,18:45:00,120,cancelled,referral,2024-05-05,3,,True,Hair
APT0004051,ORD0004051,CLT00225,BIZ001,Luxe Hair Studio,San Francisco,PRV0016,2024-06-08,17:45:00,120,completed,referral,2024-06-08,0,,False,Hair
APT0004052,ORD0004052,CLT00225,BIZ001,Luxe Hair Studio,San Francisco,PRV0018,2024-07-20,18:30:00,120,completed,walk_in,2024-07-19,1,,False,Hair
APT0004053,ORD0004053,CLT00225,BIZ001,Luxe Hair Studio,San Francisco,PRV0016,2024-08-19,14:00:00,30,completed,phone,2024-08-18,1,,False,Hair
APT0004054,ORD0004054,CLT00225,BIZ001,Luxe Hair Studio,San Francisco,PRV0005,2024-09-30,16:00:00,120,completed,referral,2024-09-29,1,,False,Hair
APT0004055,ORD0004055,CLT00225,BIZ001,Luxe Hair Studio,San Francisco,PRV0007,2024-10-28,17:30:00,60,completed,online_booking,2024-10-21,7,,False,Hair
APT0004056,ORD0004056,CLT00225,BIZ001,Luxe Hair Studio,San Francisco,PRV0015,2024-12-01,13:30:00,120,completed,app,2024-11-17,14,,False,Hair
APT0004057,ORD0004057,CLT00225,BIZ001,Luxe Hair Studio,San Francisco,PRV0016,2025-01-08,14:45:00,150,completed,online_booking,2025-01-08,0,,False,Hair
APT0004058,ORD0004058,CLT00225,BIZ001,Luxe Hair Studio,San Francisco,PRV0018,2025-02-07,17:30:00,45,completed,walk_in,2025-02-04,3,,False,Hair
APT0004059,ORD0004059,CLT00225,BIZ001,Luxe Hair Studio,San Francisco,PRV0019,2025-03-19,10:30:00,60,completed,phone,2025-03-18,1,,False,Hair
APT0004060,ORD0004060,CLT00225,BIZ001,Luxe Hair Studio,San Francisco,PRV0018,2025-04-26,09:00:00,30,completed,online_booking,2025-04-19,7,,False,Hair
APT0004061,ORD0004061,CLT00225,BIZ001,Luxe Hair Studio,San Francisco,PRV0001,2025-05-30,10:30:00,120,completed,phone,2025-05-09,21,,False,Hair
APT0004062,ORD0004062,CLT00225,BIZ001,Luxe Hair Studio,San Francisco,PRV0008,2025-07-04,11:45:00,150,completed,walk_in,2025-06-27,7,,False,Hair
APT0004063,ORD0004063,CLT00225,BIZ001,Luxe Hair Studio,San Francisco,PRV0010,2025-08-12,18:15:00,45,no_show,phone,2025-08-05,7,no_reason_given,False,Hair
APT0004064,ORD0004064,CLT00226,BIZ006,Radiance Salon,Seattle,PRV0006,2024-04-15,15:30:00,120,completed,walk_in,2024-04-01,14,,True,Hair
APT0004065,ORD0004065,CLT00226,BIZ006,Radiance Salon,Seattle,PRV0013,2024-05-18,11:30:00,120,no_show,walk_in,2024-05-17,1,,False,Hair
APT0004066,ORD0004066,CLT00226,BIZ006,Radiance Salon,Seattle,PRV0020,2024-06-17,17:00:00,120,completed,walk_in,2024-06-03,14,,False,Hair
APT0004067,ORD0004067,CLT00226,BIZ006,Radiance Salon,Seattle,PRV0020,2024-07-19,10:30:00,120,completed,online_booking,2024-07-16,3,,False,Hair
APT0004068,ORD0004068,CLT00226,BIZ006,Radiance Salon,Seattle,PRV0016,2024-08-26,12:15:00,30,completed,referral,2024-08-12,14,,False,Hair
APT0004069,ORD0004069,CLT00226,BIZ006,Radiance Salon,Seattle,PRV0006,2024-10-04,17:45:00,45,completed,phone,2024-09-13,21,,False,Hair
APT0004070,ORD0004070,CLT00226,BIZ006,Radiance Salon,Seattle,PRV0013,2024-11-05,11:30:00,60,completed,referral,2024-11-05,0,,False,Hair
APT0004071,ORD0004071,CLT00226,BIZ006,Radiance Salon,Seattle,PRV0003,2024-12-10,10:30:00,60,completed,referral,2024-12-07,3,,False,Hair
APT0004072,ORD0004072,CLT00226,BIZ006,Radiance Salon,Seattle,PRV0012,2025-01-08,12:00:00,60,completed,phone,2025-01-01,7,,False,Hair
APT0004073,ORD0004073,CLT00226,BIZ006,Radiance Salon,Seattle,PRV0011,2025-02-13,14:45:00,150,completed,app,2025-02-10,3,,False,Hair
APT0004074,ORD0004074,CLT00226,BIZ006,Radiance Salon,Seattle,PRV0003,2025-03-13,12:30:00,45,completed,phone,2025-02-27,14,,False,Hair
APT0004075,ORD0004075,CLT00226,BIZ006,Radiance Salon,Seattle,PRV0020,2025-04-14,14:15:00,150,completed,walk_in,2025-04-11,3,,False,Hair
APT0004076,ORD0004076,CLT00226,BIZ006,Radiance Salon,Seattle,PRV0008,2025-05-14,17:15:00,120,completed,phone,2025-05-07,7,,False,Hair
APT0004077,ORD0004077,CLT00226,BIZ006,Radiance Salon,Seattle,PRV0003,2025-06-15,11:15:00,120,cancelled,phone,2025-06-12,3,personal_emergency,False,Hair
APT0004078,ORD0004078,CLT00226,BIZ006,Radiance Salon,Seattle,PRV0001,2025-07-26,16:15:00,30,completed,walk_in,2025-07-23,3,,False,Hair
APT0004079,ORD0004079,CLT00226,BIZ006,Radiance Salon,Seattle,PRV0001,2025-08-23,13:00:00,60,completed,phone,2025-08-16,7,,False,Hair
APT0004080,ORD0004080,CLT00226,BIZ006,Radiance Salon,Seattle,PRV0013,2025-09-26,10:15:00,120,completed,phone,2025-09-05,21,,False,Hair
APT0004081,ORD0004081,CLT00226,BIZ006,Radiance Salon,Seattle,PRV0016,2025-11-04,18:45:00,120,completed,phone,2025-10-21,14,,False,Hair
APT0004082,ORD0004082,CLT00226,BIZ006,Radiance Salon,Seattle,PRV0007,2025-12-16,10:15:00,150,completed,app,2025-12-02,14,,False,Hair
APT0004083,ORD0004083,CLT00226,BIZ006,Radiance Salon,Seattle,PRV0004,2026-01-22,15:45:00,60,no_show,referral,2026-01-22,0,,False,Hair
APT0004084,ORD0004084,CLT00226,BIZ006,Radiance Salon,Seattle,PRV0018,2026-02-22,18:00:00,30,completed,phone,2026-02-15,7,,False,Hair
APT0004085,ORD0004085,CLT00227,BIZ008,Posh Nails & Spa,Denver,PRV0001,2024-04-12,13:00:00,15,completed,referral,2024-04-09,3,,True,Nails
APT0004086,ORD0004086,CLT00227,BIZ008,Posh Nails & Spa,Denver,PRV0018,2024-05-12,16:00:00,45,completed,referral,2024-04-21,21,,False,Waxing
APT0004087,ORD0004087,CLT00227,BIZ008,Posh Nails & Spa,Denver,PRV0005,2024-06-22,12:00:00,15,completed,app,2024-06-21,1,,False,Waxing
APT0004088,ORD0004088,CLT00227,BIZ008,Posh Nails & Spa,Denver,PRV0015,2024-07-22,11:00:00,30,completed,app,2024-07-21,1,,False,Nails
APT0004089,ORD0004089,CLT00227,BIZ008,Posh Nails & Spa,Denver,PRV0016,2024-09-02,18:45:00,15,completed,app,2024-08-26,7,,False,Waxing
APT0004090,ORD0004090,CLT00227,BIZ008,Posh Nails & Spa,Denver,PRV0013,2024-10-08,11:15:00,60,completed,online_booking,2024-09-17,21,,False,Nails
APT0004091,ORD0004091,CLT00227,BIZ008,Posh Nails & Spa,Denver,PRV0011,2024-11-11,13:45:00,45,completed,walk_in,2024-11-08,3,,False,Nails
APT0004092,ORD0004092,CLT00227,BIZ008,Posh Nails & Spa,Denver,PRV0019,2024-12-22,18:00:00,15,completed,referral,2024-12-08,14,,False,Nails
APT0004093,ORD0004093,CLT00227,BIZ008,Posh Nails & Spa,Denver,PRV0003,2025-01-19,18:00:00,15,completed,walk_in,2025-01-05,14,,False,Waxing
APT0004094,ORD0004094,CLT00227,BIZ008,Posh Nails & Spa,Denver,PRV0004,2025-02-22,11:45:00,30,completed,referral,2025-02-19,3,,False,Nails
APT0004095,ORD0004095,CLT00227,BIZ008,Posh Nails & Spa,Denver,PRV0009,2025-03-24,15:15:00,30,completed,online_booking,2025-03-17,7,,False,Nails
APT0004096,ORD0004096,CLT00227,BIZ008,Posh Nails & Spa,Denver,PRV0001,2025-05-02,12:45:00,45,completed,phone,2025-04-25,7,,False,Nails
APT0004097,ORD0004097,CLT00227,BIZ008,Posh Nails & Spa,Denver,PRV0004,2025-06-04,18:30:00,45,completed,phone,2025-05-28,7,,False,Waxing
APT0004098,ORD0004098,CLT00227,BIZ008,Posh Nails & Spa,Denver,PRV0014,2025-07-11,10:00:00,15,completed,phone,2025-07-04,7,,False,Waxing
APT0004099,ORD0004099,CLT00227,BIZ008,Posh Nails & Spa,Denver,PRV0011,2025-08-12,18:00:00,15,completed,referral,2025-07-29,14,,False,Waxing
APT0004100,ORD0004100,CLT00227,BIZ008,Posh Nails & Spa,Denver,PRV0010,2025-09-17,09:00:00,30,completed,walk_in,2025-08-27,21,,False,Waxing
APT0004101,ORD0004101,CLT00227,BIZ008,Posh Nails & Spa,Denver,PRV0002,2025-10-18,10:30:00,15,completed,referral,2025-10-11,7,,False,Nails
APT0004102,ORD0004102,CLT00227,BIZ008,Posh Nails & Spa,Denver,PRV0015,2025-11-27,17:30:00,15,completed,referral,2025-11-26,1,,False,Waxing
APT0004103,ORD0004103,CLT00227,BIZ008,Posh Nails & Spa,Denver,PRV0009,2025-12-25,10:00:00,60,completed,walk_in,2025-12-22,3,,False,Nails
APT0004104,ORD0004104,CLT00227,BIZ008,Posh Nails & Spa,Denver,PRV0008,2026-02-02,10:30:00,15,completed,online_booking,2026-01-26,7,,False,Nails
APT0004105,ORD0004105,CLT00227,BIZ008,Posh Nails & Spa,Denver,PRV0019,2026-03-08,12:30:00,45,completed,online_booking,2026-03-01,7,,False,Nails
APT0004106,ORD0004106,CLT00228,BIZ001,Luxe Hair Studio,San Francisco,PRV0013,2024-04-27,15:00:00,60,completed,walk_in,2024-04-20,7,,True,Hair
APT0004107,ORD0004107,CLT00228,BIZ001,Luxe Hair Studio,San Francisco,PRV0005,2024-06-01,18:45:00,60,completed,referral,2024-06-01,0,,False,Hair
APT0004108,ORD0004108,CLT00228,BIZ001,Luxe Hair Studio,San Francisco,PRV0009,2024-06-29,13:30:00,120,completed,online_booking,2024-06-28,1,,False,Hair
APT0004109,ORD0004109,CLT00228,BIZ001,Luxe Hair Studio,San Francisco,PRV0013,2024-07-30,15:15:00,60,no_show,app,2024-07-16,14,weather,False,Hair
APT0004110,ORD0004110,CLT00228,BIZ001,Luxe Hair Studio,San Francisco,PRV0019,2024-08-27,09:30:00,150,completed,phone,2024-08-26,1,,False,Hair
APT0004111,ORD0004111,CLT00228,BIZ001,Luxe Hair Studio,San Francisco,PRV0015,2024-10-04,15:15:00,45,completed,app,2024-09-27,7,,False,Hair
APT0004112,ORD0004112,CLT00228,BIZ001,Luxe Hair Studio,San Francisco,PRV0016,2024-11-04,09:30:00,120,completed,online_booking,2024-10-28,7,,False,Hair
APT0004113,ORD0004113,CLT00228,BIZ001,Luxe Hair Studio,San Francisco,PRV0009,2024-12-03,14:45:00,60,completed,online_booking,2024-11-30,3,,False,Hair
APT0004114,ORD0004114,CLT00228,BIZ001,Luxe Hair Studio,San Francisco,PRV0011,2025-01-10,17:00:00,60,cancelled,referral,2025-01-10,0,,False,Hair
APT0004115,ORD0004115,CLT00228,BIZ001,Luxe Hair Studio,San Francisco,PRV0014,2025-02-08,18:15:00,60,completed,app,2025-02-05,3,,False,Hair
APT0004116,ORD0004116,CLT00228,BIZ001,Luxe Hair Studio,San Francisco,PRV0012,2025-03-13,12:15:00,30,completed,referral,2025-02-20,21,,False,Hair
APT0004117,ORD0004117,CLT00228,BIZ001,Luxe Hair Studio,San Francisco,PRV0001,2025-04-19,17:15:00,30,completed,phone,2025-04-12,7,,False,Hair
APT0004118,ORD0004118,CLT00228,BIZ001,Luxe Hair Studio,San Francisco,PRV0003,2025-05-18,10:00:00,120,completed,app,2025-05-17,1,,False,Hair
APT0004119,ORD0004119,CLT00228,BIZ001,Luxe Hair Studio,San Francisco,PRV0004,2025-06-19,13:00:00,60,completed,phone,2025-06-16,3,,False,Hair
APT0004120,ORD0004120,CLT00228,BIZ001,Luxe Hair Studio,San Francisco,PRV0009,2025-07-17,16:00:00,120,completed,walk_in,2025-07-16,1,,False,Hair
APT0004121,ORD0004121,CLT00228,BIZ001,Luxe Hair Studio,San Francisco,PRV0017,2025-08-14,15:30:00,120,completed,referral,2025-07-31,14,,False,Hair
APT0004122,ORD0004122,CLT00228,BIZ001,Luxe Hair Studio,San Francisco,PRV0015,2025-09-16,16:00:00,45,completed,walk_in,2025-09-09,7,,False,Hair
APT0004123,ORD0004123,CLT00228,BIZ001,Luxe Hair Studio,San Francisco,PRV0012,2025-10-18,18:00:00,150,completed,phone,2025-10-11,7,,False,Hair
APT0004124,ORD0004124,CLT00228,BIZ001,Luxe Hair Studio,San Francisco,PRV0011,2025-11-18,11:30:00,150,completed,app,2025-11-17,1,,False,Hair
APT0004125,ORD0004125,CLT00228,BIZ001,Luxe Hair Studio,San Francisco,PRV0018,2025-12-19,13:00:00,30,completed,referral,2025-12-18,1,,False,Hair
APT0004126,ORD0004126,CLT00228,BIZ001,Luxe Hair Studio,San Francisco,PRV0017,2026-01-25,10:15:00,60,cancelled,walk_in,2026-01-11,14,weather,False,Hair
APT0004127,ORD0004127,CLT00228,BIZ001,Luxe Hair Studio,San Francisco,PRV0006,2026-03-05,10:30:00,45,completed,online_booking,2026-02-19,14,,False,Hair
APT0004128,ORD0004128,CLT00229,BIZ007,The Beauty Loft,Miami,PRV0007,2024-05-06,17:45:00,30,completed,phone,2024-05-03,3,,True,Waxing
APT0004129,ORD0004129,CLT00229,BIZ007,The Beauty Loft,Miami,PRV0008,2024-06-17,17:00:00,15,completed,phone,2024-06-14,3,,False,Waxing
APT0004130,ORD0004130,CLT00229,BIZ007,The Beauty Loft,Miami,PRV0020,2024-07-29,10:00:00,45,completed,phone,2024-07-28,1,,False,Nails
APT0004131,ORD0004131,CLT00229,BIZ007,The Beauty Loft,Miami,PRV0019,2024-08-27,09:45:00,60,completed,online_booking,2024-08-20,7,,False,Nails
APT0004132,ORD0004132,CLT00229,BIZ007,The Beauty Loft,Miami,PRV0004,2024-10-08,09:30:00,60,completed,online_booking,2024-10-07,1,,False,Nails
APT0004133,ORD0004133,CLT00229,BIZ007,The Beauty Loft,Miami,PRV0020,2024-11-17,10:00:00,30,completed,online_booking,2024-11-14,3,,False,Waxing
APT0004134,ORD0004134,CLT00229,BIZ007,The Beauty Loft,Miami,PRV0003,2024-12-25,13:30:00,45,cancelled,phone,2024-12-11,14,schedule_conflict,False,Nails
APT0004135,ORD0004135,CLT00229,BIZ007,The Beauty Loft,Miami,PRV0006,2025-01-30,14:45:00,60,completed,walk_in,2025-01-30,0,,False,Nails
APT0004136,ORD0004136,CLT00229,BIZ007,The Beauty Loft,Miami,PRV0019,2025-03-01,11:15:00,15,completed,online_booking,2025-02-22,7,,False,Waxing
APT0004137,ORD0004137,CLT00229,BIZ007,The Beauty Loft,Miami,PRV0001,2025-04-09,16:15:00,60,completed,app,2025-04-09,0,,False,Nails
APT0004138,ORD0004138,CLT00229,BIZ007,The Beauty Loft,Miami,PRV0014,2025-05-21,16:30:00,45,completed,walk_in,2025-05-14,7,,False,Waxing
APT0004139,ORD0004139,CLT00229,BIZ007,The Beauty Loft,Miami,PRV0005,2025-06-26,13:30:00,45,completed,walk_in,2025-06-23,3,,False,Nails
APT0004140,ORD0004140,CLT00229,BIZ007,The Beauty Loft,Miami,PRV0012,2025-07-27,13:45:00,15,completed,referral,2025-07-20,7,,False,Waxing
APT0004141,ORD0004141,CLT00229,BIZ007,The Beauty Loft,Miami,PRV0019,2025-08-28,11:45:00,45,no_show,app,2025-08-27,1,,False,Nails
APT0004142,ORD0004142,CLT00229,BIZ007,The Beauty Loft,Miami,PRV0003,2025-10-08,18:30:00,60,late_cancel,walk_in,2025-09-24,14,forgot,False,Nails
APT0004143,ORD0004143,CLT00230,BIZ001,Luxe Hair Studio,San Francisco,PRV0003,2024-04-22,09:15:00,150,completed,referral,2024-04-01,21,,True,Hair
APT0004144,ORD0004144,CLT00230,BIZ001,Luxe Hair Studio,San Francisco,PRV0018,2024-05-09,09:45:00,45,completed,referral,2024-04-18,21,,False,Hair
APT0004145,ORD0004145,CLT00230,BIZ001,Luxe Hair Studio,San Francisco,PRV0011,2024-06-04,14:00:00,150,completed,walk_in,2024-05-14,21,,False,Hair
APT0004146,ORD0004146,CLT00230,BIZ001,Luxe Hair Studio,San Francisco,PRV0011,2024-06-24,10:45:00,60,completed,online_booking,2024-06-21,3,,False,Hair
APT0004147,ORD0004147,CLT00230,BIZ001,Luxe Hair Studio,San Francisco,PRV0018,2024-07-15,16:00:00,60,completed,walk_in,2024-07-08,7,,False,Massage
APT0004148,ORD0004148,CLT00230,BIZ001,Luxe Hair Studio,San Francisco,PRV0001,2024-08-02,10:45:00,45,completed,phone,2024-07-19,14,,False,Hair
APT0004149,ORD0004149,CLT00230,BIZ001,Luxe Hair Studio,San Francisco,PRV0003,2024-08-23,15:30:00,120,completed,app,2024-08-22,1,,False,Hair
APT0004150,ORD0004150,CLT00230,BIZ001,Luxe Hair Studio,San Francisco,PRV0004,2024-09-13,12:30:00,75,completed,walk_in,2024-09-06,7,,False,Massage
APT0004151,ORD0004151,CLT00230,BIZ001,Luxe Hair Studio,San Francisco,PRV0005,2024-10-07,09:00:00,60,completed,online_booking,2024-10-06,1,,False,Massage
APT0004152,ORD0004152,CLT00230,BIZ001,Luxe Hair Studio,San Francisco,PRV0015,2024-10-28,14:30:00,45,completed,walk_in,2024-10-25,3,,False,Hair
APT0004153,ORD0004153,CLT00230,BIZ001,Luxe Hair Studio,San Francisco,PRV0018,2024-11-25,11:00:00,60,completed,app,2024-11-24,1,,False,Massage
APT0004154,ORD0004154,CLT00230,BIZ001,Luxe Hair Studio,San Francisco,PRV0013,2024-12-17,17:30:00,75,completed,referral,2024-12-10,7,,False,Massage
APT0004155,ORD0004155,CLT00230,BIZ001,Luxe Hair Studio,San Francisco,PRV0016,2025-01-04,15:15:00,120,completed,online_booking,2024-12-21,14,,False,Hair
APT0004156,ORD0004156,CLT00230,BIZ001,Luxe Hair Studio,San Francisco,PRV0020,2025-01-22,18:00:00,60,completed,online_booking,2025-01-19,3,,False,Hair
APT0004157,ORD0004157,CLT00230,BIZ001,Luxe Hair Studio,San Francisco,PRV0014,2025-02-06,15:15:00,120,completed,phone,2025-02-05,1,,False,Hair
APT0004158,ORD0004158,CLT00230,BIZ001,Luxe Hair Studio,San Francisco,PRV0008,2025-03-02,13:45:00,60,completed,online_booking,2025-02-27,3,,False,Hair
APT0004159,ORD0004159,CLT00230,BIZ001,Luxe Hair Studio,San Francisco,PRV0019,2025-03-20,18:00:00,60,completed,referral,2025-03-13,7,,False,Massage
APT0004160,ORD0004160,CLT00230,BIZ001,Luxe Hair Studio,San Francisco,PRV0003,2025-04-06,17:30:00,150,no_show,app,2025-03-30,7,forgot,False,Hair
APT0004161,ORD0004161,CLT00230,BIZ001,Luxe Hair Studio,San Francisco,PRV0011,2025-04-26,10:45:00,120,completed,app,2025-04-23,3,,False,Hair
APT0004162,ORD0004162,CLT00230,BIZ001,Luxe Hair Studio,San Francisco,PRV0007,2025-05-18,09:00:00,45,completed,app,2025-05-17,1,,False,Hair
APT0004163,ORD0004163,CLT00230,BIZ001,Luxe Hair Studio,San Francisco,PRV0006,2025-06-08,13:15:00,60,completed,walk_in,2025-06-01,7,,False,Hair
APT0004164,ORD0004164,CLT00230,BIZ001,Luxe Hair Studio,San Francisco,PRV0007,2025-06-29,12:15:00,150,completed,app,2025-06-15,14,,False,Hair
APT0004165,ORD0004165,CLT00230,BIZ001,Luxe Hair Studio,San Francisco,PRV0002,2025-07-21,16:15:00,60,completed,phone,2025-06-30,21,,False,Massage
APT0004166,ORD0004166,CLT00230,BIZ001,Luxe Hair Studio,San Francisco,PRV0005,2025-08-05,15:15:00,60,completed,phone,2025-07-15,21,,False,Hair
APT0004167,ORD0004167,CLT00230,BIZ001,Luxe Hair Studio,San Francisco,PRV0020,2025-08-20,17:15:00,75,completed,app,2025-08-17,3,,False,Massage
APT0004168,ORD0004168,CLT00230,BIZ001,Luxe Hair Studio,San Francisco,PRV0016,2025-09-08,09:45:00,45,cancelled,referral,2025-09-01,7,personal_emergency,False,Hair
APT0004169,ORD0004169,CLT00230,BIZ001,Luxe Hair Studio,San Francisco,PRV0016,2025-09-25,14:30:00,75,completed,phone,2025-09-18,7,,False,Massage
APT0004170,ORD0004170,CLT00230,BIZ001,Luxe Hair Studio,San Francisco,PRV0007,2025-10-23,15:45:00,75,completed,online_booking,2025-10-16,7,,False,Massage
APT0004171,ORD0004171,CLT00230,BIZ001,Luxe Hair Studio,San Francisco,PRV0012,2025-11-13,15:30:00,60,completed,referral,2025-11-10,3,,False,Hair
APT0004172,ORD0004172,CLT00230,BIZ001,Luxe Hair Studio,San Francisco,PRV0013,2025-12-05,16:15:00,120,completed,app,2025-11-28,7,,False,Hair
APT0004173,ORD0004173,CLT00230,BIZ001,Luxe Hair Studio,San Francisco,PRV0006,2025-12-29,15:30:00,60,completed,online_booking,2025-12-22,7,,False,Massage
APT0004174,ORD0004174,CLT00230,BIZ001,Luxe Hair Studio,San Francisco,PRV0002,2026-01-14,13:45:00,60,completed,walk_in,2025-12-24,21,,False,Massage
APT0004175,ORD0004175,CLT00230,BIZ001,Luxe Hair Studio,San Francisco,PRV0008,2026-01-30,13:15:00,60,completed,phone,2026-01-27,3,,False,Massage
APT0004176,ORD0004176,CLT00230,BIZ001,Luxe Hair Studio,San Francisco,PRV0002,2026-02-18,16:00:00,60,completed,online_booking,2026-01-28,21,,False,Massage
APT0004177,ORD0004177,CLT00231,BIZ008,Posh Nails & Spa,Denver,PRV0010,2024-06-04,17:00:00,75,completed,walk_in,2024-05-21,14,,True,Massage
APT0004178,ORD0004178,CLT00231,BIZ008,Posh Nails & Spa,Denver,PRV0012,2024-09-03,13:45:00,75,completed,referral,2024-08-27,7,,False,Massage
APT0004179,ORD0004179,CLT00231,BIZ008,Posh Nails & Spa,Denver,PRV0015,2024-11-25,15:30:00,60,completed,walk_in,2024-11-24,1,,False,Massage
APT0004180,ORD0004180,CLT00231,BIZ008,Posh Nails & Spa,Denver,PRV0011,2025-02-18,11:30:00,60,completed,online_booking,2025-02-15,3,,False,Massage
APT0004181,ORD0004181,CLT00231,BIZ008,Posh Nails & Spa,Denver,PRV0009,2025-05-23,14:15:00,60,completed,online_booking,2025-05-22,1,,False,Hair
APT0004182,ORD0004182,CLT00231,BIZ008,Posh Nails & Spa,Denver,PRV0015,2025-08-16,15:45:00,45,completed,walk_in,2025-08-13,3,,False,Hair
APT0004183,ORD0004183,CLT00231,BIZ008,Posh Nails & Spa,Denver,PRV0001,2025-11-10,11:30:00,120,completed,online_booking,2025-11-09,1,,False,Hair
APT0004184,ORD0004184,CLT00231,BIZ008,Posh Nails & Spa,Denver,PRV0015,2026-02-06,13:15:00,60,completed,referral,2026-01-16,21,,False,Massage
APT0004185,ORD0004185,CLT00232,BIZ009,Glow Studio,Boston,PRV0009,2024-04-22,12:15:00,150,completed,phone,2024-04-08,14,,True,Hair
APT0004186,ORD0004186,CLT00232,BIZ009,Glow Studio,Boston,PRV0002,2024-06-01,15:00:00,120,completed,online_booking,2024-05-11,21,,False,Hair
APT0004187,ORD0004187,CLT00232,BIZ009,Glow Studio,Boston,PRV0020,2024-07-11,18:15:00,60,completed,app,2024-07-08,3,,False,Hair
APT0004188,ORD0004188,CLT00232,BIZ009,Glow Studio,Boston,PRV0003,2024-08-14,15:15:00,120,cancelled,phone,2024-07-24,21,personal_emergency,False,Hair
APT0004189,ORD0004189,CLT00232,BIZ009,Glow Studio,Boston,PRV0012,2024-09-18,09:45:00,150,completed,walk_in,2024-09-11,7,,False,Hair
APT0004190,ORD0004190,CLT00232,BIZ009,Glow Studio,Boston,PRV0007,2024-10-19,17:15:00,30,completed,walk_in,2024-10-05,14,,False,Hair
APT0004191,ORD0004191,CLT00232,BIZ009,Glow Studio,Boston,PRV0018,2024-11-19,10:15:00,120,completed,online_booking,2024-11-16,3,,False,Hair
APT0004192,ORD0004192,CLT00232,BIZ009,Glow Studio,Boston,PRV0006,2024-12-28,11:15:00,60,completed,walk_in,2024-12-07,21,,False,Hair
APT0004193,ORD0004193,CLT00232,BIZ009,Glow Studio,Boston,PRV0008,2025-02-02,16:15:00,60,completed,walk_in,2025-01-12,21,,False,Hair
APT0004194,ORD0004194,CLT00232,BIZ009,Glow Studio,Boston,PRV0006,2025-03-12,16:00:00,120,completed,walk_in,2025-02-26,14,,False,Hair
APT0004195,ORD0004195,CLT00232,BIZ009,Glow Studio,Boston,PRV0014,2025-04-19,15:00:00,150,completed,online_booking,2025-04-12,7,,False,Hair
APT0004196,ORD0004196,CLT00232,BIZ009,Glow Studio,Boston,PRV0018,2025-05-28,10:00:00,120,completed,app,2025-05-25,3,,False,Hair
APT0004197,ORD0004197,CLT00232,BIZ009,Glow Studio,Boston,PRV0001,2025-07-08,17:15:00,120,completed,referral,2025-07-05,3,,False,Hair
APT0004198,ORD0004198,CLT00232,BIZ009,Glow Studio,Boston,PRV0019,2025-08-10,11:45:00,30,completed,online_booking,2025-08-03,7,,False,Hair
APT0004199,ORD0004199,CLT00232,BIZ009,Glow Studio,Boston,PRV0019,2025-09-09,14:30:00,120,completed,walk_in,2025-09-06,3,,False,Hair
APT0004200,ORD0004200,CLT00232,BIZ009,Glow Studio,Boston,PRV0011,2025-10-09,18:15:00,60,completed,phone,2025-10-02,7,,False,Hair
APT0004201,ORD0004201,CLT00232,BIZ009,Glow Studio,Boston,PRV0013,2025-11-09,16:30:00,150,completed,app,2025-11-02,7,,False,Hair
APT0004202,ORD0004202,CLT00232,BIZ009,Glow Studio,Boston,PRV0003,2025-12-09,17:15:00,60,completed,referral,2025-11-18,21,,False,Hair
APT0004203,ORD0004203,CLT00232,BIZ009,Glow Studio,Boston,PRV0010,2026-01-18,17:15:00,60,completed,online_booking,2025-12-28,21,,False,Hair
APT0004204,ORD0004204,CLT00232,BIZ009,Glow Studio,Boston,PRV0016,2026-02-23,16:00:00,120,no_show,walk_in,2026-02-22,1,,False,Hair
APT0004205,ORD0004205,CLT00232,BIZ009,Glow Studio,Boston,PRV0008,2026-03-26,09:45:00,30,cancelled,walk_in,2026-03-26,0,no_reason_given,False,Hair
APT0004206,ORD0004206,CLT00233,BIZ009,Glow Studio,Boston,PRV0009,2024-04-21,11:00:00,60,no_show,referral,2024-04-20,1,weather,True,Hair
APT0004207,ORD0004207,CLT00233,BIZ009,Glow Studio,Boston,PRV0004,2024-05-19,12:15:00,120,completed,phone,2024-05-18,1,,False,Hair
APT0004208,ORD0004208,CLT00233,BIZ009,Glow Studio,Boston,PRV0008,2024-06-28,13:30:00,45,completed,walk_in,2024-06-07,21,,False,Hair
APT0004209,ORD0004209,CLT00233,BIZ009,Glow Studio,Boston,PRV0007,2024-07-26,14:15:00,45,completed,walk_in,2024-07-12,14,,False,Hair
APT0004210,ORD0004210,CLT00233,BIZ009,Glow Studio,Boston,PRV0004,2024-08-23,17:45:00,150,completed,referral,2024-08-22,1,,False,Hair
APT0004211,ORD0004211,CLT00233,BIZ009,Glow Studio,Boston,PRV0014,2024-09-28,15:30:00,60,completed,online_booking,2024-09-14,14,,False,Hair
APT0004212,ORD0004212,CLT00233,BIZ009,Glow Studio,Boston,PRV0020,2024-11-05,15:45:00,120,completed,referral,2024-11-04,1,,False,Hair
APT0004213,ORD0004213,CLT00233,BIZ009,Glow Studio,Boston,PRV0017,2024-12-07,16:00:00,150,completed,walk_in,2024-11-30,7,,False,Hair
APT0004214,ORD0004214,CLT00233,BIZ009,Glow Studio,Boston,PRV0016,2025-01-12,14:45:00,120,completed,walk_in,2025-01-09,3,,False,Hair
APT0004215,ORD0004215,CLT00233,BIZ009,Glow Studio,Boston,PRV0007,2025-02-10,15:15:00,30,completed,app,2025-02-07,3,,False,Hair
APT0004216,ORD0004216,CLT00233,BIZ009,Glow Studio,Boston,PRV0014,2025-03-19,10:15:00,120,completed,walk_in,2025-03-16,3,,False,Hair
APT0004217,ORD0004217,CLT00233,BIZ009,Glow Studio,Boston,PRV0013,2025-04-26,14:30:00,60,completed,online_booking,2025-04-19,7,,False,Hair
APT0004218,ORD0004218,CLT00233,BIZ009,Glow Studio,Boston,PRV0018,2025-05-31,14:45:00,60,cancelled,referral,2025-05-31,0,weather,False,Hair
APT0004219,ORD0004219,CLT00233,BIZ009,Glow Studio,Boston,PRV0006,2025-06-29,09:15:00,60,completed,referral,2025-06-22,7,,False,Hair
APT0004220,ORD0004220,CLT00233,BIZ009,Glow Studio,Boston,PRV0016,2025-07-31,17:15:00,120,completed,online_booking,2025-07-30,1,,False,Hair
APT0004221,ORD0004221,CLT00233,BIZ009,Glow Studio,Boston,PRV0010,2025-09-09,10:30:00,45,completed,app,2025-09-02,7,,False,Hair
APT0004222,ORD0004222,CLT00233,BIZ009,Glow Studio,Boston,PRV0016,2025-10-14,13:45:00,60,completed,online_booking,2025-10-07,7,,False,Hair
APT0004223,ORD0004223,CLT00233,BIZ009,Glow Studio,Boston,PRV0012,2025-11-16,12:45:00,60,completed,online_booking,2025-11-13,3,,False,Hair
APT0004224,ORD0004224,CLT00233,BIZ009,Glow Studio,Boston,PRV0006,2025-12-18,18:45:00,45,completed,referral,2025-12-18,0,,False,Hair
APT0004225,ORD0004225,CLT00233,BIZ009,Glow Studio,Boston,PRV0020,2026-01-22,09:00:00,60,completed,online_booking,2026-01-19,3,,False,Hair
APT0004226,ORD0004226,CLT00233,BIZ009,Glow Studio,Boston,PRV0005,2026-02-20,10:00:00,150,completed,app,2026-02-13,7,,False,Hair
APT0004227,ORD0004227,CLT00234,BIZ007,The Beauty Loft,Miami,PRV0011,2024-05-13,14:30:00,120,completed,online_booking,2024-04-22,21,,True,Hair
APT0004228,ORD0004228,CLT00234,BIZ007,The Beauty Loft,Miami,PRV0014,2024-06-14,10:30:00,15,no_show,walk_in,2024-06-07,7,no_reason_given,False,Nails
APT0004229,ORD0004229,CLT00234,BIZ007,The Beauty Loft,Miami,PRV0010,2024-07-23,12:45:00,30,completed,referral,2024-07-20,3,,False,Hair
APT0004230,ORD0004230,CLT00234,BIZ007,The Beauty Loft,Miami,PRV0019,2024-09-03,09:00:00,45,completed,online_booking,2024-08-31,3,,False,Nails
APT0004231,ORD0004231,CLT00234,BIZ007,The Beauty Loft,Miami,PRV0017,2024-10-08,16:45:00,60,completed,online_booking,2024-09-24,14,,False,Nails
APT0004232,ORD0004232,CLT00234,BIZ007,The Beauty Loft,Miami,PRV0019,2024-11-06,15:30:00,120,completed,online_booking,2024-11-03,3,,False,Hair
APT0004233,ORD0004233,CLT00234,BIZ007,The Beauty Loft,Miami,PRV0002,2024-12-08,10:30:00,150,completed,walk_in,2024-11-17,21,,False,Hair
APT0004234,ORD0004234,CLT00234,BIZ007,The Beauty Loft,Miami,PRV0002,2025-01-08,16:00:00,45,no_show,online_booking,2025-01-07,1,weather,False,Nails
APT0004235,ORD0004235,CLT00234,BIZ007,The Beauty Loft,Miami,PRV0009,2025-02-12,11:45:00,15,completed,app,2025-02-11,1,,False,Nails
APT0004236,ORD0004236,CLT00234,BIZ007,The Beauty Loft,Miami,PRV0020,2025-03-13,14:00:00,120,completed,online_booking,2025-03-06,7,,False,Hair
APT0004237,ORD0004237,CLT00234,BIZ007,The Beauty Loft,Miami,PRV0011,2025-04-20,15:15:00,150,completed,referral,2025-03-30,21,,False,Hair
APT0004238,ORD0004238,CLT00234,BIZ007,The Beauty Loft,Miami,PRV0010,2025-06-01,18:15:00,30,completed,referral,2025-05-18,14,,False,Hair
APT0004239,ORD0004239,CLT00234,BIZ007,The Beauty Loft,Miami,PRV0017,2025-07-12,17:00:00,30,completed,app,2025-06-28,14,,False,Hair
APT0004240,ORD0004240,CLT00234,BIZ007,The Beauty Loft,Miami,PRV0013,2025-08-10,16:45:00,30,completed,online_booking,2025-08-03,7,,False,Nails
APT0004241,ORD0004241,CLT00234,BIZ007,The Beauty Loft,Miami,PRV0008,2025-09-13,11:15:00,30,completed,phone,2025-09-06,7,,False,Hair
APT0004242,ORD0004242,CLT00234,BIZ007,The Beauty Loft,Miami,PRV0005,2025-10-15,17:45:00,120,completed,phone,2025-10-12,3,,False,Hair
APT0004243,ORD0004243,CLT00234,BIZ007,The Beauty Loft,Miami,PRV0003,2025-11-26,16:45:00,120,completed,walk_in,2025-11-23,3,,False,Hair
APT0004244,ORD0004244,CLT00234,BIZ007,The Beauty Loft,Miami,PRV0004,2025-12-27,15:15:00,120,completed,walk_in,2025-12-24,3,,False,Hair
APT0004245,ORD0004245,CLT00234,BIZ007,The Beauty Loft,Miami,PRV0005,2026-01-24,11:15:00,60,completed,app,2026-01-23,1,,False,Nails
APT0004246,ORD0004246,CLT00234,BIZ007,The Beauty Loft,Miami,PRV0004,2026-02-26,14:30:00,45,completed,phone,2026-02-25,1,,False,Hair
APT0004247,ORD0004247,CLT00235,BIZ007,The Beauty Loft,Miami,PRV0001,2024-04-09,13:00:00,45,completed,phone,2024-04-06,3,,True,Hair
APT0004248,ORD0004248,CLT00235,BIZ007,The Beauty Loft,Miami,PRV0009,2024-07-08,12:15:00,60,completed,phone,2024-07-07,1,,False,Hair
APT0004249,ORD0004249,CLT00235,BIZ007,The Beauty Loft,Miami,PRV0016,2024-10-03,09:45:00,120,completed,phone,2024-09-30,3,,False,Hair
APT0004250,ORD0004250,CLT00235,BIZ007,The Beauty Loft,Miami,PRV0004,2024-12-29,14:00:00,15,cancelled,walk_in,2024-12-26,3,personal_emergency,False,Waxing
APT0004251,ORD0004251,CLT00235,BIZ007,The Beauty Loft,Miami,PRV0004,2025-03-22,16:45:00,60,cancelled,phone,2025-03-15,7,weather,False,Hair
APT0004252,ORD0004252,CLT00235,BIZ007,The Beauty Loft,Miami,PRV0014,2025-06-22,18:15:00,15,completed,online_booking,2025-06-15,7,,False,Waxing
APT0004253,ORD0004253,CLT00235,BIZ007,The Beauty Loft,Miami,PRV0018,2025-09-18,11:00:00,30,completed,online_booking,2025-09-15,3,,False,Hair
APT0004254,ORD0004254,CLT00235,BIZ007,The Beauty Loft,Miami,PRV0006,2025-12-17,11:30:00,60,completed,online_booking,2025-12-10,7,,False,Hair
APT0004255,ORD0004255,CLT00235,BIZ007,The Beauty Loft,Miami,PRV0019,2026-03-14,18:15:00,60,cancelled,referral,2026-03-07,7,forgot,False,Hair
APT0004256,ORD0004256,CLT00236,BIZ009,Glow Studio,Boston,PRV0015,2024-06-24,11:30:00,60,completed,referral,2024-06-17,7,,True,Massage
APT0004257,ORD0004257,CLT00236,BIZ009,Glow Studio,Boston,PRV0002,2024-09-27,11:30:00,60,completed,referral,2024-09-24,3,,False,Massage
APT0004258,ORD0004258,CLT00236,BIZ009,Glow Studio,Boston,PRV0013,2024-12-19,11:30:00,75,cancelled,online_booking,2024-12-12,7,personal_emergency,False,Massage
APT0004259,ORD0004259,CLT00236,BIZ009,Glow Studio,Boston,PRV0004,2025-03-12,17:30:00,45,completed,phone,2025-03-05,7,,False,Skin
APT0004260,ORD0004260,CLT00236,BIZ009,Glow Studio,Boston,PRV0004,2025-06-04,13:00:00,60,completed,walk_in,2025-06-01,3,,False,Massage
APT0004261,ORD0004261,CLT00236,BIZ009,Glow Studio,Boston,PRV0004,2025-08-31,18:00:00,75,completed,app,2025-08-24,7,,False,Skin
APT0004262,ORD0004262,CLT00236,BIZ009,Glow Studio,Boston,PRV0016,2025-11-24,16:45:00,75,completed,online_booking,2025-11-03,21,,False,Skin
APT0004263,ORD0004263,CLT00236,BIZ009,Glow Studio,Boston,PRV0003,2026-02-15,14:45:00,45,completed,referral,2026-02-08,7,,False,Skin
APT0004264,ORD0004264,CLT00237,BIZ008,Posh Nails & Spa,Denver,PRV0007,2024-05-08,16:15:00,120,completed,phone,2024-05-01,7,,True,Hair
APT0004265,ORD0004265,CLT00237,BIZ008,Posh Nails & Spa,Denver,PRV0008,2024-07-13,15:45:00,120,completed,online_booking,2024-06-22,21,,False,Hair
APT0004266,ORD0004266,CLT00237,BIZ008,Posh Nails & Spa,Denver,PRV0004,2024-09-10,13:15:00,30,completed,online_booking,2024-09-09,1,,False,Hair
APT0004267,ORD0004267,CLT00237,BIZ008,Posh Nails & Spa,Denver,PRV0013,2024-11-05,10:15:00,120,completed,phone,2024-10-29,7,,False,Hair
APT0004268,ORD0004268,CLT00237,BIZ008,Posh Nails & Spa,Denver,PRV0008,2024-12-31,10:30:00,150,completed,online_booking,2024-12-28,3,,False,Hair
APT0004269,ORD0004269,CLT00237,BIZ008,Posh Nails & Spa,Denver,PRV0001,2025-02-27,10:00:00,150,no_show,walk_in,2025-02-26,1,,False,Hair
APT0004270,ORD0004270,CLT00237,BIZ008,Posh Nails & Spa,Denver,PRV0006,2025-04-24,13:15:00,120,completed,walk_in,2025-04-21,3,,False,Hair
APT0004271,ORD0004271,CLT00237,BIZ008,Posh Nails & Spa,Denver,PRV0019,2025-06-16,17:00:00,30,completed,walk_in,2025-06-09,7,,False,Hair
APT0004272,ORD0004272,CLT00237,BIZ008,Posh Nails & Spa,Denver,PRV0019,2025-08-22,12:45:00,120,completed,referral,2025-08-19,3,,False,Hair
APT0004273,ORD0004273,CLT00237,BIZ008,Posh Nails & Spa,Denver,PRV0002,2025-10-25,13:30:00,120,completed,referral,2025-10-22,3,,False,Hair
APT0004274,ORD0004274,CLT00237,BIZ008,Posh Nails & Spa,Denver,PRV0007,2025-12-28,10:15:00,120,completed,app,2025-12-21,7,,False,Hair
APT0004275,ORD0004275,CLT00237,BIZ008,Posh Nails & Spa,Denver,PRV0015,2026-03-01,12:00:00,60,completed,phone,2026-03-01,0,,False,Hair
APT0004276,ORD0004276,CLT00238,BIZ001,Luxe Hair Studio,San Francisco,PRV0004,2024-06-29,15:30:00,60,cancelled,online_booking,2024-06-26,3,illness,True,Skin
APT0004277,ORD0004277,CLT00238,BIZ001,Luxe Hair Studio,San Francisco,PRV0011,2024-09-20,17:45:00,45,completed,app,2024-09-06,14,,False,Skin
APT0004278,ORD0004278,CLT00238,BIZ001,Luxe Hair Studio,San Francisco,PRV0014,2024-12-13,17:30:00,45,completed,walk_in,2024-12-12,1,,False,Skin
APT0004279,ORD0004279,CLT00238,BIZ001,Luxe Hair Studio,San Francisco,PRV0017,2025-03-14,11:45:00,60,completed,referral,2025-03-13,1,,False,Skin
APT0004280,ORD0004280,CLT00238,BIZ001,Luxe Hair Studio,San Francisco,PRV0007,2025-06-05,16:00:00,75,completed,online_booking,2025-06-04,1,,False,Skin
APT0004281,ORD0004281,CLT00238,BIZ001,Luxe Hair Studio,San Francisco,PRV0017,2025-08-31,14:30:00,75,completed,referral,2025-08-24,7,,False,Skin
APT0004282,ORD0004282,CLT00238,BIZ001,Luxe Hair Studio,San Francisco,PRV0004,2025-11-28,10:30:00,75,completed,referral,2025-11-21,7,,False,Skin
APT0004283,ORD0004283,CLT00238,BIZ001,Luxe Hair Studio,San Francisco,PRV0009,2026-03-01,09:00:00,60,completed,app,2026-02-26,3,,False,Skin
APT0004284,ORD0004284,CLT00239,BIZ003,The Glam Room,New York,PRV0003,2024-04-29,18:00:00,30,completed,phone,2024-04-28,1,,True,Hair
APT0004285,ORD0004285,CLT00239,BIZ003,The Glam Room,New York,PRV0007,2024-06-13,12:45:00,60,completed,referral,2024-06-10,3,,False,Hair
APT0004286,ORD0004286,CLT00239,BIZ003,The Glam Room,New York,PRV0010,2024-08-02,11:30:00,150,completed,app,2024-07-30,3,,False,Hair
APT0004287,ORD0004287,CLT00239,BIZ003,The Glam Room,New York,PRV0004,2024-09-13,17:00:00,30,completed,app,2024-08-23,21,,False,Hair
APT0004288,ORD0004288,CLT00239,BIZ003,The Glam Room,New York,PRV0017,2024-10-29,18:45:00,60,completed,online_booking,2024-10-22,7,,False,Hair
APT0004289,ORD0004289,CLT00239,BIZ003,The Glam Room,New York,PRV0015,2024-12-11,10:45:00,45,completed,app,2024-12-08,3,,False,Nails
APT0004290,ORD0004290,CLT00239,BIZ003,The Glam Room,New York,PRV0018,2025-01-31,09:00:00,60,completed,app,2025-01-10,21,,False,Hair
APT0004291,ORD0004291,CLT00239,BIZ003,The Glam Room,New York,PRV0009,2025-03-14,12:00:00,30,completed,walk_in,2025-02-28,14,,False,Nails
APT0004292,ORD0004292,CLT00239,BIZ003,The Glam Room,New York,PRV0010,2025-04-25,14:45:00,60,completed,referral,2025-04-11,14,,False,Hair
APT0004293,ORD0004293,CLT00239,BIZ003,The Glam Room,New York,PRV0018,2025-06-07,17:30:00,120,completed,app,2025-06-06,1,,False,Hair
APT0004294,ORD0004294,CLT00239,BIZ003,The Glam Room,New York,PRV0002,2025-07-17,18:15:00,60,cancelled,app,2025-07-16,1,personal_emergency,False,Hair
APT0004295,ORD0004295,CLT00239,BIZ003,The Glam Room,New York,PRV0015,2025-08-25,17:00:00,45,no_show,online_booking,2025-08-18,7,,False,Nails
APT0004296,ORD0004296,CLT00239,BIZ003,The Glam Room,New York,PRV0016,2025-10-09,14:30:00,15,completed,phone,2025-09-18,21,,False,Nails
APT0004297,ORD0004297,CLT00239,BIZ003,The Glam Room,New York,PRV0001,2025-11-21,12:30:00,30,no_show,online_booking,2025-11-14,7,,False,Hair
APT0004298,ORD0004298,CLT00240,BIZ008,Posh Nails & Spa,Denver,PRV0004,2024-04-26,16:30:00,45,cancelled,walk_in,2024-04-05,21,no_reason_given,True,Nails
APT0004299,ORD0004299,CLT00240,BIZ008,Posh Nails & Spa,Denver,PRV0007,2024-05-11,18:15:00,15,completed,online_booking,2024-04-27,14,,False,Waxing
APT0004300,ORD0004300,CLT00240,BIZ008,Posh Nails & Spa,Denver,PRV0007,2024-05-26,12:15:00,15,completed,phone,2024-05-23,3,,False,Waxing
APT0004301,ORD0004301,CLT00240,BIZ008,Posh Nails & Spa,Denver,PRV0015,2024-06-22,18:15:00,30,cancelled,online_booking,2024-06-21,1,rescheduled,False,Nails
APT0004302,ORD0004302,CLT00240,BIZ008,Posh Nails & Spa,Denver,PRV0002,2024-07-13,13:15:00,30,completed,online_booking,2024-07-06,7,,False,Nails
APT0004303,ORD0004303,CLT00240,BIZ008,Posh Nails & Spa,Denver,PRV0013,2024-08-02,09:30:00,30,no_show,online_booking,2024-07-19,14,,False,Nails
APT0004304,ORD0004304,CLT00240,BIZ008,Posh Nails & Spa,Denver,PRV0013,2024-08-19,13:30:00,45,completed,walk_in,2024-07-29,21,,False,Nails
APT0004305,ORD0004305,CLT00240,BIZ008,Posh Nails & Spa,Denver,PRV0005,2024-09-07,16:15:00,15,completed,walk_in,2024-09-04,3,,False,Nails
APT0004306,ORD0004306,CLT00240,BIZ008,Posh Nails & Spa,Denver,PRV0009,2024-09-23,11:30:00,15,cancelled,referral,2024-09-09,14,rescheduled,False,Nails
APT0004307,ORD0004307,CLT00240,BIZ008,Posh Nails & Spa,Denver,PRV0015,2024-10-13,15:30:00,60,completed,walk_in,2024-10-10,3,,False,Nails
APT0004308,ORD0004308,CLT00240,BIZ008,Posh Nails & Spa,Denver,PRV0006,2024-11-07,12:00:00,15,completed,phone,2024-11-04,3,,False,Nails
APT0004309,ORD0004309,CLT00240,BIZ008,Posh Nails & Spa,Denver,PRV0018,2024-12-03,13:45:00,30,completed,online_booking,2024-11-26,7,,False,Nails
APT0004310,ORD0004310,CLT00240,BIZ008,Posh Nails & Spa,Denver,PRV0017,2024-12-26,13:30:00,30,completed,phone,2024-12-12,14,,False,Waxing
APT0004311,ORD0004311,CLT00240,BIZ008,Posh Nails & Spa,Denver,PRV0004,2025-01-23,13:15:00,30,completed,phone,2025-01-22,1,,False,Waxing
APT0004312,ORD0004312,CLT00240,BIZ008,Posh Nails & Spa,Denver,PRV0019,2025-02-12,12:15:00,60,completed,online_booking,2025-02-05,7,,False,Nails
APT0004313,ORD0004313,CLT00240,BIZ008,Posh Nails & Spa,Denver,PRV0011,2025-03-09,12:30:00,15,completed,phone,2025-02-23,14,,False,Waxing
APT0004314,ORD0004314,CLT00240,BIZ008,Posh Nails & Spa,Denver,PRV0015,2025-03-29,09:45:00,15,completed,walk_in,2025-03-26,3,,False,Waxing
APT0004315,ORD0004315,CLT00240,BIZ008,Posh Nails & Spa,Denver,PRV0013,2025-04-26,12:30:00,15,completed,referral,2025-04-19,7,,False,Waxing
APT0004316,ORD0004316,CLT00240,BIZ008,Posh Nails & Spa,Denver,PRV0017,2025-05-17,17:15:00,15,no_show,referral,2025-04-26,21,,False,Nails
APT0004317,ORD0004317,CLT00240,BIZ008,Posh Nails & Spa,Denver,PRV0015,2025-06-14,14:00:00,15,completed,app,2025-06-11,3,,False,Nails
APT0004318,ORD0004318,CLT00240,BIZ008,Posh Nails & Spa,Denver,PRV0004,2025-07-03,10:30:00,15,completed,online_booking,2025-06-30,3,,False,Waxing
APT0004319,ORD0004319,CLT00240,BIZ008,Posh Nails & Spa,Denver,PRV0010,2025-07-27,16:15:00,45,no_show,app,2025-07-06,21,personal_emergency,False,Waxing
APT0004320,ORD0004320,CLT00240,BIZ008,Posh Nails & Spa,Denver,PRV0009,2025-08-15,14:00:00,45,completed,referral,2025-08-12,3,,False,Nails
APT0004321,ORD0004321,CLT00240,BIZ008,Posh Nails & Spa,Denver,PRV0011,2025-09-09,17:30:00,30,completed,phone,2025-09-06,3,,False,Waxing
APT0004322,ORD0004322,CLT00240,BIZ008,Posh Nails & Spa,Denver,PRV0018,2025-10-04,17:30:00,45,no_show,online_booking,2025-09-13,21,,False,Nails
APT0004323,ORD0004323,CLT00240,BIZ008,Posh Nails & Spa,Denver,PRV0002,2025-10-22,14:15:00,30,completed,referral,2025-10-21,1,,False,Nails
APT0004324,ORD0004324,CLT00240,BIZ008,Posh Nails & Spa,Denver,PRV0016,2025-11-09,13:00:00,45,completed,walk_in,2025-11-09,0,,False,Nails
APT0004325,ORD0004325,CLT00240,BIZ008,Posh Nails & Spa,Denver,PRV0014,2025-12-07,11:45:00,45,completed,walk_in,2025-12-06,1,,False,Waxing
APT0004326,ORD0004326,CLT00240,BIZ008,Posh Nails & Spa,Denver,PRV0006,2025-12-30,13:45:00,15,completed,phone,2025-12-23,7,,False,Waxing
APT0004327,ORD0004327,CLT00240,BIZ008,Posh Nails & Spa,Denver,PRV0004,2026-01-14,12:00:00,45,no_show,app,2026-01-11,3,rescheduled,False,Nails
APT0004328,ORD0004328,CLT00240,BIZ008,Posh Nails & Spa,Denver,PRV0013,2026-02-08,15:30:00,45,completed,walk_in,2026-01-18,21,,False,Waxing
APT0004329,ORD0004329,CLT00240,BIZ008,Posh Nails & Spa,Denver,PRV0017,2026-03-03,10:30:00,15,completed,app,2026-03-03,0,,False,Waxing
APT0004330,ORD0004330,CLT00240,BIZ008,Posh Nails & Spa,Denver,PRV0004,2026-03-24,12:15:00,45,cancelled,walk_in,2026-03-21,3,rescheduled,False,Waxing
APT0004331,ORD0004331,CLT00241,BIZ010,Elevate Salon,Nashville,PRV0012,2024-04-13,18:30:00,15,completed,online_booking,2024-03-30,14,,True,Waxing
APT0004332,ORD0004332,CLT00241,BIZ010,Elevate Salon,Nashville,PRV0013,2024-06-03,17:45:00,120,completed,referral,2024-05-27,7,,False,Hair
APT0004333,ORD0004333,CLT00241,BIZ010,Elevate Salon,Nashville,PRV0011,2024-07-25,12:00:00,120,completed,app,2024-07-04,21,,False,Hair
APT0004334,ORD0004334,CLT00241,BIZ010,Elevate Salon,Nashville,PRV0001,2024-09-06,12:45:00,45,completed,walk_in,2024-08-16,21,,False,Hair
APT0004335,ORD0004335,CLT00241,BIZ010,Elevate Salon,Nashville,PRV0006,2024-10-27,14:00:00,60,completed,referral,2024-10-13,14,,False,Hair
APT0004336,ORD0004336,CLT00241,BIZ010,Elevate Salon,Nashville,PRV0002,2024-12-12,17:00:00,120,completed,phone,2024-12-05,7,,False,Hair
APT0004337,ORD0004337,CLT00241,BIZ010,Elevate Salon,Nashville,PRV0004,2025-02-02,13:45:00,30,completed,phone,2025-01-30,3,,False,Waxing
APT0004338,ORD0004338,CLT00241,BIZ010,Elevate Salon,Nashville,PRV0005,2025-03-24,18:15:00,15,completed,referral,2025-03-03,21,,False,Waxing
APT0004339,ORD0004339,CLT00241,BIZ010,Elevate Salon,Nashville,PRV0001,2025-05-13,12:15:00,120,completed,referral,2025-04-29,14,,False,Hair
APT0004340,ORD0004340,CLT00241,BIZ010,Elevate Salon,Nashville,PRV0017,2025-07-04,18:15:00,15,completed,phone,2025-06-27,7,,False,Waxing
APT0004341,ORD0004341,CLT00241,BIZ010,Elevate Salon,Nashville,PRV0014,2025-08-21,16:30:00,30,completed,walk_in,2025-08-18,3,,False,Waxing
APT0004342,ORD0004342,CLT00241,BIZ010,Elevate Salon,Nashville,PRV0017,2025-10-09,10:45:00,15,completed,phone,2025-10-02,7,,False,Waxing
APT0004343,ORD0004343,CLT00241,BIZ010,Elevate Salon,Nashville,PRV0006,2025-11-27,13:15:00,45,completed,phone,2025-11-20,7,,False,Waxing
APT0004344,ORD0004344,CLT00241,BIZ010,Elevate Salon,Nashville,PRV0003,2026-01-18,10:30:00,60,completed,online_booking,2026-01-11,7,,False,Hair
APT0004345,ORD0004345,CLT00241,BIZ010,Elevate Salon,Nashville,PRV0019,2026-03-09,14:45:00,15,completed,walk_in,2026-03-02,7,,False,Waxing
APT0004346,ORD0004346,CLT00242,BIZ003,The Glam Room,New York,PRV0010,2024-04-15,10:30:00,60,cancelled,walk_in,2024-04-12,3,forgot,True,Nails
APT0004347,ORD0004347,CLT00242,BIZ003,The Glam Room,New York,PRV0006,2024-05-03,09:45:00,60,completed,referral,2024-05-02,1,,False,Nails
APT0004348,ORD0004348,CLT00242,BIZ003,The Glam Room,New York,PRV0010,2024-05-22,12:15:00,30,completed,phone,2024-05-19,3,,False,Nails
APT0004349,ORD0004349,CLT00242,BIZ003,The Glam Room,New York,PRV0020,2024-06-07,14:45:00,60,completed,referral,2024-05-17,21,,False,Massage
APT0004350,ORD0004350,CLT00242,BIZ003,The Glam Room,New York,PRV0020,2024-06-25,15:30:00,15,completed,phone,2024-06-18,7,,False,Nails
APT0004351,ORD0004351,CLT00242,BIZ003,The Glam Room,New York,PRV0016,2024-07-20,14:15:00,75,completed,referral,2024-07-17,3,,False,Massage
APT0004352,ORD0004352,CLT00242,BIZ003,The Glam Room,New York,PRV0001,2024-08-09,09:00:00,60,completed,app,2024-08-02,7,,False,Massage
APT0004353,ORD0004353,CLT00242,BIZ003,The Glam Room,New York,PRV0020,2024-08-26,12:00:00,75,completed,app,2024-08-19,7,,False,Massage
APT0004354,ORD0004354,CLT00242,BIZ003,The Glam Room,New York,PRV0006,2024-09-20,14:15:00,60,completed,app,2024-09-17,3,,False,Massage
APT0004355,ORD0004355,CLT00242,BIZ003,The Glam Room,New York,PRV0018,2024-10-08,17:15:00,75,no_show,referral,2024-09-24,14,personal_emergency,False,Massage
APT0004356,ORD0004356,CLT00242,BIZ003,The Glam Room,New York,PRV0018,2024-10-29,18:30:00,75,completed,app,2024-10-22,7,,False,Massage
APT0004357,ORD0004357,CLT00242,BIZ003,The Glam Room,New York,PRV0003,2024-11-17,10:45:00,60,completed,online_booking,2024-10-27,21,,False,Nails
APT0004358,ORD0004358,CLT00242,BIZ003,The Glam Room,New York,PRV0003,2024-12-13,14:15:00,60,completed,phone,2024-11-29,14,,False,Massage
APT0004359,ORD0004359,CLT00242,BIZ003,The Glam Room,New York,PRV0009,2025-01-06,13:45:00,60,completed,phone,2024-12-30,7,,False,Massage
APT0004360,ORD0004360,CLT00242,BIZ003,The Glam Room,New York,PRV0017,2025-01-28,14:00:00,60,completed,app,2025-01-25,3,,False,Massage
APT0004361,ORD0004361,CLT00242,BIZ003,The Glam Room,New York,PRV0001,2025-02-18,09:45:00,60,completed,referral,2025-02-04,14,,False,Massage
APT0004362,ORD0004362,CLT00242,BIZ003,The Glam Room,New York,PRV0019,2025-03-06,17:30:00,60,completed,referral,2025-03-03,3,,False,Nails
APT0004363,ORD0004363,CLT00242,BIZ003,The Glam Room,New York,PRV0017,2025-03-29,14:15:00,60,completed,app,2025-03-26,3,,False,Nails
APT0004364,ORD0004364,CLT00242,BIZ003,The Glam Room,New York,PRV0015,2025-04-12,15:30:00,75,completed,walk_in,2025-04-11,1,,False,Massage
APT0004365,ORD0004365,CLT00242,BIZ003,The Glam Room,New York,PRV0005,2025-05-03,16:45:00,60,completed,phone,2025-04-12,21,,False,Massage
APT0004366,ORD0004366,CLT00242,BIZ003,The Glam Room,New York,PRV0014,2025-05-28,16:30:00,60,completed,online_booking,2025-05-27,1,,False,Massage
APT0004367,ORD0004367,CLT00242,BIZ003,The Glam Room,New York,PRV0011,2025-06-11,16:30:00,60,no_show,phone,2025-06-10,1,schedule_conflict,False,Massage
APT0004368,ORD0004368,CLT00242,BIZ003,The Glam Room,New York,PRV0004,2025-07-03,12:30:00,60,completed,online_booking,2025-06-30,3,,False,Nails
APT0004369,ORD0004369,CLT00242,BIZ003,The Glam Room,New York,PRV0016,2025-07-17,18:00:00,15,completed,online_booking,2025-07-03,14,,False,Nails
APT0004370,ORD0004370,CLT00242,BIZ003,The Glam Room,New York,PRV0008,2025-08-11,18:15:00,60,cancelled,online_booking,2025-07-21,21,forgot,False,Massage
APT0004371,ORD0004371,CLT00242,BIZ003,The Glam Room,New York,PRV0004,2025-09-01,17:45:00,60,completed,phone,2025-08-31,1,,False,Massage
APT0004372,ORD0004372,CLT00242,BIZ003,The Glam Room,New York,PRV0012,2025-09-27,09:15:00,60,completed,phone,2025-09-24,3,,False,Massage
APT0004373,ORD0004373,CLT00242,BIZ003,The Glam Room,New York,PRV0009,2025-10-24,14:00:00,60,completed,referral,2025-10-17,7,,False,Massage
APT0004374,ORD0004374,CLT00242,BIZ003,The Glam Room,New York,PRV0008,2025-11-11,18:45:00,60,completed,app,2025-11-04,7,,False,Massage
APT0004375,ORD0004375,CLT00242,BIZ003,The Glam Room,New York,PRV0007,2025-11-27,18:45:00,60,completed,referral,2025-11-24,3,,False,Massage
APT0004376,ORD0004376,CLT00242,BIZ003,The Glam Room,New York,PRV0018,2025-12-19,09:15:00,15,completed,online_booking,2025-12-18,1,,False,Nails
APT0004377,ORD0004377,CLT00242,BIZ003,The Glam Room,New York,PRV0009,2026-01-13,17:45:00,60,cancelled,phone,2026-01-06,7,personal_emergency,False,Nails
APT0004378,ORD0004378,CLT00242,BIZ003,The Glam Room,New York,PRV0011,2026-02-08,09:00:00,15,cancelled,phone,2026-02-05,3,,False,Nails
APT0004379,ORD0004379,CLT00242,BIZ003,The Glam Room,New York,PRV0008,2026-02-27,14:45:00,60,completed,online_booking,2026-02-26,1,,False,Massage
APT0004380,ORD0004380,CLT00242,BIZ003,The Glam Room,New York,PRV0005,2026-03-17,12:00:00,45,completed,app,2026-03-14,3,,False,Nails
APT0004381,ORD0004381,CLT00243,BIZ006,Radiance Salon,Seattle,PRV0003,2024-05-12,12:30:00,75,cancelled,walk_in,2024-05-05,7,illness,True,Skin
APT0004382,ORD0004382,CLT00243,BIZ006,Radiance Salon,Seattle,PRV0019,2024-06-16,16:30:00,45,completed,walk_in,2024-06-13,3,,False,Nails
APT0004383,ORD0004383,CLT00243,BIZ006,Radiance Salon,Seattle,PRV0011,2024-07-16,13:45:00,60,cancelled,walk_in,2024-07-09,7,weather,False,Nails
APT0004384,ORD0004384,CLT00243,BIZ006,Radiance Salon,Seattle,PRV0018,2024-08-26,12:30:00,30,completed,walk_in,2024-08-12,14,,False,Nails
APT0004385,ORD0004385,CLT00243,BIZ006,Radiance Salon,Seattle,PRV0016,2024-09-28,18:00:00,60,completed,walk_in,2024-09-21,7,,False,Nails
APT0004386,ORD0004386,CLT00243,BIZ006,Radiance Salon,Seattle,PRV0002,2024-11-05,09:00:00,45,completed,walk_in,2024-11-04,1,,False,Skin
APT0004387,ORD0004387,CLT00243,BIZ006,Radiance Salon,Seattle,PRV0002,2024-12-04,10:45:00,60,completed,app,2024-11-27,7,,False,Skin
APT0004388,ORD0004388,CLT00243,BIZ006,Radiance Salon,Seattle,PRV0010,2025-01-03,16:30:00,75,completed,phone,2025-01-02,1,,False,Skin
APT0004389,ORD0004389,CLT00243,BIZ006,Radiance Salon,Seattle,PRV0010,2025-02-05,16:15:00,60,completed,phone,2025-02-02,3,,False,Nails
APT0004390,ORD0004390,CLT00243,BIZ006,Radiance Salon,Seattle,PRV0015,2025-03-18,15:45:00,60,completed,referral,2025-03-15,3,,False,Skin
APT0004391,ORD0004391,CLT00243,BIZ006,Radiance Salon,Seattle,PRV0007,2025-04-29,17:15:00,30,completed,walk_in,2025-04-26,3,,False,Nails
APT0004392,ORD0004392,CLT00243,BIZ006,Radiance Salon,Seattle,PRV0020,2025-06-07,16:00:00,60,completed,online_booking,2025-05-31,7,,False,Skin
APT0004393,ORD0004393,CLT00243,BIZ006,Radiance Salon,Seattle,PRV0003,2025-07-12,15:45:00,60,no_show,online_booking,2025-07-11,1,,False,Skin
APT0004394,ORD0004394,CLT00244,BIZ003,The Glam Room,New York,PRV0004,2024-04-22,13:00:00,45,completed,app,2024-04-01,21,,True,Skin
APT0004395,ORD0004395,CLT00244,BIZ003,The Glam Room,New York,PRV0020,2024-05-09,13:45:00,45,completed,walk_in,2024-05-08,1,,False,Skin
APT0004396,ORD0004396,CLT00244,BIZ003,The Glam Room,New York,PRV0002,2024-05-27,18:30:00,75,completed,referral,2024-05-20,7,,False,Skin
APT0004397,ORD0004397,CLT00244,BIZ003,The Glam Room,New York,PRV0016,2024-06-14,18:45:00,60,completed,referral,2024-06-13,1,,False,Skin
APT0004398,ORD0004398,CLT00244,BIZ003,The Glam Room,New York,PRV0012,2024-07-11,13:45:00,45,completed,app,2024-07-04,7,,False,Skin
APT0004399,ORD0004399,CLT00244,BIZ003,The Glam Room,New York,PRV0006,2024-08-02,16:30:00,60,cancelled,referral,2024-08-02,0,illness,False,Skin
APT0004400,ORD0004400,CLT00244,BIZ003,The Glam Room,New York,PRV0011,2024-08-28,14:45:00,15,completed,online_booking,2024-08-27,1,,False,Nails
APT0004401,ORD0004401,CLT00244,BIZ003,The Glam Room,New York,PRV0011,2024-09-23,13:30:00,60,completed,online_booking,2024-09-20,3,,False,Skin
APT0004402,ORD0004402,CLT00244,BIZ003,The Glam Room,New York,PRV0019,2024-10-09,17:15:00,45,completed,online_booking,2024-10-02,7,,False,Skin
APT0004403,ORD0004403,CLT00244,BIZ003,The Glam Room,New York,PRV0001,2024-10-29,18:30:00,60,completed,referral,2024-10-15,14,,False,Nails
APT0004404,ORD0004404,CLT00244,BIZ003,The Glam Room,New York,PRV0012,2024-11-17,10:30:00,45,completed,phone,2024-11-14,3,,False,Nails
APT0004405,ORD0004405,CLT00244,BIZ003,The Glam Room,New York,PRV0018,2024-12-04,14:30:00,60,completed,phone,2024-11-27,7,,False,Nails
APT0004406,ORD0004406,CLT00244,BIZ003,The Glam Room,New York,PRV0012,2024-12-21,18:15:00,60,cancelled,online_booking,2024-12-20,1,forgot,False,Nails
APT0004407,ORD0004407,CLT00244,BIZ003,The Glam Room,New York,PRV0007,2025-01-13,17:45:00,60,completed,walk_in,2024-12-30,14,,False,Skin
APT0004408,ORD0004408,CLT00244,BIZ003,The Glam Room,New York,PRV0011,2025-01-28,13:15:00,30,completed,online_booking,2025-01-21,7,,False,Nails
APT0004409,ORD0004409,CLT00244,BIZ003,The Glam Room,New York,PRV0007,2025-02-22,14:45:00,60,completed,online_booking,2025-02-08,14,,False,Skin
APT0004410,ORD0004410,CLT00244,BIZ003,The Glam Room,New York,PRV0016,2025-03-21,14:15:00,45,completed,referral,2025-03-14,7,,False,Nails
APT0004411,ORD0004411,CLT00244,BIZ003,The Glam Room,New York,PRV0003,2025-04-16,15:30:00,60,completed,online_booking,2025-04-16,0,,False,Nails
APT0004412,ORD0004412,CLT00244,BIZ003,The Glam Room,New York,PRV0017,2025-05-05,16:45:00,60,completed,phone,2025-05-04,1,,False,Nails
APT0004413,ORD0004413,CLT00244,BIZ003,The Glam Room,New York,PRV0018,2025-05-30,14:30:00,30,completed,referral,2025-05-23,7,,False,Nails
APT0004414,ORD0004414,CLT00244,BIZ003,The Glam Room,New York,PRV0012,2025-06-15,14:45:00,45,no_show,app,2025-06-08,7,illness,False,Nails
APT0004415,ORD0004415,CLT00244,BIZ003,The Glam Room,New York,PRV0006,2025-07-01,14:45:00,60,cancelled,walk_in,2025-06-10,21,illness,False,Nails
APT0004416,ORD0004416,CLT00244,BIZ003,The Glam Room,New York,PRV0005,2025-07-21,09:30:00,15,completed,walk_in,2025-07-20,1,,False,Nails
APT0004417,ORD0004417,CLT00244,BIZ003,The Glam Room,New York,PRV0006,2025-08-18,18:15:00,60,cancelled,app,2025-08-11,7,personal_emergency,False,Nails
APT0004418,ORD0004418,CLT00244,BIZ003,The Glam Room,New York,PRV0008,2025-09-03,17:15:00,45,no_show,app,2025-08-31,3,,False,Nails
APT0004419,ORD0004419,CLT00245,BIZ001,Luxe Hair Studio,San Francisco,PRV0013,2024-05-13,11:00:00,120,completed,walk_in,2024-04-22,21,,True,Hair
APT0004420,ORD0004420,CLT00245,BIZ001,Luxe Hair Studio,San Francisco,PRV0001,2024-07-04,17:00:00,30,completed,online_booking,2024-07-04,0,,False,Hair
APT0004421,ORD0004421,CLT00245,BIZ001,Luxe Hair Studio,San Francisco,PRV0009,2024-08-16,17:45:00,30,completed,phone,2024-08-16,0,,False,Nails
APT0004422,ORD0004422,CLT00245,BIZ001,Luxe Hair Studio,San Francisco,PRV0001,2024-10-01,15:30:00,45,completed,app,2024-09-24,7,,False,Nails
APT0004423,ORD0004423,CLT00245,BIZ001,Luxe Hair Studio,San Francisco,PRV0012,2024-11-12,18:00:00,30,completed,app,2024-11-11,1,,False,Nails
APT0004424,ORD0004424,CLT00245,BIZ001,Luxe Hair Studio,San Francisco,PRV0004,2025-01-02,15:45:00,30,completed,walk_in,2024-12-26,7,,False,Nails
APT0004425,ORD0004425,CLT00245,BIZ001,Luxe Hair Studio,San Francisco,PRV0004,2025-02-14,16:00:00,30,completed,walk_in,2025-02-14,0,,False,Hair
APT0004426,ORD0004426,CLT00245,BIZ001,Luxe Hair Studio,San Francisco,PRV0019,2025-03-26,15:30:00,120,completed,online_booking,2025-03-05,21,,False,Hair
APT0004427,ORD0004427,CLT00245,BIZ001,Luxe Hair Studio,San Francisco,PRV0009,2025-05-13,14:15:00,60,completed,referral,2025-05-10,3,,False,Hair
APT0004428,ORD0004428,CLT00245,BIZ001,Luxe Hair Studio,San Francisco,PRV0004,2025-06-23,16:30:00,60,completed,phone,2025-06-16,7,,False,Hair
APT0004429,ORD0004429,CLT00245,BIZ001,Luxe Hair Studio,San Francisco,PRV0007,2025-08-09,12:45:00,15,completed,app,2025-08-02,7,,False,Nails
APT0004430,ORD0004430,CLT00245,BIZ001,Luxe Hair Studio,San Francisco,PRV0012,2025-09-20,15:15:00,15,completed,phone,2025-09-06,14,,False,Nails
APT0004431,ORD0004431,CLT00245,BIZ001,Luxe Hair Studio,San Francisco,PRV0009,2025-10-29,18:00:00,30,completed,referral,2025-10-22,7,,False,Hair
APT0004432,ORD0004432,CLT00245,BIZ001,Luxe Hair Studio,San Francisco,PRV0012,2025-12-16,18:45:00,45,completed,phone,2025-12-15,1,,False,Nails
APT0004433,ORD0004433,CLT00246,BIZ002,Bloom Salon & Spa,Los Angeles,PRV0001,2024-04-27,12:45:00,30,completed,walk_in,2024-04-20,7,,True,Hair
APT0004434,ORD0004434,CLT00246,BIZ002,Bloom Salon & Spa,Los Angeles,PRV0010,2024-06-24,09:00:00,45,cancelled,walk_in,2024-06-10,14,illness,False,Waxing
APT0004435,ORD0004435,CLT00246,BIZ002,Bloom Salon & Spa,Los Angeles,PRV0018,2024-08-20,09:30:00,15,completed,walk_in,2024-08-19,1,,False,Waxing
APT0004436,ORD0004436,CLT00246,BIZ002,Bloom Salon & Spa,Los Angeles,PRV0010,2024-10-13,14:30:00,45,completed,online_booking,2024-10-06,7,,False,Waxing
APT0004437,ORD0004437,CLT00246,BIZ002,Bloom Salon & Spa,Los Angeles,PRV0015,2024-12-14,15:00:00,120,completed,online_booking,2024-11-30,14,,False,Hair
APT0004438,ORD0004438,CLT00246,BIZ002,Bloom Salon & Spa,Los Angeles,PRV0003,2025-02-14,12:30:00,150,completed,walk_in,2025-01-31,14,,False,Hair
APT0004439,ORD0004439,CLT00246,BIZ002,Bloom Salon & Spa,Los Angeles,PRV0013,2025-04-18,09:45:00,15,cancelled,app,2025-04-17,1,,False,Waxing
APT0004440,ORD0004440,CLT00246,BIZ002,Bloom Salon & Spa,Los Angeles,PRV0015,2025-06-20,12:15:00,45,completed,phone,2025-06-17,3,,False,Waxing
APT0004441,ORD0004441,CLT00246,BIZ002,Bloom Salon & Spa,Los Angeles,PRV0017,2025-08-17,12:30:00,60,completed,app,2025-08-16,1,,False,Hair
APT0004442,ORD0004442,CLT00246,BIZ002,Bloom Salon & Spa,Los Angeles,PRV0014,2025-10-13,15:30:00,60,cancelled,walk_in,2025-09-29,14,no_reason_given,False,Hair
APT0004443,ORD0004443,CLT00246,BIZ002,Bloom Salon & Spa,Los Angeles,PRV0010,2025-12-09,18:30:00,15,completed,online_booking,2025-12-08,1,,False,Waxing
APT0004444,ORD0004444,CLT00246,BIZ002,Bloom Salon & Spa,Los Angeles,PRV0009,2026-02-13,10:00:00,15,completed,phone,2026-01-30,14,,False,Waxing
APT0004445,ORD0004445,CLT00247,BIZ010,Elevate Salon,Nashville,PRV0011,2024-04-18,15:30:00,15,completed,referral,2024-04-11,7,,True,Waxing
APT0004446,ORD0004446,CLT00247,BIZ010,Elevate Salon,Nashville,PRV0010,2024-05-26,15:30:00,30,completed,app,2024-05-23,3,,False,Waxing
APT0004447,ORD0004447,CLT00247,BIZ010,Elevate Salon,Nashville,PRV0010,2024-07-14,15:45:00,60,completed,referral,2024-07-13,1,,False,Hair
APT0004448,ORD0004448,CLT00247,BIZ010,Elevate Salon,Nashville,PRV0007,2024-08-27,14:15:00,45,completed,referral,2024-08-20,7,,False,Hair
APT0004449,ORD0004449,CLT00247,BIZ010,Elevate Salon,Nashville,PRV0015,2024-10-17,12:30:00,150,completed,walk_in,2024-10-10,7,,False,Hair
APT0004450,ORD0004450,CLT00247,BIZ010,Elevate Salon,Nashville,PRV0005,2024-12-03,12:45:00,45,completed,app,2024-11-26,7,,False,Waxing
APT0004451,ORD0004451,CLT00247,BIZ010,Elevate Salon,Nashville,PRV0015,2025-01-20,13:45:00,60,completed,walk_in,2025-01-17,3,,False,Hair
APT0004452,ORD0004452,CLT00247,BIZ010,Elevate Salon,Nashville,PRV0010,2025-02-27,15:30:00,30,completed,walk_in,2025-02-20,7,,False,Waxing
APT0004453,ORD0004453,CLT00247,BIZ010,Elevate Salon,Nashville,PRV0017,2025-04-10,12:45:00,15,completed,phone,2025-04-10,0,,False,Waxing
APT0004454,ORD0004454,CLT00247,BIZ010,Elevate Salon,Nashville,PRV0018,2025-05-31,12:45:00,45,completed,walk_in,2025-05-24,7,,False,Waxing
APT0004455,ORD0004455,CLT00247,BIZ010,Elevate Salon,Nashville,PRV0004,2025-07-11,14:30:00,15,no_show,online_booking,2025-06-20,21,rescheduled,False,Waxing
APT0004456,ORD0004456,CLT00247,BIZ010,Elevate Salon,Nashville,PRV0020,2025-08-30,10:45:00,30,completed,walk_in,2025-08-23,7,,False,Waxing
APT0004457,ORD0004457,CLT00247,BIZ010,Elevate Salon,Nashville,PRV0001,2025-10-21,11:45:00,15,completed,online_booking,2025-10-18,3,,False,Waxing
APT0004458,ORD0004458,CLT00247,BIZ010,Elevate Salon,Nashville,PRV0002,2025-12-07,13:15:00,120,completed,walk_in,2025-12-06,1,,False,Hair
APT0004459,ORD0004459,CLT00247,BIZ010,Elevate Salon,Nashville,PRV0011,2026-01-23,13:15:00,15,completed,app,2026-01-23,0,,False,Waxing
APT0004460,ORD0004460,CLT00247,BIZ010,Elevate Salon,Nashville,PRV0019,2026-03-15,16:00:00,120,completed,online_booking,2026-03-12,3,,False,Hair
APT0004461,ORD0004461,CLT00248,BIZ003,The Glam Room,New York,PRV0011,2024-04-08,18:00:00,60,completed,walk_in,2024-04-01,7,,True,Massage
APT0004462,ORD0004462,CLT00248,BIZ003,The Glam Room,New York,PRV0003,2024-05-18,15:15:00,60,completed,online_booking,2024-05-15,3,,False,Massage
APT0004463,ORD0004463,CLT00248,BIZ003,The Glam Room,New York,PRV0011,2024-06-26,14:00:00,60,completed,phone,2024-06-12,14,,False,Massage
APT0004464,ORD0004464,CLT00248,BIZ003,The Glam Room,New York,PRV0001,2024-08-05,12:30:00,60,completed,phone,2024-07-22,14,,False,Massage
APT0004465,ORD0004465,CLT00248,BIZ003,The Glam Room,New York,PRV0003,2024-09-25,10:15:00,75,completed,phone,2024-09-18,7,,False,Massage
APT0004466,ORD0004466,CLT00248,BIZ003,The Glam Room,New York,PRV0011,2024-11-11,14:30:00,45,completed,referral,2024-11-04,7,,False,Skin
APT0004467,ORD0004467,CLT00248,BIZ003,The Glam Room,New York,PRV0005,2024-12-24,15:45:00,60,completed,phone,2024-12-23,1,,False,Massage
APT0004468,ORD0004468,CLT00248,BIZ003,The Glam Room,New York,PRV0013,2025-02-07,18:00:00,60,completed,walk_in,2025-01-17,21,,False,Skin
APT0004469,ORD0004469,CLT00248,BIZ003,The Glam Room,New York,PRV0016,2025-03-22,13:15:00,60,completed,online_booking,2025-03-15,7,,False,Massage
APT0004470,ORD0004470,CLT00248,BIZ003,The Glam Room,New York,PRV0007,2025-05-01,12:30:00,60,completed,phone,2025-04-28,3,,False,Skin
APT0004471,ORD0004471,CLT00248,BIZ003,The Glam Room,New York,PRV0001,2025-06-11,12:30:00,60,completed,app,2025-06-08,3,,False,Massage
APT0004472,ORD0004472,CLT00248,BIZ003,The Glam Room,New York,PRV0016,2025-07-31,10:15:00,60,completed,online_booking,2025-07-28,3,,False,Massage
APT0004473,ORD0004473,CLT00248,BIZ003,The Glam Room,New York,PRV0002,2025-09-14,11:00:00,75,completed,phone,2025-08-31,14,,False,Skin
APT0004474,ORD0004474,CLT00248,BIZ003,The Glam Room,New York,PRV0002,2025-11-02,14:00:00,60,completed,app,2025-10-19,14,,False,Skin
APT0004475,ORD0004475,CLT00248,BIZ003,The Glam Room,New York,PRV0020,2025-12-23,18:30:00,60,completed,online_booking,2025-12-16,7,,False,Massage
APT0004476,ORD0004476,CLT00248,BIZ003,The Glam Room,New York,PRV0011,2026-01-30,13:30:00,60,completed,app,2026-01-16,14,,False,Massage
APT0004477,ORD0004477,CLT00248,BIZ003,The Glam Room,New York,PRV0003,2026-03-10,17:15:00,45,completed,referral,2026-02-24,14,,False,Skin
APT0004478,ORD0004478,CLT00249,BIZ009,Glow Studio,Boston,PRV0014,2024-04-25,13:00:00,150,completed,phone,2024-04-24,1,,True,Hair
APT0004479,ORD0004479,CLT00249,BIZ009,Glow Studio,Boston,PRV0015,2024-05-21,13:00:00,45,completed,phone,2024-05-07,14,,False,Hair
APT0004480,ORD0004480,CLT00249,BIZ009,Glow Studio,Boston,PRV0011,2024-06-04,14:00:00,150,completed,referral,2024-06-01,3,,False,Hair
APT0004481,ORD0004481,CLT00249,BIZ009,Glow Studio,Boston,PRV0014,2024-06-25,15:45:00,45,completed,phone,2024-06-22,3,,False,Hair
APT0004482,ORD0004482,CLT00249,BIZ009,Glow Studio,Boston,PRV0013,2024-07-16,10:30:00,45,completed,walk_in,2024-07-13,3,,False,Waxing
APT0004483,ORD0004483,CLT00249,BIZ009,Glow Studio,Boston,PRV0020,2024-08-11,10:30:00,30,completed,app,2024-07-28,14,,False,Waxing
APT0004484,ORD0004484,CLT00249,BIZ009,Glow Studio,Boston,PRV0017,2024-09-03,10:45:00,15,completed,walk_in,2024-08-31,3,,False,Waxing
APT0004485,ORD0004485,CLT00249,BIZ009,Glow Studio,Boston,PRV0015,2024-09-21,11:00:00,60,completed,online_booking,2024-09-14,7,,False,Hair
APT0004486,ORD0004486,CLT00249,BIZ009,Glow Studio,Boston,PRV0008,2024-10-07,10:30:00,150,no_show,referral,2024-09-30,7,,False,Hair
APT0004487,ORD0004487,CLT00249,BIZ009,Glow Studio,Boston,PRV0019,2024-10-29,13:00:00,120,completed,online_booking,2024-10-29,0,,False,Hair
APT0004488,ORD0004488,CLT00249,BIZ009,Glow Studio,Boston,PRV0006,2024-11-18,16:30:00,150,completed,walk_in,2024-11-04,14,,False,Hair
APT0004489,ORD0004489,CLT00249,BIZ009,Glow Studio,Boston,PRV0015,2024-12-03,12:30:00,15,cancelled,phone,2024-12-03,0,illness,False,Waxing
APT0004490,ORD0004490,CLT00249,BIZ009,Glow Studio,Boston,PRV0010,2024-12-28,09:00:00,15,completed,referral,2024-12-07,21,,False,Waxing
APT0004491,ORD0004491,CLT00249,BIZ009,Glow Studio,Boston,PRV0006,2025-01-15,18:45:00,30,completed,walk_in,2025-01-08,7,,False,Waxing
APT0004492,ORD0004492,CLT00249,BIZ009,Glow Studio,Boston,PRV0019,2025-02-03,13:15:00,15,completed,phone,2025-01-20,14,,False,Waxing
APT0004493,ORD0004493,CLT00249,BIZ009,Glow Studio,Boston,PRV0018,2025-02-18,17:30:00,45,completed,referral,2025-02-15,3,,False,Waxing
APT0004494,ORD0004494,CLT00249,BIZ009,Glow Studio,Boston,PRV0006,2025-03-05,13:00:00,120,completed,online_booking,2025-02-12,21,,False,Hair
APT0004495,ORD0004495,CLT00249,BIZ009,Glow Studio,Boston,PRV0011,2025-03-28,11:15:00,15,cancelled,app,2025-03-27,1,personal_emergency,False,Waxing
APT0004496,ORD0004496,CLT00249,BIZ009,Glow Studio,Boston,PRV0004,2025-04-11,15:00:00,120,completed,app,2025-03-28,14,,False,Hair
APT0004497,ORD0004497,CLT00249,BIZ009,Glow Studio,Boston,PRV0016,2025-05-07,11:30:00,45,completed,phone,2025-04-23,14,,False,Hair
APT0004498,ORD0004498,CLT00249,BIZ009,Glow Studio,Boston,PRV0017,2025-05-29,18:30:00,120,completed,app,2025-05-26,3,,False,Hair
APT0004499,ORD0004499,CLT00249,BIZ009,Glow Studio,Boston,PRV0008,2025-06-24,16:30:00,120,completed,app,2025-06-21,3,,False,Hair
APT0004500,ORD0004500,CLT00249,BIZ009,Glow Studio,Boston,PRV0005,2025-07-10,18:15:00,45,completed,walk_in,2025-06-19,21,,False,Waxing
APT0004501,ORD0004501,CLT00249,BIZ009,Glow Studio,Boston,PRV0007,2025-07-28,13:15:00,30,completed,walk_in,2025-07-14,14,,False,Waxing
APT0004502,ORD0004502,CLT00249,BIZ009,Glow Studio,Boston,PRV0002,2025-08-24,10:15:00,15,completed,phone,2025-08-21,3,,False,Waxing
APT0004503,ORD0004503,CLT00249,BIZ009,Glow Studio,Boston,PRV0007,2025-09-10,12:00:00,15,completed,referral,2025-09-07,3,,False,Waxing
APT0004504,ORD0004504,CLT00249,BIZ009,Glow Studio,Boston,PRV0001,2025-09-27,18:15:00,45,completed,phone,2025-09-20,7,,False,Waxing
APT0004505,ORD0004505,CLT00249,BIZ009,Glow Studio,Boston,PRV0016,2025-10-17,18:15:00,45,no_show,walk_in,2025-10-03,14,,False,Waxing
APT0004506,ORD0004506,CLT00250,BIZ004,Serenity Spa,Chicago,PRV0015,2024-04-13,12:15:00,120,completed,online_booking,2024-04-13,0,,True,Hair
APT0004507,ORD0004507,CLT00250,BIZ004,Serenity Spa,Chicago,PRV0020,2024-06-14,16:30:00,150,completed,online_booking,2024-06-11,3,,False,Hair
APT0004508,ORD0004508,CLT00250,BIZ004,Serenity Spa,Chicago,PRV0018,2024-08-08,13:15:00,60,completed,app,2024-08-01,7,,False,Hair
APT0004509,ORD0004509,CLT00250,BIZ004,Serenity Spa,Chicago,PRV0008,2024-10-01,17:15:00,150,cancelled,walk_in,2024-09-10,21,weather,False,Hair
APT0004510,ORD0004510,CLT00250,BIZ004,Serenity Spa,Chicago,PRV0010,2024-11-23,13:00:00,45,completed,walk_in,2024-11-20,3,,False,Waxing
APT0004511,ORD0004511,CLT00250,BIZ004,Serenity Spa,Chicago,PRV0003,2025-01-24,17:00:00,150,completed,online_booking,2025-01-17,7,,False,Hair
APT0004512,ORD0004512,CLT00250,BIZ004,Serenity Spa,Chicago,PRV0008,2025-03-23,11:15:00,60,completed,online_booking,2025-03-09,14,,False,Hair
APT0004513,ORD0004513,CLT00250,BIZ004,Serenity Spa,Chicago,PRV0018,2025-05-26,10:00:00,45,completed,referral,2025-05-25,1,,False,Waxing
APT0004514,ORD0004514,CLT00250,BIZ004,Serenity Spa,Chicago,PRV0015,2025-07-29,16:30:00,60,no_show,referral,2025-07-22,7,forgot,False,Hair
